candidate_record_id,phase,predicted_class,p_review_warranted,p_review_not_warranted,p_insufficient_evidence,review_priority
CAN-Z1CEVWXUT0,T0,,,,,
CAN-Z1CEVWXUT0,T1,,,,,
CAN-SIB7ACY70G,T0,,,,,
CAN-SIB7ACY70G,T1,,,,,
CAN-PQXQQ41OZ5,T0,,,,,
CAN-PQXQQ41OZ5,T1,,,,,
CAN-QCF4GZN8TD,T0,,,,,
CAN-QCF4GZN8TD,T1,,,,,
CAN-TP15Z7VRP7,T0,,,,,
CAN-TP15Z7VRP7,T1,,,,,
CAN-IM8E9J8Y7H,T0,,,,,
CAN-IM8E9J8Y7H,T1,,,,,
CAN-IKOH5MXPHE,T0,,,,,
CAN-IKOH5MXPHE,T1,,,,,
CAN-NPLI344G66,T0,,,,,
CAN-NPLI344G66,T1,,,,,
CAN-ZOT5VL4MCH,T0,,,,,
CAN-ZOT5VL4MCH,T1,,,,,
CAN-4OF8Y9P3W7,T0,,,,,
CAN-4OF8Y9P3W7,T1,,,,,
CAN-Z9GFHZRGVT,T0,,,,,
CAN-Z9GFHZRGVT,T1,,,,,
CAN-VEM9FLAUD4,T0,,,,,
CAN-VEM9FLAUD4,T1,,,,,
CAN-7S5O3NF7VE,T0,,,,,
CAN-7S5O3NF7VE,T1,,,,,
CAN-TF8EEP4TNZ,T0,,,,,
CAN-TF8EEP4TNZ,T1,,,,,
CAN-58WQJ4U3GW,T0,,,,,
CAN-58WQJ4U3GW,T1,,,,,
CAN-AMJ562SVCQ,T0,,,,,
CAN-AMJ562SVCQ,T1,,,,,
CAN-RODZDIBM5J,T0,,,,,
CAN-RODZDIBM5J,T1,,,,,
CAN-AX19D3S77C,T0,,,,,
CAN-AX19D3S77C,T1,,,,,
CAN-4KGSUV4HFA,T0,,,,,
CAN-4KGSUV4HFA,T1,,,,,
CAN-BTSSA3BW02,T0,,,,,
CAN-BTSSA3BW02,T1,,,,,
CAN-O523BGV6IR,T0,,,,,
CAN-O523BGV6IR,T1,,,,,
CAN-NT7RNCYJL3,T0,,,,,
CAN-NT7RNCYJL3,T1,,,,,
CAN-YZYTAO4MG4,T0,,,,,
CAN-YZYTAO4MG4,T1,,,,,
CAN-2Z7D2FBM05,T0,,,,,
CAN-2Z7D2FBM05,T1,,,,,
CAN-S177BFJOH6,T0,,,,,
CAN-S177BFJOH6,T1,,,,,
CAN-6TS8MFZNG7,T0,,,,,
CAN-6TS8MFZNG7,T1,,,,,
CAN-J3IXYWVLX8,T0,,,,,
CAN-J3IXYWVLX8,T1,,,,,
CAN-VMUFIBZQYL,T0,,,,,
CAN-VMUFIBZQYL,T1,,,,,
CAN-34OU3CD4LO,T0,,,,,
CAN-34OU3CD4LO,T1,,,,,
CAN-39WXVWGNAS,T0,,,,,
CAN-39WXVWGNAS,T1,,,,,
CAN-K3GD1R3ANL,T0,,,,,
CAN-K3GD1R3ANL,T1,,,,,
CAN-P3X1HRNZ0X,T0,,,,,
CAN-P3X1HRNZ0X,T1,,,,,
CAN-I041L39VMI,T0,,,,,
CAN-I041L39VMI,T1,,,,,
CAN-Z7V3713XL1,T0,,,,,
CAN-Z7V3713XL1,T1,,,,,
CAN-03B5WWQ0NT,T0,,,,,
CAN-03B5WWQ0NT,T1,,,,,
CAN-Y6C6DTXZ5C,T0,,,,,
CAN-Y6C6DTXZ5C,T1,,,,,
CAN-O3J1RKC9U9,T0,,,,,
CAN-O3J1RKC9U9,T1,,,,,
CAN-MF20NJLL6U,T0,,,,,
CAN-MF20NJLL6U,T1,,,,,
CAN-39PQSDB3AY,T0,,,,,
CAN-39PQSDB3AY,T1,,,,,
CAN-DKDW3YA09O,T0,,,,,
CAN-DKDW3YA09O,T1,,,,,
CAN-68262CC3UB,T0,,,,,
CAN-68262CC3UB,T1,,,,,
CAN-2M5IXJ7KVX,T0,,,,,
CAN-2M5IXJ7KVX,T1,,,,,
CAN-53A3L81YS3,T0,,,,,
CAN-53A3L81YS3,T1,,,,,
CAN-DDCE810DNO,T0,,,,,
CAN-DDCE810DNO,T1,,,,,
CAN-9ZBAACKT5G,T0,,,,,
CAN-9ZBAACKT5G,T1,,,,,
CAN-PY1ABCR9PI,T0,,,,,
CAN-PY1ABCR9PI,T1,,,,,
CAN-C2K0J7T6EI,T0,,,,,
CAN-C2K0J7T6EI,T1,,,,,
CAN-4IF0CSKHW3,T0,,,,,
CAN-4IF0CSKHW3,T1,,,,,
CAN-W54K6RF6BF,T0,,,,,
CAN-W54K6RF6BF,T1,,,,,
CAN-51BRUH7TPO,T0,,,,,
CAN-51BRUH7TPO,T1,,,,,
CAN-EUJ0RZ9M2G,T0,,,,,
CAN-EUJ0RZ9M2G,T1,,,,,
CAN-OH8DYHHVII,T0,,,,,
CAN-OH8DYHHVII,T1,,,,,
CAN-W371W1IRIZ,T0,,,,,
CAN-W371W1IRIZ,T1,,,,,
CAN-WXWQ2B8FBC,T0,,,,,
CAN-WXWQ2B8FBC,T1,,,,,
CAN-RV83KBIIKN,T0,,,,,
CAN-RV83KBIIKN,T1,,,,,
CAN-9VHPPBI046,T0,,,,,
CAN-9VHPPBI046,T1,,,,,
CAN-IKPHHGPHH7,T0,,,,,
CAN-IKPHHGPHH7,T1,,,,,
CAN-L6EJWJAITB,T0,,,,,
CAN-L6EJWJAITB,T1,,,,,
CAN-A5IDDPXXBN,T0,,,,,
CAN-A5IDDPXXBN,T1,,,,,
CAN-OKLWI031HO,T0,,,,,
CAN-OKLWI031HO,T1,,,,,
CAN-ZSBIH6WYTH,T0,,,,,
CAN-ZSBIH6WYTH,T1,,,,,
CAN-LJ5V2FYXLM,T0,,,,,
CAN-LJ5V2FYXLM,T1,,,,,
CAN-VRLP6FJR5E,T0,,,,,
CAN-VRLP6FJR5E,T1,,,,,
CAN-D5LJOJM6RO,T0,,,,,
CAN-D5LJOJM6RO,T1,,,,,
CAN-3CL1045CGX,T0,,,,,
CAN-3CL1045CGX,T1,,,,,
CAN-R0TKOFOSVU,T0,,,,,
CAN-R0TKOFOSVU,T1,,,,,
CAN-V95EHLZUHQ,T0,,,,,
CAN-V95EHLZUHQ,T1,,,,,
CAN-JUR9CRBOBB,T0,,,,,
CAN-JUR9CRBOBB,T1,,,,,
CAN-VLWN74ODYS,T0,,,,,
CAN-VLWN74ODYS,T1,,,,,
CAN-3X6FPE9Q6I,T0,,,,,
CAN-3X6FPE9Q6I,T1,,,,,
CAN-337GK316E5,T0,,,,,
CAN-337GK316E5,T1,,,,,
CAN-76ADVG9NVE,T0,,,,,
CAN-76ADVG9NVE,T1,,,,,
CAN-NTAINPIZ0A,T0,,,,,
CAN-NTAINPIZ0A,T1,,,,,
CAN-IW6JXZW0WC,T0,,,,,
CAN-IW6JXZW0WC,T1,,,,,
CAN-HHCL4OHBWI,T0,,,,,
CAN-HHCL4OHBWI,T1,,,,,
CAN-070IVOS11T,T0,,,,,
CAN-070IVOS11T,T1,,,,,
CAN-92WQFWID3C,T0,,,,,
CAN-92WQFWID3C,T1,,,,,
CAN-OUUU51REC4,T0,,,,,
CAN-OUUU51REC4,T1,,,,,
CAN-54YPSJ2HOY,T0,,,,,
CAN-54YPSJ2HOY,T1,,,,,
CAN-6GYH2VM17T,T0,,,,,
CAN-6GYH2VM17T,T1,,,,,
CAN-I1I5ZEBNOS,T0,,,,,
CAN-I1I5ZEBNOS,T1,,,,,
CAN-VGA5ERF323,T0,,,,,
CAN-VGA5ERF323,T1,,,,,
CAN-1ILR4V7QSU,T0,,,,,
CAN-1ILR4V7QSU,T1,,,,,
CAN-UAT456IPE8,T0,,,,,
CAN-UAT456IPE8,T1,,,,,
CAN-JPQG1LX2MI,T0,,,,,
CAN-JPQG1LX2MI,T1,,,,,
CAN-WIW90UQ920,T0,,,,,
CAN-WIW90UQ920,T1,,,,,
CAN-E3C8YWWQ7Y,T0,,,,,
CAN-E3C8YWWQ7Y,T1,,,,,
CAN-3KH9A6IWRD,T0,,,,,
CAN-3KH9A6IWRD,T1,,,,,
CAN-3EBVNYT2KD,T0,,,,,
CAN-3EBVNYT2KD,T1,,,,,
CAN-1EJVSHCWNY,T0,,,,,
CAN-1EJVSHCWNY,T1,,,,,
CAN-V2R3ZOQEJ1,T0,,,,,
CAN-V2R3ZOQEJ1,T1,,,,,
CAN-WOQVTRSPZN,T0,,,,,
CAN-WOQVTRSPZN,T1,,,,,
CAN-MDWNE723VW,T0,,,,,
CAN-MDWNE723VW,T1,,,,,
CAN-DOPNRIG3J7,T0,,,,,
CAN-DOPNRIG3J7,T1,,,,,
CAN-6QAYDH0ADT,T0,,,,,
CAN-6QAYDH0ADT,T1,,,,,
CAN-4IPKUJXM5L,T0,,,,,
CAN-4IPKUJXM5L,T1,,,,,
CAN-XFPTBZAKD4,T0,,,,,
CAN-XFPTBZAKD4,T1,,,,,
CAN-FR0BWWT3A8,T0,,,,,
CAN-FR0BWWT3A8,T1,,,,,
CAN-G0L4UBD0A7,T0,,,,,
CAN-G0L4UBD0A7,T1,,,,,
CAN-JCK74X4W0W,T0,,,,,
CAN-JCK74X4W0W,T1,,,,,
CAN-HDSDDNZC20,T0,,,,,
CAN-HDSDDNZC20,T1,,,,,
CAN-TVWR08PFRB,T0,,,,,
CAN-TVWR08PFRB,T1,,,,,
CAN-1AASQGX2CY,T0,,,,,
CAN-1AASQGX2CY,T1,,,,,
CAN-QN7D4RMLGM,T0,,,,,
CAN-QN7D4RMLGM,T1,,,,,
CAN-908V6WHWCS,T0,,,,,
CAN-908V6WHWCS,T1,,,,,
CAN-LN7251FHUX,T0,,,,,
CAN-LN7251FHUX,T1,,,,,
CAN-3NG91MHXO7,T0,,,,,
CAN-3NG91MHXO7,T1,,,,,
CAN-Z10NEOQ4MK,T0,,,,,
CAN-Z10NEOQ4MK,T1,,,,,
CAN-4TE7NMPPJE,T0,,,,,
CAN-4TE7NMPPJE,T1,,,,,
CAN-BC7LWI7DC0,T0,,,,,
CAN-BC7LWI7DC0,T1,,,,,
CAN-7LDHGE6GQ9,T0,,,,,
CAN-7LDHGE6GQ9,T1,,,,,
CAN-ZL6567MUKS,T0,,,,,
CAN-ZL6567MUKS,T1,,,,,
CAN-5AP4PCTW20,T0,,,,,
CAN-5AP4PCTW20,T1,,,,,
CAN-0LVRQM5VTY,T0,,,,,
CAN-0LVRQM5VTY,T1,,,,,
CAN-2RUM709LFI,T0,,,,,
CAN-2RUM709LFI,T1,,,,,
CAN-F953MK2ZGB,T0,,,,,
CAN-F953MK2ZGB,T1,,,,,
CAN-2UGC3PJWW5,T0,,,,,
CAN-2UGC3PJWW5,T1,,,,,
CAN-T2MXQ0S8A2,T0,,,,,
CAN-T2MXQ0S8A2,T1,,,,,
CAN-T24W1R3U06,T0,,,,,
CAN-T24W1R3U06,T1,,,,,
CAN-AUAYH7RVG1,T0,,,,,
CAN-AUAYH7RVG1,T1,,,,,
CAN-Z8MAV3XV6H,T0,,,,,
CAN-Z8MAV3XV6H,T1,,,,,
CAN-EXFZPJ9GFU,T0,,,,,
CAN-EXFZPJ9GFU,T1,,,,,
CAN-7KCFS10PN4,T0,,,,,
CAN-7KCFS10PN4,T1,,,,,
CAN-2ZBXTGTFXO,T0,,,,,
CAN-2ZBXTGTFXO,T1,,,,,
CAN-A272JRB7SZ,T0,,,,,
CAN-A272JRB7SZ,T1,,,,,
CAN-FUNIRZSNWI,T0,,,,,
CAN-FUNIRZSNWI,T1,,,,,
CAN-NBHBPULX8I,T0,,,,,
CAN-NBHBPULX8I,T1,,,,,
CAN-OOYNDOAL1O,T0,,,,,
CAN-OOYNDOAL1O,T1,,,,,
CAN-07NH0GGO91,T0,,,,,
CAN-07NH0GGO91,T1,,,,,
CAN-Y7C3SKI1TJ,T0,,,,,
CAN-Y7C3SKI1TJ,T1,,,,,
CAN-1N0TT133VC,T0,,,,,
CAN-1N0TT133VC,T1,,,,,
CAN-TF8F7HXS8H,T0,,,,,
CAN-TF8F7HXS8H,T1,,,,,
CAN-NLM2FQOWDX,T0,,,,,
CAN-NLM2FQOWDX,T1,,,,,
CAN-71NZ4LLTW0,T0,,,,,
CAN-71NZ4LLTW0,T1,,,,,
CAN-0ELVPE0E8Z,T0,,,,,
CAN-0ELVPE0E8Z,T1,,,,,
CAN-I3PXA23LZ0,T0,,,,,
CAN-I3PXA23LZ0,T1,,,,,
CAN-VR0B81LPAT,T0,,,,,
CAN-VR0B81LPAT,T1,,,,,
CAN-1JVUE0ZDL6,T0,,,,,
CAN-1JVUE0ZDL6,T1,,,,,
CAN-RV93OF6JXL,T0,,,,,
CAN-RV93OF6JXL,T1,,,,,
CAN-T6ZUORBXEU,T0,,,,,
CAN-T6ZUORBXEU,T1,,,,,
CAN-U36WPUW3RA,T0,,,,,
CAN-U36WPUW3RA,T1,,,,,
CAN-J3GS6236AW,T0,,,,,
CAN-J3GS6236AW,T1,,,,,
CAN-6RRN2MTNG4,T0,,,,,
CAN-6RRN2MTNG4,T1,,,,,
CAN-Z0CGKQO04W,T0,,,,,
CAN-Z0CGKQO04W,T1,,,,,
CAN-3YZWCSOHI9,T0,,,,,
CAN-3YZWCSOHI9,T1,,,,,
CAN-LT86W69K2H,T0,,,,,
CAN-LT86W69K2H,T1,,,,,
CAN-46MO9NSNRF,T0,,,,,
CAN-46MO9NSNRF,T1,,,,,
CAN-YRP1M0OW0R,T0,,,,,
CAN-YRP1M0OW0R,T1,,,,,
CAN-18Q1KNHG43,T0,,,,,
CAN-18Q1KNHG43,T1,,,,,
CAN-EG8RAQ3DCT,T0,,,,,
CAN-EG8RAQ3DCT,T1,,,,,
CAN-JDEJWQ7CVV,T0,,,,,
CAN-JDEJWQ7CVV,T1,,,,,
CAN-QBCN8GCKZY,T0,,,,,
CAN-QBCN8GCKZY,T1,,,,,
CAN-LWMJSXHIC7,T0,,,,,
CAN-LWMJSXHIC7,T1,,,,,
CAN-JDCQU5WA5S,T0,,,,,
CAN-JDCQU5WA5S,T1,,,,,
CAN-Q7HNG2GSBG,T0,,,,,
CAN-Q7HNG2GSBG,T1,,,,,
CAN-6NARL779MS,T0,,,,,
CAN-6NARL779MS,T1,,,,,
CAN-I6A6TLNAEK,T0,,,,,
CAN-I6A6TLNAEK,T1,,,,,
CAN-FMUDUDCCQ1,T0,,,,,
CAN-FMUDUDCCQ1,T1,,,,,
CAN-6PXEHF8U9A,T0,,,,,
CAN-6PXEHF8U9A,T1,,,,,
CAN-77C3LN7F3W,T0,,,,,
CAN-77C3LN7F3W,T1,,,,,
CAN-R2GQ9QC70X,T0,,,,,
CAN-R2GQ9QC70X,T1,,,,,
CAN-JFXPNATKCB,T0,,,,,
CAN-JFXPNATKCB,T1,,,,,
CAN-XQ03J0NVRE,T0,,,,,
CAN-XQ03J0NVRE,T1,,,,,
CAN-D6N1PRVZX4,T0,,,,,
CAN-D6N1PRVZX4,T1,,,,,
CAN-XEBO74HVI2,T0,,,,,
CAN-XEBO74HVI2,T1,,,,,
CAN-NM1ZI3SR0Z,T0,,,,,
CAN-NM1ZI3SR0Z,T1,,,,,
CAN-9MZNFXW1XL,T0,,,,,
CAN-9MZNFXW1XL,T1,,,,,
CAN-B08WKL6OXJ,T0,,,,,
CAN-B08WKL6OXJ,T1,,,,,
CAN-UU6X53E692,T0,,,,,
CAN-UU6X53E692,T1,,,,,
CAN-9JDS02RP60,T0,,,,,
CAN-9JDS02RP60,T1,,,,,
CAN-2G1JFT6ZTJ,T0,,,,,
CAN-2G1JFT6ZTJ,T1,,,,,
CAN-L0SP7JMIHO,T0,,,,,
CAN-L0SP7JMIHO,T1,,,,,
CAN-LLTSKFVXT5,T0,,,,,
CAN-LLTSKFVXT5,T1,,,,,
CAN-BI6UPTQNW3,T0,,,,,
CAN-BI6UPTQNW3,T1,,,,,
CAN-TELUJ788TA,T0,,,,,
CAN-TELUJ788TA,T1,,,,,
CAN-MF3YOTPYUG,T0,,,,,
CAN-MF3YOTPYUG,T1,,,,,
CAN-U335I66X1L,T0,,,,,
CAN-U335I66X1L,T1,,,,,
CAN-EE22T85Z00,T0,,,,,
CAN-EE22T85Z00,T1,,,,,
CAN-1EDIVO89WQ,T0,,,,,
CAN-1EDIVO89WQ,T1,,,,,
CAN-7US9OUHJZZ,T0,,,,,
CAN-7US9OUHJZZ,T1,,,,,
CAN-XP0H4OGY4R,T0,,,,,
CAN-XP0H4OGY4R,T1,,,,,
CAN-R2K9KWW4IR,T0,,,,,
CAN-R2K9KWW4IR,T1,,,,,
CAN-73I5UOYJ8S,T0,,,,,
CAN-73I5UOYJ8S,T1,,,,,
CAN-U1Z8R52VZL,T0,,,,,
CAN-U1Z8R52VZL,T1,,,,,
CAN-XG27DZO3KB,T0,,,,,
CAN-XG27DZO3KB,T1,,,,,
CAN-P1PYL25ZL9,T0,,,,,
CAN-P1PYL25ZL9,T1,,,,,
CAN-1ECQAGI5JP,T0,,,,,
CAN-1ECQAGI5JP,T1,,,,,
CAN-N4BSTUTXRQ,T0,,,,,
CAN-N4BSTUTXRQ,T1,,,,,
CAN-F7ABXDAHZE,T0,,,,,
CAN-F7ABXDAHZE,T1,,,,,
CAN-D40KMUYRCC,T0,,,,,
CAN-D40KMUYRCC,T1,,,,,
CAN-84VS7OTHWK,T0,,,,,
CAN-84VS7OTHWK,T1,,,,,
CAN-WM9XMB3PWK,T0,,,,,
CAN-WM9XMB3PWK,T1,,,,,
CAN-LGTT4L633J,T0,,,,,
CAN-LGTT4L633J,T1,,,,,
CAN-2B1096MPJS,T0,,,,,
CAN-2B1096MPJS,T1,,,,,
CAN-046H2OTGZ2,T0,,,,,
CAN-046H2OTGZ2,T1,,,,,
CAN-MEIBJK60VH,T0,,,,,
CAN-MEIBJK60VH,T1,,,,,
CAN-O4D2DLAWKI,T0,,,,,
CAN-O4D2DLAWKI,T1,,,,,
CAN-IL8QQWT5OK,T0,,,,,
CAN-IL8QQWT5OK,T1,,,,,
CAN-NEJAGGG787,T0,,,,,
CAN-NEJAGGG787,T1,,,,,
CAN-GVYIKMFI01,T0,,,,,
CAN-GVYIKMFI01,T1,,,,,
CAN-E8WREAT26H,T0,,,,,
CAN-E8WREAT26H,T1,,,,,
CAN-UK90NK9MK6,T0,,,,,
CAN-UK90NK9MK6,T1,,,,,
CAN-N475PRCCVF,T0,,,,,
CAN-N475PRCCVF,T1,,,,,
CAN-T5ACUEME65,T0,,,,,
CAN-T5ACUEME65,T1,,,,,
CAN-QHZI2LU513,T0,,,,,
CAN-QHZI2LU513,T1,,,,,
CAN-FPLA3VZS48,T0,,,,,
CAN-FPLA3VZS48,T1,,,,,
CAN-GXJ24HCJNA,T0,,,,,
CAN-GXJ24HCJNA,T1,,,,,
CAN-ZT2IKHIVWC,T0,,,,,
CAN-ZT2IKHIVWC,T1,,,,,
CAN-MUPLMDT834,T0,,,,,
CAN-MUPLMDT834,T1,,,,,
CAN-OW71KH6RQ7,T0,,,,,
CAN-OW71KH6RQ7,T1,,,,,
CAN-G36TJAL2Q4,T0,,,,,
CAN-G36TJAL2Q4,T1,,,,,
CAN-B5EQTB2LC6,T0,,,,,
CAN-B5EQTB2LC6,T1,,,,,
CAN-O0L31WSOXI,T0,,,,,
CAN-O0L31WSOXI,T1,,,,,
CAN-CJG1ESE5OV,T0,,,,,
CAN-CJG1ESE5OV,T1,,,,,
CAN-15LMACETZC,T0,,,,,
CAN-15LMACETZC,T1,,,,,
CAN-OQJMDWVDR6,T0,,,,,
CAN-OQJMDWVDR6,T1,,,,,
CAN-5SULZ3EPLX,T0,,,,,
CAN-5SULZ3EPLX,T1,,,,,
CAN-B71NIJK0PO,T0,,,,,
CAN-B71NIJK0PO,T1,,,,,
CAN-3RND4T0X14,T0,,,,,
CAN-3RND4T0X14,T1,,,,,
CAN-Z3AKT906IV,T0,,,,,
CAN-Z3AKT906IV,T1,,,,,
CAN-D7OFE7904M,T0,,,,,
CAN-D7OFE7904M,T1,,,,,
CAN-TH7FSXK3PY,T0,,,,,
CAN-TH7FSXK3PY,T1,,,,,
CAN-YQ838YTNHA,T0,,,,,
CAN-YQ838YTNHA,T1,,,,,
CAN-2Z0DNB6RWM,T0,,,,,
CAN-2Z0DNB6RWM,T1,,,,,
CAN-U2DOG5J182,T0,,,,,
CAN-U2DOG5J182,T1,,,,,
CAN-2RO39SR77J,T0,,,,,
CAN-2RO39SR77J,T1,,,,,
CAN-238AB5ILJG,T0,,,,,
CAN-238AB5ILJG,T1,,,,,
CAN-VZ650TYCSE,T0,,,,,
CAN-VZ650TYCSE,T1,,,,,
CAN-M8GSUMHUBV,T0,,,,,
CAN-M8GSUMHUBV,T1,,,,,
CAN-ZXU3GWSYOV,T0,,,,,
CAN-ZXU3GWSYOV,T1,,,,,
CAN-ODJE98CJ4M,T0,,,,,
CAN-ODJE98CJ4M,T1,,,,,
CAN-BA7BKK47E5,T0,,,,,
CAN-BA7BKK47E5,T1,,,,,
CAN-VPVPZMJCKO,T0,,,,,
CAN-VPVPZMJCKO,T1,,,,,
CAN-B93C5LMJ1D,T0,,,,,
CAN-B93C5LMJ1D,T1,,,,,
CAN-SXZMFLL39T,T0,,,,,
CAN-SXZMFLL39T,T1,,,,,
CAN-A9BVZ5VI2P,T0,,,,,
CAN-A9BVZ5VI2P,T1,,,,,
CAN-PME4SMBLB0,T0,,,,,
CAN-PME4SMBLB0,T1,,,,,
CAN-FHDP42GS8Z,T0,,,,,
CAN-FHDP42GS8Z,T1,,,,,
CAN-RS43Q0NBOV,T0,,,,,
CAN-RS43Q0NBOV,T1,,,,,
CAN-Q1Z2W4ETWX,T0,,,,,
CAN-Q1Z2W4ETWX,T1,,,,,
CAN-JKVNCFXC88,T0,,,,,
CAN-JKVNCFXC88,T1,,,,,
CAN-TILN0CJCT7,T0,,,,,
CAN-TILN0CJCT7,T1,,,,,
CAN-ADAXVSSUQF,T0,,,,,
CAN-ADAXVSSUQF,T1,,,,,
CAN-MJU9VHX1LM,T0,,,,,
CAN-MJU9VHX1LM,T1,,,,,
CAN-EGXGIG4YH3,T0,,,,,
CAN-EGXGIG4YH3,T1,,,,,
CAN-KD1SWPBEUL,T0,,,,,
CAN-KD1SWPBEUL,T1,,,,,
CAN-V8EZMZD6H1,T0,,,,,
CAN-V8EZMZD6H1,T1,,,,,
CAN-9HENFFRV46,T0,,,,,
CAN-9HENFFRV46,T1,,,,,
CAN-E9ONKPD15H,T0,,,,,
CAN-E9ONKPD15H,T1,,,,,
CAN-M7BPIOIH96,T0,,,,,
CAN-M7BPIOIH96,T1,,,,,
CAN-6Y11Q8U4ES,T0,,,,,
CAN-6Y11Q8U4ES,T1,,,,,
CAN-O9AGCHKFCR,T0,,,,,
CAN-O9AGCHKFCR,T1,,,,,
CAN-VRYEWNRGLR,T0,,,,,
CAN-VRYEWNRGLR,T1,,,,,
CAN-Q46VSR3OE1,T0,,,,,
CAN-Q46VSR3OE1,T1,,,,,
CAN-WYAA29SJU3,T0,,,,,
CAN-WYAA29SJU3,T1,,,,,
CAN-UJ2IJ4UB9A,T0,,,,,
CAN-UJ2IJ4UB9A,T1,,,,,
CAN-FVNWVK9CAW,T0,,,,,
CAN-FVNWVK9CAW,T1,,,,,
CAN-QKAQ046RJ3,T0,,,,,
CAN-QKAQ046RJ3,T1,,,,,
CAN-1I4VBWBOUB,T0,,,,,
CAN-1I4VBWBOUB,T1,,,,,
CAN-X04I0MT32Q,T0,,,,,
CAN-X04I0MT32Q,T1,,,,,
CAN-R4F5MPCFRW,T0,,,,,
CAN-R4F5MPCFRW,T1,,,,,
CAN-PP905GVOL3,T0,,,,,
CAN-PP905GVOL3,T1,,,,,
CAN-6TCJ68NE5F,T0,,,,,
CAN-6TCJ68NE5F,T1,,,,,
CAN-FVCOOEFE96,T0,,,,,
CAN-FVCOOEFE96,T1,,,,,
CAN-QK37TROH55,T0,,,,,
CAN-QK37TROH55,T1,,,,,
CAN-PK8S4T200Z,T0,,,,,
CAN-PK8S4T200Z,T1,,,,,
CAN-DWRQLJKRQE,T0,,,,,
CAN-DWRQLJKRQE,T1,,,,,
CAN-1NJUOH6PAE,T0,,,,,
CAN-1NJUOH6PAE,T1,,,,,
CAN-BENX1VQFJF,T0,,,,,
CAN-BENX1VQFJF,T1,,,,,
CAN-LOM6XIWEA8,T0,,,,,
CAN-LOM6XIWEA8,T1,,,,,
CAN-NVAM1XKZYL,T0,,,,,
CAN-NVAM1XKZYL,T1,,,,,
CAN-A2939UCI7E,T0,,,,,
CAN-A2939UCI7E,T1,,,,,
CAN-O9HDMRT9CJ,T0,,,,,
CAN-O9HDMRT9CJ,T1,,,,,
CAN-74P8UWOUTX,T0,,,,,
CAN-74P8UWOUTX,T1,,,,,
CAN-XZ04SFYWJK,T0,,,,,
CAN-XZ04SFYWJK,T1,,,,,
CAN-F6JMQ1V0RP,T0,,,,,
CAN-F6JMQ1V0RP,T1,,,,,
CAN-S1PMITD76I,T0,,,,,
CAN-S1PMITD76I,T1,,,,,
CAN-SDCTUKCV9S,T0,,,,,
CAN-SDCTUKCV9S,T1,,,,,
CAN-LV5Z3IMMF4,T0,,,,,
CAN-LV5Z3IMMF4,T1,,,,,
CAN-JP0A0U961M,T0,,,,,
CAN-JP0A0U961M,T1,,,,,
CAN-Y2M1G8VXH3,T0,,,,,
CAN-Y2M1G8VXH3,T1,,,,,
CAN-3OXMP61K0O,T0,,,,,
CAN-3OXMP61K0O,T1,,,,,
CAN-ESGY1IJI90,T0,,,,,
CAN-ESGY1IJI90,T1,,,,,
CAN-CQL85QKN14,T0,,,,,
CAN-CQL85QKN14,T1,,,,,
CAN-VW94BYFHRS,T0,,,,,
CAN-VW94BYFHRS,T1,,,,,
CAN-951YRIQW3Y,T0,,,,,
CAN-951YRIQW3Y,T1,,,,,
CAN-1MKCNQM8CT,T0,,,,,
CAN-1MKCNQM8CT,T1,,,,,
CAN-42W13LFLZQ,T0,,,,,
CAN-42W13LFLZQ,T1,,,,,
CAN-79FVQOOKBW,T0,,,,,
CAN-79FVQOOKBW,T1,,,,,
CAN-4CBHWQ1F1L,T0,,,,,
CAN-4CBHWQ1F1L,T1,,,,,
CAN-U0IB690PWT,T0,,,,,
CAN-U0IB690PWT,T1,,,,,
CAN-6UI1GM8Q6M,T0,,,,,
CAN-6UI1GM8Q6M,T1,,,,,
CAN-MG8XYRNB7R,T0,,,,,
CAN-MG8XYRNB7R,T1,,,,,
CAN-Z10A1WRYYU,T0,,,,,
CAN-Z10A1WRYYU,T1,,,,,
CAN-ZCVRZGDVZO,T0,,,,,
CAN-ZCVRZGDVZO,T1,,,,,
CAN-90EPRXIVM2,T0,,,,,
CAN-90EPRXIVM2,T1,,,,,
CAN-70O6X3U5EE,T0,,,,,
CAN-70O6X3U5EE,T1,,,,,
CAN-ZTPKFDD2I5,T0,,,,,
CAN-ZTPKFDD2I5,T1,,,,,
CAN-KJDT7PHHNR,T0,,,,,
CAN-KJDT7PHHNR,T1,,,,,
CAN-3WGSA16VB0,T0,,,,,
CAN-3WGSA16VB0,T1,,,,,
CAN-I7ALBD8N6D,T0,,,,,
CAN-I7ALBD8N6D,T1,,,,,
CAN-A002XBYABO,T0,,,,,
CAN-A002XBYABO,T1,,,,,
CAN-DJ67L9VTNZ,T0,,,,,
CAN-DJ67L9VTNZ,T1,,,,,
CAN-S2HIC9MUFO,T0,,,,,
CAN-S2HIC9MUFO,T1,,,,,
CAN-6GEGC7ZW6I,T0,,,,,
CAN-6GEGC7ZW6I,T1,,,,,
CAN-N4QFJS875I,T0,,,,,
CAN-N4QFJS875I,T1,,,,,
CAN-11R1839U50,T0,,,,,
CAN-11R1839U50,T1,,,,,
CAN-EU4R3SDM2F,T0,,,,,
CAN-EU4R3SDM2F,T1,,,,,
CAN-VAUMWIHHBF,T0,,,,,
CAN-VAUMWIHHBF,T1,,,,,
CAN-X2D1TYHKF2,T0,,,,,
CAN-X2D1TYHKF2,T1,,,,,
CAN-GV4QYZUWJP,T0,,,,,
CAN-GV4QYZUWJP,T1,,,,,
CAN-BUP5U8C8KA,T0,,,,,
CAN-BUP5U8C8KA,T1,,,,,
CAN-LISZRCQXU0,T0,,,,,
CAN-LISZRCQXU0,T1,,,,,
CAN-D8KGEPJ465,T0,,,,,
CAN-D8KGEPJ465,T1,,,,,
CAN-Q070V1JUYZ,T0,,,,,
CAN-Q070V1JUYZ,T1,,,,,
CAN-WDYP2JS7IJ,T0,,,,,
CAN-WDYP2JS7IJ,T1,,,,,
CAN-UO7MNTLNF8,T0,,,,,
CAN-UO7MNTLNF8,T1,,,,,
CAN-RGH3OJ5RS0,T0,,,,,
CAN-RGH3OJ5RS0,T1,,,,,
CAN-HXY28UIBI3,T0,,,,,
CAN-HXY28UIBI3,T1,,,,,
CAN-IOWZGW8YRG,T0,,,,,
CAN-IOWZGW8YRG,T1,,,,,
CAN-X11R1PNTQH,T0,,,,,
CAN-X11R1PNTQH,T1,,,,,
CAN-8ZLAGRLH9Z,T0,,,,,
CAN-8ZLAGRLH9Z,T1,,,,,
CAN-SBHARUVC3K,T0,,,,,
CAN-SBHARUVC3K,T1,,,,,
CAN-ZHNM78PYRP,T0,,,,,
CAN-ZHNM78PYRP,T1,,,,,
CAN-ZFI3LXQPF7,T0,,,,,
CAN-ZFI3LXQPF7,T1,,,,,
CAN-JZFCL1LMF2,T0,,,,,
CAN-JZFCL1LMF2,T1,,,,,
CAN-OY02RUIUHA,T0,,,,,
CAN-OY02RUIUHA,T1,,,,,
CAN-V23BVE8JED,T0,,,,,
CAN-V23BVE8JED,T1,,,,,
CAN-OHVI503YC2,T0,,,,,
CAN-OHVI503YC2,T1,,,,,
CAN-YRYJP3WKT0,T0,,,,,
CAN-YRYJP3WKT0,T1,,,,,
CAN-4T5MQ6DTMK,T0,,,,,
CAN-4T5MQ6DTMK,T1,,,,,
CAN-VT1HTL05FG,T0,,,,,
CAN-VT1HTL05FG,T1,,,,,
CAN-VX0GJQ925U,T0,,,,,
CAN-VX0GJQ925U,T1,,,,,
CAN-YB41B3K2FF,T0,,,,,
CAN-YB41B3K2FF,T1,,,,,
CAN-S905Z3V22F,T0,,,,,
CAN-S905Z3V22F,T1,,,,,
CAN-7EWA1CEXU0,T0,,,,,
CAN-7EWA1CEXU0,T1,,,,,
CAN-G0YNL7EGC4,T0,,,,,
CAN-G0YNL7EGC4,T1,,,,,
CAN-2HE66Z1PCJ,T0,,,,,
CAN-2HE66Z1PCJ,T1,,,,,
CAN-J6L384U1LG,T0,,,,,
CAN-J6L384U1LG,T1,,,,,
CAN-IPII0E5DLT,T0,,,,,
CAN-IPII0E5DLT,T1,,,,,
CAN-ND96EXI4EE,T0,,,,,
CAN-ND96EXI4EE,T1,,,,,
CAN-SZ3MK97K2Z,T0,,,,,
CAN-SZ3MK97K2Z,T1,,,,,
CAN-X3LKCF3BUH,T0,,,,,
CAN-X3LKCF3BUH,T1,,,,,
CAN-XXHNN3IF5L,T0,,,,,
CAN-XXHNN3IF5L,T1,,,,,
CAN-UXHS144R9C,T0,,,,,
CAN-UXHS144R9C,T1,,,,,
CAN-4J78IMA3Y1,T0,,,,,
CAN-4J78IMA3Y1,T1,,,,,
CAN-ZE5TYBKI30,T0,,,,,
CAN-ZE5TYBKI30,T1,,,,,
CAN-1DBVHKQRS4,T0,,,,,
CAN-1DBVHKQRS4,T1,,,,,
CAN-NL6FBZTAH9,T0,,,,,
CAN-NL6FBZTAH9,T1,,,,,
CAN-F94U3N6D7E,T0,,,,,
CAN-F94U3N6D7E,T1,,,,,
CAN-R200K8MNRL,T0,,,,,
CAN-R200K8MNRL,T1,,,,,
CAN-CQXD0TIS5J,T0,,,,,
CAN-CQXD0TIS5J,T1,,,,,
CAN-CX7WHQUW5X,T0,,,,,
CAN-CX7WHQUW5X,T1,,,,,
CAN-FW1F6FS1R5,T0,,,,,
CAN-FW1F6FS1R5,T1,,,,,
CAN-N8TYV8M53P,T0,,,,,
CAN-N8TYV8M53P,T1,,,,,
CAN-KUKS069BB4,T0,,,,,
CAN-KUKS069BB4,T1,,,,,
CAN-E5DHE2JD6F,T0,,,,,
CAN-E5DHE2JD6F,T1,,,,,
CAN-22C4JMHDD1,T0,,,,,
CAN-22C4JMHDD1,T1,,,,,
CAN-9VYHM0PSVP,T0,,,,,
CAN-9VYHM0PSVP,T1,,,,,
CAN-RLOR8BFIES,T0,,,,,
CAN-RLOR8BFIES,T1,,,,,
CAN-4EA5JLIRD2,T0,,,,,
CAN-4EA5JLIRD2,T1,,,,,
CAN-5LS40EOPEK,T0,,,,,
CAN-5LS40EOPEK,T1,,,,,
CAN-Z33ALI17FK,T0,,,,,
CAN-Z33ALI17FK,T1,,,,,
CAN-XYO5QC8JI5,T0,,,,,
CAN-XYO5QC8JI5,T1,,,,,
CAN-IAN8ZZBEPH,T0,,,,,
CAN-IAN8ZZBEPH,T1,,,,,
CAN-5QP4935AEU,T0,,,,,
CAN-5QP4935AEU,T1,,,,,
CAN-48TGU5XPBQ,T0,,,,,
CAN-48TGU5XPBQ,T1,,,,,
CAN-SWZFGBMBEE,T0,,,,,
CAN-SWZFGBMBEE,T1,,,,,
CAN-SR7RMC873R,T0,,,,,
CAN-SR7RMC873R,T1,,,,,
CAN-RVVSG9GAPJ,T0,,,,,
CAN-RVVSG9GAPJ,T1,,,,,
CAN-AN3NGBXQLQ,T0,,,,,
CAN-AN3NGBXQLQ,T1,,,,,
CAN-P7BG2CLIYN,T0,,,,,
CAN-P7BG2CLIYN,T1,,,,,
CAN-BVDFU4FSWE,T0,,,,,
CAN-BVDFU4FSWE,T1,,,,,
CAN-DV32LDY5QU,T0,,,,,
CAN-DV32LDY5QU,T1,,,,,
CAN-K5KR8ZL6K4,T0,,,,,
CAN-K5KR8ZL6K4,T1,,,,,
CAN-0DILQJHEXO,T0,,,,,
CAN-0DILQJHEXO,T1,,,,,
CAN-8S11JFISCS,T0,,,,,
CAN-8S11JFISCS,T1,,,,,
CAN-XU63I8PR57,T0,,,,,
CAN-XU63I8PR57,T1,,,,,
CAN-YA1QGYU8FD,T0,,,,,
CAN-YA1QGYU8FD,T1,,,,,
CAN-B8LFAAGEZA,T0,,,,,
CAN-B8LFAAGEZA,T1,,,,,
CAN-O0SM0ALN3C,T0,,,,,
CAN-O0SM0ALN3C,T1,,,,,
CAN-8FXEGNEXJS,T0,,,,,
CAN-8FXEGNEXJS,T1,,,,,
CAN-P62EXSST7Q,T0,,,,,
CAN-P62EXSST7Q,T1,,,,,
CAN-8106RWSSRX,T0,,,,,
CAN-8106RWSSRX,T1,,,,,
CAN-HWM0AQNR2L,T0,,,,,
CAN-HWM0AQNR2L,T1,,,,,
CAN-HE7Q202YWE,T0,,,,,
CAN-HE7Q202YWE,T1,,,,,
CAN-XA9KU2IZ1B,T0,,,,,
CAN-XA9KU2IZ1B,T1,,,,,
CAN-VGKMTWTMLR,T0,,,,,
CAN-VGKMTWTMLR,T1,,,,,
CAN-K3UYHZZHX5,T0,,,,,
CAN-K3UYHZZHX5,T1,,,,,
CAN-2GBKVQTAOP,T0,,,,,
CAN-2GBKVQTAOP,T1,,,,,
CAN-RGAJ1VIHYI,T0,,,,,
CAN-RGAJ1VIHYI,T1,,,,,
CAN-X85MTTCMBB,T0,,,,,
CAN-X85MTTCMBB,T1,,,,,
CAN-LY21STGO5M,T0,,,,,
CAN-LY21STGO5M,T1,,,,,
CAN-3YEL4UAE02,T0,,,,,
CAN-3YEL4UAE02,T1,,,,,
CAN-NND6ZD2Y3W,T0,,,,,
CAN-NND6ZD2Y3W,T1,,,,,
CAN-00P56JV484,T0,,,,,
CAN-00P56JV484,T1,,,,,
CAN-UK0RGAXFQY,T0,,,,,
CAN-UK0RGAXFQY,T1,,,,,
CAN-1EF9T0H5UY,T0,,,,,
CAN-1EF9T0H5UY,T1,,,,,
CAN-L5HJ4J9F1Q,T0,,,,,
CAN-L5HJ4J9F1Q,T1,,,,,
CAN-VXCZPW42N0,T0,,,,,
CAN-VXCZPW42N0,T1,,,,,
CAN-UAQAX3CSPM,T0,,,,,
CAN-UAQAX3CSPM,T1,,,,,
CAN-MZ8TDG8XSC,T0,,,,,
CAN-MZ8TDG8XSC,T1,,,,,
CAN-OOGDP9W44M,T0,,,,,
CAN-OOGDP9W44M,T1,,,,,
CAN-AUTHNCYNH6,T0,,,,,
CAN-AUTHNCYNH6,T1,,,,,
CAN-4CKVLH2VRV,T0,,,,,
CAN-4CKVLH2VRV,T1,,,,,
CAN-DYE38UZRYO,T0,,,,,
CAN-DYE38UZRYO,T1,,,,,
CAN-Q3JM4NJXCM,T0,,,,,
CAN-Q3JM4NJXCM,T1,,,,,
CAN-6V5U6RG2WD,T0,,,,,
CAN-6V5U6RG2WD,T1,,,,,
CAN-FXGQ70VDF6,T0,,,,,
CAN-FXGQ70VDF6,T1,,,,,
CAN-3ZWOLT52IK,T0,,,,,
CAN-3ZWOLT52IK,T1,,,,,
CAN-7CI5CNFS9W,T0,,,,,
CAN-7CI5CNFS9W,T1,,,,,
CAN-M5Y8KZ5E76,T0,,,,,
CAN-M5Y8KZ5E76,T1,,,,,
CAN-6M1GZ6DTBE,T0,,,,,
CAN-6M1GZ6DTBE,T1,,,,,
CAN-SEYEB1ZSSF,T0,,,,,
CAN-SEYEB1ZSSF,T1,,,,,
CAN-HBDFN23R8K,T0,,,,,
CAN-HBDFN23R8K,T1,,,,,
CAN-XD9A7TVPI2,T0,,,,,
CAN-XD9A7TVPI2,T1,,,,,
CAN-F8N3CRIOBP,T0,,,,,
CAN-F8N3CRIOBP,T1,,,,,
CAN-EHFT23OVVG,T0,,,,,
CAN-EHFT23OVVG,T1,,,,,
CAN-4QJMNSCVQ7,T0,,,,,
CAN-4QJMNSCVQ7,T1,,,,,
CAN-MWG162BPL5,T0,,,,,
CAN-MWG162BPL5,T1,,,,,
CAN-6RUAWC87K9,T0,,,,,
CAN-6RUAWC87K9,T1,,,,,
CAN-S0O62URGCO,T0,,,,,
CAN-S0O62URGCO,T1,,,,,
CAN-MNPS146NX2,T0,,,,,
CAN-MNPS146NX2,T1,,,,,
CAN-2HVV255QOD,T0,,,,,
CAN-2HVV255QOD,T1,,,,,
CAN-EKQQOAOPV4,T0,,,,,
CAN-EKQQOAOPV4,T1,,,,,
CAN-CVCLZGGORS,T0,,,,,
CAN-CVCLZGGORS,T1,,,,,
CAN-EHWIVCR0FP,T0,,,,,
CAN-EHWIVCR0FP,T1,,,,,
CAN-5XUD5PU8H0,T0,,,,,
CAN-5XUD5PU8H0,T1,,,,,
CAN-NC5QCRDQ07,T0,,,,,
CAN-NC5QCRDQ07,T1,,,,,
CAN-XQSDCFZ1IS,T0,,,,,
CAN-XQSDCFZ1IS,T1,,,,,
CAN-7VPHGIZPH8,T0,,,,,
CAN-7VPHGIZPH8,T1,,,,,
CAN-SYCHXI76DS,T0,,,,,
CAN-SYCHXI76DS,T1,,,,,
CAN-5HI9VC7BVA,T0,,,,,
CAN-5HI9VC7BVA,T1,,,,,
CAN-EOWRBSMR5J,T0,,,,,
CAN-EOWRBSMR5J,T1,,,,,
CAN-LI6MXFL64U,T0,,,,,
CAN-LI6MXFL64U,T1,,,,,
CAN-B9LCNYNBEX,T0,,,,,
CAN-B9LCNYNBEX,T1,,,,,
CAN-XKB8801EOE,T0,,,,,
CAN-XKB8801EOE,T1,,,,,
CAN-5MD4OXWXBU,T0,,,,,
CAN-5MD4OXWXBU,T1,,,,,
CAN-K2E9AENTEW,T0,,,,,
CAN-K2E9AENTEW,T1,,,,,
CAN-2KBPB1PV73,T0,,,,,
CAN-2KBPB1PV73,T1,,,,,
CAN-RXAZUU87ZF,T0,,,,,
CAN-RXAZUU87ZF,T1,,,,,
CAN-4RZ3D8UTRS,T0,,,,,
CAN-4RZ3D8UTRS,T1,,,,,
CAN-Q6G6XRJ1W4,T0,,,,,
CAN-Q6G6XRJ1W4,T1,,,,,
CAN-E8DPUK67FV,T0,,,,,
CAN-E8DPUK67FV,T1,,,,,
CAN-M6JR6NL09J,T0,,,,,
CAN-M6JR6NL09J,T1,,,,,
CAN-28L0V7ZSNI,T0,,,,,
CAN-28L0V7ZSNI,T1,,,,,
CAN-RFSHDUG5NB,T0,,,,,
CAN-RFSHDUG5NB,T1,,,,,
CAN-AUKDROUFUV,T0,,,,,
CAN-AUKDROUFUV,T1,,,,,
CAN-PTQGMMU4X8,T0,,,,,
CAN-PTQGMMU4X8,T1,,,,,
CAN-30G2I5D7QB,T0,,,,,
CAN-30G2I5D7QB,T1,,,,,
CAN-2PRMDXN6AG,T0,,,,,
CAN-2PRMDXN6AG,T1,,,,,
CAN-6YJ0CICBZS,T0,,,,,
CAN-6YJ0CICBZS,T1,,,,,
CAN-HNL15PYSFT,T0,,,,,
CAN-HNL15PYSFT,T1,,,,,
CAN-TKOOJAZPXM,T0,,,,,
CAN-TKOOJAZPXM,T1,,,,,
CAN-O9HABZH7SV,T0,,,,,
CAN-O9HABZH7SV,T1,,,,,
CAN-0N5G8XH0L8,T0,,,,,
CAN-0N5G8XH0L8,T1,,,,,
CAN-FXNXYPZJMA,T0,,,,,
CAN-FXNXYPZJMA,T1,,,,,
CAN-GMZYZ8YMDL,T0,,,,,
CAN-GMZYZ8YMDL,T1,,,,,
CAN-ZX17TJBVFN,T0,,,,,
CAN-ZX17TJBVFN,T1,,,,,
CAN-ODSN5KMQIY,T0,,,,,
CAN-ODSN5KMQIY,T1,,,,,
CAN-JZ6OPOSBD5,T0,,,,,
CAN-JZ6OPOSBD5,T1,,,,,
CAN-HY15EM7L9M,T0,,,,,
CAN-HY15EM7L9M,T1,,,,,
CAN-RGZMTODDYB,T0,,,,,
CAN-RGZMTODDYB,T1,,,,,
CAN-ABVZF2G56F,T0,,,,,
CAN-ABVZF2G56F,T1,,,,,
CAN-VPHHW98E7H,T0,,,,,
CAN-VPHHW98E7H,T1,,,,,
CAN-428L2VHG1E,T0,,,,,
CAN-428L2VHG1E,T1,,,,,
CAN-DPDFPEIA1F,T0,,,,,
CAN-DPDFPEIA1F,T1,,,,,
CAN-UR1C4JP4VO,T0,,,,,
CAN-UR1C4JP4VO,T1,,,,,
CAN-DOAKO4NNLZ,T0,,,,,
CAN-DOAKO4NNLZ,T1,,,,,
CAN-M39URHQ06V,T0,,,,,
CAN-M39URHQ06V,T1,,,,,
CAN-UZSBW8DOL7,T0,,,,,
CAN-UZSBW8DOL7,T1,,,,,
CAN-QLTRQNSPOS,T0,,,,,
CAN-QLTRQNSPOS,T1,,,,,
CAN-N528AY7Q9Q,T0,,,,,
CAN-N528AY7Q9Q,T1,,,,,
CAN-YC2YCI2VDS,T0,,,,,
CAN-YC2YCI2VDS,T1,,,,,
CAN-7UQK6HCYNQ,T0,,,,,
CAN-7UQK6HCYNQ,T1,,,,,
CAN-KCQ7ULW6WP,T0,,,,,
CAN-KCQ7ULW6WP,T1,,,,,
CAN-6T6VRW0DWV,T0,,,,,
CAN-6T6VRW0DWV,T1,,,,,
CAN-D2NQFXESTT,T0,,,,,
CAN-D2NQFXESTT,T1,,,,,
CAN-ZSGTTG0DNE,T0,,,,,
CAN-ZSGTTG0DNE,T1,,,,,
CAN-HQR33B163A,T0,,,,,
CAN-HQR33B163A,T1,,,,,
CAN-CLUWTDD3OD,T0,,,,,
CAN-CLUWTDD3OD,T1,,,,,
CAN-4TZOTI9CN0,T0,,,,,
CAN-4TZOTI9CN0,T1,,,,,
CAN-9KH57ZZTZJ,T0,,,,,
CAN-9KH57ZZTZJ,T1,,,,,
CAN-Y95V2NTXS2,T0,,,,,
CAN-Y95V2NTXS2,T1,,,,,
CAN-WCLR9UT9NQ,T0,,,,,
CAN-WCLR9UT9NQ,T1,,,,,
CAN-WNP8XEXHDP,T0,,,,,
CAN-WNP8XEXHDP,T1,,,,,
CAN-M4XWJ4A42R,T0,,,,,
CAN-M4XWJ4A42R,T1,,,,,
CAN-DZXEHKO5JZ,T0,,,,,
CAN-DZXEHKO5JZ,T1,,,,,
CAN-5QWCVZO8OR,T0,,,,,
CAN-5QWCVZO8OR,T1,,,,,
CAN-K3VNYIY96A,T0,,,,,
CAN-K3VNYIY96A,T1,,,,,
CAN-XKHYH1E3D0,T0,,,,,
CAN-XKHYH1E3D0,T1,,,,,
CAN-62XF9663Q5,T0,,,,,
CAN-62XF9663Q5,T1,,,,,
CAN-V2LD67PS91,T0,,,,,
CAN-V2LD67PS91,T1,,,,,
CAN-OK8BUFZ5HJ,T0,,,,,
CAN-OK8BUFZ5HJ,T1,,,,,
CAN-531EC6XM0A,T0,,,,,
CAN-531EC6XM0A,T1,,,,,
CAN-8U0IE41Z6E,T0,,,,,
CAN-8U0IE41Z6E,T1,,,,,
CAN-7MLU6W4G40,T0,,,,,
CAN-7MLU6W4G40,T1,,,,,
CAN-L8HR3JPCDQ,T0,,,,,
CAN-L8HR3JPCDQ,T1,,,,,
CAN-EE6C2FOBNF,T0,,,,,
CAN-EE6C2FOBNF,T1,,,,,
CAN-AER426PWKP,T0,,,,,
CAN-AER426PWKP,T1,,,,,
CAN-HXUZZG7XVC,T0,,,,,
CAN-HXUZZG7XVC,T1,,,,,
CAN-HQR8H76TF6,T0,,,,,
CAN-HQR8H76TF6,T1,,,,,
CAN-E41H0ZL36A,T0,,,,,
CAN-E41H0ZL36A,T1,,,,,
CAN-7FWCOSSME8,T0,,,,,
CAN-7FWCOSSME8,T1,,,,,
CAN-BJ8AZ2S8CO,T0,,,,,
CAN-BJ8AZ2S8CO,T1,,,,,
CAN-38K4CR3UE5,T0,,,,,
CAN-38K4CR3UE5,T1,,,,,
CAN-CX3R5H742A,T0,,,,,
CAN-CX3R5H742A,T1,,,,,
CAN-Z6DVM0PEY7,T0,,,,,
CAN-Z6DVM0PEY7,T1,,,,,
CAN-8AHXHQVUH3,T0,,,,,
CAN-8AHXHQVUH3,T1,,,,,
CAN-4H33N9UFAP,T0,,,,,
CAN-4H33N9UFAP,T1,,,,,
CAN-1FVTWXN7SL,T0,,,,,
CAN-1FVTWXN7SL,T1,,,,,
CAN-STFR13OJLS,T0,,,,,
CAN-STFR13OJLS,T1,,,,,
CAN-STEDHLAM67,T0,,,,,
CAN-STEDHLAM67,T1,,,,,
CAN-OM0PB7SM0Z,T0,,,,,
CAN-OM0PB7SM0Z,T1,,,,,
CAN-SR7CVIPO58,T0,,,,,
CAN-SR7CVIPO58,T1,,,,,
CAN-ZW4EUIY1ID,T0,,,,,
CAN-ZW4EUIY1ID,T1,,,,,
CAN-UIDN5ZBC7H,T0,,,,,
CAN-UIDN5ZBC7H,T1,,,,,
CAN-67OMTG7ZRO,T0,,,,,
CAN-67OMTG7ZRO,T1,,,,,
CAN-AYSV4AE7BK,T0,,,,,
CAN-AYSV4AE7BK,T1,,,,,
CAN-B0M82W6I26,T0,,,,,
CAN-B0M82W6I26,T1,,,,,
CAN-KC3A8JTS1G,T0,,,,,
CAN-KC3A8JTS1G,T1,,,,,
CAN-1S2JC7IZ8D,T0,,,,,
CAN-1S2JC7IZ8D,T1,,,,,
CAN-2PILYQINQ1,T0,,,,,
CAN-2PILYQINQ1,T1,,,,,
CAN-YH3426AW60,T0,,,,,
CAN-YH3426AW60,T1,,,,,
CAN-KDPXX7CZO4,T0,,,,,
CAN-KDPXX7CZO4,T1,,,,,
CAN-BCLJSXQAK2,T0,,,,,
CAN-BCLJSXQAK2,T1,,,,,
CAN-8PLXJH08ON,T0,,,,,
CAN-8PLXJH08ON,T1,,,,,
CAN-VAU8R6FSWU,T0,,,,,
CAN-VAU8R6FSWU,T1,,,,,
CAN-GMURFOAW1Y,T0,,,,,
CAN-GMURFOAW1Y,T1,,,,,
CAN-P84HEDSXL6,T0,,,,,
CAN-P84HEDSXL6,T1,,,,,
CAN-OYTCUDD3KL,T0,,,,,
CAN-OYTCUDD3KL,T1,,,,,
CAN-YR6I3PD23Z,T0,,,,,
CAN-YR6I3PD23Z,T1,,,,,
CAN-AQTRL7FPZ0,T0,,,,,
CAN-AQTRL7FPZ0,T1,,,,,
CAN-OPQM8L5E74,T0,,,,,
CAN-OPQM8L5E74,T1,,,,,
CAN-T4RVKHUVW7,T0,,,,,
CAN-T4RVKHUVW7,T1,,,,,
CAN-7TMD3U0DF0,T0,,,,,
CAN-7TMD3U0DF0,T1,,,,,
CAN-RPC6HVW4XE,T0,,,,,
CAN-RPC6HVW4XE,T1,,,,,
CAN-GJHAPKHMVP,T0,,,,,
CAN-GJHAPKHMVP,T1,,,,,
CAN-N8OV8CVYUE,T0,,,,,
CAN-N8OV8CVYUE,T1,,,,,
CAN-U39JDIYJ3D,T0,,,,,
CAN-U39JDIYJ3D,T1,,,,,
CAN-NIY52JWB4E,T0,,,,,
CAN-NIY52JWB4E,T1,,,,,
CAN-VIGRTKNKUJ,T0,,,,,
CAN-VIGRTKNKUJ,T1,,,,,
CAN-AAKO39Y5RD,T0,,,,,
CAN-AAKO39Y5RD,T1,,,,,
CAN-U3LU2C5HZF,T0,,,,,
CAN-U3LU2C5HZF,T1,,,,,
CAN-HVMQCC3H42,T0,,,,,
CAN-HVMQCC3H42,T1,,,,,
CAN-I0EK2D8J4V,T0,,,,,
CAN-I0EK2D8J4V,T1,,,,,
CAN-FLLE4X5TE4,T0,,,,,
CAN-FLLE4X5TE4,T1,,,,,
CAN-CNQ9JAZ5D9,T0,,,,,
CAN-CNQ9JAZ5D9,T1,,,,,
CAN-I25Z744R3A,T0,,,,,
CAN-I25Z744R3A,T1,,,,,
CAN-U1K1IZIC5O,T0,,,,,
CAN-U1K1IZIC5O,T1,,,,,
CAN-RDAQV5IOEU,T0,,,,,
CAN-RDAQV5IOEU,T1,,,,,
CAN-AHT4EZLP2J,T0,,,,,
CAN-AHT4EZLP2J,T1,,,,,
CAN-CSF9T1E3QB,T0,,,,,
CAN-CSF9T1E3QB,T1,,,,,
CAN-VZFU90A1BP,T0,,,,,
CAN-VZFU90A1BP,T1,,,,,
CAN-EP5C0EGQS4,T0,,,,,
CAN-EP5C0EGQS4,T1,,,,,
CAN-9SIR1HGW1V,T0,,,,,
CAN-9SIR1HGW1V,T1,,,,,
CAN-OQ193H7X27,T0,,,,,
CAN-OQ193H7X27,T1,,,,,
CAN-O3V6A2BGCW,T0,,,,,
CAN-O3V6A2BGCW,T1,,,,,
CAN-GTO7DL6TSY,T0,,,,,
CAN-GTO7DL6TSY,T1,,,,,
CAN-2B93PKTKMT,T0,,,,,
CAN-2B93PKTKMT,T1,,,,,
CAN-GCEPUT3R29,T0,,,,,
CAN-GCEPUT3R29,T1,,,,,
CAN-9NAIUNPIFI,T0,,,,,
CAN-9NAIUNPIFI,T1,,,,,
CAN-C7V6APBZ7Y,T0,,,,,
CAN-C7V6APBZ7Y,T1,,,,,
CAN-MNXTKGBY2G,T0,,,,,
CAN-MNXTKGBY2G,T1,,,,,
CAN-NE3HQH6I3H,T0,,,,,
CAN-NE3HQH6I3H,T1,,,,,
CAN-A0LE4CA6CD,T0,,,,,
CAN-A0LE4CA6CD,T1,,,,,
CAN-JZNGRNZLUM,T0,,,,,
CAN-JZNGRNZLUM,T1,,,,,
CAN-ZTYKTIOVFE,T0,,,,,
CAN-ZTYKTIOVFE,T1,,,,,
CAN-YVA8EP8H42,T0,,,,,
CAN-YVA8EP8H42,T1,,,,,
CAN-EBSA4VTO8W,T0,,,,,
CAN-EBSA4VTO8W,T1,,,,,
CAN-XUXFVG24CF,T0,,,,,
CAN-XUXFVG24CF,T1,,,,,
CAN-MHEJQXCL2Y,T0,,,,,
CAN-MHEJQXCL2Y,T1,,,,,
CAN-KFZG4PXH4E,T0,,,,,
CAN-KFZG4PXH4E,T1,,,,,
CAN-KYCPQKHQ6N,T0,,,,,
CAN-KYCPQKHQ6N,T1,,,,,
CAN-E93GOF2YRD,T0,,,,,
CAN-E93GOF2YRD,T1,,,,,
CAN-NRCDKDTEUY,T0,,,,,
CAN-NRCDKDTEUY,T1,,,,,
CAN-ER7LQAX0MX,T0,,,,,
CAN-ER7LQAX0MX,T1,,,,,
CAN-QX1PVC8RFH,T0,,,,,
CAN-QX1PVC8RFH,T1,,,,,
CAN-1IPYMUVCE7,T0,,,,,
CAN-1IPYMUVCE7,T1,,,,,
CAN-4UQPHD4D24,T0,,,,,
CAN-4UQPHD4D24,T1,,,,,
CAN-MOSUJL8SC3,T0,,,,,
CAN-MOSUJL8SC3,T1,,,,,
CAN-W6BD5OJFA1,T0,,,,,
CAN-W6BD5OJFA1,T1,,,,,
CAN-LC77XZF8LY,T0,,,,,
CAN-LC77XZF8LY,T1,,,,,
CAN-9L4MEEGMPF,T0,,,,,
CAN-9L4MEEGMPF,T1,,,,,
CAN-IFX2JWCONU,T0,,,,,
CAN-IFX2JWCONU,T1,,,,,
CAN-E6X7L2RBAA,T0,,,,,
CAN-E6X7L2RBAA,T1,,,,,
CAN-EFH49Q40QG,T0,,,,,
CAN-EFH49Q40QG,T1,,,,,
CAN-WTVCR05C74,T0,,,,,
CAN-WTVCR05C74,T1,,,,,
CAN-C20JTOZEDZ,T0,,,,,
CAN-C20JTOZEDZ,T1,,,,,
CAN-U1MPT9QOQU,T0,,,,,
CAN-U1MPT9QOQU,T1,,,,,
CAN-2GZD8FDC0O,T0,,,,,
CAN-2GZD8FDC0O,T1,,,,,
CAN-7XYEF7BDBZ,T0,,,,,
CAN-7XYEF7BDBZ,T1,,,,,
CAN-LYDREQR1ZH,T0,,,,,
CAN-LYDREQR1ZH,T1,,,,,
CAN-9QV08LMBX9,T0,,,,,
CAN-9QV08LMBX9,T1,,,,,
CAN-J082YFLM89,T0,,,,,
CAN-J082YFLM89,T1,,,,,
CAN-USONVBDH1O,T0,,,,,
CAN-USONVBDH1O,T1,,,,,
CAN-NA0V2EE96R,T0,,,,,
CAN-NA0V2EE96R,T1,,,,,
CAN-TZZFS4Q2T1,T0,,,,,
CAN-TZZFS4Q2T1,T1,,,,,
CAN-C0JQSL25TM,T0,,,,,
CAN-C0JQSL25TM,T1,,,,,
CAN-IYN1R5LISF,T0,,,,,
CAN-IYN1R5LISF,T1,,,,,
CAN-NZG8WJYGXD,T0,,,,,
CAN-NZG8WJYGXD,T1,,,,,
CAN-FKUIGULLZA,T0,,,,,
CAN-FKUIGULLZA,T1,,,,,
CAN-N8TI3686UV,T0,,,,,
CAN-N8TI3686UV,T1,,,,,
CAN-K9H5U4S2V2,T0,,,,,
CAN-K9H5U4S2V2,T1,,,,,
CAN-LK1MGDWWKG,T0,,,,,
CAN-LK1MGDWWKG,T1,,,,,
CAN-B229X82V9D,T0,,,,,
CAN-B229X82V9D,T1,,,,,
CAN-0NQBTR1APE,T0,,,,,
CAN-0NQBTR1APE,T1,,,,,
CAN-M4Z6PHO7OM,T0,,,,,
CAN-M4Z6PHO7OM,T1,,,,,
CAN-Q18GD4637E,T0,,,,,
CAN-Q18GD4637E,T1,,,,,
CAN-C6UHKTNY4D,T0,,,,,
CAN-C6UHKTNY4D,T1,,,,,
CAN-62N4R51JXV,T0,,,,,
CAN-62N4R51JXV,T1,,,,,
CAN-16O0CL3YZ3,T0,,,,,
CAN-16O0CL3YZ3,T1,,,,,
CAN-A84YDH6FLM,T0,,,,,
CAN-A84YDH6FLM,T1,,,,,
CAN-5MUL69LVCR,T0,,,,,
CAN-5MUL69LVCR,T1,,,,,
CAN-VWWBH9KRJE,T0,,,,,
CAN-VWWBH9KRJE,T1,,,,,
CAN-0BVCA35348,T0,,,,,
CAN-0BVCA35348,T1,,,,,
CAN-SYB71JMQYC,T0,,,,,
CAN-SYB71JMQYC,T1,,,,,
CAN-BMROISATCE,T0,,,,,
CAN-BMROISATCE,T1,,,,,
CAN-S4P4P1A6BN,T0,,,,,
CAN-S4P4P1A6BN,T1,,,,,
CAN-YKM9EPGCP0,T0,,,,,
CAN-YKM9EPGCP0,T1,,,,,
CAN-PZ1HFK7Z8B,T0,,,,,
CAN-PZ1HFK7Z8B,T1,,,,,
CAN-YP9W89R8A9,T0,,,,,
CAN-YP9W89R8A9,T1,,,,,
CAN-IIFO16XJ4Z,T0,,,,,
CAN-IIFO16XJ4Z,T1,,,,,
CAN-U4G0OZZEKC,T0,,,,,
CAN-U4G0OZZEKC,T1,,,,,
CAN-B3HH5OU5NU,T0,,,,,
CAN-B3HH5OU5NU,T1,,,,,
CAN-LBQPAWQQA3,T0,,,,,
CAN-LBQPAWQQA3,T1,,,,,
CAN-43BAKAZM6B,T0,,,,,
CAN-43BAKAZM6B,T1,,,,,
CAN-AJ4UVV1NVG,T0,,,,,
CAN-AJ4UVV1NVG,T1,,,,,
CAN-8YNV7RBGNO,T0,,,,,
CAN-8YNV7RBGNO,T1,,,,,
CAN-QLJDLCH732,T0,,,,,
CAN-QLJDLCH732,T1,,,,,
CAN-IFIRAPKDIN,T0,,,,,
CAN-IFIRAPKDIN,T1,,,,,
CAN-2CIMDDMATJ,T0,,,,,
CAN-2CIMDDMATJ,T1,,,,,
CAN-JGDYJN8B9I,T0,,,,,
CAN-JGDYJN8B9I,T1,,,,,
CAN-N7X6DI17BL,T0,,,,,
CAN-N7X6DI17BL,T1,,,,,
CAN-SPAVDFG3DZ,T0,,,,,
CAN-SPAVDFG3DZ,T1,,,,,
CAN-3O7Y5QKP6T,T0,,,,,
CAN-3O7Y5QKP6T,T1,,,,,
CAN-M6NYOI26M5,T0,,,,,
CAN-M6NYOI26M5,T1,,,,,
CAN-JB786W62FX,T0,,,,,
CAN-JB786W62FX,T1,,,,,
CAN-6M63SJVQ79,T0,,,,,
CAN-6M63SJVQ79,T1,,,,,
CAN-GCA0IPTJ1B,T0,,,,,
CAN-GCA0IPTJ1B,T1,,,,,
CAN-4PGLUX8BAK,T0,,,,,
CAN-4PGLUX8BAK,T1,,,,,
CAN-CY40P2QF7B,T0,,,,,
CAN-CY40P2QF7B,T1,,,,,
CAN-CDRJV6ABTQ,T0,,,,,
CAN-CDRJV6ABTQ,T1,,,,,
CAN-ELVNR2T34J,T0,,,,,
CAN-ELVNR2T34J,T1,,,,,
CAN-S1QO7BQGGM,T0,,,,,
CAN-S1QO7BQGGM,T1,,,,,
CAN-3NF7ASBA7M,T0,,,,,
CAN-3NF7ASBA7M,T1,,,,,
CAN-3JJ26TUJCM,T0,,,,,
CAN-3JJ26TUJCM,T1,,,,,
CAN-DXPPCJI6YU,T0,,,,,
CAN-DXPPCJI6YU,T1,,,,,
CAN-URXOD6OKEP,T0,,,,,
CAN-URXOD6OKEP,T1,,,,,
CAN-SI8X61EC26,T0,,,,,
CAN-SI8X61EC26,T1,,,,,
CAN-K3RNNLVQBN,T0,,,,,
CAN-K3RNNLVQBN,T1,,,,,
CAN-ENFFKT35SI,T0,,,,,
CAN-ENFFKT35SI,T1,,,,,
CAN-VSNTB08SUH,T0,,,,,
CAN-VSNTB08SUH,T1,,,,,
CAN-RTEMRKB72U,T0,,,,,
CAN-RTEMRKB72U,T1,,,,,
CAN-TW00APHYZ9,T0,,,,,
CAN-TW00APHYZ9,T1,,,,,
CAN-7UQ40SSRBR,T0,,,,,
CAN-7UQ40SSRBR,T1,,,,,
CAN-A1QHLZGTUR,T0,,,,,
CAN-A1QHLZGTUR,T1,,,,,
CAN-KH4JWGNX3Q,T0,,,,,
CAN-KH4JWGNX3Q,T1,,,,,
CAN-PCSE0E5B83,T0,,,,,
CAN-PCSE0E5B83,T1,,,,,
CAN-SQZFO4NOO5,T0,,,,,
CAN-SQZFO4NOO5,T1,,,,,
CAN-UX0ZMWAXND,T0,,,,,
CAN-UX0ZMWAXND,T1,,,,,
CAN-WIEGSCL529,T0,,,,,
CAN-WIEGSCL529,T1,,,,,
CAN-E0J97P1TR0,T0,,,,,
CAN-E0J97P1TR0,T1,,,,,
CAN-0G90RGH1AY,T0,,,,,
CAN-0G90RGH1AY,T1,,,,,
CAN-0ZNWYOR3Q8,T0,,,,,
CAN-0ZNWYOR3Q8,T1,,,,,
CAN-LEG06BXELA,T0,,,,,
CAN-LEG06BXELA,T1,,,,,
CAN-8VI5A3FYJA,T0,,,,,
CAN-8VI5A3FYJA,T1,,,,,
CAN-6JIVHT8URU,T0,,,,,
CAN-6JIVHT8URU,T1,,,,,
CAN-2DZDWUT2J3,T0,,,,,
CAN-2DZDWUT2J3,T1,,,,,
CAN-EJU4F26G1Y,T0,,,,,
CAN-EJU4F26G1Y,T1,,,,,
CAN-AOUXVRZEJ2,T0,,,,,
CAN-AOUXVRZEJ2,T1,,,,,
CAN-79E12OEQG3,T0,,,,,
CAN-79E12OEQG3,T1,,,,,
CAN-H38RVII7BG,T0,,,,,
CAN-H38RVII7BG,T1,,,,,
CAN-UA7PGRX2RS,T0,,,,,
CAN-UA7PGRX2RS,T1,,,,,
CAN-EU5G04PJSG,T0,,,,,
CAN-EU5G04PJSG,T1,,,,,
CAN-OW563Z426H,T0,,,,,
CAN-OW563Z426H,T1,,,,,
CAN-504G8RC30P,T0,,,,,
CAN-504G8RC30P,T1,,,,,
CAN-DCICFD0ALU,T0,,,,,
CAN-DCICFD0ALU,T1,,,,,
CAN-7TLIH7TC8D,T0,,,,,
CAN-7TLIH7TC8D,T1,,,,,
CAN-42SNN2OLHS,T0,,,,,
CAN-42SNN2OLHS,T1,,,,,
CAN-I0T37WIFVI,T0,,,,,
CAN-I0T37WIFVI,T1,,,,,
CAN-391U64SZ2Q,T0,,,,,
CAN-391U64SZ2Q,T1,,,,,
CAN-O1NW6Q2QRI,T0,,,,,
CAN-O1NW6Q2QRI,T1,,,,,
CAN-UVG366PFKZ,T0,,,,,
CAN-UVG366PFKZ,T1,,,,,
CAN-M5R9FUK07M,T0,,,,,
CAN-M5R9FUK07M,T1,,,,,
CAN-BXIHC3GTOR,T0,,,,,
CAN-BXIHC3GTOR,T1,,,,,
CAN-H7ZD0TRQ3X,T0,,,,,
CAN-H7ZD0TRQ3X,T1,,,,,
CAN-61S7BG374E,T0,,,,,
CAN-61S7BG374E,T1,,,,,
CAN-LN9VOZOLEY,T0,,,,,
CAN-LN9VOZOLEY,T1,,,,,
CAN-Q393M7L1KG,T0,,,,,
CAN-Q393M7L1KG,T1,,,,,
CAN-OSPND86FED,T0,,,,,
CAN-OSPND86FED,T1,,,,,
CAN-LGK86FRA2U,T0,,,,,
CAN-LGK86FRA2U,T1,,,,,
CAN-B5CTH9K2T0,T0,,,,,
CAN-B5CTH9K2T0,T1,,,,,
CAN-NUBKSG4NPM,T0,,,,,
CAN-NUBKSG4NPM,T1,,,,,
CAN-4Y89QHCB6S,T0,,,,,
CAN-4Y89QHCB6S,T1,,,,,
CAN-NM6JIEOJB6,T0,,,,,
CAN-NM6JIEOJB6,T1,,,,,
CAN-RY8EAUU7VB,T0,,,,,
CAN-RY8EAUU7VB,T1,,,,,
CAN-7SV09LDSDB,T0,,,,,
CAN-7SV09LDSDB,T1,,,,,
CAN-SVX0TSLQK1,T0,,,,,
CAN-SVX0TSLQK1,T1,,,,,
CAN-WK6D0UUJO8,T0,,,,,
CAN-WK6D0UUJO8,T1,,,,,
CAN-N3DW5NLUQO,T0,,,,,
CAN-N3DW5NLUQO,T1,,,,,
CAN-3PSKKCSZB5,T0,,,,,
CAN-3PSKKCSZB5,T1,,,,,
CAN-AXE3PHV4HJ,T0,,,,,
CAN-AXE3PHV4HJ,T1,,,,,
CAN-1EGTLNKU03,T0,,,,,
CAN-1EGTLNKU03,T1,,,,,
CAN-3T6XV8V9AI,T0,,,,,
CAN-3T6XV8V9AI,T1,,,,,
CAN-DZGRAKHWIK,T0,,,,,
CAN-DZGRAKHWIK,T1,,,,,
CAN-2QSJ8E79HL,T0,,,,,
CAN-2QSJ8E79HL,T1,,,,,
CAN-SAASNZVVX0,T0,,,,,
CAN-SAASNZVVX0,T1,,,,,
CAN-VOZB8BTMP0,T0,,,,,
CAN-VOZB8BTMP0,T1,,,,,
CAN-RC3MKFW2IP,T0,,,,,
CAN-RC3MKFW2IP,T1,,,,,
CAN-A5A6UAY6H2,T0,,,,,
CAN-A5A6UAY6H2,T1,,,,,
CAN-4MZCL9KVZ0,T0,,,,,
CAN-4MZCL9KVZ0,T1,,,,,
CAN-HGMN8ES0WC,T0,,,,,
CAN-HGMN8ES0WC,T1,,,,,
CAN-65NPSOFP24,T0,,,,,
CAN-65NPSOFP24,T1,,,,,
CAN-QH53R4F7TG,T0,,,,,
CAN-QH53R4F7TG,T1,,,,,
CAN-XOLROE3MD8,T0,,,,,
CAN-XOLROE3MD8,T1,,,,,
CAN-7ZA244JR9F,T0,,,,,
CAN-7ZA244JR9F,T1,,,,,
CAN-2BIRFB3YNO,T0,,,,,
CAN-2BIRFB3YNO,T1,,,,,
CAN-GIYN0K7FXH,T0,,,,,
CAN-GIYN0K7FXH,T1,,,,,
CAN-8F7Q0OYYVI,T0,,,,,
CAN-8F7Q0OYYVI,T1,,,,,
CAN-9L1G7YPBBL,T0,,,,,
CAN-9L1G7YPBBL,T1,,,,,
CAN-84ZBR7HTVB,T0,,,,,
CAN-84ZBR7HTVB,T1,,,,,
CAN-IQUY052VBV,T0,,,,,
CAN-IQUY052VBV,T1,,,,,
CAN-VDBBB1U640,T0,,,,,
CAN-VDBBB1U640,T1,,,,,
CAN-OP7CLHW9J1,T0,,,,,
CAN-OP7CLHW9J1,T1,,,,,
CAN-AA9CQUQEKZ,T0,,,,,
CAN-AA9CQUQEKZ,T1,,,,,
CAN-M434M8Z4QD,T0,,,,,
CAN-M434M8Z4QD,T1,,,,,
CAN-U7QJ3CCS90,T0,,,,,
CAN-U7QJ3CCS90,T1,,,,,
CAN-LWOIETYT5J,T0,,,,,
CAN-LWOIETYT5J,T1,,,,,
CAN-45WJSXDMCY,T0,,,,,
CAN-45WJSXDMCY,T1,,,,,
CAN-RJ9PZQU4NX,T0,,,,,
CAN-RJ9PZQU4NX,T1,,,,,
CAN-3FL2F1YJAN,T0,,,,,
CAN-3FL2F1YJAN,T1,,,,,
CAN-93E2CR35YX,T0,,,,,
CAN-93E2CR35YX,T1,,,,,
CAN-B9OULJSRT0,T0,,,,,
CAN-B9OULJSRT0,T1,,,,,
CAN-ECH1IQFNHQ,T0,,,,,
CAN-ECH1IQFNHQ,T1,,,,,
CAN-P2M38TLIDO,T0,,,,,
CAN-P2M38TLIDO,T1,,,,,
CAN-PKN1FL9LDI,T0,,,,,
CAN-PKN1FL9LDI,T1,,,,,
CAN-TRKU605YF9,T0,,,,,
CAN-TRKU605YF9,T1,,,,,
CAN-4BO64LTUFY,T0,,,,,
CAN-4BO64LTUFY,T1,,,,,
CAN-DIWEFXFAJT,T0,,,,,
CAN-DIWEFXFAJT,T1,,,,,
CAN-TQT5ARBSKW,T0,,,,,
CAN-TQT5ARBSKW,T1,,,,,
CAN-AHTYLIE2O4,T0,,,,,
CAN-AHTYLIE2O4,T1,,,,,
CAN-2I29DQ1EDZ,T0,,,,,
CAN-2I29DQ1EDZ,T1,,,,,
CAN-SDY2IBJK7X,T0,,,,,
CAN-SDY2IBJK7X,T1,,,,,
CAN-7WTCQXFXKT,T0,,,,,
CAN-7WTCQXFXKT,T1,,,,,
CAN-NA2K6MYMPB,T0,,,,,
CAN-NA2K6MYMPB,T1,,,,,
CAN-JLCWZ7WJDM,T0,,,,,
CAN-JLCWZ7WJDM,T1,,,,,
CAN-F5E3YLUA8E,T0,,,,,
CAN-F5E3YLUA8E,T1,,,,,
CAN-TGYAPM4W7Q,T0,,,,,
CAN-TGYAPM4W7Q,T1,,,,,
CAN-YFT1AMQOQQ,T0,,,,,
CAN-YFT1AMQOQQ,T1,,,,,
CAN-V01X4AEVR3,T0,,,,,
CAN-V01X4AEVR3,T1,,,,,
CAN-IUOZXA7YZ4,T0,,,,,
CAN-IUOZXA7YZ4,T1,,,,,
CAN-TSZR8ZUUK7,T0,,,,,
CAN-TSZR8ZUUK7,T1,,,,,
CAN-XSR5VGWBLU,T0,,,,,
CAN-XSR5VGWBLU,T1,,,,,
CAN-P80VP6DOEF,T0,,,,,
CAN-P80VP6DOEF,T1,,,,,
CAN-DH30SZCA6M,T0,,,,,
CAN-DH30SZCA6M,T1,,,,,
CAN-2EWAC6D7SN,T0,,,,,
CAN-2EWAC6D7SN,T1,,,,,
CAN-4WFQFI5HB1,T0,,,,,
CAN-4WFQFI5HB1,T1,,,,,
CAN-ZD6N4HMT18,T0,,,,,
CAN-ZD6N4HMT18,T1,,,,,
CAN-VS6FWP4UT8,T0,,,,,
CAN-VS6FWP4UT8,T1,,,,,
CAN-XJZINQ2HQX,T0,,,,,
CAN-XJZINQ2HQX,T1,,,,,
CAN-86SD3AT1J9,T0,,,,,
CAN-86SD3AT1J9,T1,,,,,
CAN-A1O43B2X6X,T0,,,,,
CAN-A1O43B2X6X,T1,,,,,
CAN-QQWCY0QXX0,T0,,,,,
CAN-QQWCY0QXX0,T1,,,,,
CAN-ECN7BT8LKP,T0,,,,,
CAN-ECN7BT8LKP,T1,,,,,
CAN-17B64O1XIX,T0,,,,,
CAN-17B64O1XIX,T1,,,,,
CAN-6PCB645XOU,T0,,,,,
CAN-6PCB645XOU,T1,,,,,
CAN-UR5JROBJOX,T0,,,,,
CAN-UR5JROBJOX,T1,,,,,
CAN-JKELWXW559,T0,,,,,
CAN-JKELWXW559,T1,,,,,
CAN-QXS1YIUF55,T0,,,,,
CAN-QXS1YIUF55,T1,,,,,
CAN-QDNYH18JEG,T0,,,,,
CAN-QDNYH18JEG,T1,,,,,
CAN-F4IJYBOADP,T0,,,,,
CAN-F4IJYBOADP,T1,,,,,
CAN-2O3WI6WP8C,T0,,,,,
CAN-2O3WI6WP8C,T1,,,,,
CAN-QDGHKOU1BM,T0,,,,,
CAN-QDGHKOU1BM,T1,,,,,
CAN-J1TATTI0LR,T0,,,,,
CAN-J1TATTI0LR,T1,,,,,
CAN-77ZU0257K6,T0,,,,,
CAN-77ZU0257K6,T1,,,,,
CAN-LAANOGFZG5,T0,,,,,
CAN-LAANOGFZG5,T1,,,,,
CAN-UELBPV6W9Y,T0,,,,,
CAN-UELBPV6W9Y,T1,,,,,
CAN-J408Z09TJG,T0,,,,,
CAN-J408Z09TJG,T1,,,,,
CAN-ZYYKU4YBMI,T0,,,,,
CAN-ZYYKU4YBMI,T1,,,,,
CAN-JR4Q3MN3NF,T0,,,,,
CAN-JR4Q3MN3NF,T1,,,,,
CAN-6BZIG68CZB,T0,,,,,
CAN-6BZIG68CZB,T1,,,,,
CAN-F3BGQT3YTV,T0,,,,,
CAN-F3BGQT3YTV,T1,,,,,
CAN-FK4D6C4H4Q,T0,,,,,
CAN-FK4D6C4H4Q,T1,,,,,
CAN-QBZOB2Z0W7,T0,,,,,
CAN-QBZOB2Z0W7,T1,,,,,
CAN-ULCXVLSHHM,T0,,,,,
CAN-ULCXVLSHHM,T1,,,,,
CAN-TLDKKGVKRM,T0,,,,,
CAN-TLDKKGVKRM,T1,,,,,
CAN-PPGX1W5IMM,T0,,,,,
CAN-PPGX1W5IMM,T1,,,,,
CAN-EP8I7T7Z88,T0,,,,,
CAN-EP8I7T7Z88,T1,,,,,
CAN-ONAADKCB64,T0,,,,,
CAN-ONAADKCB64,T1,,,,,
CAN-Z804LSCG5T,T0,,,,,
CAN-Z804LSCG5T,T1,,,,,
CAN-6XAR3SOSGA,T0,,,,,
CAN-6XAR3SOSGA,T1,,,,,
CAN-ITPAD3ZF7O,T0,,,,,
CAN-ITPAD3ZF7O,T1,,,,,
CAN-XE5TJIVEQJ,T0,,,,,
CAN-XE5TJIVEQJ,T1,,,,,
CAN-YG23S8XK38,T0,,,,,
CAN-YG23S8XK38,T1,,,,,
CAN-OKIQY50C4Z,T0,,,,,
CAN-OKIQY50C4Z,T1,,,,,
CAN-V6DAKH5L68,T0,,,,,
CAN-V6DAKH5L68,T1,,,,,
CAN-0T5ZH0WG8M,T0,,,,,
CAN-0T5ZH0WG8M,T1,,,,,
CAN-01CROE5BGB,T0,,,,,
CAN-01CROE5BGB,T1,,,,,
CAN-T7AF4PD15Y,T0,,,,,
CAN-T7AF4PD15Y,T1,,,,,
CAN-PU6QTQNT61,T0,,,,,
CAN-PU6QTQNT61,T1,,,,,
CAN-PA1PEAQ0D3,T0,,,,,
CAN-PA1PEAQ0D3,T1,,,,,
CAN-UTKQTV70WD,T0,,,,,
CAN-UTKQTV70WD,T1,,,,,
CAN-4H1I2G979H,T0,,,,,
CAN-4H1I2G979H,T1,,,,,
CAN-U52DXBF4LB,T0,,,,,
CAN-U52DXBF4LB,T1,,,,,
CAN-MH0S0FED3H,T0,,,,,
CAN-MH0S0FED3H,T1,,,,,
CAN-FWCXT2NXTG,T0,,,,,
CAN-FWCXT2NXTG,T1,,,,,
CAN-EVAEERE8F7,T0,,,,,
CAN-EVAEERE8F7,T1,,,,,
CAN-51IA09BO8Q,T0,,,,,
CAN-51IA09BO8Q,T1,,,,,
CAN-MVQWIL33RX,T0,,,,,
CAN-MVQWIL33RX,T1,,,,,
CAN-V47BDLPFRO,T0,,,,,
CAN-V47BDLPFRO,T1,,,,,
CAN-1WYB64EZCU,T0,,,,,
CAN-1WYB64EZCU,T1,,,,,
CAN-6ZDVO4NZ08,T0,,,,,
CAN-6ZDVO4NZ08,T1,,,,,
CAN-ZGCJ261VYL,T0,,,,,
CAN-ZGCJ261VYL,T1,,,,,
CAN-OW4TQW05IG,T0,,,,,
CAN-OW4TQW05IG,T1,,,,,
CAN-J6BMQE1MC4,T0,,,,,
CAN-J6BMQE1MC4,T1,,,,,
CAN-LJ2F6Z4ZBP,T0,,,,,
CAN-LJ2F6Z4ZBP,T1,,,,,
CAN-HY110Q9AX5,T0,,,,,
CAN-HY110Q9AX5,T1,,,,,
CAN-0YCLDWRI85,T0,,,,,
CAN-0YCLDWRI85,T1,,,,,
CAN-47TACS09MD,T0,,,,,
CAN-47TACS09MD,T1,,,,,
CAN-TWHPMWRQQC,T0,,,,,
CAN-TWHPMWRQQC,T1,,,,,
CAN-G2162KE9GS,T0,,,,,
CAN-G2162KE9GS,T1,,,,,
CAN-MDL7F3RLUA,T0,,,,,
CAN-MDL7F3RLUA,T1,,,,,
CAN-GZE4Z1IMPP,T0,,,,,
CAN-GZE4Z1IMPP,T1,,,,,
CAN-430EWRCZYF,T0,,,,,
CAN-430EWRCZYF,T1,,,,,
CAN-A2YJ4UZOX9,T0,,,,,
CAN-A2YJ4UZOX9,T1,,,,,
CAN-DNCTJ1OWSB,T0,,,,,
CAN-DNCTJ1OWSB,T1,,,,,
CAN-QKHU84Z4M3,T0,,,,,
CAN-QKHU84Z4M3,T1,,,,,
CAN-1UOLHOGT9U,T0,,,,,
CAN-1UOLHOGT9U,T1,,,,,
CAN-TSKI3MLR3W,T0,,,,,
CAN-TSKI3MLR3W,T1,,,,,
CAN-SOS4X8464V,T0,,,,,
CAN-SOS4X8464V,T1,,,,,
CAN-84DZOXKS3A,T0,,,,,
CAN-84DZOXKS3A,T1,,,,,
CAN-WJS7R7PP5E,T0,,,,,
CAN-WJS7R7PP5E,T1,,,,,
CAN-SU7IVM1N1O,T0,,,,,
CAN-SU7IVM1N1O,T1,,,,,
CAN-MQ54CUHLUV,T0,,,,,
CAN-MQ54CUHLUV,T1,,,,,
CAN-A2XXX6UJ1X,T0,,,,,
CAN-A2XXX6UJ1X,T1,,,,,
CAN-PFZ6QPDC4J,T0,,,,,
CAN-PFZ6QPDC4J,T1,,,,,
CAN-NIV0SAMXPN,T0,,,,,
CAN-NIV0SAMXPN,T1,,,,,
CAN-JFO9228KMN,T0,,,,,
CAN-JFO9228KMN,T1,,,,,
CAN-CU7C6V3Q5M,T0,,,,,
CAN-CU7C6V3Q5M,T1,,,,,
CAN-RWJGL50GYQ,T0,,,,,
CAN-RWJGL50GYQ,T1,,,,,
CAN-KSBEIAKUZZ,T0,,,,,
CAN-KSBEIAKUZZ,T1,,,,,
CAN-VQ1Z9Q6M3Z,T0,,,,,
CAN-VQ1Z9Q6M3Z,T1,,,,,
CAN-CIULNDGSCI,T0,,,,,
CAN-CIULNDGSCI,T1,,,,,
CAN-L2RB21MZW0,T0,,,,,
CAN-L2RB21MZW0,T1,,,,,
CAN-7O6X38UAQO,T0,,,,,
CAN-7O6X38UAQO,T1,,,,,
CAN-X3M1YX85W1,T0,,,,,
CAN-X3M1YX85W1,T1,,,,,
CAN-BRU2WWNJ5L,T0,,,,,
CAN-BRU2WWNJ5L,T1,,,,,
CAN-3N47NNYPLE,T0,,,,,
CAN-3N47NNYPLE,T1,,,,,
CAN-Z9ZX5F9G2U,T0,,,,,
CAN-Z9ZX5F9G2U,T1,,,,,
CAN-96FRBRP89B,T0,,,,,
CAN-96FRBRP89B,T1,,,,,
CAN-3R133W2FZA,T0,,,,,
CAN-3R133W2FZA,T1,,,,,
CAN-A2GUA1ALWO,T0,,,,,
CAN-A2GUA1ALWO,T1,,,,,
CAN-SM7L4KNII5,T0,,,,,
CAN-SM7L4KNII5,T1,,,,,
CAN-FKICZRHRIR,T0,,,,,
CAN-FKICZRHRIR,T1,,,,,
CAN-Z2ID4WQDXK,T0,,,,,
CAN-Z2ID4WQDXK,T1,,,,,
CAN-K6NLNYVE3N,T0,,,,,
CAN-K6NLNYVE3N,T1,,,,,
CAN-TUOP1K8R8S,T0,,,,,
CAN-TUOP1K8R8S,T1,,,,,
CAN-6YD6X8CQGD,T0,,,,,
CAN-6YD6X8CQGD,T1,,,,,
CAN-GAEW70FJTA,T0,,,,,
CAN-GAEW70FJTA,T1,,,,,
CAN-0XG23HN6WH,T0,,,,,
CAN-0XG23HN6WH,T1,,,,,
CAN-38RXEEML10,T0,,,,,
CAN-38RXEEML10,T1,,,,,
CAN-EYXYW6IDD1,T0,,,,,
CAN-EYXYW6IDD1,T1,,,,,
CAN-NR1DZ7B7CZ,T0,,,,,
CAN-NR1DZ7B7CZ,T1,,,,,
CAN-ID4FOAKCU4,T0,,,,,
CAN-ID4FOAKCU4,T1,,,,,
CAN-0DFL8ZCZII,T0,,,,,
CAN-0DFL8ZCZII,T1,,,,,
CAN-N1YJ94SO70,T0,,,,,
CAN-N1YJ94SO70,T1,,,,,
CAN-TPLC6T7D7A,T0,,,,,
CAN-TPLC6T7D7A,T1,,,,,
CAN-PR741UYUYO,T0,,,,,
CAN-PR741UYUYO,T1,,,,,
CAN-6S2BVBN7JQ,T0,,,,,
CAN-6S2BVBN7JQ,T1,,,,,
CAN-M21HM68PC5,T0,,,,,
CAN-M21HM68PC5,T1,,,,,
CAN-BF6KQJQ7F8,T0,,,,,
CAN-BF6KQJQ7F8,T1,,,,,
CAN-T5VH6WHET1,T0,,,,,
CAN-T5VH6WHET1,T1,,,,,
CAN-X0Q4BXKK66,T0,,,,,
CAN-X0Q4BXKK66,T1,,,,,
CAN-JDXIVH8WIH,T0,,,,,
CAN-JDXIVH8WIH,T1,,,,,
CAN-PITQF9TMLZ,T0,,,,,
CAN-PITQF9TMLZ,T1,,,,,
CAN-1MP66M13U2,T0,,,,,
CAN-1MP66M13U2,T1,,,,,
CAN-K8GI4G7BXN,T0,,,,,
CAN-K8GI4G7BXN,T1,,,,,
CAN-8J8F3RJGCO,T0,,,,,
CAN-8J8F3RJGCO,T1,,,,,
CAN-47B5ZVTGT3,T0,,,,,
CAN-47B5ZVTGT3,T1,,,,,
CAN-ZW8E08QW1L,T0,,,,,
CAN-ZW8E08QW1L,T1,,,,,
CAN-DY8HUZBZ76,T0,,,,,
CAN-DY8HUZBZ76,T1,,,,,
CAN-PVQJQBOFM4,T0,,,,,
CAN-PVQJQBOFM4,T1,,,,,
CAN-BROOVRM51Y,T0,,,,,
CAN-BROOVRM51Y,T1,,,,,
CAN-LRIPH7FITR,T0,,,,,
CAN-LRIPH7FITR,T1,,,,,
CAN-EBO909DKDP,T0,,,,,
CAN-EBO909DKDP,T1,,,,,
CAN-ET8R2H991C,T0,,,,,
CAN-ET8R2H991C,T1,,,,,
CAN-38GOS8DYMH,T0,,,,,
CAN-38GOS8DYMH,T1,,,,,
CAN-CRETZGUS2A,T0,,,,,
CAN-CRETZGUS2A,T1,,,,,
CAN-6PFCAV0MBW,T0,,,,,
CAN-6PFCAV0MBW,T1,,,,,
CAN-JL6FR7HBJU,T0,,,,,
CAN-JL6FR7HBJU,T1,,,,,
CAN-5C5W4DSGRA,T0,,,,,
CAN-5C5W4DSGRA,T1,,,,,
CAN-DHCNW5KB98,T0,,,,,
CAN-DHCNW5KB98,T1,,,,,
CAN-QR0U0T0EQC,T0,,,,,
CAN-QR0U0T0EQC,T1,,,,,
CAN-U6FIO8L5I9,T0,,,,,
CAN-U6FIO8L5I9,T1,,,,,
CAN-G5BDVERMKT,T0,,,,,
CAN-G5BDVERMKT,T1,,,,,
CAN-A0V20CI90P,T0,,,,,
CAN-A0V20CI90P,T1,,,,,
CAN-2EJNI9XNSY,T0,,,,,
CAN-2EJNI9XNSY,T1,,,,,
CAN-TA3Z0JI46R,T0,,,,,
CAN-TA3Z0JI46R,T1,,,,,
CAN-7D3RD3LH5E,T0,,,,,
CAN-7D3RD3LH5E,T1,,,,,
CAN-TB6SFR5MHW,T0,,,,,
CAN-TB6SFR5MHW,T1,,,,,
CAN-CHNF0HSAJC,T0,,,,,
CAN-CHNF0HSAJC,T1,,,,,
CAN-V6DG8MKZD6,T0,,,,,
CAN-V6DG8MKZD6,T1,,,,,
CAN-A3XSZZT92O,T0,,,,,
CAN-A3XSZZT92O,T1,,,,,
CAN-NB2FZHVYAC,T0,,,,,
CAN-NB2FZHVYAC,T1,,,,,
CAN-GCFXYEM5TB,T0,,,,,
CAN-GCFXYEM5TB,T1,,,,,
CAN-RA080QSD2J,T0,,,,,
CAN-RA080QSD2J,T1,,,,,
CAN-Y1ONULRYLB,T0,,,,,
CAN-Y1ONULRYLB,T1,,,,,
CAN-3WNS25COC1,T0,,,,,
CAN-3WNS25COC1,T1,,,,,
CAN-GT50ZZKLJ6,T0,,,,,
CAN-GT50ZZKLJ6,T1,,,,,
CAN-J4UI91CPF0,T0,,,,,
CAN-J4UI91CPF0,T1,,,,,
CAN-HNZYVYS3O2,T0,,,,,
CAN-HNZYVYS3O2,T1,,,,,
CAN-KPQ1RPIV18,T0,,,,,
CAN-KPQ1RPIV18,T1,,,,,
CAN-CKZVJSRD5M,T0,,,,,
CAN-CKZVJSRD5M,T1,,,,,
CAN-DCOXCIAQZR,T0,,,,,
CAN-DCOXCIAQZR,T1,,,,,
CAN-NB3UHXBXYG,T0,,,,,
CAN-NB3UHXBXYG,T1,,,,,
CAN-33Z9IRZC9A,T0,,,,,
CAN-33Z9IRZC9A,T1,,,,,
CAN-GDGCWHJZVC,T0,,,,,
CAN-GDGCWHJZVC,T1,,,,,
CAN-5RHGLFS4OE,T0,,,,,
CAN-5RHGLFS4OE,T1,,,,,
CAN-ZIZJNT64CD,T0,,,,,
CAN-ZIZJNT64CD,T1,,,,,
CAN-5NDVCMGUCG,T0,,,,,
CAN-5NDVCMGUCG,T1,,,,,
CAN-ZDKTVXT8VL,T0,,,,,
CAN-ZDKTVXT8VL,T1,,,,,
CAN-D1NF7K6QPX,T0,,,,,
CAN-D1NF7K6QPX,T1,,,,,
CAN-IM97R1QH9S,T0,,,,,
CAN-IM97R1QH9S,T1,,,,,
CAN-GAKEA33KPY,T0,,,,,
CAN-GAKEA33KPY,T1,,,,,
CAN-OBBI2MAAYI,T0,,,,,
CAN-OBBI2MAAYI,T1,,,,,
CAN-EBAYWEE4YC,T0,,,,,
CAN-EBAYWEE4YC,T1,,,,,
CAN-A31XZ57Q45,T0,,,,,
CAN-A31XZ57Q45,T1,,,,,
CAN-WVXRA7CDYV,T0,,,,,
CAN-WVXRA7CDYV,T1,,,,,
CAN-R7SZZACEJY,T0,,,,,
CAN-R7SZZACEJY,T1,,,,,
CAN-3BFKTX6WE4,T0,,,,,
CAN-3BFKTX6WE4,T1,,,,,
CAN-0JFSPVX61Z,T0,,,,,
CAN-0JFSPVX61Z,T1,,,,,
CAN-9RQNHZJJGH,T0,,,,,
CAN-9RQNHZJJGH,T1,,,,,
CAN-BX6JPROTL2,T0,,,,,
CAN-BX6JPROTL2,T1,,,,,
CAN-E55C3U4APG,T0,,,,,
CAN-E55C3U4APG,T1,,,,,
CAN-KHKC27VQIE,T0,,,,,
CAN-KHKC27VQIE,T1,,,,,
CAN-CE7VL9JKEO,T0,,,,,
CAN-CE7VL9JKEO,T1,,,,,
CAN-QQXBJU6M6L,T0,,,,,
CAN-QQXBJU6M6L,T1,,,,,
CAN-MBR8RYQZIG,T0,,,,,
CAN-MBR8RYQZIG,T1,,,,,
CAN-SM4GSRG8E6,T0,,,,,
CAN-SM4GSRG8E6,T1,,,,,
CAN-VHJ66NZG2D,T0,,,,,
CAN-VHJ66NZG2D,T1,,,,,
CAN-UFBM07OU17,T0,,,,,
CAN-UFBM07OU17,T1,,,,,
CAN-UTC9HKKQZA,T0,,,,,
CAN-UTC9HKKQZA,T1,,,,,
CAN-9R6S71CA96,T0,,,,,
CAN-9R6S71CA96,T1,,,,,
CAN-108SJHKKA1,T0,,,,,
CAN-108SJHKKA1,T1,,,,,
CAN-OEFG2D9G65,T0,,,,,
CAN-OEFG2D9G65,T1,,,,,
CAN-YQVATAQHNI,T0,,,,,
CAN-YQVATAQHNI,T1,,,,,
CAN-WNW61S16BO,T0,,,,,
CAN-WNW61S16BO,T1,,,,,
CAN-O88Y2Z99CD,T0,,,,,
CAN-O88Y2Z99CD,T1,,,,,
CAN-6ETC7CRQHN,T0,,,,,
CAN-6ETC7CRQHN,T1,,,,,
CAN-V0EOBWD5DI,T0,,,,,
CAN-V0EOBWD5DI,T1,,,,,
CAN-2ZHDJJTFV6,T0,,,,,
CAN-2ZHDJJTFV6,T1,,,,,
CAN-7YDCVZAEDR,T0,,,,,
CAN-7YDCVZAEDR,T1,,,,,
CAN-N4PM9P7UDL,T0,,,,,
CAN-N4PM9P7UDL,T1,,,,,
CAN-CIMENREHE5,T0,,,,,
CAN-CIMENREHE5,T1,,,,,
CAN-8RJB8EXQA9,T0,,,,,
CAN-8RJB8EXQA9,T1,,,,,
CAN-YY8IP43S5U,T0,,,,,
CAN-YY8IP43S5U,T1,,,,,
CAN-2TMMZFTFF3,T0,,,,,
CAN-2TMMZFTFF3,T1,,,,,
CAN-RXKKLU22W3,T0,,,,,
CAN-RXKKLU22W3,T1,,,,,
CAN-IATG5XYD84,T0,,,,,
CAN-IATG5XYD84,T1,,,,,
CAN-JGFGWWOXFG,T0,,,,,
CAN-JGFGWWOXFG,T1,,,,,
CAN-0IL2FYYN1X,T0,,,,,
CAN-0IL2FYYN1X,T1,,,,,
CAN-9M3ZODNOJT,T0,,,,,
CAN-9M3ZODNOJT,T1,,,,,
CAN-GRCFBC5Z4Q,T0,,,,,
CAN-GRCFBC5Z4Q,T1,,,,,
CAN-DEIABDIKME,T0,,,,,
CAN-DEIABDIKME,T1,,,,,
CAN-SPU4OMC4W2,T0,,,,,
CAN-SPU4OMC4W2,T1,,,,,
CAN-86J6FNSDTF,T0,,,,,
CAN-86J6FNSDTF,T1,,,,,
CAN-DAPDZU7LLY,T0,,,,,
CAN-DAPDZU7LLY,T1,,,,,
CAN-KH5RV1C5J5,T0,,,,,
CAN-KH5RV1C5J5,T1,,,,,
CAN-X6Y7Y2FPZF,T0,,,,,
CAN-X6Y7Y2FPZF,T1,,,,,
CAN-J3IQ77IU46,T0,,,,,
CAN-J3IQ77IU46,T1,,,,,
CAN-ZNX6HUZJCL,T0,,,,,
CAN-ZNX6HUZJCL,T1,,,,,
CAN-XUP5Y0W4RF,T0,,,,,
CAN-XUP5Y0W4RF,T1,,,,,
CAN-D3Z128KPF6,T0,,,,,
CAN-D3Z128KPF6,T1,,,,,
CAN-MTLA2ADHXB,T0,,,,,
CAN-MTLA2ADHXB,T1,,,,,
CAN-O9A2KNXI4N,T0,,,,,
CAN-O9A2KNXI4N,T1,,,,,
CAN-UDMWK5GMJN,T0,,,,,
CAN-UDMWK5GMJN,T1,,,,,
CAN-QLZ4EKYKE8,T0,,,,,
CAN-QLZ4EKYKE8,T1,,,,,
CAN-ACD12DM3EQ,T0,,,,,
CAN-ACD12DM3EQ,T1,,,,,
CAN-N1UJHSH4VK,T0,,,,,
CAN-N1UJHSH4VK,T1,,,,,
CAN-5NNTGFGOCD,T0,,,,,
CAN-5NNTGFGOCD,T1,,,,,
CAN-LV0I68XO0I,T0,,,,,
CAN-LV0I68XO0I,T1,,,,,
CAN-3D99WGLA9F,T0,,,,,
CAN-3D99WGLA9F,T1,,,,,
CAN-SXUJFFGR63,T0,,,,,
CAN-SXUJFFGR63,T1,,,,,
CAN-G88TNN62IQ,T0,,,,,
CAN-G88TNN62IQ,T1,,,,,
CAN-W8ZP3GO484,T0,,,,,
CAN-W8ZP3GO484,T1,,,,,
CAN-PED23QS633,T0,,,,,
CAN-PED23QS633,T1,,,,,
CAN-W5R5SMR39Z,T0,,,,,
CAN-W5R5SMR39Z,T1,,,,,
CAN-JVS9VHE1IE,T0,,,,,
CAN-JVS9VHE1IE,T1,,,,,
CAN-WR2Y3V61K8,T0,,,,,
CAN-WR2Y3V61K8,T1,,,,,
CAN-RUCNMBX8PL,T0,,,,,
CAN-RUCNMBX8PL,T1,,,,,
CAN-WND5745Q8I,T0,,,,,
CAN-WND5745Q8I,T1,,,,,
CAN-9NO7994ZHR,T0,,,,,
CAN-9NO7994ZHR,T1,,,,,
CAN-QDEJ63RFTL,T0,,,,,
CAN-QDEJ63RFTL,T1,,,,,
CAN-JEZTW2DL4Z,T0,,,,,
CAN-JEZTW2DL4Z,T1,,,,,
CAN-EQJNI8CNTQ,T0,,,,,
CAN-EQJNI8CNTQ,T1,,,,,
CAN-3SIQKXXFE9,T0,,,,,
CAN-3SIQKXXFE9,T1,,,,,
CAN-JJT5NG93HR,T0,,,,,
CAN-JJT5NG93HR,T1,,,,,
CAN-2CUG9EGHUS,T0,,,,,
CAN-2CUG9EGHUS,T1,,,,,
CAN-7RTPE4E3ZI,T0,,,,,
CAN-7RTPE4E3ZI,T1,,,,,
CAN-UYCXX0K17X,T0,,,,,
CAN-UYCXX0K17X,T1,,,,,
CAN-ZUI284J2I1,T0,,,,,
CAN-ZUI284J2I1,T1,,,,,
CAN-DVU1ZUA3G0,T0,,,,,
CAN-DVU1ZUA3G0,T1,,,,,
CAN-L02Y878NEQ,T0,,,,,
CAN-L02Y878NEQ,T1,,,,,
CAN-K2EFX81CMW,T0,,,,,
CAN-K2EFX81CMW,T1,,,,,
CAN-M0OKXDH6R5,T0,,,,,
CAN-M0OKXDH6R5,T1,,,,,
CAN-7RWHIGFZA9,T0,,,,,
CAN-7RWHIGFZA9,T1,,,,,
CAN-7TJJK3L0GK,T0,,,,,
CAN-7TJJK3L0GK,T1,,,,,
CAN-KU7N0RXJNY,T0,,,,,
CAN-KU7N0RXJNY,T1,,,,,
CAN-ZK241KRAXA,T0,,,,,
CAN-ZK241KRAXA,T1,,,,,
CAN-A7W1PUQWAO,T0,,,,,
CAN-A7W1PUQWAO,T1,,,,,
CAN-JCJ4KVVABZ,T0,,,,,
CAN-JCJ4KVVABZ,T1,,,,,
CAN-WDSF8ZS6JX,T0,,,,,
CAN-WDSF8ZS6JX,T1,,,,,
CAN-M8D1FDY7TJ,T0,,,,,
CAN-M8D1FDY7TJ,T1,,,,,
CAN-OLS79DRUVO,T0,,,,,
CAN-OLS79DRUVO,T1,,,,,
CAN-BUKRSYM8UR,T0,,,,,
CAN-BUKRSYM8UR,T1,,,,,
CAN-3E8HXI8SXR,T0,,,,,
CAN-3E8HXI8SXR,T1,,,,,
CAN-LPG4GN9X77,T0,,,,,
CAN-LPG4GN9X77,T1,,,,,
CAN-IT3JOY1B92,T0,,,,,
CAN-IT3JOY1B92,T1,,,,,
CAN-UHZAGTMVFA,T0,,,,,
CAN-UHZAGTMVFA,T1,,,,,
CAN-LXQB5O145Z,T0,,,,,
CAN-LXQB5O145Z,T1,,,,,
CAN-G6YBRQTA02,T0,,,,,
CAN-G6YBRQTA02,T1,,,,,
CAN-MPGR0FUPEM,T0,,,,,
CAN-MPGR0FUPEM,T1,,,,,
CAN-2JQFA5RSOD,T0,,,,,
CAN-2JQFA5RSOD,T1,,,,,
CAN-3MK0W4XQ7R,T0,,,,,
CAN-3MK0W4XQ7R,T1,,,,,
CAN-6CRXHAUU3Q,T0,,,,,
CAN-6CRXHAUU3Q,T1,,,,,
CAN-39QYX8VDH0,T0,,,,,
CAN-39QYX8VDH0,T1,,,,,
CAN-AVIS3KWA4G,T0,,,,,
CAN-AVIS3KWA4G,T1,,,,,
CAN-LMI5R7P0S6,T0,,,,,
CAN-LMI5R7P0S6,T1,,,,,
CAN-7DCEDI7WII,T0,,,,,
CAN-7DCEDI7WII,T1,,,,,
CAN-657CBQH4J3,T0,,,,,
CAN-657CBQH4J3,T1,,,,,
CAN-GECGRS0TBY,T0,,,,,
CAN-GECGRS0TBY,T1,,,,,
CAN-W4JS8O085R,T0,,,,,
CAN-W4JS8O085R,T1,,,,,
CAN-BYZ6WQC9RE,T0,,,,,
CAN-BYZ6WQC9RE,T1,,,,,
CAN-VUKF53HBKJ,T0,,,,,
CAN-VUKF53HBKJ,T1,,,,,
CAN-RAC3AUDPMW,T0,,,,,
CAN-RAC3AUDPMW,T1,,,,,
CAN-052PI2BBIB,T0,,,,,
CAN-052PI2BBIB,T1,,,,,
CAN-EO7J9O6VVJ,T0,,,,,
CAN-EO7J9O6VVJ,T1,,,,,
CAN-WTYOR82705,T0,,,,,
CAN-WTYOR82705,T1,,,,,
CAN-3V5XIQ8M0G,T0,,,,,
CAN-3V5XIQ8M0G,T1,,,,,
CAN-WG0J725BW8,T0,,,,,
CAN-WG0J725BW8,T1,,,,,
CAN-Z812B96W5J,T0,,,,,
CAN-Z812B96W5J,T1,,,,,
CAN-ZSSI697BN3,T0,,,,,
CAN-ZSSI697BN3,T1,,,,,
CAN-FGAD638GB1,T0,,,,,
CAN-FGAD638GB1,T1,,,,,
CAN-FH1ZFVO5AK,T0,,,,,
CAN-FH1ZFVO5AK,T1,,,,,
CAN-PHD0URSC5X,T0,,,,,
CAN-PHD0URSC5X,T1,,,,,
CAN-EE6BU15CXY,T0,,,,,
CAN-EE6BU15CXY,T1,,,,,
CAN-G7BSDV4H1A,T0,,,,,
CAN-G7BSDV4H1A,T1,,,,,
CAN-7CX8EZWB1N,T0,,,,,
CAN-7CX8EZWB1N,T1,,,,,
CAN-HVC46LBXG9,T0,,,,,
CAN-HVC46LBXG9,T1,,,,,
CAN-MKJ1AVMZOC,T0,,,,,
CAN-MKJ1AVMZOC,T1,,,,,
CAN-SU078JSUR1,T0,,,,,
CAN-SU078JSUR1,T1,,,,,
CAN-ZMWEG78PWI,T0,,,,,
CAN-ZMWEG78PWI,T1,,,,,
CAN-M1HEZ1H8WZ,T0,,,,,
CAN-M1HEZ1H8WZ,T1,,,,,
CAN-3WPQ4YGA4O,T0,,,,,
CAN-3WPQ4YGA4O,T1,,,,,
CAN-13K09Z14QK,T0,,,,,
CAN-13K09Z14QK,T1,,,,,
CAN-2RU4JIP90C,T0,,,,,
CAN-2RU4JIP90C,T1,,,,,
CAN-XGEZBD2JZ8,T0,,,,,
CAN-XGEZBD2JZ8,T1,,,,,
CAN-G4T0MVXZWJ,T0,,,,,
CAN-G4T0MVXZWJ,T1,,,,,
CAN-VU0T85LJ6C,T0,,,,,
CAN-VU0T85LJ6C,T1,,,,,
CAN-PN6IO4OZQU,T0,,,,,
CAN-PN6IO4OZQU,T1,,,,,
CAN-R85EKY2K07,T0,,,,,
CAN-R85EKY2K07,T1,,,,,
CAN-0SLX0JA9EJ,T0,,,,,
CAN-0SLX0JA9EJ,T1,,,,,
CAN-P4DM8ZQI9P,T0,,,,,
CAN-P4DM8ZQI9P,T1,,,,,
CAN-EEVX7ZCHEV,T0,,,,,
CAN-EEVX7ZCHEV,T1,,,,,
CAN-5MDE16FUTU,T0,,,,,
CAN-5MDE16FUTU,T1,,,,,
CAN-Q6IWGFWGMC,T0,,,,,
CAN-Q6IWGFWGMC,T1,,,,,
CAN-85UTROZ0YY,T0,,,,,
CAN-85UTROZ0YY,T1,,,,,
CAN-GYAS3DFJY7,T0,,,,,
CAN-GYAS3DFJY7,T1,,,,,
CAN-B098WFR9Z3,T0,,,,,
CAN-B098WFR9Z3,T1,,,,,
CAN-AB4I7IODFC,T0,,,,,
CAN-AB4I7IODFC,T1,,,,,
CAN-U23TKTXHOK,T0,,,,,
CAN-U23TKTXHOK,T1,,,,,
CAN-NMZV6392NB,T0,,,,,
CAN-NMZV6392NB,T1,,,,,
CAN-6A43BIZCQC,T0,,,,,
CAN-6A43BIZCQC,T1,,,,,
CAN-R81IGX90ST,T0,,,,,
CAN-R81IGX90ST,T1,,,,,
CAN-FEY0EYGJM1,T0,,,,,
CAN-FEY0EYGJM1,T1,,,,,
CAN-0QQFFT9BCX,T0,,,,,
CAN-0QQFFT9BCX,T1,,,,,
CAN-EKYX4BISP5,T0,,,,,
CAN-EKYX4BISP5,T1,,,,,
CAN-2Z7MIVJE5O,T0,,,,,
CAN-2Z7MIVJE5O,T1,,,,,
CAN-4M11MPT2J6,T0,,,,,
CAN-4M11MPT2J6,T1,,,,,
CAN-U1FVKELSO2,T0,,,,,
CAN-U1FVKELSO2,T1,,,,,
CAN-5RPOBG0T1Y,T0,,,,,
CAN-5RPOBG0T1Y,T1,,,,,
CAN-702WVL9DB2,T0,,,,,
CAN-702WVL9DB2,T1,,,,,
CAN-PP9TLV3EBY,T0,,,,,
CAN-PP9TLV3EBY,T1,,,,,
CAN-E5A079EA5M,T0,,,,,
CAN-E5A079EA5M,T1,,,,,
CAN-2X6QQZHN1J,T0,,,,,
CAN-2X6QQZHN1J,T1,,,,,
CAN-71V5XJPMGC,T0,,,,,
CAN-71V5XJPMGC,T1,,,,,
CAN-0ENVXJG4A2,T0,,,,,
CAN-0ENVXJG4A2,T1,,,,,
CAN-TPWKUTGS5M,T0,,,,,
CAN-TPWKUTGS5M,T1,,,,,
CAN-SU4AVO68Z7,T0,,,,,
CAN-SU4AVO68Z7,T1,,,,,
CAN-6C0CHD1P4D,T0,,,,,
CAN-6C0CHD1P4D,T1,,,,,
CAN-4QDURO0LM0,T0,,,,,
CAN-4QDURO0LM0,T1,,,,,
CAN-4S8HDMWHG3,T0,,,,,
CAN-4S8HDMWHG3,T1,,,,,
CAN-9UTQNQPVRM,T0,,,,,
CAN-9UTQNQPVRM,T1,,,,,
CAN-RJVYF8NNQG,T0,,,,,
CAN-RJVYF8NNQG,T1,,,,,
CAN-QHSZYBRWD4,T0,,,,,
CAN-QHSZYBRWD4,T1,,,,,
CAN-PDGLT2L305,T0,,,,,
CAN-PDGLT2L305,T1,,,,,
CAN-FF4F9Q4DUT,T0,,,,,
CAN-FF4F9Q4DUT,T1,,,,,
CAN-3KHQ6CPBXP,T0,,,,,
CAN-3KHQ6CPBXP,T1,,,,,
CAN-GLQ2GSAO6C,T0,,,,,
CAN-GLQ2GSAO6C,T1,,,,,
CAN-APKGODCK3C,T0,,,,,
CAN-APKGODCK3C,T1,,,,,
CAN-JRXEHPHB0I,T0,,,,,
CAN-JRXEHPHB0I,T1,,,,,
CAN-XD4IVILTS4,T0,,,,,
CAN-XD4IVILTS4,T1,,,,,
CAN-G25O4CIAKC,T0,,,,,
CAN-G25O4CIAKC,T1,,,,,
CAN-6E3VER7YN2,T0,,,,,
CAN-6E3VER7YN2,T1,,,,,
CAN-2ZH04YIRJU,T0,,,,,
CAN-2ZH04YIRJU,T1,,,,,
CAN-GESFAESSBO,T0,,,,,
CAN-GESFAESSBO,T1,,,,,
CAN-OZGC6FWCOD,T0,,,,,
CAN-OZGC6FWCOD,T1,,,,,
CAN-86OU5SX3ED,T0,,,,,
CAN-86OU5SX3ED,T1,,,,,
CAN-9VPEYKLVWM,T0,,,,,
CAN-9VPEYKLVWM,T1,,,,,
CAN-UZ022PKYQM,T0,,,,,
CAN-UZ022PKYQM,T1,,,,,
CAN-T8GW0ZYFFO,T0,,,,,
CAN-T8GW0ZYFFO,T1,,,,,
CAN-R8R5RVKOO8,T0,,,,,
CAN-R8R5RVKOO8,T1,,,,,
CAN-V06M1QXRN4,T0,,,,,
CAN-V06M1QXRN4,T1,,,,,
CAN-CI8IWRN8TN,T0,,,,,
CAN-CI8IWRN8TN,T1,,,,,
CAN-DVXLDYJQEJ,T0,,,,,
CAN-DVXLDYJQEJ,T1,,,,,
CAN-UCW3TBD2AS,T0,,,,,
CAN-UCW3TBD2AS,T1,,,,,
CAN-BN7PPRO7KK,T0,,,,,
CAN-BN7PPRO7KK,T1,,,,,
CAN-ZYQ9SM23FY,T0,,,,,
CAN-ZYQ9SM23FY,T1,,,,,
CAN-XEQJB33W9Q,T0,,,,,
CAN-XEQJB33W9Q,T1,,,,,
CAN-WAPSK63Y06,T0,,,,,
CAN-WAPSK63Y06,T1,,,,,
CAN-0EP8U1FCKC,T0,,,,,
CAN-0EP8U1FCKC,T1,,,,,
CAN-2C4JAVHXFB,T0,,,,,
CAN-2C4JAVHXFB,T1,,,,,
CAN-RS9Y4TJH1E,T0,,,,,
CAN-RS9Y4TJH1E,T1,,,,,
CAN-NDPHWQYZJL,T0,,,,,
CAN-NDPHWQYZJL,T1,,,,,
CAN-TEX6JCF1MT,T0,,,,,
CAN-TEX6JCF1MT,T1,,,,,
CAN-2XWXC2WJA9,T0,,,,,
CAN-2XWXC2WJA9,T1,,,,,
CAN-0ET1J76KCP,T0,,,,,
CAN-0ET1J76KCP,T1,,,,,
CAN-BASIUT0WLI,T0,,,,,
CAN-BASIUT0WLI,T1,,,,,
CAN-H86XQH8B6B,T0,,,,,
CAN-H86XQH8B6B,T1,,,,,
CAN-0RQY2RDGS6,T0,,,,,
CAN-0RQY2RDGS6,T1,,,,,
CAN-MSE2R4E921,T0,,,,,
CAN-MSE2R4E921,T1,,,,,
CAN-9OJSC87JVA,T0,,,,,
CAN-9OJSC87JVA,T1,,,,,
CAN-7G30TL65V9,T0,,,,,
CAN-7G30TL65V9,T1,,,,,
CAN-DQY1LAYRQI,T0,,,,,
CAN-DQY1LAYRQI,T1,,,,,
CAN-PKOGLDIDJ8,T0,,,,,
CAN-PKOGLDIDJ8,T1,,,,,
CAN-23HKO8425T,T0,,,,,
CAN-23HKO8425T,T1,,,,,
CAN-AQ3GE5DGOI,T0,,,,,
CAN-AQ3GE5DGOI,T1,,,,,
CAN-U8L818YEOW,T0,,,,,
CAN-U8L818YEOW,T1,,,,,
CAN-OIOGVRZDPG,T0,,,,,
CAN-OIOGVRZDPG,T1,,,,,
CAN-PO8KXVZVON,T0,,,,,
CAN-PO8KXVZVON,T1,,,,,
CAN-E706UULU5K,T0,,,,,
CAN-E706UULU5K,T1,,,,,
CAN-6T1QRJ16WS,T0,,,,,
CAN-6T1QRJ16WS,T1,,,,,
CAN-GB4KPEMIHC,T0,,,,,
CAN-GB4KPEMIHC,T1,,,,,
CAN-W8Q0QD2D7K,T0,,,,,
CAN-W8Q0QD2D7K,T1,,,,,
CAN-55O2FJ7WJG,T0,,,,,
CAN-55O2FJ7WJG,T1,,,,,
CAN-NGXKQW1LS3,T0,,,,,
CAN-NGXKQW1LS3,T1,,,,,
CAN-KJNPV99W7N,T0,,,,,
CAN-KJNPV99W7N,T1,,,,,
CAN-P2II2F1Z6E,T0,,,,,
CAN-P2II2F1Z6E,T1,,,,,
CAN-MX3Y9ZBK8M,T0,,,,,
CAN-MX3Y9ZBK8M,T1,,,,,
CAN-PMUJKOQEG6,T0,,,,,
CAN-PMUJKOQEG6,T1,,,,,
CAN-YUW804NEJY,T0,,,,,
CAN-YUW804NEJY,T1,,,,,
CAN-QBUCXXJ570,T0,,,,,
CAN-QBUCXXJ570,T1,,,,,
CAN-FRLPC7XRJU,T0,,,,,
CAN-FRLPC7XRJU,T1,,,,,
CAN-E713GBA06C,T0,,,,,
CAN-E713GBA06C,T1,,,,,
CAN-N0JVL56W6A,T0,,,,,
CAN-N0JVL56W6A,T1,,,,,
CAN-W5T9TRWHCX,T0,,,,,
CAN-W5T9TRWHCX,T1,,,,,
CAN-R4QOOETNM0,T0,,,,,
CAN-R4QOOETNM0,T1,,,,,
CAN-I45A68RZ2D,T0,,,,,
CAN-I45A68RZ2D,T1,,,,,
CAN-FD88OKGH5N,T0,,,,,
CAN-FD88OKGH5N,T1,,,,,
CAN-T2NPR2E1L4,T0,,,,,
CAN-T2NPR2E1L4,T1,,,,,
CAN-EN59LYQ7PQ,T0,,,,,
CAN-EN59LYQ7PQ,T1,,,,,
CAN-FIKSS82N7X,T0,,,,,
CAN-FIKSS82N7X,T1,,,,,
CAN-ELDKXM4DYG,T0,,,,,
CAN-ELDKXM4DYG,T1,,,,,
CAN-N11GRVCFVR,T0,,,,,
CAN-N11GRVCFVR,T1,,,,,
CAN-ESMTWX163G,T0,,,,,
CAN-ESMTWX163G,T1,,,,,
CAN-2A3FRHZQH1,T0,,,,,
CAN-2A3FRHZQH1,T1,,,,,
CAN-15X5ISTFA5,T0,,,,,
CAN-15X5ISTFA5,T1,,,,,
CAN-TRKU25S61C,T0,,,,,
CAN-TRKU25S61C,T1,,,,,
CAN-AEX2SH9ZKL,T0,,,,,
CAN-AEX2SH9ZKL,T1,,,,,
CAN-D8XJBNP7G8,T0,,,,,
CAN-D8XJBNP7G8,T1,,,,,
CAN-UYDWYUMTKU,T0,,,,,
CAN-UYDWYUMTKU,T1,,,,,
CAN-302U311POI,T0,,,,,
CAN-302U311POI,T1,,,,,
CAN-3SUV0RURZJ,T0,,,,,
CAN-3SUV0RURZJ,T1,,,,,
CAN-H9HB9MIQPA,T0,,,,,
CAN-H9HB9MIQPA,T1,,,,,
CAN-7WG5TPNH6Q,T0,,,,,
CAN-7WG5TPNH6Q,T1,,,,,
CAN-FZH8WA8TK8,T0,,,,,
CAN-FZH8WA8TK8,T1,,,,,
CAN-9RMBTW3406,T0,,,,,
CAN-9RMBTW3406,T1,,,,,
CAN-L8AJ9H4EPE,T0,,,,,
CAN-L8AJ9H4EPE,T1,,,,,
CAN-WBBC9HUHMK,T0,,,,,
CAN-WBBC9HUHMK,T1,,,,,
CAN-9XVB3GF0XZ,T0,,,,,
CAN-9XVB3GF0XZ,T1,,,,,
CAN-YOAQDUQXSU,T0,,,,,
CAN-YOAQDUQXSU,T1,,,,,
CAN-QIL1K27B76,T0,,,,,
CAN-QIL1K27B76,T1,,,,,
CAN-WRLDM6PGBO,T0,,,,,
CAN-WRLDM6PGBO,T1,,,,,
CAN-VSVTYZ5S8A,T0,,,,,
CAN-VSVTYZ5S8A,T1,,,,,
CAN-WPBNW430IU,T0,,,,,
CAN-WPBNW430IU,T1,,,,,
CAN-D19E2L1EO4,T0,,,,,
CAN-D19E2L1EO4,T1,,,,,
CAN-XDERO8YLBH,T0,,,,,
CAN-XDERO8YLBH,T1,,,,,
CAN-KNT306TVHY,T0,,,,,
CAN-KNT306TVHY,T1,,,,,
CAN-R1JUP4KFTV,T0,,,,,
CAN-R1JUP4KFTV,T1,,,,,
CAN-NY90FLDC12,T0,,,,,
CAN-NY90FLDC12,T1,,,,,
CAN-RC6IFI4UN6,T0,,,,,
CAN-RC6IFI4UN6,T1,,,,,
CAN-7EN2NEOUZN,T0,,,,,
CAN-7EN2NEOUZN,T1,,,,,
CAN-A03CAMEVNB,T0,,,,,
CAN-A03CAMEVNB,T1,,,,,
CAN-O5YFRL6VUF,T0,,,,,
CAN-O5YFRL6VUF,T1,,,,,
CAN-5MZNTPCHXM,T0,,,,,
CAN-5MZNTPCHXM,T1,,,,,
CAN-W8PKB5030C,T0,,,,,
CAN-W8PKB5030C,T1,,,,,
CAN-4ZX3SEN0YH,T0,,,,,
CAN-4ZX3SEN0YH,T1,,,,,
CAN-7KPS3SR11O,T0,,,,,
CAN-7KPS3SR11O,T1,,,,,
CAN-HOR3D3QUBE,T0,,,,,
CAN-HOR3D3QUBE,T1,,,,,
CAN-GN1HMFRH87,T0,,,,,
CAN-GN1HMFRH87,T1,,,,,
CAN-F4592MMHKV,T0,,,,,
CAN-F4592MMHKV,T1,,,,,
CAN-2RERQ8Y4VG,T0,,,,,
CAN-2RERQ8Y4VG,T1,,,,,
CAN-R7SZTUDSUP,T0,,,,,
CAN-R7SZTUDSUP,T1,,,,,
CAN-0UEBJSPY26,T0,,,,,
CAN-0UEBJSPY26,T1,,,,,
CAN-GSVSCYQEI4,T0,,,,,
CAN-GSVSCYQEI4,T1,,,,,
CAN-F0L1UC7HCN,T0,,,,,
CAN-F0L1UC7HCN,T1,,,,,
CAN-8P92DU7XZB,T0,,,,,
CAN-8P92DU7XZB,T1,,,,,
CAN-V78V73PGRD,T0,,,,,
CAN-V78V73PGRD,T1,,,,,
CAN-TOTO3VZBFD,T0,,,,,
CAN-TOTO3VZBFD,T1,,,,,
CAN-5ZPQZHTC8T,T0,,,,,
CAN-5ZPQZHTC8T,T1,,,,,
CAN-ZQXQTHBNYO,T0,,,,,
CAN-ZQXQTHBNYO,T1,,,,,
CAN-ITJJZZL460,T0,,,,,
CAN-ITJJZZL460,T1,,,,,
CAN-5UG8IFHYEX,T0,,,,,
CAN-5UG8IFHYEX,T1,,,,,
CAN-6YKTE1O6D7,T0,,,,,
CAN-6YKTE1O6D7,T1,,,,,
CAN-6IS9DOSTOJ,T0,,,,,
CAN-6IS9DOSTOJ,T1,,,,,
CAN-S62CZQ7I9X,T0,,,,,
CAN-S62CZQ7I9X,T1,,,,,
CAN-5SUELQ12IG,T0,,,,,
CAN-5SUELQ12IG,T1,,,,,
CAN-1ABZT6I126,T0,,,,,
CAN-1ABZT6I126,T1,,,,,
CAN-CXYFVCQ17M,T0,,,,,
CAN-CXYFVCQ17M,T1,,,,,
CAN-O02GOPBNQT,T0,,,,,
CAN-O02GOPBNQT,T1,,,,,
CAN-2O83483NWK,T0,,,,,
CAN-2O83483NWK,T1,,,,,
CAN-AK9YAZ12NK,T0,,,,,
CAN-AK9YAZ12NK,T1,,,,,
CAN-9GD86BGIBO,T0,,,,,
CAN-9GD86BGIBO,T1,,,,,
CAN-W2P5OGAGGN,T0,,,,,
CAN-W2P5OGAGGN,T1,,,,,
CAN-0RSIG2N4QZ,T0,,,,,
CAN-0RSIG2N4QZ,T1,,,,,
CAN-G6D89WAC3H,T0,,,,,
CAN-G6D89WAC3H,T1,,,,,
CAN-NEM19J6EUB,T0,,,,,
CAN-NEM19J6EUB,T1,,,,,
CAN-Z3X8TXNF36,T0,,,,,
CAN-Z3X8TXNF36,T1,,,,,
CAN-SME3GIX7WJ,T0,,,,,
CAN-SME3GIX7WJ,T1,,,,,
CAN-55IVG2PGDC,T0,,,,,
CAN-55IVG2PGDC,T1,,,,,
CAN-WCDFRO12KY,T0,,,,,
CAN-WCDFRO12KY,T1,,,,,
CAN-0WJ0H6IYJU,T0,,,,,
CAN-0WJ0H6IYJU,T1,,,,,
CAN-GH3EL9T3SP,T0,,,,,
CAN-GH3EL9T3SP,T1,,,,,
CAN-1PBVATN9TH,T0,,,,,
CAN-1PBVATN9TH,T1,,,,,
CAN-C4E33HYJC8,T0,,,,,
CAN-C4E33HYJC8,T1,,,,,
CAN-2T210M1JZZ,T0,,,,,
CAN-2T210M1JZZ,T1,,,,,
CAN-01573THY34,T0,,,,,
CAN-01573THY34,T1,,,,,
CAN-MSNJEAB1GA,T0,,,,,
CAN-MSNJEAB1GA,T1,,,,,
CAN-VE8W42ILY4,T0,,,,,
CAN-VE8W42ILY4,T1,,,,,
CAN-E6X5FRLLCD,T0,,,,,
CAN-E6X5FRLLCD,T1,,,,,
CAN-1K3S1FXQ2J,T0,,,,,
CAN-1K3S1FXQ2J,T1,,,,,
CAN-VJR25F72A2,T0,,,,,
CAN-VJR25F72A2,T1,,,,,
CAN-GADRNXU6J7,T0,,,,,
CAN-GADRNXU6J7,T1,,,,,
CAN-R3PHPYEEK1,T0,,,,,
CAN-R3PHPYEEK1,T1,,,,,
CAN-GEF1VJ7QX6,T0,,,,,
CAN-GEF1VJ7QX6,T1,,,,,
CAN-HLSGCN77EL,T0,,,,,
CAN-HLSGCN77EL,T1,,,,,
CAN-904QY0RZS5,T0,,,,,
CAN-904QY0RZS5,T1,,,,,
CAN-X7U9K0AVRB,T0,,,,,
CAN-X7U9K0AVRB,T1,,,,,
CAN-R6I2PP0I3Q,T0,,,,,
CAN-R6I2PP0I3Q,T1,,,,,
CAN-REYOR52RD0,T0,,,,,
CAN-REYOR52RD0,T1,,,,,
CAN-3HBVFVOESJ,T0,,,,,
CAN-3HBVFVOESJ,T1,,,,,
CAN-PFYXWQWRNY,T0,,,,,
CAN-PFYXWQWRNY,T1,,,,,
CAN-NOCGXZ0PFR,T0,,,,,
CAN-NOCGXZ0PFR,T1,,,,,
CAN-W8FFG0XY8T,T0,,,,,
CAN-W8FFG0XY8T,T1,,,,,
CAN-60KCU89ZGO,T0,,,,,
CAN-60KCU89ZGO,T1,,,,,
CAN-X7OAWHOL2U,T0,,,,,
CAN-X7OAWHOL2U,T1,,,,,
CAN-Q9NOG6GBJA,T0,,,,,
CAN-Q9NOG6GBJA,T1,,,,,
CAN-PZ4MR0LYCX,T0,,,,,
CAN-PZ4MR0LYCX,T1,,,,,
CAN-HU7M4AJJ1R,T0,,,,,
CAN-HU7M4AJJ1R,T1,,,,,
CAN-0SXI0L1XFG,T0,,,,,
CAN-0SXI0L1XFG,T1,,,,,
CAN-WQL2LYW55F,T0,,,,,
CAN-WQL2LYW55F,T1,,,,,
CAN-4AJMXDQYIM,T0,,,,,
CAN-4AJMXDQYIM,T1,,,,,
CAN-PIZ6559UJG,T0,,,,,
CAN-PIZ6559UJG,T1,,,,,
CAN-Q2FALOAQ7B,T0,,,,,
CAN-Q2FALOAQ7B,T1,,,,,
CAN-01ZVPOCA09,T0,,,,,
CAN-01ZVPOCA09,T1,,,,,
CAN-D4CANR7F6E,T0,,,,,
CAN-D4CANR7F6E,T1,,,,,
CAN-UY6THI4SPH,T0,,,,,
CAN-UY6THI4SPH,T1,,,,,
CAN-DK83G1LG4K,T0,,,,,
CAN-DK83G1LG4K,T1,,,,,
CAN-C18XSJQ1IW,T0,,,,,
CAN-C18XSJQ1IW,T1,,,,,
CAN-KSWKCM7OW2,T0,,,,,
CAN-KSWKCM7OW2,T1,,,,,
CAN-69AB0PIX0H,T0,,,,,
CAN-69AB0PIX0H,T1,,,,,
CAN-UOGO5TW3DZ,T0,,,,,
CAN-UOGO5TW3DZ,T1,,,,,
CAN-XJEMWCC2GF,T0,,,,,
CAN-XJEMWCC2GF,T1,,,,,
CAN-6WB8PW0RLL,T0,,,,,
CAN-6WB8PW0RLL,T1,,,,,
CAN-TQW8UMX8FW,T0,,,,,
CAN-TQW8UMX8FW,T1,,,,,
CAN-S1KJLDWHX0,T0,,,,,
CAN-S1KJLDWHX0,T1,,,,,
CAN-DA8O1NRGBZ,T0,,,,,
CAN-DA8O1NRGBZ,T1,,,,,
CAN-5V4LNB0A4Q,T0,,,,,
CAN-5V4LNB0A4Q,T1,,,,,
CAN-I67MS6HT0K,T0,,,,,
CAN-I67MS6HT0K,T1,,,,,
CAN-CM0OXCO2W3,T0,,,,,
CAN-CM0OXCO2W3,T1,,,,,
CAN-B4DW7RUYA1,T0,,,,,
CAN-B4DW7RUYA1,T1,,,,,
CAN-NUYCVKLOMD,T0,,,,,
CAN-NUYCVKLOMD,T1,,,,,
CAN-C69I5M7AQH,T0,,,,,
CAN-C69I5M7AQH,T1,,,,,
CAN-WCRLKEUWXO,T0,,,,,
CAN-WCRLKEUWXO,T1,,,,,
CAN-2SVVQST011,T0,,,,,
CAN-2SVVQST011,T1,,,,,
CAN-9HU2HWGT7D,T0,,,,,
CAN-9HU2HWGT7D,T1,,,,,
CAN-HM9HIRY6WT,T0,,,,,
CAN-HM9HIRY6WT,T1,,,,,
CAN-91SN66S4IJ,T0,,,,,
CAN-91SN66S4IJ,T1,,,,,
CAN-TQA4KEQ7HB,T0,,,,,
CAN-TQA4KEQ7HB,T1,,,,,
CAN-WRGVHZT8IC,T0,,,,,
CAN-WRGVHZT8IC,T1,,,,,
CAN-1WHDEIM45C,T0,,,,,
CAN-1WHDEIM45C,T1,,,,,
CAN-N7F56ROYLJ,T0,,,,,
CAN-N7F56ROYLJ,T1,,,,,
CAN-OJ40NT3AS0,T0,,,,,
CAN-OJ40NT3AS0,T1,,,,,
CAN-TBM03XK4I0,T0,,,,,
CAN-TBM03XK4I0,T1,,,,,
CAN-UX9STEBQ48,T0,,,,,
CAN-UX9STEBQ48,T1,,,,,
CAN-8BS8MWBUR4,T0,,,,,
CAN-8BS8MWBUR4,T1,,,,,
CAN-CKE8GLYTTX,T0,,,,,
CAN-CKE8GLYTTX,T1,,,,,
CAN-LLAHEZF87G,T0,,,,,
CAN-LLAHEZF87G,T1,,,,,
CAN-9Y63SPYKSV,T0,,,,,
CAN-9Y63SPYKSV,T1,,,,,
CAN-TGN8Z9EO1Z,T0,,,,,
CAN-TGN8Z9EO1Z,T1,,,,,
CAN-RHUNEAHLXE,T0,,,,,
CAN-RHUNEAHLXE,T1,,,,,
CAN-83U6CYVAZX,T0,,,,,
CAN-83U6CYVAZX,T1,,,,,
CAN-ZNNH9C68QU,T0,,,,,
CAN-ZNNH9C68QU,T1,,,,,
CAN-4NUJLJ33AX,T0,,,,,
CAN-4NUJLJ33AX,T1,,,,,
CAN-188W71GE2R,T0,,,,,
CAN-188W71GE2R,T1,,,,,
CAN-REE0ZEPNMS,T0,,,,,
CAN-REE0ZEPNMS,T1,,,,,
CAN-Z31E1KJBI7,T0,,,,,
CAN-Z31E1KJBI7,T1,,,,,
CAN-8CXN6EUP53,T0,,,,,
CAN-8CXN6EUP53,T1,,,,,
CAN-9ZVUY9BNS9,T0,,,,,
CAN-9ZVUY9BNS9,T1,,,,,
CAN-VYVWN7G1M8,T0,,,,,
CAN-VYVWN7G1M8,T1,,,,,
CAN-62RCP1AES9,T0,,,,,
CAN-62RCP1AES9,T1,,,,,
CAN-4ZK05Q2AAE,T0,,,,,
CAN-4ZK05Q2AAE,T1,,,,,
CAN-8S3876COC6,T0,,,,,
CAN-8S3876COC6,T1,,,,,
CAN-LJJRDSFJM8,T0,,,,,
CAN-LJJRDSFJM8,T1,,,,,
CAN-S5QYBKX87G,T0,,,,,
CAN-S5QYBKX87G,T1,,,,,
CAN-5LK0J7JVYF,T0,,,,,
CAN-5LK0J7JVYF,T1,,,,,
CAN-M9D6QO8NKE,T0,,,,,
CAN-M9D6QO8NKE,T1,,,,,
CAN-XR8NXC1R3H,T0,,,,,
CAN-XR8NXC1R3H,T1,,,,,
CAN-4ON8AJRSL3,T0,,,,,
CAN-4ON8AJRSL3,T1,,,,,
CAN-OC473FRI8I,T0,,,,,
CAN-OC473FRI8I,T1,,,,,
CAN-GQWPGVSX0E,T0,,,,,
CAN-GQWPGVSX0E,T1,,,,,
CAN-BYE258ZAKG,T0,,,,,
CAN-BYE258ZAKG,T1,,,,,
CAN-TTVNXU6N67,T0,,,,,
CAN-TTVNXU6N67,T1,,,,,
CAN-K8PJVAJSSW,T0,,,,,
CAN-K8PJVAJSSW,T1,,,,,
CAN-GO6C65TPA1,T0,,,,,
CAN-GO6C65TPA1,T1,,,,,
CAN-FBU7OBN6Z2,T0,,,,,
CAN-FBU7OBN6Z2,T1,,,,,
CAN-6EYVDLVX0I,T0,,,,,
CAN-6EYVDLVX0I,T1,,,,,
CAN-00SGGMDVUV,T0,,,,,
CAN-00SGGMDVUV,T1,,,,,
CAN-KRAE3A0RGU,T0,,,,,
CAN-KRAE3A0RGU,T1,,,,,
CAN-A3NNTZGVN5,T0,,,,,
CAN-A3NNTZGVN5,T1,,,,,
CAN-JA0RR7KV85,T0,,,,,
CAN-JA0RR7KV85,T1,,,,,
CAN-B7XZA5PFR7,T0,,,,,
CAN-B7XZA5PFR7,T1,,,,,
CAN-0O7YNR30YJ,T0,,,,,
CAN-0O7YNR30YJ,T1,,,,,
CAN-ZL1H3ZQ8JZ,T0,,,,,
CAN-ZL1H3ZQ8JZ,T1,,,,,
CAN-IER8I6FT7O,T0,,,,,
CAN-IER8I6FT7O,T1,,,,,
CAN-2IN2U7OTNY,T0,,,,,
CAN-2IN2U7OTNY,T1,,,,,
CAN-PNXDHVBEDV,T0,,,,,
CAN-PNXDHVBEDV,T1,,,,,
CAN-HFSLJ9HHBE,T0,,,,,
CAN-HFSLJ9HHBE,T1,,,,,
CAN-ZPN6T3A8DC,T0,,,,,
CAN-ZPN6T3A8DC,T1,,,,,
CAN-1QGGT5IEPY,T0,,,,,
CAN-1QGGT5IEPY,T1,,,,,
CAN-1TE3XKYI5E,T0,,,,,
CAN-1TE3XKYI5E,T1,,,,,
CAN-AR2QTACJI4,T0,,,,,
CAN-AR2QTACJI4,T1,,,,,
CAN-IJ0BKLH45H,T0,,,,,
CAN-IJ0BKLH45H,T1,,,,,
CAN-6ETU6EKVYE,T0,,,,,
CAN-6ETU6EKVYE,T1,,,,,
CAN-S1NOCSV3IK,T0,,,,,
CAN-S1NOCSV3IK,T1,,,,,
CAN-QV53WFRDLS,T0,,,,,
CAN-QV53WFRDLS,T1,,,,,
CAN-XNJ7967NKQ,T0,,,,,
CAN-XNJ7967NKQ,T1,,,,,
CAN-MRM1DCGAHN,T0,,,,,
CAN-MRM1DCGAHN,T1,,,,,
CAN-P390OD8YAM,T0,,,,,
CAN-P390OD8YAM,T1,,,,,
CAN-UDSFEGZEPB,T0,,,,,
CAN-UDSFEGZEPB,T1,,,,,
CAN-X7ZGORELT9,T0,,,,,
CAN-X7ZGORELT9,T1,,,,,
CAN-FBXMI70L08,T0,,,,,
CAN-FBXMI70L08,T1,,,,,
CAN-YKGL27T07I,T0,,,,,
CAN-YKGL27T07I,T1,,,,,
CAN-9DY5FX8E7Q,T0,,,,,
CAN-9DY5FX8E7Q,T1,,,,,
CAN-71SQSM5Y2F,T0,,,,,
CAN-71SQSM5Y2F,T1,,,,,
CAN-VO8BICTT4J,T0,,,,,
CAN-VO8BICTT4J,T1,,,,,
CAN-27NF2YPVC2,T0,,,,,
CAN-27NF2YPVC2,T1,,,,,
CAN-MMWJVVL040,T0,,,,,
CAN-MMWJVVL040,T1,,,,,
CAN-SFNYQ75JNU,T0,,,,,
CAN-SFNYQ75JNU,T1,,,,,
CAN-BVJV6CUK4K,T0,,,,,
CAN-BVJV6CUK4K,T1,,,,,
CAN-UMNRW25GPV,T0,,,,,
CAN-UMNRW25GPV,T1,,,,,
CAN-NE84D14HWH,T0,,,,,
CAN-NE84D14HWH,T1,,,,,
CAN-3N781OKXEW,T0,,,,,
CAN-3N781OKXEW,T1,,,,,
CAN-MC9REC5TNS,T0,,,,,
CAN-MC9REC5TNS,T1,,,,,
CAN-4491B2CKSM,T0,,,,,
CAN-4491B2CKSM,T1,,,,,
CAN-KQD1CURX7O,T0,,,,,
CAN-KQD1CURX7O,T1,,,,,
CAN-GUQ5NA9YS8,T0,,,,,
CAN-GUQ5NA9YS8,T1,,,,,
CAN-OF20UJ2OFK,T0,,,,,
CAN-OF20UJ2OFK,T1,,,,,
CAN-69RZZOH7H5,T0,,,,,
CAN-69RZZOH7H5,T1,,,,,
CAN-6E5NL389T2,T0,,,,,
CAN-6E5NL389T2,T1,,,,,
CAN-LA7W2FTS3R,T0,,,,,
CAN-LA7W2FTS3R,T1,,,,,
CAN-Q7HFOIN7HT,T0,,,,,
CAN-Q7HFOIN7HT,T1,,,,,
CAN-80YVARAASD,T0,,,,,
CAN-80YVARAASD,T1,,,,,
CAN-J8KNYB5QQZ,T0,,,,,
CAN-J8KNYB5QQZ,T1,,,,,
CAN-024ZEPM118,T0,,,,,
CAN-024ZEPM118,T1,,,,,
CAN-RL6ZXKYRJJ,T0,,,,,
CAN-RL6ZXKYRJJ,T1,,,,,
CAN-MWULCP38WM,T0,,,,,
CAN-MWULCP38WM,T1,,,,,
CAN-1DCTC1MEWH,T0,,,,,
CAN-1DCTC1MEWH,T1,,,,,
CAN-EC4VKEHHYJ,T0,,,,,
CAN-EC4VKEHHYJ,T1,,,,,
CAN-KVH1FBZ01K,T0,,,,,
CAN-KVH1FBZ01K,T1,,,,,
CAN-44KF0UTAED,T0,,,,,
CAN-44KF0UTAED,T1,,,,,
CAN-MD5F8NKNR5,T0,,,,,
CAN-MD5F8NKNR5,T1,,,,,
CAN-LPAWECQN84,T0,,,,,
CAN-LPAWECQN84,T1,,,,,
CAN-44OOTN9878,T0,,,,,
CAN-44OOTN9878,T1,,,,,
CAN-6BPVTGFQR4,T0,,,,,
CAN-6BPVTGFQR4,T1,,,,,
CAN-IXZ99JN3H4,T0,,,,,
CAN-IXZ99JN3H4,T1,,,,,
CAN-P90UIF1E15,T0,,,,,
CAN-P90UIF1E15,T1,,,,,
CAN-OOX8LDS2ET,T0,,,,,
CAN-OOX8LDS2ET,T1,,,,,
CAN-325ZQ4BDFA,T0,,,,,
CAN-325ZQ4BDFA,T1,,,,,
CAN-Q2A5QXGT3V,T0,,,,,
CAN-Q2A5QXGT3V,T1,,,,,
CAN-DOY2ZIZAE3,T0,,,,,
CAN-DOY2ZIZAE3,T1,,,,,
CAN-4WKKG9F9XU,T0,,,,,
CAN-4WKKG9F9XU,T1,,,,,
CAN-Q67MV3XFKF,T0,,,,,
CAN-Q67MV3XFKF,T1,,,,,
CAN-XEQ6GE3UZ1,T0,,,,,
CAN-XEQ6GE3UZ1,T1,,,,,
CAN-87JCG0GFT6,T0,,,,,
CAN-87JCG0GFT6,T1,,,,,
CAN-DSH7I2P04G,T0,,,,,
CAN-DSH7I2P04G,T1,,,,,
CAN-DJS9A3S47M,T0,,,,,
CAN-DJS9A3S47M,T1,,,,,
CAN-OXEHBXX1CL,T0,,,,,
CAN-OXEHBXX1CL,T1,,,,,
CAN-39ELD6TO38,T0,,,,,
CAN-39ELD6TO38,T1,,,,,
CAN-RY0UNTUQRE,T0,,,,,
CAN-RY0UNTUQRE,T1,,,,,
CAN-A3GCADJD6U,T0,,,,,
CAN-A3GCADJD6U,T1,,,,,
CAN-SRR41WJLJ9,T0,,,,,
CAN-SRR41WJLJ9,T1,,,,,
CAN-WX4YUNLO8S,T0,,,,,
CAN-WX4YUNLO8S,T1,,,,,
CAN-023K2PZYTW,T0,,,,,
CAN-023K2PZYTW,T1,,,,,
CAN-87J1RRSLWY,T0,,,,,
CAN-87J1RRSLWY,T1,,,,,
CAN-LDCRGO1WZE,T0,,,,,
CAN-LDCRGO1WZE,T1,,,,,
CAN-G2OREXF9WE,T0,,,,,
CAN-G2OREXF9WE,T1,,,,,
CAN-GHNU3IMYLI,T0,,,,,
CAN-GHNU3IMYLI,T1,,,,,
CAN-BN7N91WZ8J,T0,,,,,
CAN-BN7N91WZ8J,T1,,,,,
CAN-G708NR4TSA,T0,,,,,
CAN-G708NR4TSA,T1,,,,,
CAN-E4BMW2GXX9,T0,,,,,
CAN-E4BMW2GXX9,T1,,,,,
CAN-3C5K78PJ0C,T0,,,,,
CAN-3C5K78PJ0C,T1,,,,,
CAN-0S4A7J96GJ,T0,,,,,
CAN-0S4A7J96GJ,T1,,,,,
CAN-HAA6QCQ6FA,T0,,,,,
CAN-HAA6QCQ6FA,T1,,,,,
CAN-6Q2N4ONPXP,T0,,,,,
CAN-6Q2N4ONPXP,T1,,,,,
CAN-IVYGYPQAS9,T0,,,,,
CAN-IVYGYPQAS9,T1,,,,,
CAN-SLHAZM0IJ6,T0,,,,,
CAN-SLHAZM0IJ6,T1,,,,,
CAN-QGTFFYS604,T0,,,,,
CAN-QGTFFYS604,T1,,,,,
CAN-OFNB9G5MRA,T0,,,,,
CAN-OFNB9G5MRA,T1,,,,,
CAN-TXPR0X1C6U,T0,,,,,
CAN-TXPR0X1C6U,T1,,,,,
CAN-V9HG28LN36,T0,,,,,
CAN-V9HG28LN36,T1,,,,,
CAN-ZHU05E4HTZ,T0,,,,,
CAN-ZHU05E4HTZ,T1,,,,,
CAN-W2PTN1GZOP,T0,,,,,
CAN-W2PTN1GZOP,T1,,,,,
CAN-3NULM33NVC,T0,,,,,
CAN-3NULM33NVC,T1,,,,,
CAN-GEARSTAT1G,T0,,,,,
CAN-GEARSTAT1G,T1,,,,,
CAN-0XQS1B5TL5,T0,,,,,
CAN-0XQS1B5TL5,T1,,,,,
CAN-OSQQ41LVLL,T0,,,,,
CAN-OSQQ41LVLL,T1,,,,,
CAN-OOXZBVHAL4,T0,,,,,
CAN-OOXZBVHAL4,T1,,,,,
CAN-NRNNT43EGY,T0,,,,,
CAN-NRNNT43EGY,T1,,,,,
CAN-P2CME4IL0K,T0,,,,,
CAN-P2CME4IL0K,T1,,,,,
CAN-JE9HSN1R3X,T0,,,,,
CAN-JE9HSN1R3X,T1,,,,,
CAN-QCQLTNKON8,T0,,,,,
CAN-QCQLTNKON8,T1,,,,,
CAN-C3YTFNCM0R,T0,,,,,
CAN-C3YTFNCM0R,T1,,,,,
CAN-PKGQ5GM6ZN,T0,,,,,
CAN-PKGQ5GM6ZN,T1,,,,,
CAN-80R6RHSOIR,T0,,,,,
CAN-80R6RHSOIR,T1,,,,,
CAN-3QXSTPQFDP,T0,,,,,
CAN-3QXSTPQFDP,T1,,,,,
CAN-SRDFTO65MQ,T0,,,,,
CAN-SRDFTO65MQ,T1,,,,,
CAN-RQFEBZ3BL0,T0,,,,,
CAN-RQFEBZ3BL0,T1,,,,,
CAN-AVDI7GEPIP,T0,,,,,
CAN-AVDI7GEPIP,T1,,,,,
CAN-VBS3TIB5AH,T0,,,,,
CAN-VBS3TIB5AH,T1,,,,,
CAN-V1Z8GZ17WH,T0,,,,,
CAN-V1Z8GZ17WH,T1,,,,,
CAN-JQMD26UX4S,T0,,,,,
CAN-JQMD26UX4S,T1,,,,,
CAN-SMKHC3KDX3,T0,,,,,
CAN-SMKHC3KDX3,T1,,,,,
CAN-MZ7JGZPGP6,T0,,,,,
CAN-MZ7JGZPGP6,T1,,,,,
CAN-UZNZH80LFG,T0,,,,,
CAN-UZNZH80LFG,T1,,,,,
CAN-GSZLG9621N,T0,,,,,
CAN-GSZLG9621N,T1,,,,,
CAN-CES47K7NXU,T0,,,,,
CAN-CES47K7NXU,T1,,,,,
CAN-RJVRDPI7OV,T0,,,,,
CAN-RJVRDPI7OV,T1,,,,,
CAN-LB5APSCCZX,T0,,,,,
CAN-LB5APSCCZX,T1,,,,,
CAN-3AXSE7MSD5,T0,,,,,
CAN-3AXSE7MSD5,T1,,,,,
CAN-AYMBB0LFKT,T0,,,,,
CAN-AYMBB0LFKT,T1,,,,,
CAN-DKWZ90WI4E,T0,,,,,
CAN-DKWZ90WI4E,T1,,,,,
CAN-C5ROSP0LRK,T0,,,,,
CAN-C5ROSP0LRK,T1,,,,,
CAN-9AG0P33CC2,T0,,,,,
CAN-9AG0P33CC2,T1,,,,,
CAN-0T37HLLFHH,T0,,,,,
CAN-0T37HLLFHH,T1,,,,,
CAN-RE45S0GOLX,T0,,,,,
CAN-RE45S0GOLX,T1,,,,,
CAN-SAO2QMWTAB,T0,,,,,
CAN-SAO2QMWTAB,T1,,,,,
CAN-DHACBA2KVO,T0,,,,,
CAN-DHACBA2KVO,T1,,,,,
CAN-DHTP5RF2Z5,T0,,,,,
CAN-DHTP5RF2Z5,T1,,,,,
CAN-4CA19OF6K5,T0,,,,,
CAN-4CA19OF6K5,T1,,,,,
CAN-QHK4D2PWRF,T0,,,,,
CAN-QHK4D2PWRF,T1,,,,,
CAN-E0SJXZSMDH,T0,,,,,
CAN-E0SJXZSMDH,T1,,,,,
CAN-ZYQI261TPZ,T0,,,,,
CAN-ZYQI261TPZ,T1,,,,,
CAN-ZKUA77I6ZT,T0,,,,,
CAN-ZKUA77I6ZT,T1,,,,,
CAN-KNXVKLTHE3,T0,,,,,
CAN-KNXVKLTHE3,T1,,,,,
CAN-YBQ86ITQOK,T0,,,,,
CAN-YBQ86ITQOK,T1,,,,,
CAN-NLSUCGHWV2,T0,,,,,
CAN-NLSUCGHWV2,T1,,,,,
CAN-T82XGQATGH,T0,,,,,
CAN-T82XGQATGH,T1,,,,,
CAN-VGGCOWTNOX,T0,,,,,
CAN-VGGCOWTNOX,T1,,,,,
CAN-18MIPBQEEX,T0,,,,,
CAN-18MIPBQEEX,T1,,,,,
CAN-I7HG333O0N,T0,,,,,
CAN-I7HG333O0N,T1,,,,,
CAN-OIHHKLND3F,T0,,,,,
CAN-OIHHKLND3F,T1,,,,,
CAN-YGWAL6CGCM,T0,,,,,
CAN-YGWAL6CGCM,T1,,,,,
CAN-8N7EQEMFMV,T0,,,,,
CAN-8N7EQEMFMV,T1,,,,,
CAN-SQ3HLP018M,T0,,,,,
CAN-SQ3HLP018M,T1,,,,,
CAN-PKJFJRUS4M,T0,,,,,
CAN-PKJFJRUS4M,T1,,,,,
CAN-2ENASWJGOS,T0,,,,,
CAN-2ENASWJGOS,T1,,,,,
CAN-W6QN8NX2D1,T0,,,,,
CAN-W6QN8NX2D1,T1,,,,,
CAN-8J6JA8KMAA,T0,,,,,
CAN-8J6JA8KMAA,T1,,,,,
CAN-RXMAVWBHOH,T0,,,,,
CAN-RXMAVWBHOH,T1,,,,,
CAN-AQQ3ARLPH7,T0,,,,,
CAN-AQQ3ARLPH7,T1,,,,,
CAN-FHY5I36N8J,T0,,,,,
CAN-FHY5I36N8J,T1,,,,,
CAN-YHZCBH7YRY,T0,,,,,
CAN-YHZCBH7YRY,T1,,,,,
CAN-82GKTKOUPN,T0,,,,,
CAN-82GKTKOUPN,T1,,,,,
CAN-4NXJUNPR97,T0,,,,,
CAN-4NXJUNPR97,T1,,,,,
CAN-06HDHSG91O,T0,,,,,
CAN-06HDHSG91O,T1,,,,,
CAN-2Z8HO1CDSY,T0,,,,,
CAN-2Z8HO1CDSY,T1,,,,,
CAN-4EWN479A1I,T0,,,,,
CAN-4EWN479A1I,T1,,,,,
CAN-R43Z7UGR25,T0,,,,,
CAN-R43Z7UGR25,T1,,,,,
CAN-SLYUY3MXKX,T0,,,,,
CAN-SLYUY3MXKX,T1,,,,,
CAN-91H2TXBF40,T0,,,,,
CAN-91H2TXBF40,T1,,,,,
CAN-TEHDXFCX4A,T0,,,,,
CAN-TEHDXFCX4A,T1,,,,,
CAN-U9WKJZ8PN1,T0,,,,,
CAN-U9WKJZ8PN1,T1,,,,,
CAN-DAOMH9YK54,T0,,,,,
CAN-DAOMH9YK54,T1,,,,,
CAN-0RBH4YE9W0,T0,,,,,
CAN-0RBH4YE9W0,T1,,,,,
CAN-MNJCZTUCGT,T0,,,,,
CAN-MNJCZTUCGT,T1,,,,,
CAN-6ZXU72QHSX,T0,,,,,
CAN-6ZXU72QHSX,T1,,,,,
CAN-FRBLNHBG78,T0,,,,,
CAN-FRBLNHBG78,T1,,,,,
CAN-NNXRCXEOCM,T0,,,,,
CAN-NNXRCXEOCM,T1,,,,,
CAN-LJ51YE651H,T0,,,,,
CAN-LJ51YE651H,T1,,,,,
CAN-7LKKJISUJL,T0,,,,,
CAN-7LKKJISUJL,T1,,,,,
CAN-JSTIVHL1Y3,T0,,,,,
CAN-JSTIVHL1Y3,T1,,,,,
CAN-YQ0UA1L1YZ,T0,,,,,
CAN-YQ0UA1L1YZ,T1,,,,,
CAN-W2GE8LAVFR,T0,,,,,
CAN-W2GE8LAVFR,T1,,,,,
CAN-4RMIY2KOJQ,T0,,,,,
CAN-4RMIY2KOJQ,T1,,,,,
CAN-9MRWGBCYTL,T0,,,,,
CAN-9MRWGBCYTL,T1,,,,,
CAN-H5NDIB2XSG,T0,,,,,
CAN-H5NDIB2XSG,T1,,,,,
CAN-8VJF5EH6J7,T0,,,,,
CAN-8VJF5EH6J7,T1,,,,,
CAN-OS7XHDC6PK,T0,,,,,
CAN-OS7XHDC6PK,T1,,,,,
CAN-ODG9RJSNOX,T0,,,,,
CAN-ODG9RJSNOX,T1,,,,,
CAN-ZAM4T0I2HY,T0,,,,,
CAN-ZAM4T0I2HY,T1,,,,,
CAN-DKH9JB95G0,T0,,,,,
CAN-DKH9JB95G0,T1,,,,,
CAN-5LTDDZMFZZ,T0,,,,,
CAN-5LTDDZMFZZ,T1,,,,,
CAN-4P0WI9XJ4Z,T0,,,,,
CAN-4P0WI9XJ4Z,T1,,,,,
CAN-UKQUKTAD16,T0,,,,,
CAN-UKQUKTAD16,T1,,,,,
CAN-0PZXKRUKK7,T0,,,,,
CAN-0PZXKRUKK7,T1,,,,,
CAN-B3YI16CTEZ,T0,,,,,
CAN-B3YI16CTEZ,T1,,,,,
CAN-CHMREDS3HH,T0,,,,,
CAN-CHMREDS3HH,T1,,,,,
CAN-9BO5BHO630,T0,,,,,
CAN-9BO5BHO630,T1,,,,,
CAN-IZKXJ7CR5I,T0,,,,,
CAN-IZKXJ7CR5I,T1,,,,,
CAN-GQJDXK0JNT,T0,,,,,
CAN-GQJDXK0JNT,T1,,,,,
CAN-KC4RGAL7TQ,T0,,,,,
CAN-KC4RGAL7TQ,T1,,,,,
CAN-TL3Z1HVWRF,T0,,,,,
CAN-TL3Z1HVWRF,T1,,,,,
CAN-73QPW8ZPZ9,T0,,,,,
CAN-73QPW8ZPZ9,T1,,,,,
CAN-BXD2IO2NKB,T0,,,,,
CAN-BXD2IO2NKB,T1,,,,,
CAN-RWGFIDLUD7,T0,,,,,
CAN-RWGFIDLUD7,T1,,,,,
CAN-3SMTFRSJ2M,T0,,,,,
CAN-3SMTFRSJ2M,T1,,,,,
CAN-78OEAI6U34,T0,,,,,
CAN-78OEAI6U34,T1,,,,,
CAN-66U7VZBHSO,T0,,,,,
CAN-66U7VZBHSO,T1,,,,,
CAN-QHKMFZ53PU,T0,,,,,
CAN-QHKMFZ53PU,T1,,,,,
CAN-9Y0SUKEXCB,T0,,,,,
CAN-9Y0SUKEXCB,T1,,,,,
CAN-38WO4TVZ7L,T0,,,,,
CAN-38WO4TVZ7L,T1,,,,,
CAN-6X8YZ01QHM,T0,,,,,
CAN-6X8YZ01QHM,T1,,,,,
CAN-767AB0O0P4,T0,,,,,
CAN-767AB0O0P4,T1,,,,,
CAN-USL1HX6YC4,T0,,,,,
CAN-USL1HX6YC4,T1,,,,,
CAN-LTMC810G0H,T0,,,,,
CAN-LTMC810G0H,T1,,,,,
CAN-PHZBRZUO06,T0,,,,,
CAN-PHZBRZUO06,T1,,,,,
CAN-N7F1TKGUOE,T0,,,,,
CAN-N7F1TKGUOE,T1,,,,,
CAN-U598Z5XDDL,T0,,,,,
CAN-U598Z5XDDL,T1,,,,,
CAN-7EMIBXINM3,T0,,,,,
CAN-7EMIBXINM3,T1,,,,,
CAN-NHMJBRK932,T0,,,,,
CAN-NHMJBRK932,T1,,,,,
CAN-IFIZCREAJR,T0,,,,,
CAN-IFIZCREAJR,T1,,,,,
CAN-1X57WHN0J7,T0,,,,,
CAN-1X57WHN0J7,T1,,,,,
CAN-CLEUNC19DV,T0,,,,,
CAN-CLEUNC19DV,T1,,,,,
CAN-M0KKA58DHR,T0,,,,,
CAN-M0KKA58DHR,T1,,,,,
CAN-9ZM7HL9Y5G,T0,,,,,
CAN-9ZM7HL9Y5G,T1,,,,,
CAN-RMRHOO4AUP,T0,,,,,
CAN-RMRHOO4AUP,T1,,,,,
CAN-6AN0QBDOF5,T0,,,,,
CAN-6AN0QBDOF5,T1,,,,,
CAN-2MPURR6EKX,T0,,,,,
CAN-2MPURR6EKX,T1,,,,,
CAN-EE7Z5EEB5J,T0,,,,,
CAN-EE7Z5EEB5J,T1,,,,,
CAN-HVCNGYMXX3,T0,,,,,
CAN-HVCNGYMXX3,T1,,,,,
CAN-KD1ZF7S9U7,T0,,,,,
CAN-KD1ZF7S9U7,T1,,,,,
CAN-UXDVA5TLO4,T0,,,,,
CAN-UXDVA5TLO4,T1,,,,,
CAN-N0S7XJHDKS,T0,,,,,
CAN-N0S7XJHDKS,T1,,,,,
CAN-UIQ0IZZH3U,T0,,,,,
CAN-UIQ0IZZH3U,T1,,,,,
CAN-EI501ASQX7,T0,,,,,
CAN-EI501ASQX7,T1,,,,,
CAN-QD4LR7DKFT,T0,,,,,
CAN-QD4LR7DKFT,T1,,,,,
CAN-AKU6LOCB4L,T0,,,,,
CAN-AKU6LOCB4L,T1,,,,,
CAN-1YKTMWTQCO,T0,,,,,
CAN-1YKTMWTQCO,T1,,,,,
CAN-IM7Q60R0U2,T0,,,,,
CAN-IM7Q60R0U2,T1,,,,,
CAN-LESLCQVDHO,T0,,,,,
CAN-LESLCQVDHO,T1,,,,,
CAN-7QHRLRPSQX,T0,,,,,
CAN-7QHRLRPSQX,T1,,,,,
CAN-XJ1Q28S4KZ,T0,,,,,
CAN-XJ1Q28S4KZ,T1,,,,,
CAN-IZBR0LM8U7,T0,,,,,
CAN-IZBR0LM8U7,T1,,,,,
CAN-7UAP7EYHSC,T0,,,,,
CAN-7UAP7EYHSC,T1,,,,,
CAN-RLGQPMGSSE,T0,,,,,
CAN-RLGQPMGSSE,T1,,,,,
CAN-4IC24CXPO1,T0,,,,,
CAN-4IC24CXPO1,T1,,,,,
CAN-EHXPPTLQBY,T0,,,,,
CAN-EHXPPTLQBY,T1,,,,,
CAN-6VI2U35ZD4,T0,,,,,
CAN-6VI2U35ZD4,T1,,,,,
CAN-64QJVOVETZ,T0,,,,,
CAN-64QJVOVETZ,T1,,,,,
CAN-3PXA1B9HYM,T0,,,,,
CAN-3PXA1B9HYM,T1,,,,,
CAN-IIX700I4WV,T0,,,,,
CAN-IIX700I4WV,T1,,,,,
CAN-191AK2QVOK,T0,,,,,
CAN-191AK2QVOK,T1,,,,,
CAN-THQMCSBJ89,T0,,,,,
CAN-THQMCSBJ89,T1,,,,,
CAN-O5Y5AVCZGN,T0,,,,,
CAN-O5Y5AVCZGN,T1,,,,,
CAN-D5U7ROV0X8,T0,,,,,
CAN-D5U7ROV0X8,T1,,,,,
CAN-468C4VLST0,T0,,,,,
CAN-468C4VLST0,T1,,,,,
CAN-KWRZVTLL63,T0,,,,,
CAN-KWRZVTLL63,T1,,,,,
CAN-WVB7HERXFT,T0,,,,,
CAN-WVB7HERXFT,T1,,,,,
CAN-SKINZQ1AJ4,T0,,,,,
CAN-SKINZQ1AJ4,T1,,,,,
CAN-JTDKT4H63Z,T0,,,,,
CAN-JTDKT4H63Z,T1,,,,,
CAN-BKQVJ8VXWH,T0,,,,,
CAN-BKQVJ8VXWH,T1,,,,,
CAN-DTR3CPHUK6,T0,,,,,
CAN-DTR3CPHUK6,T1,,,,,
CAN-5BA176WYPD,T0,,,,,
CAN-5BA176WYPD,T1,,,,,
CAN-XZGSF8B3JV,T0,,,,,
CAN-XZGSF8B3JV,T1,,,,,
CAN-SC9DO8W5J5,T0,,,,,
CAN-SC9DO8W5J5,T1,,,,,
CAN-ZQP7E8HER3,T0,,,,,
CAN-ZQP7E8HER3,T1,,,,,
CAN-I0MWENXOTY,T0,,,,,
CAN-I0MWENXOTY,T1,,,,,
CAN-1UYPENWMGJ,T0,,,,,
CAN-1UYPENWMGJ,T1,,,,,
CAN-UZDR02LKO1,T0,,,,,
CAN-UZDR02LKO1,T1,,,,,
CAN-FSZ8NOV16A,T0,,,,,
CAN-FSZ8NOV16A,T1,,,,,
CAN-GOD7UJF6M7,T0,,,,,
CAN-GOD7UJF6M7,T1,,,,,
CAN-KDEEVPDOW9,T0,,,,,
CAN-KDEEVPDOW9,T1,,,,,
CAN-Q5C78MTOOK,T0,,,,,
CAN-Q5C78MTOOK,T1,,,,,
CAN-CDUMETTYPE,T0,,,,,
CAN-CDUMETTYPE,T1,,,,,
CAN-PY89UC3J9T,T0,,,,,
CAN-PY89UC3J9T,T1,,,,,
CAN-20EOQMNOQ2,T0,,,,,
CAN-20EOQMNOQ2,T1,,,,,
CAN-EVA29FK9F6,T0,,,,,
CAN-EVA29FK9F6,T1,,,,,
CAN-CXGA8U0F7G,T0,,,,,
CAN-CXGA8U0F7G,T1,,,,,
CAN-DNSY0NQXQH,T0,,,,,
CAN-DNSY0NQXQH,T1,,,,,
CAN-2WCUYCZLGC,T0,,,,,
CAN-2WCUYCZLGC,T1,,,,,
CAN-04SQTTD9C3,T0,,,,,
CAN-04SQTTD9C3,T1,,,,,
CAN-MQ59SS7DOP,T0,,,,,
CAN-MQ59SS7DOP,T1,,,,,
CAN-LMK4SQJNJB,T0,,,,,
CAN-LMK4SQJNJB,T1,,,,,
CAN-WI4UCHZOFT,T0,,,,,
CAN-WI4UCHZOFT,T1,,,,,
CAN-P12X743686,T0,,,,,
CAN-P12X743686,T1,,,,,
CAN-BTYY7ZLQ56,T0,,,,,
CAN-BTYY7ZLQ56,T1,,,,,
CAN-P6X9R03Q3J,T0,,,,,
CAN-P6X9R03Q3J,T1,,,,,
CAN-IPNCJDZ54T,T0,,,,,
CAN-IPNCJDZ54T,T1,,,,,
CAN-ITN999KEYC,T0,,,,,
CAN-ITN999KEYC,T1,,,,,
CAN-UDK39RGD1W,T0,,,,,
CAN-UDK39RGD1W,T1,,,,,
CAN-ND8LO91L47,T0,,,,,
CAN-ND8LO91L47,T1,,,,,
CAN-J5N3D4T4GN,T0,,,,,
CAN-J5N3D4T4GN,T1,,,,,
CAN-4951V75Y38,T0,,,,,
CAN-4951V75Y38,T1,,,,,
CAN-5928K7ZDBG,T0,,,,,
CAN-5928K7ZDBG,T1,,,,,
CAN-PNX3SD831X,T0,,,,,
CAN-PNX3SD831X,T1,,,,,
CAN-CEQB0QKOX2,T0,,,,,
CAN-CEQB0QKOX2,T1,,,,,
CAN-DS3DK6RXD1,T0,,,,,
CAN-DS3DK6RXD1,T1,,,,,
CAN-K2LJANBL89,T0,,,,,
CAN-K2LJANBL89,T1,,,,,
CAN-03SOA50706,T0,,,,,
CAN-03SOA50706,T1,,,,,
CAN-M7WUVR4LA6,T0,,,,,
CAN-M7WUVR4LA6,T1,,,,,
CAN-OPHJC7Q0NP,T0,,,,,
CAN-OPHJC7Q0NP,T1,,,,,
CAN-68RVPSB5WA,T0,,,,,
CAN-68RVPSB5WA,T1,,,,,
CAN-ZC367U8MCT,T0,,,,,
CAN-ZC367U8MCT,T1,,,,,
CAN-CHWXWJI5I6,T0,,,,,
CAN-CHWXWJI5I6,T1,,,,,
CAN-HZ0V5WKKFN,T0,,,,,
CAN-HZ0V5WKKFN,T1,,,,,
CAN-7BXEXQ142K,T0,,,,,
CAN-7BXEXQ142K,T1,,,,,
CAN-0VNHM5QMG1,T0,,,,,
CAN-0VNHM5QMG1,T1,,,,,
CAN-V5CLVQ5YL4,T0,,,,,
CAN-V5CLVQ5YL4,T1,,,,,
CAN-DZXMWXLD7O,T0,,,,,
CAN-DZXMWXLD7O,T1,,,,,
CAN-UB75DH9C1J,T0,,,,,
CAN-UB75DH9C1J,T1,,,,,
CAN-HNA0DO02SK,T0,,,,,
CAN-HNA0DO02SK,T1,,,,,
CAN-YSEBEYWZT7,T0,,,,,
CAN-YSEBEYWZT7,T1,,,,,
CAN-E1X8L2KGLL,T0,,,,,
CAN-E1X8L2KGLL,T1,,,,,
CAN-ZQGQIM53MG,T0,,,,,
CAN-ZQGQIM53MG,T1,,,,,
CAN-L5Y66INP2I,T0,,,,,
CAN-L5Y66INP2I,T1,,,,,
CAN-POYYFBJ4HM,T0,,,,,
CAN-POYYFBJ4HM,T1,,,,,
CAN-ZKFSI428I3,T0,,,,,
CAN-ZKFSI428I3,T1,,,,,
CAN-ZHYA5MZ4DS,T0,,,,,
CAN-ZHYA5MZ4DS,T1,,,,,
CAN-J22ZL5BNJV,T0,,,,,
CAN-J22ZL5BNJV,T1,,,,,
CAN-7YA3H4Q327,T0,,,,,
CAN-7YA3H4Q327,T1,,,,,
CAN-8QN7S36U8X,T0,,,,,
CAN-8QN7S36U8X,T1,,,,,
CAN-BX0OC7ZN96,T0,,,,,
CAN-BX0OC7ZN96,T1,,,,,
CAN-53F6TXG87U,T0,,,,,
CAN-53F6TXG87U,T1,,,,,
CAN-B2RFIRNQFS,T0,,,,,
CAN-B2RFIRNQFS,T1,,,,,
CAN-P141AIPI0F,T0,,,,,
CAN-P141AIPI0F,T1,,,,,
CAN-7MSAL7ODAJ,T0,,,,,
CAN-7MSAL7ODAJ,T1,,,,,
CAN-5B9F2EMO57,T0,,,,,
CAN-5B9F2EMO57,T1,,,,,
CAN-1JJA9ZZRUE,T0,,,,,
CAN-1JJA9ZZRUE,T1,,,,,
CAN-CE82WSAY7G,T0,,,,,
CAN-CE82WSAY7G,T1,,,,,
CAN-FVQJAT5IRF,T0,,,,,
CAN-FVQJAT5IRF,T1,,,,,
CAN-VA4F1IOIT1,T0,,,,,
CAN-VA4F1IOIT1,T1,,,,,
CAN-BLSFQOXM95,T0,,,,,
CAN-BLSFQOXM95,T1,,,,,
CAN-5N8Q30KU98,T0,,,,,
CAN-5N8Q30KU98,T1,,,,,
CAN-EYBHZ1YAKV,T0,,,,,
CAN-EYBHZ1YAKV,T1,,,,,
CAN-CDIOWHA4WJ,T0,,,,,
CAN-CDIOWHA4WJ,T1,,,,,
CAN-VRDP4TN54F,T0,,,,,
CAN-VRDP4TN54F,T1,,,,,
CAN-4SEI7RJMCN,T0,,,,,
CAN-4SEI7RJMCN,T1,,,,,
CAN-SUYDBXKKJA,T0,,,,,
CAN-SUYDBXKKJA,T1,,,,,
CAN-O6FNY4RICI,T0,,,,,
CAN-O6FNY4RICI,T1,,,,,
CAN-5UZ037S4KR,T0,,,,,
CAN-5UZ037S4KR,T1,,,,,
CAN-C23PYPW7XS,T0,,,,,
CAN-C23PYPW7XS,T1,,,,,
CAN-EXK9OLZABV,T0,,,,,
CAN-EXK9OLZABV,T1,,,,,
CAN-CKQFGKZ8ET,T0,,,,,
CAN-CKQFGKZ8ET,T1,,,,,
CAN-EA8OCHR6LT,T0,,,,,
CAN-EA8OCHR6LT,T1,,,,,
CAN-KXX21O6CF8,T0,,,,,
CAN-KXX21O6CF8,T1,,,,,
CAN-IB4SZQAQOX,T0,,,,,
CAN-IB4SZQAQOX,T1,,,,,
CAN-8MPI2D3CK7,T0,,,,,
CAN-8MPI2D3CK7,T1,,,,,
CAN-Q7W3OZA39G,T0,,,,,
CAN-Q7W3OZA39G,T1,,,,,
CAN-VJEUWGBQ5N,T0,,,,,
CAN-VJEUWGBQ5N,T1,,,,,
CAN-SBRPNCOJ22,T0,,,,,
CAN-SBRPNCOJ22,T1,,,,,
CAN-Y594SDI065,T0,,,,,
CAN-Y594SDI065,T1,,,,,
CAN-MUKCB0C8Z7,T0,,,,,
CAN-MUKCB0C8Z7,T1,,,,,
CAN-SNZDPP08O7,T0,,,,,
CAN-SNZDPP08O7,T1,,,,,
CAN-4XSVYZ1X9D,T0,,,,,
CAN-4XSVYZ1X9D,T1,,,,,
CAN-P2R35X4LK5,T0,,,,,
CAN-P2R35X4LK5,T1,,,,,
CAN-VT4PWKOXUS,T0,,,,,
CAN-VT4PWKOXUS,T1,,,,,
CAN-ZQRUMJM556,T0,,,,,
CAN-ZQRUMJM556,T1,,,,,
CAN-4TSWEE9R6Z,T0,,,,,
CAN-4TSWEE9R6Z,T1,,,,,
CAN-W8CTQGKT5C,T0,,,,,
CAN-W8CTQGKT5C,T1,,,,,
CAN-463N7412VV,T0,,,,,
CAN-463N7412VV,T1,,,,,
CAN-TKAH1QX1IS,T0,,,,,
CAN-TKAH1QX1IS,T1,,,,,
CAN-3ZOGLNPW4J,T0,,,,,
CAN-3ZOGLNPW4J,T1,,,,,
CAN-C95PRDB8H5,T0,,,,,
CAN-C95PRDB8H5,T1,,,,,
CAN-FLB26FQBSY,T0,,,,,
CAN-FLB26FQBSY,T1,,,,,
CAN-M1JPVUR3GG,T0,,,,,
CAN-M1JPVUR3GG,T1,,,,,
CAN-EXX9Z6P6AQ,T0,,,,,
CAN-EXX9Z6P6AQ,T1,,,,,
CAN-5UNJ1IYNFC,T0,,,,,
CAN-5UNJ1IYNFC,T1,,,,,
CAN-DHYU8058GB,T0,,,,,
CAN-DHYU8058GB,T1,,,,,
CAN-X990X4NTW9,T0,,,,,
CAN-X990X4NTW9,T1,,,,,
CAN-BA9968EYRJ,T0,,,,,
CAN-BA9968EYRJ,T1,,,,,
CAN-HA8KUN0WZM,T0,,,,,
CAN-HA8KUN0WZM,T1,,,,,
CAN-G1NNPGEIYV,T0,,,,,
CAN-G1NNPGEIYV,T1,,,,,
CAN-QA4FHEXW5P,T0,,,,,
CAN-QA4FHEXW5P,T1,,,,,
CAN-3I19ZP36I9,T0,,,,,
CAN-3I19ZP36I9,T1,,,,,
CAN-CCPFH831H8,T0,,,,,
CAN-CCPFH831H8,T1,,,,,
CAN-68JO2AOOLN,T0,,,,,
CAN-68JO2AOOLN,T1,,,,,
CAN-WMYE9H5KHU,T0,,,,,
CAN-WMYE9H5KHU,T1,,,,,
CAN-FJX07HR7GV,T0,,,,,
CAN-FJX07HR7GV,T1,,,,,
CAN-6JU6IV3QWZ,T0,,,,,
CAN-6JU6IV3QWZ,T1,,,,,
CAN-P5HUGFHPXJ,T0,,,,,
CAN-P5HUGFHPXJ,T1,,,,,
CAN-B5T6J9IGVO,T0,,,,,
CAN-B5T6J9IGVO,T1,,,,,
CAN-EP1FWWYT5L,T0,,,,,
CAN-EP1FWWYT5L,T1,,,,,
CAN-493M7TF4O0,T0,,,,,
CAN-493M7TF4O0,T1,,,,,
CAN-BQFZRQIAAC,T0,,,,,
CAN-BQFZRQIAAC,T1,,,,,
CAN-MZZ4FPINN4,T0,,,,,
CAN-MZZ4FPINN4,T1,,,,,
CAN-4EREBM89SL,T0,,,,,
CAN-4EREBM89SL,T1,,,,,
CAN-ZI8FNVSFG9,T0,,,,,
CAN-ZI8FNVSFG9,T1,,,,,
CAN-S5VDYLAEZ3,T0,,,,,
CAN-S5VDYLAEZ3,T1,,,,,
CAN-BMST5F8TX8,T0,,,,,
CAN-BMST5F8TX8,T1,,,,,
CAN-YHMC9LWJOV,T0,,,,,
CAN-YHMC9LWJOV,T1,,,,,
CAN-L6R3TUW2QX,T0,,,,,
CAN-L6R3TUW2QX,T1,,,,,
CAN-Q099X4BO4W,T0,,,,,
CAN-Q099X4BO4W,T1,,,,,
CAN-MD9OOYLNOO,T0,,,,,
CAN-MD9OOYLNOO,T1,,,,,
CAN-8IJW1MUR9P,T0,,,,,
CAN-8IJW1MUR9P,T1,,,,,
CAN-GIKP6V7M7W,T0,,,,,
CAN-GIKP6V7M7W,T1,,,,,
CAN-8LJDSFU9PS,T0,,,,,
CAN-8LJDSFU9PS,T1,,,,,
CAN-Z1XYM6FTX3,T0,,,,,
CAN-Z1XYM6FTX3,T1,,,,,
CAN-VK34SEX2CP,T0,,,,,
CAN-VK34SEX2CP,T1,,,,,
CAN-OFFUH6YKHG,T0,,,,,
CAN-OFFUH6YKHG,T1,,,,,
CAN-YDM0XP1HOH,T0,,,,,
CAN-YDM0XP1HOH,T1,,,,,
CAN-7O5QHIAXWO,T0,,,,,
CAN-7O5QHIAXWO,T1,,,,,
CAN-Q1QZ554X7K,T0,,,,,
CAN-Q1QZ554X7K,T1,,,,,
CAN-BH3C6IEB8I,T0,,,,,
CAN-BH3C6IEB8I,T1,,,,,
CAN-39Y9G72MIO,T0,,,,,
CAN-39Y9G72MIO,T1,,,,,
CAN-XYOU56EHKP,T0,,,,,
CAN-XYOU56EHKP,T1,,,,,
CAN-ZZBODF5P74,T0,,,,,
CAN-ZZBODF5P74,T1,,,,,
CAN-U9V638WTS5,T0,,,,,
CAN-U9V638WTS5,T1,,,,,
CAN-MUQIMQ5D1W,T0,,,,,
CAN-MUQIMQ5D1W,T1,,,,,
CAN-M6EOIY5QR1,T0,,,,,
CAN-M6EOIY5QR1,T1,,,,,
CAN-G5QOBJADAS,T0,,,,,
CAN-G5QOBJADAS,T1,,,,,
CAN-NI2190BIK3,T0,,,,,
CAN-NI2190BIK3,T1,,,,,
CAN-RZP4Y2YPY2,T0,,,,,
CAN-RZP4Y2YPY2,T1,,,,,
CAN-7P7GGNUJLZ,T0,,,,,
CAN-7P7GGNUJLZ,T1,,,,,
CAN-4FSR514EX8,T0,,,,,
CAN-4FSR514EX8,T1,,,,,
CAN-4QG0NXTNEU,T0,,,,,
CAN-4QG0NXTNEU,T1,,,,,
CAN-08I548WZVQ,T0,,,,,
CAN-08I548WZVQ,T1,,,,,
CAN-M0FPZGY05U,T0,,,,,
CAN-M0FPZGY05U,T1,,,,,
CAN-YPS1S4FRAH,T0,,,,,
CAN-YPS1S4FRAH,T1,,,,,
CAN-SX82R8VFCO,T0,,,,,
CAN-SX82R8VFCO,T1,,,,,
CAN-XTFSGNKYEM,T0,,,,,
CAN-XTFSGNKYEM,T1,,,,,
CAN-4HICC8FK63,T0,,,,,
CAN-4HICC8FK63,T1,,,,,
CAN-7TLBQ8K0L3,T0,,,,,
CAN-7TLBQ8K0L3,T1,,,,,
CAN-TG9ECGCP2M,T0,,,,,
CAN-TG9ECGCP2M,T1,,,,,
CAN-B9R2FOX4MV,T0,,,,,
CAN-B9R2FOX4MV,T1,,,,,
CAN-4754JHPR3Z,T0,,,,,
CAN-4754JHPR3Z,T1,,,,,
CAN-4AYFJM3KCE,T0,,,,,
CAN-4AYFJM3KCE,T1,,,,,
CAN-N2CZ5H2W7Y,T0,,,,,
CAN-N2CZ5H2W7Y,T1,,,,,
CAN-KQZ2JVJKY3,T0,,,,,
CAN-KQZ2JVJKY3,T1,,,,,
CAN-OI7Y8309H8,T0,,,,,
CAN-OI7Y8309H8,T1,,,,,
CAN-KUIMVZZ9C4,T0,,,,,
CAN-KUIMVZZ9C4,T1,,,,,
CAN-E4AV35AF7X,T0,,,,,
CAN-E4AV35AF7X,T1,,,,,
CAN-E96N5QGL48,T0,,,,,
CAN-E96N5QGL48,T1,,,,,
CAN-B8OURXY71O,T0,,,,,
CAN-B8OURXY71O,T1,,,,,
CAN-PJBMPMNOXN,T0,,,,,
CAN-PJBMPMNOXN,T1,,,,,
CAN-XIKPC3W8XH,T0,,,,,
CAN-XIKPC3W8XH,T1,,,,,
CAN-T0KAN3IE40,T0,,,,,
CAN-T0KAN3IE40,T1,,,,,
CAN-C54BX2D2N3,T0,,,,,
CAN-C54BX2D2N3,T1,,,,,
CAN-8EFKUGHZJW,T0,,,,,
CAN-8EFKUGHZJW,T1,,,,,
CAN-6E6Z3F7KZS,T0,,,,,
CAN-6E6Z3F7KZS,T1,,,,,
CAN-C00XAYLQRE,T0,,,,,
CAN-C00XAYLQRE,T1,,,,,
CAN-94H9TFE09J,T0,,,,,
CAN-94H9TFE09J,T1,,,,,
CAN-7I4DIAKHA3,T0,,,,,
CAN-7I4DIAKHA3,T1,,,,,
CAN-CZNZTU9LN0,T0,,,,,
CAN-CZNZTU9LN0,T1,,,,,
CAN-UBYZ2HSLZ8,T0,,,,,
CAN-UBYZ2HSLZ8,T1,,,,,
CAN-P3LIB0M6CA,T0,,,,,
CAN-P3LIB0M6CA,T1,,,,,
CAN-NP1DVS65FI,T0,,,,,
CAN-NP1DVS65FI,T1,,,,,
CAN-KN0YR2W6DY,T0,,,,,
CAN-KN0YR2W6DY,T1,,,,,
CAN-VLDOTWHZ72,T0,,,,,
CAN-VLDOTWHZ72,T1,,,,,
CAN-9HGPPO8VK9,T0,,,,,
CAN-9HGPPO8VK9,T1,,,,,
CAN-DQ6CCCNC9B,T0,,,,,
CAN-DQ6CCCNC9B,T1,,,,,
CAN-MI9658LO33,T0,,,,,
CAN-MI9658LO33,T1,,,,,
CAN-LOY4EG7JVO,T0,,,,,
CAN-LOY4EG7JVO,T1,,,,,
CAN-VHIKNB9D6O,T0,,,,,
CAN-VHIKNB9D6O,T1,,,,,
CAN-W2JA2WHHLC,T0,,,,,
CAN-W2JA2WHHLC,T1,,,,,
CAN-EWKFW3G3YD,T0,,,,,
CAN-EWKFW3G3YD,T1,,,,,
CAN-S70VFD5RJ9,T0,,,,,
CAN-S70VFD5RJ9,T1,,,,,
CAN-RLM80ZR4SR,T0,,,,,
CAN-RLM80ZR4SR,T1,,,,,
CAN-9TE4LPXO9V,T0,,,,,
CAN-9TE4LPXO9V,T1,,,,,
CAN-4RPJS1TU0D,T0,,,,,
CAN-4RPJS1TU0D,T1,,,,,
CAN-U5IW92PZQZ,T0,,,,,
CAN-U5IW92PZQZ,T1,,,,,
CAN-PSOTRQ8HIC,T0,,,,,
CAN-PSOTRQ8HIC,T1,,,,,
CAN-IXZ0W1W113,T0,,,,,
CAN-IXZ0W1W113,T1,,,,,
CAN-2XDKWKDU35,T0,,,,,
CAN-2XDKWKDU35,T1,,,,,
CAN-5OIDAL39XH,T0,,,,,
CAN-5OIDAL39XH,T1,,,,,
CAN-KHR2ITWJSV,T0,,,,,
CAN-KHR2ITWJSV,T1,,,,,
CAN-GRJR9C5WAY,T0,,,,,
CAN-GRJR9C5WAY,T1,,,,,
CAN-5C50EACRR3,T0,,,,,
CAN-5C50EACRR3,T1,,,,,
CAN-IK2I1HEG4B,T0,,,,,
CAN-IK2I1HEG4B,T1,,,,,
CAN-BRVMEX6J8R,T0,,,,,
CAN-BRVMEX6J8R,T1,,,,,
CAN-NHDWSPO90V,T0,,,,,
CAN-NHDWSPO90V,T1,,,,,
CAN-WFWNS23EL8,T0,,,,,
CAN-WFWNS23EL8,T1,,,,,
CAN-3MXQR9X99B,T0,,,,,
CAN-3MXQR9X99B,T1,,,,,
CAN-L9WQRHU380,T0,,,,,
CAN-L9WQRHU380,T1,,,,,
CAN-FJI6JJTTAJ,T0,,,,,
CAN-FJI6JJTTAJ,T1,,,,,
CAN-1HJQC7LHQJ,T0,,,,,
CAN-1HJQC7LHQJ,T1,,,,,
CAN-AJGPOSHAUL,T0,,,,,
CAN-AJGPOSHAUL,T1,,,,,
CAN-Z2MP6FSNTO,T0,,,,,
CAN-Z2MP6FSNTO,T1,,,,,
CAN-28QXF0251N,T0,,,,,
CAN-28QXF0251N,T1,,,,,
CAN-FW7AEBF55M,T0,,,,,
CAN-FW7AEBF55M,T1,,,,,
CAN-3HYBXJBK9F,T0,,,,,
CAN-3HYBXJBK9F,T1,,,,,
CAN-O098E48ZL9,T0,,,,,
CAN-O098E48ZL9,T1,,,,,
CAN-Y1OBRPKBUJ,T0,,,,,
CAN-Y1OBRPKBUJ,T1,,,,,
CAN-EAG2VJ7SCH,T0,,,,,
CAN-EAG2VJ7SCH,T1,,,,,
CAN-F5FTXI14SI,T0,,,,,
CAN-F5FTXI14SI,T1,,,,,
CAN-EKO77T8X3J,T0,,,,,
CAN-EKO77T8X3J,T1,,,,,
CAN-TH1L492HE7,T0,,,,,
CAN-TH1L492HE7,T1,,,,,
CAN-7ME6E9EG8H,T0,,,,,
CAN-7ME6E9EG8H,T1,,,,,
CAN-XHDMCV8TAH,T0,,,,,
CAN-XHDMCV8TAH,T1,,,,,
CAN-UVMALAUZ5A,T0,,,,,
CAN-UVMALAUZ5A,T1,,,,,
CAN-GPY0O7Y79A,T0,,,,,
CAN-GPY0O7Y79A,T1,,,,,
CAN-KP9IH5FGOF,T0,,,,,
CAN-KP9IH5FGOF,T1,,,,,
CAN-20Q9P9UWZK,T0,,,,,
CAN-20Q9P9UWZK,T1,,,,,
CAN-F59TLJREYQ,T0,,,,,
CAN-F59TLJREYQ,T1,,,,,
CAN-G9UV8L4U9M,T0,,,,,
CAN-G9UV8L4U9M,T1,,,,,
CAN-5FS2TEEKVR,T0,,,,,
CAN-5FS2TEEKVR,T1,,,,,
CAN-G2XRL3HJX7,T0,,,,,
CAN-G2XRL3HJX7,T1,,,,,
CAN-LQJHX64ZP1,T0,,,,,
CAN-LQJHX64ZP1,T1,,,,,
CAN-RXZL7WKFG1,T0,,,,,
CAN-RXZL7WKFG1,T1,,,,,
CAN-1S9ZODBUSE,T0,,,,,
CAN-1S9ZODBUSE,T1,,,,,
CAN-PFW37NGM9O,T0,,,,,
CAN-PFW37NGM9O,T1,,,,,
CAN-JVVZB6IK74,T0,,,,,
CAN-JVVZB6IK74,T1,,,,,
CAN-O4QKRRB1P0,T0,,,,,
CAN-O4QKRRB1P0,T1,,,,,
CAN-HFLQ18D5EU,T0,,,,,
CAN-HFLQ18D5EU,T1,,,,,
CAN-TP0U52QRJJ,T0,,,,,
CAN-TP0U52QRJJ,T1,,,,,
CAN-Q5QBVUVFIY,T0,,,,,
CAN-Q5QBVUVFIY,T1,,,,,
CAN-OYCB46ADXV,T0,,,,,
CAN-OYCB46ADXV,T1,,,,,
CAN-CWTVXD4NML,T0,,,,,
CAN-CWTVXD4NML,T1,,,,,
CAN-6DGJLRN33G,T0,,,,,
CAN-6DGJLRN33G,T1,,,,,
CAN-LE4PH0OIRB,T0,,,,,
CAN-LE4PH0OIRB,T1,,,,,
CAN-EDQ4LL1DEP,T0,,,,,
CAN-EDQ4LL1DEP,T1,,,,,
CAN-K371YPCQAZ,T0,,,,,
CAN-K371YPCQAZ,T1,,,,,
CAN-G7DVI8G607,T0,,,,,
CAN-G7DVI8G607,T1,,,,,
CAN-WLU5F6JEA3,T0,,,,,
CAN-WLU5F6JEA3,T1,,,,,
CAN-EDSQLFQLX0,T0,,,,,
CAN-EDSQLFQLX0,T1,,,,,
CAN-ETX2T2LD50,T0,,,,,
CAN-ETX2T2LD50,T1,,,,,
CAN-DAG2ZP216Z,T0,,,,,
CAN-DAG2ZP216Z,T1,,,,,
CAN-Y2K2KIZM5D,T0,,,,,
CAN-Y2K2KIZM5D,T1,,,,,
CAN-SMZF6SAFLE,T0,,,,,
CAN-SMZF6SAFLE,T1,,,,,
CAN-7JP5EB1NR9,T0,,,,,
CAN-7JP5EB1NR9,T1,,,,,
CAN-F8HIMWU38Y,T0,,,,,
CAN-F8HIMWU38Y,T1,,,,,
CAN-T04Y3NIJ11,T0,,,,,
CAN-T04Y3NIJ11,T1,,,,,
CAN-YSQVB7UBFI,T0,,,,,
CAN-YSQVB7UBFI,T1,,,,,
CAN-KL48FKV7B6,T0,,,,,
CAN-KL48FKV7B6,T1,,,,,
CAN-EY5UH24ZIZ,T0,,,,,
CAN-EY5UH24ZIZ,T1,,,,,
CAN-D3K5TIG6NI,T0,,,,,
CAN-D3K5TIG6NI,T1,,,,,
CAN-81ST6CBRQE,T0,,,,,
CAN-81ST6CBRQE,T1,,,,,
CAN-0HHCULE1IV,T0,,,,,
CAN-0HHCULE1IV,T1,,,,,
CAN-GPNG8AQ7JG,T0,,,,,
CAN-GPNG8AQ7JG,T1,,,,,
CAN-0D7VA4K26O,T0,,,,,
CAN-0D7VA4K26O,T1,,,,,
CAN-0Z95UTNSZE,T0,,,,,
CAN-0Z95UTNSZE,T1,,,,,
CAN-0M704YUXTY,T0,,,,,
CAN-0M704YUXTY,T1,,,,,
CAN-YQ196XZHYT,T0,,,,,
CAN-YQ196XZHYT,T1,,,,,
CAN-OSUCLB2WQB,T0,,,,,
CAN-OSUCLB2WQB,T1,,,,,
CAN-1C6P5FF0U9,T0,,,,,
CAN-1C6P5FF0U9,T1,,,,,
CAN-JKVUZJ6ROL,T0,,,,,
CAN-JKVUZJ6ROL,T1,,,,,
CAN-TVN609XVIB,T0,,,,,
CAN-TVN609XVIB,T1,,,,,
CAN-AK1DWU3S38,T0,,,,,
CAN-AK1DWU3S38,T1,,,,,
CAN-JLSZY5O0CW,T0,,,,,
CAN-JLSZY5O0CW,T1,,,,,
CAN-101NZX2K6K,T0,,,,,
CAN-101NZX2K6K,T1,,,,,
CAN-GNXJG1L07X,T0,,,,,
CAN-GNXJG1L07X,T1,,,,,
CAN-K6ATEXQK6E,T0,,,,,
CAN-K6ATEXQK6E,T1,,,,,
CAN-IKB5J25EX1,T0,,,,,
CAN-IKB5J25EX1,T1,,,,,
CAN-CHXU9PJU30,T0,,,,,
CAN-CHXU9PJU30,T1,,,,,
CAN-ER0SWSE0DY,T0,,,,,
CAN-ER0SWSE0DY,T1,,,,,
CAN-PXDZRFGMBQ,T0,,,,,
CAN-PXDZRFGMBQ,T1,,,,,
CAN-PT6H7E6JBR,T0,,,,,
CAN-PT6H7E6JBR,T1,,,,,
CAN-RM72P1AY1F,T0,,,,,
CAN-RM72P1AY1F,T1,,,,,
CAN-MPMTNOXL6K,T0,,,,,
CAN-MPMTNOXL6K,T1,,,,,
CAN-FBG6T3EWW3,T0,,,,,
CAN-FBG6T3EWW3,T1,,,,,
CAN-7SN8KZZC19,T0,,,,,
CAN-7SN8KZZC19,T1,,,,,
CAN-ICVRQI44V7,T0,,,,,
CAN-ICVRQI44V7,T1,,,,,
CAN-NWPYH6RV8Y,T0,,,,,
CAN-NWPYH6RV8Y,T1,,,,,
CAN-QTUG4ZE74G,T0,,,,,
CAN-QTUG4ZE74G,T1,,,,,
CAN-4VU4G9CK8U,T0,,,,,
CAN-4VU4G9CK8U,T1,,,,,
CAN-UM6KH2J56W,T0,,,,,
CAN-UM6KH2J56W,T1,,,,,
CAN-LPVVPGEK2U,T0,,,,,
CAN-LPVVPGEK2U,T1,,,,,
CAN-NMG5XNFDK7,T0,,,,,
CAN-NMG5XNFDK7,T1,,,,,
CAN-6HK6LMZ9RN,T0,,,,,
CAN-6HK6LMZ9RN,T1,,,,,
CAN-717KG763D2,T0,,,,,
CAN-717KG763D2,T1,,,,,
CAN-Z5G1XWL6A7,T0,,,,,
CAN-Z5G1XWL6A7,T1,,,,,
CAN-VOU3DWZR8U,T0,,,,,
CAN-VOU3DWZR8U,T1,,,,,
CAN-61Q30HP4T8,T0,,,,,
CAN-61Q30HP4T8,T1,,,,,
CAN-24DRYFLFSP,T0,,,,,
CAN-24DRYFLFSP,T1,,,,,
CAN-SVUO26MO48,T0,,,,,
CAN-SVUO26MO48,T1,,,,,
CAN-KSLCEO3XDO,T0,,,,,
CAN-KSLCEO3XDO,T1,,,,,
CAN-JYCP5CZAR9,T0,,,,,
CAN-JYCP5CZAR9,T1,,,,,
CAN-GB2T39RVNA,T0,,,,,
CAN-GB2T39RVNA,T1,,,,,
CAN-4EI74QB4EV,T0,,,,,
CAN-4EI74QB4EV,T1,,,,,
CAN-Z9LALW086G,T0,,,,,
CAN-Z9LALW086G,T1,,,,,
CAN-PGANAX4MB5,T0,,,,,
CAN-PGANAX4MB5,T1,,,,,
CAN-P39E9X2CZ1,T0,,,,,
CAN-P39E9X2CZ1,T1,,,,,
CAN-7VK0D0XN2I,T0,,,,,
CAN-7VK0D0XN2I,T1,,,,,
CAN-WT1DQ8U1SB,T0,,,,,
CAN-WT1DQ8U1SB,T1,,,,,
CAN-39EU5VGB7W,T0,,,,,
CAN-39EU5VGB7W,T1,,,,,
CAN-JEU1MB0AE1,T0,,,,,
CAN-JEU1MB0AE1,T1,,,,,
CAN-EUP82THN1C,T0,,,,,
CAN-EUP82THN1C,T1,,,,,
CAN-X7W04QOVC5,T0,,,,,
CAN-X7W04QOVC5,T1,,,,,
CAN-Y6Z5WU42MK,T0,,,,,
CAN-Y6Z5WU42MK,T1,,,,,
CAN-OERY8WV1VA,T0,,,,,
CAN-OERY8WV1VA,T1,,,,,
CAN-4WVY12CKZK,T0,,,,,
CAN-4WVY12CKZK,T1,,,,,
CAN-J38GWJ2P4L,T0,,,,,
CAN-J38GWJ2P4L,T1,,,,,
CAN-B75GVQYR63,T0,,,,,
CAN-B75GVQYR63,T1,,,,,
CAN-UOZRL1V8KU,T0,,,,,
CAN-UOZRL1V8KU,T1,,,,,
CAN-RVC9MQ8D7W,T0,,,,,
CAN-RVC9MQ8D7W,T1,,,,,
CAN-DRFEHQHZAY,T0,,,,,
CAN-DRFEHQHZAY,T1,,,,,
CAN-5V7QQXBPSO,T0,,,,,
CAN-5V7QQXBPSO,T1,,,,,
CAN-P8FAGKZQTB,T0,,,,,
CAN-P8FAGKZQTB,T1,,,,,
CAN-HURR6TUWJH,T0,,,,,
CAN-HURR6TUWJH,T1,,,,,
CAN-OE400N8HCY,T0,,,,,
CAN-OE400N8HCY,T1,,,,,
CAN-36XBVI6ZR2,T0,,,,,
CAN-36XBVI6ZR2,T1,,,,,
CAN-SZ3V0C012V,T0,,,,,
CAN-SZ3V0C012V,T1,,,,,
CAN-XG3WEFJX3T,T0,,,,,
CAN-XG3WEFJX3T,T1,,,,,
CAN-O0MJ6XWCCT,T0,,,,,
CAN-O0MJ6XWCCT,T1,,,,,
CAN-QQIGLOCTAD,T0,,,,,
CAN-QQIGLOCTAD,T1,,,,,
CAN-DUZ48O1SL9,T0,,,,,
CAN-DUZ48O1SL9,T1,,,,,
CAN-5Z8Z6LTVJT,T0,,,,,
CAN-5Z8Z6LTVJT,T1,,,,,
CAN-KYL58CT19U,T0,,,,,
CAN-KYL58CT19U,T1,,,,,
CAN-M287MNBKMH,T0,,,,,
CAN-M287MNBKMH,T1,,,,,
CAN-8HUQ83QMFO,T0,,,,,
CAN-8HUQ83QMFO,T1,,,,,
CAN-MPXVG36IT3,T0,,,,,
CAN-MPXVG36IT3,T1,,,,,
CAN-M5G9EHKXF0,T0,,,,,
CAN-M5G9EHKXF0,T1,,,,,
CAN-DSFKQUJEMH,T0,,,,,
CAN-DSFKQUJEMH,T1,,,,,
CAN-3X1D4STA0B,T0,,,,,
CAN-3X1D4STA0B,T1,,,,,
CAN-UYF2CTLURD,T0,,,,,
CAN-UYF2CTLURD,T1,,,,,
CAN-FLQ0A7IONE,T0,,,,,
CAN-FLQ0A7IONE,T1,,,,,
CAN-DUGWFD6UA0,T0,,,,,
CAN-DUGWFD6UA0,T1,,,,,
CAN-B3G9ADCNYJ,T0,,,,,
CAN-B3G9ADCNYJ,T1,,,,,
CAN-K70SA2K8JJ,T0,,,,,
CAN-K70SA2K8JJ,T1,,,,,
CAN-NZISWGY005,T0,,,,,
CAN-NZISWGY005,T1,,,,,
CAN-IHSEA6JPYU,T0,,,,,
CAN-IHSEA6JPYU,T1,,,,,
CAN-BDFTFJSJN7,T0,,,,,
CAN-BDFTFJSJN7,T1,,,,,
CAN-TIOHJ2R33C,T0,,,,,
CAN-TIOHJ2R33C,T1,,,,,
CAN-QW9Q3Y971O,T0,,,,,
CAN-QW9Q3Y971O,T1,,,,,
CAN-SZOMQAMKZ2,T0,,,,,
CAN-SZOMQAMKZ2,T1,,,,,
CAN-8H9ROL2L7J,T0,,,,,
CAN-8H9ROL2L7J,T1,,,,,
CAN-VGM2YT22AO,T0,,,,,
CAN-VGM2YT22AO,T1,,,,,
CAN-FWIVFK5XID,T0,,,,,
CAN-FWIVFK5XID,T1,,,,,
CAN-FR0ZQBG4L9,T0,,,,,
CAN-FR0ZQBG4L9,T1,,,,,
CAN-0SZ4EVNE57,T0,,,,,
CAN-0SZ4EVNE57,T1,,,,,
CAN-O3R2XM6OGS,T0,,,,,
CAN-O3R2XM6OGS,T1,,,,,
CAN-7W8ZYKHOZL,T0,,,,,
CAN-7W8ZYKHOZL,T1,,,,,
CAN-AN3U4SLLRC,T0,,,,,
CAN-AN3U4SLLRC,T1,,,,,
CAN-FRL9NL404W,T0,,,,,
CAN-FRL9NL404W,T1,,,,,
CAN-3WI5HE2VZ7,T0,,,,,
CAN-3WI5HE2VZ7,T1,,,,,
CAN-P2ZW987VCA,T0,,,,,
CAN-P2ZW987VCA,T1,,,,,
CAN-L7PT8TAUQ6,T0,,,,,
CAN-L7PT8TAUQ6,T1,,,,,
CAN-VUHXJPMYPD,T0,,,,,
CAN-VUHXJPMYPD,T1,,,,,
CAN-946M4QNLGV,T0,,,,,
CAN-946M4QNLGV,T1,,,,,
CAN-KDT6O62H2Z,T0,,,,,
CAN-KDT6O62H2Z,T1,,,,,
CAN-SC9LJO09MG,T0,,,,,
CAN-SC9LJO09MG,T1,,,,,
CAN-65AOQUBO22,T0,,,,,
CAN-65AOQUBO22,T1,,,,,
CAN-1FLEECHHMV,T0,,,,,
CAN-1FLEECHHMV,T1,,,,,
CAN-U0IRF2L3HX,T0,,,,,
CAN-U0IRF2L3HX,T1,,,,,
CAN-F4DK63L1B0,T0,,,,,
CAN-F4DK63L1B0,T1,,,,,
CAN-D5V4657MXP,T0,,,,,
CAN-D5V4657MXP,T1,,,,,
CAN-ICNER2EOLO,T0,,,,,
CAN-ICNER2EOLO,T1,,,,,
CAN-LSNZVAVVAN,T0,,,,,
CAN-LSNZVAVVAN,T1,,,,,
CAN-INX80QOY83,T0,,,,,
CAN-INX80QOY83,T1,,,,,
CAN-VCEPE09Y2E,T0,,,,,
CAN-VCEPE09Y2E,T1,,,,,
CAN-2OHE79VIFA,T0,,,,,
CAN-2OHE79VIFA,T1,,,,,
CAN-SP4YVMTLSY,T0,,,,,
CAN-SP4YVMTLSY,T1,,,,,
CAN-0IFFZILA8Q,T0,,,,,
CAN-0IFFZILA8Q,T1,,,,,
CAN-XJ3R6FHZ21,T0,,,,,
CAN-XJ3R6FHZ21,T1,,,,,
CAN-N7VQHUV4Y8,T0,,,,,
CAN-N7VQHUV4Y8,T1,,,,,
CAN-B0DNZEB4C3,T0,,,,,
CAN-B0DNZEB4C3,T1,,,,,
CAN-B57TVLQM8V,T0,,,,,
CAN-B57TVLQM8V,T1,,,,,
CAN-K9XGKZW91Y,T0,,,,,
CAN-K9XGKZW91Y,T1,,,,,
CAN-YKDMTNSC7N,T0,,,,,
CAN-YKDMTNSC7N,T1,,,,,
CAN-R8RT7VQYL2,T0,,,,,
CAN-R8RT7VQYL2,T1,,,,,
CAN-4NR48Z3FIS,T0,,,,,
CAN-4NR48Z3FIS,T1,,,,,
CAN-IY9LV8N5H7,T0,,,,,
CAN-IY9LV8N5H7,T1,,,,,
CAN-8S9SWAFB2H,T0,,,,,
CAN-8S9SWAFB2H,T1,,,,,
CAN-VM23PLHPD6,T0,,,,,
CAN-VM23PLHPD6,T1,,,,,
CAN-PHK83P7OWS,T0,,,,,
CAN-PHK83P7OWS,T1,,,,,
CAN-NIGXHWYLQD,T0,,,,,
CAN-NIGXHWYLQD,T1,,,,,
CAN-KESI8DZGLO,T0,,,,,
CAN-KESI8DZGLO,T1,,,,,
CAN-GRH7LLWPAW,T0,,,,,
CAN-GRH7LLWPAW,T1,,,,,
CAN-F3REG2LH8W,T0,,,,,
CAN-F3REG2LH8W,T1,,,,,
CAN-30KSQ2EZS8,T0,,,,,
CAN-30KSQ2EZS8,T1,,,,,
CAN-Z7ABOKWLUW,T0,,,,,
CAN-Z7ABOKWLUW,T1,,,,,
CAN-OC3PWLE0JA,T0,,,,,
CAN-OC3PWLE0JA,T1,,,,,
CAN-KCK4GLBTF1,T0,,,,,
CAN-KCK4GLBTF1,T1,,,,,
CAN-59N79QEH9T,T0,,,,,
CAN-59N79QEH9T,T1,,,,,
CAN-G9Z93I7PJ1,T0,,,,,
CAN-G9Z93I7PJ1,T1,,,,,
CAN-LB0YEHOXUW,T0,,,,,
CAN-LB0YEHOXUW,T1,,,,,
CAN-4DVMNHB8GH,T0,,,,,
CAN-4DVMNHB8GH,T1,,,,,
CAN-29CJ1ZJ6E3,T0,,,,,
CAN-29CJ1ZJ6E3,T1,,,,,
CAN-ST4UQR4WYN,T0,,,,,
CAN-ST4UQR4WYN,T1,,,,,
CAN-MMXHM6U1Q3,T0,,,,,
CAN-MMXHM6U1Q3,T1,,,,,
CAN-VY0CLY1UJZ,T0,,,,,
CAN-VY0CLY1UJZ,T1,,,,,
CAN-A9LCSZQWDZ,T0,,,,,
CAN-A9LCSZQWDZ,T1,,,,,
CAN-3XH91S78UP,T0,,,,,
CAN-3XH91S78UP,T1,,,,,
CAN-O5170NQZ2F,T0,,,,,
CAN-O5170NQZ2F,T1,,,,,
CAN-SB5VQQXALR,T0,,,,,
CAN-SB5VQQXALR,T1,,,,,
CAN-BRTEB7DL4D,T0,,,,,
CAN-BRTEB7DL4D,T1,,,,,
CAN-305NYU6PYF,T0,,,,,
CAN-305NYU6PYF,T1,,,,,
CAN-3BAGD9E68Q,T0,,,,,
CAN-3BAGD9E68Q,T1,,,,,
CAN-TEVH0S47EZ,T0,,,,,
CAN-TEVH0S47EZ,T1,,,,,
CAN-MC3LVDFGYG,T0,,,,,
CAN-MC3LVDFGYG,T1,,,,,
CAN-4IVNWF7AV1,T0,,,,,
CAN-4IVNWF7AV1,T1,,,,,
CAN-VHHXQUCF12,T0,,,,,
CAN-VHHXQUCF12,T1,,,,,
CAN-17F361PMOR,T0,,,,,
CAN-17F361PMOR,T1,,,,,
CAN-UYR7IBFN6T,T0,,,,,
CAN-UYR7IBFN6T,T1,,,,,
CAN-36T3IJUVYI,T0,,,,,
CAN-36T3IJUVYI,T1,,,,,
CAN-KEFOERJSV3,T0,,,,,
CAN-KEFOERJSV3,T1,,,,,
CAN-RJZH0XKR9C,T0,,,,,
CAN-RJZH0XKR9C,T1,,,,,
CAN-2LXBLPHHVZ,T0,,,,,
CAN-2LXBLPHHVZ,T1,,,,,
CAN-0G08P150U1,T0,,,,,
CAN-0G08P150U1,T1,,,,,
CAN-A7LZ5G3ZFY,T0,,,,,
CAN-A7LZ5G3ZFY,T1,,,,,
CAN-TMWA2H8X78,T0,,,,,
CAN-TMWA2H8X78,T1,,,,,
CAN-7YANTYWV96,T0,,,,,
CAN-7YANTYWV96,T1,,,,,
CAN-PF3S5T8DJS,T0,,,,,
CAN-PF3S5T8DJS,T1,,,,,
CAN-YQKI7MGA97,T0,,,,,
CAN-YQKI7MGA97,T1,,,,,
CAN-G4Z1HE5UQK,T0,,,,,
CAN-G4Z1HE5UQK,T1,,,,,
CAN-O6O6AXS7GY,T0,,,,,
CAN-O6O6AXS7GY,T1,,,,,
CAN-JN0QN9HSFR,T0,,,,,
CAN-JN0QN9HSFR,T1,,,,,
CAN-O9GG1MJD80,T0,,,,,
CAN-O9GG1MJD80,T1,,,,,
CAN-3NJHPJ6KQL,T0,,,,,
CAN-3NJHPJ6KQL,T1,,,,,
CAN-LY6D0VIY1Q,T0,,,,,
CAN-LY6D0VIY1Q,T1,,,,,
CAN-6W04J7MBTI,T0,,,,,
CAN-6W04J7MBTI,T1,,,,,
CAN-5Q3KHUDI9P,T0,,,,,
CAN-5Q3KHUDI9P,T1,,,,,
CAN-9V1SQ4HPA0,T0,,,,,
CAN-9V1SQ4HPA0,T1,,,,,
CAN-QA99U96CHV,T0,,,,,
CAN-QA99U96CHV,T1,,,,,
CAN-TA96DM8DBQ,T0,,,,,
CAN-TA96DM8DBQ,T1,,,,,
CAN-1A4J597WWB,T0,,,,,
CAN-1A4J597WWB,T1,,,,,
CAN-LJOWJNYP6S,T0,,,,,
CAN-LJOWJNYP6S,T1,,,,,
CAN-BPDDMY3MQH,T0,,,,,
CAN-BPDDMY3MQH,T1,,,,,
CAN-Y2DF5RKXTJ,T0,,,,,
CAN-Y2DF5RKXTJ,T1,,,,,
CAN-3FRB076EKA,T0,,,,,
CAN-3FRB076EKA,T1,,,,,
CAN-6G4KI0H7TZ,T0,,,,,
CAN-6G4KI0H7TZ,T1,,,,,
CAN-O9D28KLAEO,T0,,,,,
CAN-O9D28KLAEO,T1,,,,,
CAN-JTIP5LQ5HK,T0,,,,,
CAN-JTIP5LQ5HK,T1,,,,,
CAN-0MME75WQAG,T0,,,,,
CAN-0MME75WQAG,T1,,,,,
CAN-J4XABY5P3O,T0,,,,,
CAN-J4XABY5P3O,T1,,,,,
CAN-VIK7SU2PMU,T0,,,,,
CAN-VIK7SU2PMU,T1,,,,,
CAN-ZDS8CS2KIH,T0,,,,,
CAN-ZDS8CS2KIH,T1,,,,,
CAN-G3FI8EQZVN,T0,,,,,
CAN-G3FI8EQZVN,T1,,,,,
CAN-ZTBIEXQH2R,T0,,,,,
CAN-ZTBIEXQH2R,T1,,,,,
CAN-GNRS12NT91,T0,,,,,
CAN-GNRS12NT91,T1,,,,,
CAN-19PR3NPADK,T0,,,,,
CAN-19PR3NPADK,T1,,,,,
CAN-G4CERLA65F,T0,,,,,
CAN-G4CERLA65F,T1,,,,,
CAN-G8ZFLU5EAD,T0,,,,,
CAN-G8ZFLU5EAD,T1,,,,,
CAN-Q266N9BMRQ,T0,,,,,
CAN-Q266N9BMRQ,T1,,,,,
CAN-3H5FQ2G6G9,T0,,,,,
CAN-3H5FQ2G6G9,T1,,,,,
CAN-01OY6INLR3,T0,,,,,
CAN-01OY6INLR3,T1,,,,,
CAN-2PJTBJNSVO,T0,,,,,
CAN-2PJTBJNSVO,T1,,,,,
CAN-66HW4T91JP,T0,,,,,
CAN-66HW4T91JP,T1,,,,,
CAN-098EQUVCDX,T0,,,,,
CAN-098EQUVCDX,T1,,,,,
CAN-N299WC79CU,T0,,,,,
CAN-N299WC79CU,T1,,,,,
CAN-EQV7Z1S2AD,T0,,,,,
CAN-EQV7Z1S2AD,T1,,,,,
CAN-N64S7AMPIP,T0,,,,,
CAN-N64S7AMPIP,T1,,,,,
CAN-3MIRZWS27N,T0,,,,,
CAN-3MIRZWS27N,T1,,,,,
CAN-2U2BRJ4KR4,T0,,,,,
CAN-2U2BRJ4KR4,T1,,,,,
CAN-ECEIYXG3SE,T0,,,,,
CAN-ECEIYXG3SE,T1,,,,,
CAN-5TJ9R7A3M2,T0,,,,,
CAN-5TJ9R7A3M2,T1,,,,,
CAN-PN9UUJDL9V,T0,,,,,
CAN-PN9UUJDL9V,T1,,,,,
CAN-EEEVKLFY0I,T0,,,,,
CAN-EEEVKLFY0I,T1,,,,,
CAN-VR0GIVZOH4,T0,,,,,
CAN-VR0GIVZOH4,T1,,,,,
CAN-T1SSDDEG5V,T0,,,,,
CAN-T1SSDDEG5V,T1,,,,,
CAN-QPR1AWPYKH,T0,,,,,
CAN-QPR1AWPYKH,T1,,,,,
CAN-MWVP09TERV,T0,,,,,
CAN-MWVP09TERV,T1,,,,,
CAN-G4J0W7EEMW,T0,,,,,
CAN-G4J0W7EEMW,T1,,,,,
CAN-YCF40NZVU7,T0,,,,,
CAN-YCF40NZVU7,T1,,,,,
CAN-J8G80IIUG8,T0,,,,,
CAN-J8G80IIUG8,T1,,,,,
CAN-ZLSRVTTEPI,T0,,,,,
CAN-ZLSRVTTEPI,T1,,,,,
CAN-2C8OUITUY1,T0,,,,,
CAN-2C8OUITUY1,T1,,,,,
CAN-8KMU55B46B,T0,,,,,
CAN-8KMU55B46B,T1,,,,,
CAN-U70Q0ZWNO7,T0,,,,,
CAN-U70Q0ZWNO7,T1,,,,,
CAN-XBQ7PR0FZE,T0,,,,,
CAN-XBQ7PR0FZE,T1,,,,,
CAN-96TNNMUA4B,T0,,,,,
CAN-96TNNMUA4B,T1,,,,,
CAN-OBLAR7VB20,T0,,,,,
CAN-OBLAR7VB20,T1,,,,,
CAN-EJV67F76MM,T0,,,,,
CAN-EJV67F76MM,T1,,,,,
CAN-5WXLCDU1YM,T0,,,,,
CAN-5WXLCDU1YM,T1,,,,,
CAN-IUUFVUPHKM,T0,,,,,
CAN-IUUFVUPHKM,T1,,,,,
CAN-N38HJKCQZV,T0,,,,,
CAN-N38HJKCQZV,T1,,,,,
CAN-K0J8SNKY8W,T0,,,,,
CAN-K0J8SNKY8W,T1,,,,,
CAN-Y919YG739E,T0,,,,,
CAN-Y919YG739E,T1,,,,,
CAN-L9G0VP8LEJ,T0,,,,,
CAN-L9G0VP8LEJ,T1,,,,,
CAN-67TJ1DRRLZ,T0,,,,,
CAN-67TJ1DRRLZ,T1,,,,,
CAN-GFJ3MZCAYD,T0,,,,,
CAN-GFJ3MZCAYD,T1,,,,,
CAN-OU7BA0V6LR,T0,,,,,
CAN-OU7BA0V6LR,T1,,,,,
CAN-LMC1Z4ZQ8J,T0,,,,,
CAN-LMC1Z4ZQ8J,T1,,,,,
CAN-2J68GJD87A,T0,,,,,
CAN-2J68GJD87A,T1,,,,,
CAN-NLF57Z5CMV,T0,,,,,
CAN-NLF57Z5CMV,T1,,,,,
CAN-QSAI1OEIIC,T0,,,,,
CAN-QSAI1OEIIC,T1,,,,,
CAN-CJ3DL3NHD8,T0,,,,,
CAN-CJ3DL3NHD8,T1,,,,,
CAN-OOMVDFEYUV,T0,,,,,
CAN-OOMVDFEYUV,T1,,,,,
CAN-K7E88RG7OQ,T0,,,,,
CAN-K7E88RG7OQ,T1,,,,,
CAN-G7BUJDUCGL,T0,,,,,
CAN-G7BUJDUCGL,T1,,,,,
CAN-IE8O6C6UEI,T0,,,,,
CAN-IE8O6C6UEI,T1,,,,,
CAN-YC0MGXPPUF,T0,,,,,
CAN-YC0MGXPPUF,T1,,,,,
CAN-27AAIMFGFW,T0,,,,,
CAN-27AAIMFGFW,T1,,,,,
CAN-7TL05JT9OS,T0,,,,,
CAN-7TL05JT9OS,T1,,,,,
CAN-VOR94XRJJ2,T0,,,,,
CAN-VOR94XRJJ2,T1,,,,,
CAN-NLGJ92HXI3,T0,,,,,
CAN-NLGJ92HXI3,T1,,,,,
CAN-M2PWJ6XUMX,T0,,,,,
CAN-M2PWJ6XUMX,T1,,,,,
CAN-3VWAYUWQL0,T0,,,,,
CAN-3VWAYUWQL0,T1,,,,,
CAN-ZVSVF9JQIF,T0,,,,,
CAN-ZVSVF9JQIF,T1,,,,,
CAN-6550M1NC3W,T0,,,,,
CAN-6550M1NC3W,T1,,,,,
CAN-8MN6FGYCFL,T0,,,,,
CAN-8MN6FGYCFL,T1,,,,,
CAN-AV6BNNLTOG,T0,,,,,
CAN-AV6BNNLTOG,T1,,,,,
CAN-8YAM08E174,T0,,,,,
CAN-8YAM08E174,T1,,,,,
CAN-TXJYTK45TU,T0,,,,,
CAN-TXJYTK45TU,T1,,,,,
CAN-AUOX3D460D,T0,,,,,
CAN-AUOX3D460D,T1,,,,,
CAN-QDNZ2FARWR,T0,,,,,
CAN-QDNZ2FARWR,T1,,,,,
CAN-75A7IZ1MQ4,T0,,,,,
CAN-75A7IZ1MQ4,T1,,,,,
CAN-RPT0H49YM2,T0,,,,,
CAN-RPT0H49YM2,T1,,,,,
CAN-E910KT1T91,T0,,,,,
CAN-E910KT1T91,T1,,,,,
CAN-KVYIPBMY0T,T0,,,,,
CAN-KVYIPBMY0T,T1,,,,,
CAN-RC4TZIEOEP,T0,,,,,
CAN-RC4TZIEOEP,T1,,,,,
CAN-59Q7ISNUV6,T0,,,,,
CAN-59Q7ISNUV6,T1,,,,,
CAN-0GQ9PBK2ST,T0,,,,,
CAN-0GQ9PBK2ST,T1,,,,,
CAN-S88ZRNLLX5,T0,,,,,
CAN-S88ZRNLLX5,T1,,,,,
CAN-3ZVQKH4ARP,T0,,,,,
CAN-3ZVQKH4ARP,T1,,,,,
CAN-BUQTJZHU1J,T0,,,,,
CAN-BUQTJZHU1J,T1,,,,,
CAN-V1G0V029FU,T0,,,,,
CAN-V1G0V029FU,T1,,,,,
CAN-QPBWP48RLA,T0,,,,,
CAN-QPBWP48RLA,T1,,,,,
CAN-B56BGXA8LO,T0,,,,,
CAN-B56BGXA8LO,T1,,,,,
CAN-TSOFKYKT5F,T0,,,,,
CAN-TSOFKYKT5F,T1,,,,,
CAN-20E6VBIHA6,T0,,,,,
CAN-20E6VBIHA6,T1,,,,,
CAN-LNB8YGMU2T,T0,,,,,
CAN-LNB8YGMU2T,T1,,,,,
CAN-4OKJZ5EWW9,T0,,,,,
CAN-4OKJZ5EWW9,T1,,,,,
CAN-EBMY9D8WEL,T0,,,,,
CAN-EBMY9D8WEL,T1,,,,,
CAN-61BJ91FZ51,T0,,,,,
CAN-61BJ91FZ51,T1,,,,,
CAN-LATW66PPWY,T0,,,,,
CAN-LATW66PPWY,T1,,,,,
CAN-MSQ0AJMH6F,T0,,,,,
CAN-MSQ0AJMH6F,T1,,,,,
CAN-0MZTW1NTUJ,T0,,,,,
CAN-0MZTW1NTUJ,T1,,,,,
CAN-W5OF26TK6C,T0,,,,,
CAN-W5OF26TK6C,T1,,,,,
CAN-CUV5TX4BDQ,T0,,,,,
CAN-CUV5TX4BDQ,T1,,,,,
CAN-LCW3MATK1U,T0,,,,,
CAN-LCW3MATK1U,T1,,,,,
CAN-BOWPMESJ7W,T0,,,,,
CAN-BOWPMESJ7W,T1,,,,,
CAN-N2OQ035YY8,T0,,,,,
CAN-N2OQ035YY8,T1,,,,,
CAN-682VA03Y7M,T0,,,,,
CAN-682VA03Y7M,T1,,,,,
CAN-A06QRWIBGE,T0,,,,,
CAN-A06QRWIBGE,T1,,,,,
CAN-RKJI2HTQQE,T0,,,,,
CAN-RKJI2HTQQE,T1,,,,,
CAN-3IU2KGR8S4,T0,,,,,
CAN-3IU2KGR8S4,T1,,,,,
CAN-15N3U1ZI93,T0,,,,,
CAN-15N3U1ZI93,T1,,,,,
CAN-6QKP7Y1E1P,T0,,,,,
CAN-6QKP7Y1E1P,T1,,,,,
CAN-T532JHAMU3,T0,,,,,
CAN-T532JHAMU3,T1,,,,,
CAN-WQW1TX27HP,T0,,,,,
CAN-WQW1TX27HP,T1,,,,,
CAN-YQTWDFB6SA,T0,,,,,
CAN-YQTWDFB6SA,T1,,,,,
CAN-XO6BHP5SUW,T0,,,,,
CAN-XO6BHP5SUW,T1,,,,,
CAN-V1H9XNY6SD,T0,,,,,
CAN-V1H9XNY6SD,T1,,,,,
CAN-JFNRSG5DEB,T0,,,,,
CAN-JFNRSG5DEB,T1,,,,,
CAN-85MRMB1UAP,T0,,,,,
CAN-85MRMB1UAP,T1,,,,,
CAN-7H7V0GW2JV,T0,,,,,
CAN-7H7V0GW2JV,T1,,,,,
CAN-1YHRPUF1EV,T0,,,,,
CAN-1YHRPUF1EV,T1,,,,,
CAN-R86U0E2XY5,T0,,,,,
CAN-R86U0E2XY5,T1,,,,,
CAN-V0NQJKE3GS,T0,,,,,
CAN-V0NQJKE3GS,T1,,,,,
CAN-T5N81TJW39,T0,,,,,
CAN-T5N81TJW39,T1,,,,,
CAN-NESOC2P7PV,T0,,,,,
CAN-NESOC2P7PV,T1,,,,,
CAN-YJE11UB1BC,T0,,,,,
CAN-YJE11UB1BC,T1,,,,,
CAN-N4SPMVR96E,T0,,,,,
CAN-N4SPMVR96E,T1,,,,,
CAN-VFG3MH2SQ7,T0,,,,,
CAN-VFG3MH2SQ7,T1,,,,,
CAN-Q4VS9K78EF,T0,,,,,
CAN-Q4VS9K78EF,T1,,,,,
CAN-IQ6J8OR2OQ,T0,,,,,
CAN-IQ6J8OR2OQ,T1,,,,,
CAN-BISMW7A6B9,T0,,,,,
CAN-BISMW7A6B9,T1,,,,,
CAN-SEKJA7IS1L,T0,,,,,
CAN-SEKJA7IS1L,T1,,,,,
CAN-JXY7OE43LB,T0,,,,,
CAN-JXY7OE43LB,T1,,,,,
CAN-NU9O5QN0LG,T0,,,,,
CAN-NU9O5QN0LG,T1,,,,,
CAN-OCJ6EVF6VA,T0,,,,,
CAN-OCJ6EVF6VA,T1,,,,,
CAN-EQT16P0TOG,T0,,,,,
CAN-EQT16P0TOG,T1,,,,,
CAN-ZQ0GWKIZ51,T0,,,,,
CAN-ZQ0GWKIZ51,T1,,,,,
CAN-VLSQUU27RT,T0,,,,,
CAN-VLSQUU27RT,T1,,,,,
CAN-4LMTDLHVPU,T0,,,,,
CAN-4LMTDLHVPU,T1,,,,,
CAN-A6ETMQZT3D,T0,,,,,
CAN-A6ETMQZT3D,T1,,,,,
CAN-6DS6MMWC9W,T0,,,,,
CAN-6DS6MMWC9W,T1,,,,,
CAN-JEE2VYA0VP,T0,,,,,
CAN-JEE2VYA0VP,T1,,,,,
CAN-KHOZLIA4KQ,T0,,,,,
CAN-KHOZLIA4KQ,T1,,,,,
CAN-J6YE2BG6FG,T0,,,,,
CAN-J6YE2BG6FG,T1,,,,,
CAN-GTR52U40EU,T0,,,,,
CAN-GTR52U40EU,T1,,,,,
CAN-BEY7TMBNY0,T0,,,,,
CAN-BEY7TMBNY0,T1,,,,,
CAN-8EVU4FLFJE,T0,,,,,
CAN-8EVU4FLFJE,T1,,,,,
CAN-G0PKBR91NF,T0,,,,,
CAN-G0PKBR91NF,T1,,,,,
CAN-J3TEV9GOHN,T0,,,,,
CAN-J3TEV9GOHN,T1,,,,,
CAN-TMYIFCKEP4,T0,,,,,
CAN-TMYIFCKEP4,T1,,,,,
CAN-80OZ9U6N7D,T0,,,,,
CAN-80OZ9U6N7D,T1,,,,,
CAN-U4BQB1FWZI,T0,,,,,
CAN-U4BQB1FWZI,T1,,,,,
CAN-M3XU8XWLSY,T0,,,,,
CAN-M3XU8XWLSY,T1,,,,,
CAN-2K24D7IS5V,T0,,,,,
CAN-2K24D7IS5V,T1,,,,,
CAN-IZ1RX2GPAC,T0,,,,,
CAN-IZ1RX2GPAC,T1,,,,,
CAN-UI142TWTMI,T0,,,,,
CAN-UI142TWTMI,T1,,,,,
CAN-VI3DA82NTF,T0,,,,,
CAN-VI3DA82NTF,T1,,,,,
CAN-SRETOO9PVD,T0,,,,,
CAN-SRETOO9PVD,T1,,,,,
CAN-5V4LHYX1LT,T0,,,,,
CAN-5V4LHYX1LT,T1,,,,,
CAN-STSAITQARC,T0,,,,,
CAN-STSAITQARC,T1,,,,,
CAN-JURTULSH1M,T0,,,,,
CAN-JURTULSH1M,T1,,,,,
CAN-2AY9PNEMS3,T0,,,,,
CAN-2AY9PNEMS3,T1,,,,,
CAN-E6WKM3Y1SY,T0,,,,,
CAN-E6WKM3Y1SY,T1,,,,,
CAN-YQ3D3C7ZIB,T0,,,,,
CAN-YQ3D3C7ZIB,T1,,,,,
CAN-22P8HADJ43,T0,,,,,
CAN-22P8HADJ43,T1,,,,,
CAN-OFESKCKFAB,T0,,,,,
CAN-OFESKCKFAB,T1,,,,,
CAN-6TQVLVVANU,T0,,,,,
CAN-6TQVLVVANU,T1,,,,,
CAN-9X9KPC2G5F,T0,,,,,
CAN-9X9KPC2G5F,T1,,,,,
CAN-2PRYBY25F4,T0,,,,,
CAN-2PRYBY25F4,T1,,,,,
CAN-MVYYMYP6DW,T0,,,,,
CAN-MVYYMYP6DW,T1,,,,,
CAN-UD2XPTFNK8,T0,,,,,
CAN-UD2XPTFNK8,T1,,,,,
CAN-AO1PT0WY33,T0,,,,,
CAN-AO1PT0WY33,T1,,,,,
CAN-X7731SR366,T0,,,,,
CAN-X7731SR366,T1,,,,,
CAN-8G56FQ34A3,T0,,,,,
CAN-8G56FQ34A3,T1,,,,,
CAN-7RUM39W43T,T0,,,,,
CAN-7RUM39W43T,T1,,,,,
CAN-I3PDKTHNW8,T0,,,,,
CAN-I3PDKTHNW8,T1,,,,,
CAN-9QU7Z30549,T0,,,,,
CAN-9QU7Z30549,T1,,,,,
CAN-K5UEZ1JF0J,T0,,,,,
CAN-K5UEZ1JF0J,T1,,,,,
CAN-OILCH8UCJ6,T0,,,,,
CAN-OILCH8UCJ6,T1,,,,,
CAN-YEFAAUD42X,T0,,,,,
CAN-YEFAAUD42X,T1,,,,,
CAN-GN37QAFVSU,T0,,,,,
CAN-GN37QAFVSU,T1,,,,,
CAN-3X0BM5A568,T0,,,,,
CAN-3X0BM5A568,T1,,,,,
CAN-0VUWC5C5PM,T0,,,,,
CAN-0VUWC5C5PM,T1,,,,,
CAN-K9E5HHN48U,T0,,,,,
CAN-K9E5HHN48U,T1,,,,,
CAN-YTRKHIWIUB,T0,,,,,
CAN-YTRKHIWIUB,T1,,,,,
CAN-CEQCQD19YL,T0,,,,,
CAN-CEQCQD19YL,T1,,,,,
CAN-BVPWNH2JBW,T0,,,,,
CAN-BVPWNH2JBW,T1,,,,,
CAN-37J59WPO21,T0,,,,,
CAN-37J59WPO21,T1,,,,,
CAN-W2EJXLJ6TD,T0,,,,,
CAN-W2EJXLJ6TD,T1,,,,,
CAN-DFSJ94QQIR,T0,,,,,
CAN-DFSJ94QQIR,T1,,,,,
CAN-PMNQYJQG86,T0,,,,,
CAN-PMNQYJQG86,T1,,,,,
CAN-0ICHSLZVLC,T0,,,,,
CAN-0ICHSLZVLC,T1,,,,,
CAN-Q0M9OY1V2U,T0,,,,,
CAN-Q0M9OY1V2U,T1,,,,,
CAN-WF5QVVRTTS,T0,,,,,
CAN-WF5QVVRTTS,T1,,,,,
CAN-72PZRNYNP2,T0,,,,,
CAN-72PZRNYNP2,T1,,,,,
CAN-NWVRKWOL31,T0,,,,,
CAN-NWVRKWOL31,T1,,,,,
CAN-LPZW37A3UR,T0,,,,,
CAN-LPZW37A3UR,T1,,,,,
CAN-SMDGRZMPRI,T0,,,,,
CAN-SMDGRZMPRI,T1,,,,,
CAN-YFO9DEEHSB,T0,,,,,
CAN-YFO9DEEHSB,T1,,,,,
CAN-PVJXI9J33Y,T0,,,,,
CAN-PVJXI9J33Y,T1,,,,,
CAN-FQGVEY712Z,T0,,,,,
CAN-FQGVEY712Z,T1,,,,,
CAN-UOHJL8ZJ1R,T0,,,,,
CAN-UOHJL8ZJ1R,T1,,,,,
CAN-T4J9UJ6QNV,T0,,,,,
CAN-T4J9UJ6QNV,T1,,,,,
CAN-E2LUOGGFN5,T0,,,,,
CAN-E2LUOGGFN5,T1,,,,,
CAN-28E8JJ146O,T0,,,,,
CAN-28E8JJ146O,T1,,,,,
CAN-YB7ZENGXQ6,T0,,,,,
CAN-YB7ZENGXQ6,T1,,,,,
CAN-GCGLB5U7TA,T0,,,,,
CAN-GCGLB5U7TA,T1,,,,,
CAN-92FN19ZB4G,T0,,,,,
CAN-92FN19ZB4G,T1,,,,,
CAN-FVW8DCMF0N,T0,,,,,
CAN-FVW8DCMF0N,T1,,,,,
CAN-WGSI0PWXTK,T0,,,,,
CAN-WGSI0PWXTK,T1,,,,,
CAN-0D6K3BDYSR,T0,,,,,
CAN-0D6K3BDYSR,T1,,,,,
CAN-13SC00LFN4,T0,,,,,
CAN-13SC00LFN4,T1,,,,,
CAN-OJYFJLO3H4,T0,,,,,
CAN-OJYFJLO3H4,T1,,,,,
CAN-THIDUO8VPJ,T0,,,,,
CAN-THIDUO8VPJ,T1,,,,,
CAN-JP87ABYHET,T0,,,,,
CAN-JP87ABYHET,T1,,,,,
CAN-5LYN4VIFAL,T0,,,,,
CAN-5LYN4VIFAL,T1,,,,,
CAN-OVETRZH0EE,T0,,,,,
CAN-OVETRZH0EE,T1,,,,,
CAN-FT1VZTKNMA,T0,,,,,
CAN-FT1VZTKNMA,T1,,,,,
CAN-80FZYXISG2,T0,,,,,
CAN-80FZYXISG2,T1,,,,,
CAN-X9HV5Y53CY,T0,,,,,
CAN-X9HV5Y53CY,T1,,,,,
CAN-LQ849DO6WR,T0,,,,,
CAN-LQ849DO6WR,T1,,,,,
CAN-AIXDXF6BN8,T0,,,,,
CAN-AIXDXF6BN8,T1,,,,,
CAN-PKD0IKZ6LC,T0,,,,,
CAN-PKD0IKZ6LC,T1,,,,,
CAN-PYASH0UXLD,T0,,,,,
CAN-PYASH0UXLD,T1,,,,,
CAN-GXD8O3P8PK,T0,,,,,
CAN-GXD8O3P8PK,T1,,,,,
CAN-MIPIPL79KA,T0,,,,,
CAN-MIPIPL79KA,T1,,,,,
CAN-PQWH37SQGL,T0,,,,,
CAN-PQWH37SQGL,T1,,,,,
CAN-VGGPZEZ269,T0,,,,,
CAN-VGGPZEZ269,T1,,,,,
CAN-5SU5OWA15T,T0,,,,,
CAN-5SU5OWA15T,T1,,,,,
CAN-UFG44NSLN7,T0,,,,,
CAN-UFG44NSLN7,T1,,,,,
CAN-DB1D50MSMN,T0,,,,,
CAN-DB1D50MSMN,T1,,,,,
CAN-RN28N65ABP,T0,,,,,
CAN-RN28N65ABP,T1,,,,,
CAN-BA2ZTWAJUX,T0,,,,,
CAN-BA2ZTWAJUX,T1,,,,,
CAN-S06R8UO4E2,T0,,,,,
CAN-S06R8UO4E2,T1,,,,,
CAN-DOZKLOZHTZ,T0,,,,,
CAN-DOZKLOZHTZ,T1,,,,,
CAN-47TRMB6WKF,T0,,,,,
CAN-47TRMB6WKF,T1,,,,,
CAN-QTCJA3I9M5,T0,,,,,
CAN-QTCJA3I9M5,T1,,,,,
CAN-PFXNQ3TFN6,T0,,,,,
CAN-PFXNQ3TFN6,T1,,,,,
CAN-BGX9GY2S5J,T0,,,,,
CAN-BGX9GY2S5J,T1,,,,,
CAN-OTZSWZOVI2,T0,,,,,
CAN-OTZSWZOVI2,T1,,,,,
CAN-PCCK2OZQAY,T0,,,,,
CAN-PCCK2OZQAY,T1,,,,,
CAN-6MI82QD5VB,T0,,,,,
CAN-6MI82QD5VB,T1,,,,,
CAN-6WTPU3HEK2,T0,,,,,
CAN-6WTPU3HEK2,T1,,,,,
CAN-1XFQN677H0,T0,,,,,
CAN-1XFQN677H0,T1,,,,,
CAN-AQWED0LB20,T0,,,,,
CAN-AQWED0LB20,T1,,,,,
CAN-F6X9EHVXZM,T0,,,,,
CAN-F6X9EHVXZM,T1,,,,,
CAN-W41T8OR50L,T0,,,,,
CAN-W41T8OR50L,T1,,,,,
CAN-MA8VWUGYVS,T0,,,,,
CAN-MA8VWUGYVS,T1,,,,,
CAN-STFLOQIX5J,T0,,,,,
CAN-STFLOQIX5J,T1,,,,,
CAN-KMB5GTBPM9,T0,,,,,
CAN-KMB5GTBPM9,T1,,,,,
CAN-RKQL4K9LEI,T0,,,,,
CAN-RKQL4K9LEI,T1,,,,,
CAN-WRV2HTUYKE,T0,,,,,
CAN-WRV2HTUYKE,T1,,,,,
CAN-GX4JW6AKRG,T0,,,,,
CAN-GX4JW6AKRG,T1,,,,,
CAN-66OWENROVB,T0,,,,,
CAN-66OWENROVB,T1,,,,,
CAN-BUTAFY3BA5,T0,,,,,
CAN-BUTAFY3BA5,T1,,,,,
CAN-NYHQA08X4Y,T0,,,,,
CAN-NYHQA08X4Y,T1,,,,,
CAN-J8AT9Z1CJ4,T0,,,,,
CAN-J8AT9Z1CJ4,T1,,,,,
CAN-TULQWDKPRZ,T0,,,,,
CAN-TULQWDKPRZ,T1,,,,,
CAN-OI9TXGD47Z,T0,,,,,
CAN-OI9TXGD47Z,T1,,,,,
CAN-BS0085U207,T0,,,,,
CAN-BS0085U207,T1,,,,,
CAN-V7Z60GN53F,T0,,,,,
CAN-V7Z60GN53F,T1,,,,,
CAN-AYKKS6UK8E,T0,,,,,
CAN-AYKKS6UK8E,T1,,,,,
CAN-ALR7A2D7TB,T0,,,,,
CAN-ALR7A2D7TB,T1,,,,,
CAN-O6ET0L18OB,T0,,,,,
CAN-O6ET0L18OB,T1,,,,,
CAN-RGFFXQNP0X,T0,,,,,
CAN-RGFFXQNP0X,T1,,,,,
CAN-CN5U0ZSNG1,T0,,,,,
CAN-CN5U0ZSNG1,T1,,,,,
CAN-IP1SVHZ5NB,T0,,,,,
CAN-IP1SVHZ5NB,T1,,,,,
CAN-ZG46ENBMR7,T0,,,,,
CAN-ZG46ENBMR7,T1,,,,,
CAN-3XRCPXKP9O,T0,,,,,
CAN-3XRCPXKP9O,T1,,,,,
CAN-ISR7QDBH85,T0,,,,,
CAN-ISR7QDBH85,T1,,,,,
CAN-JQ4AYZFOIY,T0,,,,,
CAN-JQ4AYZFOIY,T1,,,,,
CAN-MS4ZFJRXVR,T0,,,,,
CAN-MS4ZFJRXVR,T1,,,,,
CAN-51AZ0RM0DS,T0,,,,,
CAN-51AZ0RM0DS,T1,,,,,
CAN-ZCTACG3Z99,T0,,,,,
CAN-ZCTACG3Z99,T1,,,,,
CAN-1X2I6AM1G2,T0,,,,,
CAN-1X2I6AM1G2,T1,,,,,
CAN-WPRQG9H0XF,T0,,,,,
CAN-WPRQG9H0XF,T1,,,,,
CAN-S4935APSMP,T0,,,,,
CAN-S4935APSMP,T1,,,,,
CAN-9WN2E16WHJ,T0,,,,,
CAN-9WN2E16WHJ,T1,,,,,
CAN-ZITJ3NT7CT,T0,,,,,
CAN-ZITJ3NT7CT,T1,,,,,
CAN-4W4FGJZMTW,T0,,,,,
CAN-4W4FGJZMTW,T1,,,,,
CAN-5GK347BVAX,T0,,,,,
CAN-5GK347BVAX,T1,,,,,
CAN-GLA8FYLHLN,T0,,,,,
CAN-GLA8FYLHLN,T1,,,,,
CAN-05WZ85H52J,T0,,,,,
CAN-05WZ85H52J,T1,,,,,
CAN-WA073M0PHW,T0,,,,,
CAN-WA073M0PHW,T1,,,,,
CAN-9G9FBU7XX6,T0,,,,,
CAN-9G9FBU7XX6,T1,,,,,
CAN-6RZHIOYCXH,T0,,,,,
CAN-6RZHIOYCXH,T1,,,,,
CAN-JBP90N8YIH,T0,,,,,
CAN-JBP90N8YIH,T1,,,,,
CAN-UY20BNEO15,T0,,,,,
CAN-UY20BNEO15,T1,,,,,
CAN-JEYV06S1A3,T0,,,,,
CAN-JEYV06S1A3,T1,,,,,
CAN-8JMBTDI450,T0,,,,,
CAN-8JMBTDI450,T1,,,,,
CAN-0Z8HML8GYN,T0,,,,,
CAN-0Z8HML8GYN,T1,,,,,
CAN-VI9K3DBGQK,T0,,,,,
CAN-VI9K3DBGQK,T1,,,,,
CAN-EXBWGIZ5KG,T0,,,,,
CAN-EXBWGIZ5KG,T1,,,,,
CAN-Z38H9W4ZGC,T0,,,,,
CAN-Z38H9W4ZGC,T1,,,,,
CAN-A28JG1IY2F,T0,,,,,
CAN-A28JG1IY2F,T1,,,,,
CAN-Y007LTFYM4,T0,,,,,
CAN-Y007LTFYM4,T1,,,,,
CAN-22NVBS2LCM,T0,,,,,
CAN-22NVBS2LCM,T1,,,,,
CAN-MZLTVWWBWQ,T0,,,,,
CAN-MZLTVWWBWQ,T1,,,,,
CAN-EV8S22VNPO,T0,,,,,
CAN-EV8S22VNPO,T1,,,,,
CAN-AMSYKHL29H,T0,,,,,
CAN-AMSYKHL29H,T1,,,,,
CAN-U66ZRY9RCA,T0,,,,,
CAN-U66ZRY9RCA,T1,,,,,
CAN-G8O95G9WA9,T0,,,,,
CAN-G8O95G9WA9,T1,,,,,
CAN-B1XSIOX04L,T0,,,,,
CAN-B1XSIOX04L,T1,,,,,
CAN-X3JB8M8M40,T0,,,,,
CAN-X3JB8M8M40,T1,,,,,
CAN-0OR1Q464CA,T0,,,,,
CAN-0OR1Q464CA,T1,,,,,
CAN-7RVUCCHQH2,T0,,,,,
CAN-7RVUCCHQH2,T1,,,,,
CAN-CA2602OLHB,T0,,,,,
CAN-CA2602OLHB,T1,,,,,
CAN-YZFXRMKPZ2,T0,,,,,
CAN-YZFXRMKPZ2,T1,,,,,
CAN-2HKUPXIQJS,T0,,,,,
CAN-2HKUPXIQJS,T1,,,,,
CAN-ONVNMGGW1V,T0,,,,,
CAN-ONVNMGGW1V,T1,,,,,
CAN-IU4EWA1E3R,T0,,,,,
CAN-IU4EWA1E3R,T1,,,,,
CAN-5ESYETH5SN,T0,,,,,
CAN-5ESYETH5SN,T1,,,,,
CAN-438TASPW9P,T0,,,,,
CAN-438TASPW9P,T1,,,,,
CAN-973BHC8W2A,T0,,,,,
CAN-973BHC8W2A,T1,,,,,
CAN-TOX676WIQZ,T0,,,,,
CAN-TOX676WIQZ,T1,,,,,
CAN-VLJUACNXH2,T0,,,,,
CAN-VLJUACNXH2,T1,,,,,
CAN-FW5FP97XBQ,T0,,,,,
CAN-FW5FP97XBQ,T1,,,,,
CAN-PGFICO74QN,T0,,,,,
CAN-PGFICO74QN,T1,,,,,
CAN-0PX9WPE5AB,T0,,,,,
CAN-0PX9WPE5AB,T1,,,,,
CAN-XY38I4LIXQ,T0,,,,,
CAN-XY38I4LIXQ,T1,,,,,
CAN-LIM5QSF5GG,T0,,,,,
CAN-LIM5QSF5GG,T1,,,,,
CAN-AEPZRXR7MS,T0,,,,,
CAN-AEPZRXR7MS,T1,,,,,
CAN-1I5MPZP3P6,T0,,,,,
CAN-1I5MPZP3P6,T1,,,,,
CAN-0USPJ5Q0UJ,T0,,,,,
CAN-0USPJ5Q0UJ,T1,,,,,
CAN-MZ53LQ1ELF,T0,,,,,
CAN-MZ53LQ1ELF,T1,,,,,
CAN-RSMN84C909,T0,,,,,
CAN-RSMN84C909,T1,,,,,
CAN-XE2ZGYUCMK,T0,,,,,
CAN-XE2ZGYUCMK,T1,,,,,
CAN-7BVZNFDYQP,T0,,,,,
CAN-7BVZNFDYQP,T1,,,,,
CAN-52G2SGFN9M,T0,,,,,
CAN-52G2SGFN9M,T1,,,,,
CAN-8DDQ1EGTW7,T0,,,,,
CAN-8DDQ1EGTW7,T1,,,,,
CAN-MFGNDXRS6S,T0,,,,,
CAN-MFGNDXRS6S,T1,,,,,
CAN-K93L03TPP0,T0,,,,,
CAN-K93L03TPP0,T1,,,,,
CAN-FR70QIDHGS,T0,,,,,
CAN-FR70QIDHGS,T1,,,,,
CAN-L7HX49X084,T0,,,,,
CAN-L7HX49X084,T1,,,,,
CAN-S95DE2F28R,T0,,,,,
CAN-S95DE2F28R,T1,,,,,
CAN-1LST7LD3H7,T0,,,,,
CAN-1LST7LD3H7,T1,,,,,
CAN-ODHL8SKK6H,T0,,,,,
CAN-ODHL8SKK6H,T1,,,,,
CAN-KHV25WCCRD,T0,,,,,
CAN-KHV25WCCRD,T1,,,,,
CAN-WEDNARTCQX,T0,,,,,
CAN-WEDNARTCQX,T1,,,,,
CAN-LL2P69RWE9,T0,,,,,
CAN-LL2P69RWE9,T1,,,,,
CAN-TC0G4ZZI20,T0,,,,,
CAN-TC0G4ZZI20,T1,,,,,
CAN-F7LCL4T2WX,T0,,,,,
CAN-F7LCL4T2WX,T1,,,,,
CAN-3G2PLE2UKS,T0,,,,,
CAN-3G2PLE2UKS,T1,,,,,
CAN-RRJ7PTQE3A,T0,,,,,
CAN-RRJ7PTQE3A,T1,,,,,
CAN-LC5L51DCWO,T0,,,,,
CAN-LC5L51DCWO,T1,,,,,
CAN-J4XLSPO8U4,T0,,,,,
CAN-J4XLSPO8U4,T1,,,,,
CAN-KGBTZQ90D8,T0,,,,,
CAN-KGBTZQ90D8,T1,,,,,
CAN-3BCGD8P5GO,T0,,,,,
CAN-3BCGD8P5GO,T1,,,,,
CAN-VFP2FX1GOU,T0,,,,,
CAN-VFP2FX1GOU,T1,,,,,
CAN-7C814WL87M,T0,,,,,
CAN-7C814WL87M,T1,,,,,
CAN-97FYR0XZNI,T0,,,,,
CAN-97FYR0XZNI,T1,,,,,
CAN-7TA69LVTLN,T0,,,,,
CAN-7TA69LVTLN,T1,,,,,
CAN-CYU4NTRYZ3,T0,,,,,
CAN-CYU4NTRYZ3,T1,,,,,
CAN-OA1MTP7L3Z,T0,,,,,
CAN-OA1MTP7L3Z,T1,,,,,
CAN-3PAY0Y1JC9,T0,,,,,
CAN-3PAY0Y1JC9,T1,,,,,
CAN-4XBDCVCTLE,T0,,,,,
CAN-4XBDCVCTLE,T1,,,,,
CAN-AME6XTYWLG,T0,,,,,
CAN-AME6XTYWLG,T1,,,,,
CAN-5HK8KO5MH4,T0,,,,,
CAN-5HK8KO5MH4,T1,,,,,
CAN-BDHP6O6YY3,T0,,,,,
CAN-BDHP6O6YY3,T1,,,,,
CAN-OUL516J3LR,T0,,,,,
CAN-OUL516J3LR,T1,,,,,
CAN-KRGFZHRIS0,T0,,,,,
CAN-KRGFZHRIS0,T1,,,,,
CAN-ZFZOAZPED3,T0,,,,,
CAN-ZFZOAZPED3,T1,,,,,
CAN-VTY7FMD3KS,T0,,,,,
CAN-VTY7FMD3KS,T1,,,,,
CAN-2XJAVOZ6IE,T0,,,,,
CAN-2XJAVOZ6IE,T1,,,,,
CAN-SKU1HSOXDO,T0,,,,,
CAN-SKU1HSOXDO,T1,,,,,
CAN-OS9SNI61LU,T0,,,,,
CAN-OS9SNI61LU,T1,,,,,
CAN-7KOJQADCBX,T0,,,,,
CAN-7KOJQADCBX,T1,,,,,
CAN-XC4CDPYCSE,T0,,,,,
CAN-XC4CDPYCSE,T1,,,,,
CAN-LJ0B33PEKS,T0,,,,,
CAN-LJ0B33PEKS,T1,,,,,
CAN-EHUA5S5BSQ,T0,,,,,
CAN-EHUA5S5BSQ,T1,,,,,
CAN-L572S1J05C,T0,,,,,
CAN-L572S1J05C,T1,,,,,
CAN-Z3FLZ7M6MT,T0,,,,,
CAN-Z3FLZ7M6MT,T1,,,,,
CAN-OE9386IJ30,T0,,,,,
CAN-OE9386IJ30,T1,,,,,
CAN-APXZN9CZCI,T0,,,,,
CAN-APXZN9CZCI,T1,,,,,
CAN-ZCYX3BZTRL,T0,,,,,
CAN-ZCYX3BZTRL,T1,,,,,
CAN-BY3MX0DCVL,T0,,,,,
CAN-BY3MX0DCVL,T1,,,,,
CAN-06Y7STKB5U,T0,,,,,
CAN-06Y7STKB5U,T1,,,,,
CAN-UC0X4CF5YC,T0,,,,,
CAN-UC0X4CF5YC,T1,,,,,
CAN-3JCMAQEIUO,T0,,,,,
CAN-3JCMAQEIUO,T1,,,,,
CAN-FPOPVG4RSV,T0,,,,,
CAN-FPOPVG4RSV,T1,,,,,
CAN-F3619S1ESD,T0,,,,,
CAN-F3619S1ESD,T1,,,,,
CAN-GJPFQPC66Y,T0,,,,,
CAN-GJPFQPC66Y,T1,,,,,
CAN-NGBOHRHMQ2,T0,,,,,
CAN-NGBOHRHMQ2,T1,,,,,
CAN-5K639K22XQ,T0,,,,,
CAN-5K639K22XQ,T1,,,,,
CAN-8AW7PN0NYD,T0,,,,,
CAN-8AW7PN0NYD,T1,,,,,
CAN-TOEXEJ0CJX,T0,,,,,
CAN-TOEXEJ0CJX,T1,,,,,
CAN-3XFINJ3MZF,T0,,,,,
CAN-3XFINJ3MZF,T1,,,,,
CAN-XITRXEWB61,T0,,,,,
CAN-XITRXEWB61,T1,,,,,
CAN-BNBO3KTXRK,T0,,,,,
CAN-BNBO3KTXRK,T1,,,,,
CAN-YGLX181MYP,T0,,,,,
CAN-YGLX181MYP,T1,,,,,
CAN-OM5YG7KINQ,T0,,,,,
CAN-OM5YG7KINQ,T1,,,,,
CAN-C77Q2KCACD,T0,,,,,
CAN-C77Q2KCACD,T1,,,,,
CAN-8MG3KHERI3,T0,,,,,
CAN-8MG3KHERI3,T1,,,,,
CAN-Z5T6PHCQG9,T0,,,,,
CAN-Z5T6PHCQG9,T1,,,,,
CAN-Z5RRZJYNDW,T0,,,,,
CAN-Z5RRZJYNDW,T1,,,,,
CAN-P0SAV3VF6L,T0,,,,,
CAN-P0SAV3VF6L,T1,,,,,
CAN-VYLCQU54OM,T0,,,,,
CAN-VYLCQU54OM,T1,,,,,
CAN-Z3KO6090G4,T0,,,,,
CAN-Z3KO6090G4,T1,,,,,
CAN-1OKNY8AF63,T0,,,,,
CAN-1OKNY8AF63,T1,,,,,
CAN-I7L85SFJSC,T0,,,,,
CAN-I7L85SFJSC,T1,,,,,
CAN-XO2N637KJO,T0,,,,,
CAN-XO2N637KJO,T1,,,,,
CAN-1SDIMCM74M,T0,,,,,
CAN-1SDIMCM74M,T1,,,,,
CAN-T3B3YULNCJ,T0,,,,,
CAN-T3B3YULNCJ,T1,,,,,
CAN-HJS5G9RQ7Q,T0,,,,,
CAN-HJS5G9RQ7Q,T1,,,,,
CAN-89EIV5NHVM,T0,,,,,
CAN-89EIV5NHVM,T1,,,,,
CAN-E869A00DK6,T0,,,,,
CAN-E869A00DK6,T1,,,,,
CAN-48637U9B3Q,T0,,,,,
CAN-48637U9B3Q,T1,,,,,
CAN-MUBFJK8WDV,T0,,,,,
CAN-MUBFJK8WDV,T1,,,,,
CAN-YS70DMD4FV,T0,,,,,
CAN-YS70DMD4FV,T1,,,,,
CAN-2TZEM75DZ6,T0,,,,,
CAN-2TZEM75DZ6,T1,,,,,
CAN-6BXJY05ZVS,T0,,,,,
CAN-6BXJY05ZVS,T1,,,,,
CAN-PZVWU8D7MP,T0,,,,,
CAN-PZVWU8D7MP,T1,,,,,
CAN-NF0KS8SQ2U,T0,,,,,
CAN-NF0KS8SQ2U,T1,,,,,
CAN-XDDMGYUPVX,T0,,,,,
CAN-XDDMGYUPVX,T1,,,,,
CAN-5DIFRFLV53,T0,,,,,
CAN-5DIFRFLV53,T1,,,,,
CAN-5RY4RAH3NY,T0,,,,,
CAN-5RY4RAH3NY,T1,,,,,
CAN-1A10UATM11,T0,,,,,
CAN-1A10UATM11,T1,,,,,
CAN-LZFQL6O6HL,T0,,,,,
CAN-LZFQL6O6HL,T1,,,,,
CAN-NSMN5JQK29,T0,,,,,
CAN-NSMN5JQK29,T1,,,,,
CAN-YA1HN13F0J,T0,,,,,
CAN-YA1HN13F0J,T1,,,,,
CAN-RX8Q1JRZBS,T0,,,,,
CAN-RX8Q1JRZBS,T1,,,,,
CAN-4K35VMVRCK,T0,,,,,
CAN-4K35VMVRCK,T1,,,,,
CAN-RSEK6TJM4O,T0,,,,,
CAN-RSEK6TJM4O,T1,,,,,
CAN-CTSA9ZZFAF,T0,,,,,
CAN-CTSA9ZZFAF,T1,,,,,
CAN-EHPXLQDIEM,T0,,,,,
CAN-EHPXLQDIEM,T1,,,,,
CAN-9BZ2W6KC87,T0,,,,,
CAN-9BZ2W6KC87,T1,,,,,
CAN-UWVZ9JBLHS,T0,,,,,
CAN-UWVZ9JBLHS,T1,,,,,
CAN-EKTZFAMLEU,T0,,,,,
CAN-EKTZFAMLEU,T1,,,,,
CAN-IC793HWYC1,T0,,,,,
CAN-IC793HWYC1,T1,,,,,
CAN-YP1Q3FEL8I,T0,,,,,
CAN-YP1Q3FEL8I,T1,,,,,
CAN-WMG1DN9UWD,T0,,,,,
CAN-WMG1DN9UWD,T1,,,,,
CAN-P4KH7HY1PL,T0,,,,,
CAN-P4KH7HY1PL,T1,,,,,
CAN-GC64XYYSKN,T0,,,,,
CAN-GC64XYYSKN,T1,,,,,
CAN-3TL9SBAPLL,T0,,,,,
CAN-3TL9SBAPLL,T1,,,,,
CAN-M7W7CQF6EO,T0,,,,,
CAN-M7W7CQF6EO,T1,,,,,
CAN-42CTOXOWS4,T0,,,,,
CAN-42CTOXOWS4,T1,,,,,
CAN-RRFVJNAC54,T0,,,,,
CAN-RRFVJNAC54,T1,,,,,
CAN-MWRD4PSAQ1,T0,,,,,
CAN-MWRD4PSAQ1,T1,,,,,
CAN-B0RW8TPJNT,T0,,,,,
CAN-B0RW8TPJNT,T1,,,,,
CAN-CIPV4IHNYK,T0,,,,,
CAN-CIPV4IHNYK,T1,,,,,
CAN-C7E2HVXDMF,T0,,,,,
CAN-C7E2HVXDMF,T1,,,,,
CAN-WFNOMP38RM,T0,,,,,
CAN-WFNOMP38RM,T1,,,,,
CAN-VW2GACMW46,T0,,,,,
CAN-VW2GACMW46,T1,,,,,
CAN-WI30529DPQ,T0,,,,,
CAN-WI30529DPQ,T1,,,,,
CAN-1JSX22AJRC,T0,,,,,
CAN-1JSX22AJRC,T1,,,,,
CAN-8Q8EF4BPAI,T0,,,,,
CAN-8Q8EF4BPAI,T1,,,,,
CAN-PMXTAG4X02,T0,,,,,
CAN-PMXTAG4X02,T1,,,,,
CAN-TAHQXI5TQK,T0,,,,,
CAN-TAHQXI5TQK,T1,,,,,
CAN-4JT8PURE10,T0,,,,,
CAN-4JT8PURE10,T1,,,,,
CAN-B1SBECNSQA,T0,,,,,
CAN-B1SBECNSQA,T1,,,,,
CAN-ZAYTX35Z47,T0,,,,,
CAN-ZAYTX35Z47,T1,,,,,
CAN-6QEV4RPCT3,T0,,,,,
CAN-6QEV4RPCT3,T1,,,,,
CAN-UZ7AEBL383,T0,,,,,
CAN-UZ7AEBL383,T1,,,,,
CAN-PRNM6AHVHX,T0,,,,,
CAN-PRNM6AHVHX,T1,,,,,
CAN-NQUY86VZBX,T0,,,,,
CAN-NQUY86VZBX,T1,,,,,
CAN-KJGXGWFAQ7,T0,,,,,
CAN-KJGXGWFAQ7,T1,,,,,
CAN-9U7D7ZHGUX,T0,,,,,
CAN-9U7D7ZHGUX,T1,,,,,
CAN-LJUAAQT29R,T0,,,,,
CAN-LJUAAQT29R,T1,,,,,
CAN-HWIB80LBAS,T0,,,,,
CAN-HWIB80LBAS,T1,,,,,
CAN-C2OIJKIW5E,T0,,,,,
CAN-C2OIJKIW5E,T1,,,,,
CAN-QDDRSOGN6S,T0,,,,,
CAN-QDDRSOGN6S,T1,,,,,
CAN-T90KQ1CM46,T0,,,,,
CAN-T90KQ1CM46,T1,,,,,
CAN-JQ7YVD3PTF,T0,,,,,
CAN-JQ7YVD3PTF,T1,,,,,
CAN-KZHES42360,T0,,,,,
CAN-KZHES42360,T1,,,,,
CAN-GQJN3TQUF8,T0,,,,,
CAN-GQJN3TQUF8,T1,,,,,
CAN-77B195HY0G,T0,,,,,
CAN-77B195HY0G,T1,,,,,
CAN-SPIVW4MGST,T0,,,,,
CAN-SPIVW4MGST,T1,,,,,
CAN-24YA60VG1J,T0,,,,,
CAN-24YA60VG1J,T1,,,,,
CAN-82A1AW528U,T0,,,,,
CAN-82A1AW528U,T1,,,,,
CAN-48KA50OAUW,T0,,,,,
CAN-48KA50OAUW,T1,,,,,
CAN-03HLACH165,T0,,,,,
CAN-03HLACH165,T1,,,,,
CAN-SL25JL6OTI,T0,,,,,
CAN-SL25JL6OTI,T1,,,,,
CAN-5WSDZSLGN4,T0,,,,,
CAN-5WSDZSLGN4,T1,,,,,
CAN-KPUQAESQGF,T0,,,,,
CAN-KPUQAESQGF,T1,,,,,
CAN-9W33NAQQY9,T0,,,,,
CAN-9W33NAQQY9,T1,,,,,
CAN-I9WBDBRQPM,T0,,,,,
CAN-I9WBDBRQPM,T1,,,,,
CAN-AC8LV8OMMM,T0,,,,,
CAN-AC8LV8OMMM,T1,,,,,
CAN-TFZ3U74RPD,T0,,,,,
CAN-TFZ3U74RPD,T1,,,,,
CAN-JWXR82H1EU,T0,,,,,
CAN-JWXR82H1EU,T1,,,,,
CAN-KHFR89SU7H,T0,,,,,
CAN-KHFR89SU7H,T1,,,,,
CAN-3Y1EYFC9IO,T0,,,,,
CAN-3Y1EYFC9IO,T1,,,,,
CAN-UMGO07KNAU,T0,,,,,
CAN-UMGO07KNAU,T1,,,,,
CAN-16I2U9OJM6,T0,,,,,
CAN-16I2U9OJM6,T1,,,,,
CAN-2KM5HRG4EP,T0,,,,,
CAN-2KM5HRG4EP,T1,,,,,
CAN-M2QK613GGD,T0,,,,,
CAN-M2QK613GGD,T1,,,,,
CAN-3WYHJEF3IG,T0,,,,,
CAN-3WYHJEF3IG,T1,,,,,
CAN-NYHWAE3G57,T0,,,,,
CAN-NYHWAE3G57,T1,,,,,
CAN-YWU552FNQL,T0,,,,,
CAN-YWU552FNQL,T1,,,,,
CAN-SQBGY05QN1,T0,,,,,
CAN-SQBGY05QN1,T1,,,,,
CAN-R5IRKXZQF3,T0,,,,,
CAN-R5IRKXZQF3,T1,,,,,
CAN-GYUKEIQ52Q,T0,,,,,
CAN-GYUKEIQ52Q,T1,,,,,
CAN-DRGJN0E7PQ,T0,,,,,
CAN-DRGJN0E7PQ,T1,,,,,
CAN-692JQ1JG1Q,T0,,,,,
CAN-692JQ1JG1Q,T1,,,,,
CAN-7GX8JJ7BMA,T0,,,,,
CAN-7GX8JJ7BMA,T1,,,,,
CAN-0MGTG4LMNQ,T0,,,,,
CAN-0MGTG4LMNQ,T1,,,,,
CAN-72N27RNFP4,T0,,,,,
CAN-72N27RNFP4,T1,,,,,
CAN-11V82L0M5T,T0,,,,,
CAN-11V82L0M5T,T1,,,,,
CAN-ZIA6L0N8XI,T0,,,,,
CAN-ZIA6L0N8XI,T1,,,,,
CAN-OQ9D4JBFJJ,T0,,,,,
CAN-OQ9D4JBFJJ,T1,,,,,
CAN-KS3LAYYT7F,T0,,,,,
CAN-KS3LAYYT7F,T1,,,,,
CAN-NVTZ8JTALK,T0,,,,,
CAN-NVTZ8JTALK,T1,,,,,
CAN-M3BKWFLBV2,T0,,,,,
CAN-M3BKWFLBV2,T1,,,,,
CAN-KIE6GNCA9W,T0,,,,,
CAN-KIE6GNCA9W,T1,,,,,
CAN-D2285JYW6Q,T0,,,,,
CAN-D2285JYW6Q,T1,,,,,
CAN-1TKS98P4ZF,T0,,,,,
CAN-1TKS98P4ZF,T1,,,,,
CAN-64X45G5FJA,T0,,,,,
CAN-64X45G5FJA,T1,,,,,
CAN-D8GQ0DAPEB,T0,,,,,
CAN-D8GQ0DAPEB,T1,,,,,
CAN-HTSHVQG5S5,T0,,,,,
CAN-HTSHVQG5S5,T1,,,,,
CAN-O825R09N4C,T0,,,,,
CAN-O825R09N4C,T1,,,,,
CAN-W0MMWMI5Q9,T0,,,,,
CAN-W0MMWMI5Q9,T1,,,,,
CAN-G8L0Q952MJ,T0,,,,,
CAN-G8L0Q952MJ,T1,,,,,
CAN-5JTE8YJF92,T0,,,,,
CAN-5JTE8YJF92,T1,,,,,
CAN-4QNNYE6AC7,T0,,,,,
CAN-4QNNYE6AC7,T1,,,,,
CAN-NJLMVOPN7Q,T0,,,,,
CAN-NJLMVOPN7Q,T1,,,,,
CAN-IMIYF4UW7Q,T0,,,,,
CAN-IMIYF4UW7Q,T1,,,,,
CAN-JXO5HRMR06,T0,,,,,
CAN-JXO5HRMR06,T1,,,,,
CAN-1JSX092QV8,T0,,,,,
CAN-1JSX092QV8,T1,,,,,
CAN-OIVY062F3M,T0,,,,,
CAN-OIVY062F3M,T1,,,,,
CAN-9PY1WL7N8J,T0,,,,,
CAN-9PY1WL7N8J,T1,,,,,
CAN-SOJDWU4E5Z,T0,,,,,
CAN-SOJDWU4E5Z,T1,,,,,
CAN-GDSALI40FH,T0,,,,,
CAN-GDSALI40FH,T1,,,,,
CAN-IBTPF19S13,T0,,,,,
CAN-IBTPF19S13,T1,,,,,
CAN-XGVUSBZOZE,T0,,,,,
CAN-XGVUSBZOZE,T1,,,,,
CAN-ET4UY5NRQO,T0,,,,,
CAN-ET4UY5NRQO,T1,,,,,
CAN-N288D4OH28,T0,,,,,
CAN-N288D4OH28,T1,,,,,
CAN-XQSCW97RJG,T0,,,,,
CAN-XQSCW97RJG,T1,,,,,
CAN-TY5EHIWQ0C,T0,,,,,
CAN-TY5EHIWQ0C,T1,,,,,
CAN-IRXX4VI9P8,T0,,,,,
CAN-IRXX4VI9P8,T1,,,,,
CAN-9W4H4XKJGD,T0,,,,,
CAN-9W4H4XKJGD,T1,,,,,
CAN-QX6JKCSNT7,T0,,,,,
CAN-QX6JKCSNT7,T1,,,,,
CAN-5XKR3CISZT,T0,,,,,
CAN-5XKR3CISZT,T1,,,,,
CAN-YBRCJ6D5NF,T0,,,,,
CAN-YBRCJ6D5NF,T1,,,,,
CAN-L19QEY5ZLR,T0,,,,,
CAN-L19QEY5ZLR,T1,,,,,
CAN-1BWDE12ZJW,T0,,,,,
CAN-1BWDE12ZJW,T1,,,,,
CAN-3OV0L45KWS,T0,,,,,
CAN-3OV0L45KWS,T1,,,,,
CAN-Q04507JGD0,T0,,,,,
CAN-Q04507JGD0,T1,,,,,
CAN-20JLOEGNRY,T0,,,,,
CAN-20JLOEGNRY,T1,,,,,
CAN-XBH7T69E89,T0,,,,,
CAN-XBH7T69E89,T1,,,,,
CAN-WRRIKTSF7V,T0,,,,,
CAN-WRRIKTSF7V,T1,,,,,
CAN-AZW8LE2B91,T0,,,,,
CAN-AZW8LE2B91,T1,,,,,
CAN-77UTVB9WQ9,T0,,,,,
CAN-77UTVB9WQ9,T1,,,,,
CAN-J6WEGVTYEC,T0,,,,,
CAN-J6WEGVTYEC,T1,,,,,
CAN-2RAM3AUYFZ,T0,,,,,
CAN-2RAM3AUYFZ,T1,,,,,
CAN-EB5OA55ML6,T0,,,,,
CAN-EB5OA55ML6,T1,,,,,
CAN-TY76WB5ZOT,T0,,,,,
CAN-TY76WB5ZOT,T1,,,,,
CAN-KW8FRS1FOC,T0,,,,,
CAN-KW8FRS1FOC,T1,,,,,
CAN-QEYYHEMH67,T0,,,,,
CAN-QEYYHEMH67,T1,,,,,
CAN-E19LOTCVIF,T0,,,,,
CAN-E19LOTCVIF,T1,,,,,
CAN-9R9TMUDK7K,T0,,,,,
CAN-9R9TMUDK7K,T1,,,,,
CAN-D13FHZIV8R,T0,,,,,
CAN-D13FHZIV8R,T1,,,,,
CAN-YZKW5H5RMJ,T0,,,,,
CAN-YZKW5H5RMJ,T1,,,,,
CAN-8L913O7UT4,T0,,,,,
CAN-8L913O7UT4,T1,,,,,
CAN-7Z6TBBB5DW,T0,,,,,
CAN-7Z6TBBB5DW,T1,,,,,
CAN-8ZWPA2NH8V,T0,,,,,
CAN-8ZWPA2NH8V,T1,,,,,
CAN-NC1DX0ESNY,T0,,,,,
CAN-NC1DX0ESNY,T1,,,,,
CAN-OXKQ72L67E,T0,,,,,
CAN-OXKQ72L67E,T1,,,,,
CAN-MYFWBL13VE,T0,,,,,
CAN-MYFWBL13VE,T1,,,,,
CAN-UZDBD1I9WH,T0,,,,,
CAN-UZDBD1I9WH,T1,,,,,
CAN-HFM2ZP10KU,T0,,,,,
CAN-HFM2ZP10KU,T1,,,,,
CAN-VWFFJHGWK5,T0,,,,,
CAN-VWFFJHGWK5,T1,,,,,
CAN-780BH4YQIJ,T0,,,,,
CAN-780BH4YQIJ,T1,,,,,
CAN-AFLF4Y5PF8,T0,,,,,
CAN-AFLF4Y5PF8,T1,,,,,
CAN-KNKZ7OQMT9,T0,,,,,
CAN-KNKZ7OQMT9,T1,,,,,
CAN-MBXLB2COD4,T0,,,,,
CAN-MBXLB2COD4,T1,,,,,
CAN-9O0FN0GFPZ,T0,,,,,
CAN-9O0FN0GFPZ,T1,,,,,
CAN-WKK1BH27LZ,T0,,,,,
CAN-WKK1BH27LZ,T1,,,,,
CAN-Q8SLLRJYJF,T0,,,,,
CAN-Q8SLLRJYJF,T1,,,,,
CAN-WPGCI8SELS,T0,,,,,
CAN-WPGCI8SELS,T1,,,,,
CAN-AHAGUMWL3G,T0,,,,,
CAN-AHAGUMWL3G,T1,,,,,
CAN-GWXW0AHD7D,T0,,,,,
CAN-GWXW0AHD7D,T1,,,,,
CAN-2VOHFIVB8I,T0,,,,,
CAN-2VOHFIVB8I,T1,,,,,
CAN-3BCTCCGVWE,T0,,,,,
CAN-3BCTCCGVWE,T1,,,,,
CAN-BBHJI7FX0T,T0,,,,,
CAN-BBHJI7FX0T,T1,,,,,
CAN-FZXAJN4NOP,T0,,,,,
CAN-FZXAJN4NOP,T1,,,,,
CAN-I3JAJ3D9KU,T0,,,,,
CAN-I3JAJ3D9KU,T1,,,,,
CAN-HG7FQXLX8W,T0,,,,,
CAN-HG7FQXLX8W,T1,,,,,
CAN-SU8ESHOWMD,T0,,,,,
CAN-SU8ESHOWMD,T1,,,,,
CAN-RZ0WGODP1P,T0,,,,,
CAN-RZ0WGODP1P,T1,,,,,
CAN-JDEOZH0FV5,T0,,,,,
CAN-JDEOZH0FV5,T1,,,,,
CAN-R3EEA26ED3,T0,,,,,
CAN-R3EEA26ED3,T1,,,,,
CAN-BG0OF1CSX4,T0,,,,,
CAN-BG0OF1CSX4,T1,,,,,
CAN-EPE8JLOKR2,T0,,,,,
CAN-EPE8JLOKR2,T1,,,,,
CAN-11PJQ9UXWU,T0,,,,,
CAN-11PJQ9UXWU,T1,,,,,
CAN-SO2M5ERZZH,T0,,,,,
CAN-SO2M5ERZZH,T1,,,,,
CAN-D2PB1UKRR4,T0,,,,,
CAN-D2PB1UKRR4,T1,,,,,
CAN-6Z9S1QVTEJ,T0,,,,,
CAN-6Z9S1QVTEJ,T1,,,,,
CAN-VN4YZ559E8,T0,,,,,
CAN-VN4YZ559E8,T1,,,,,
CAN-SBEAF4W2TL,T0,,,,,
CAN-SBEAF4W2TL,T1,,,,,
CAN-J8OEAL0EVB,T0,,,,,
CAN-J8OEAL0EVB,T1,,,,,
CAN-HEHMFHMNKP,T0,,,,,
CAN-HEHMFHMNKP,T1,,,,,
CAN-8KO15P87VG,T0,,,,,
CAN-8KO15P87VG,T1,,,,,
CAN-JWYI9RDYVQ,T0,,,,,
CAN-JWYI9RDYVQ,T1,,,,,
CAN-P92EC165XE,T0,,,,,
CAN-P92EC165XE,T1,,,,,
CAN-SXC7CQRKWL,T0,,,,,
CAN-SXC7CQRKWL,T1,,,,,
CAN-YL2CUH4K6V,T0,,,,,
CAN-YL2CUH4K6V,T1,,,,,
CAN-NMQ21GF9BF,T0,,,,,
CAN-NMQ21GF9BF,T1,,,,,
CAN-T59FA1OL18,T0,,,,,
CAN-T59FA1OL18,T1,,,,,
CAN-3ZG7UQZ969,T0,,,,,
CAN-3ZG7UQZ969,T1,,,,,
CAN-A8UYLMW4LY,T0,,,,,
CAN-A8UYLMW4LY,T1,,,,,
CAN-WOS1YWL3CR,T0,,,,,
CAN-WOS1YWL3CR,T1,,,,,
CAN-XKAD9GN19B,T0,,,,,
CAN-XKAD9GN19B,T1,,,,,
CAN-YRBHIQP6R1,T0,,,,,
CAN-YRBHIQP6R1,T1,,,,,
CAN-ZI63J2E2A1,T0,,,,,
CAN-ZI63J2E2A1,T1,,,,,
CAN-I60NQOAA1E,T0,,,,,
CAN-I60NQOAA1E,T1,,,,,
CAN-0V5V0ZVUO5,T0,,,,,
CAN-0V5V0ZVUO5,T1,,,,,
CAN-AC8FUQS0OJ,T0,,,,,
CAN-AC8FUQS0OJ,T1,,,,,
CAN-I7WA5342AF,T0,,,,,
CAN-I7WA5342AF,T1,,,,,
CAN-Y5ODCJAF49,T0,,,,,
CAN-Y5ODCJAF49,T1,,,,,
CAN-1VIWCFQAJW,T0,,,,,
CAN-1VIWCFQAJW,T1,,,,,
CAN-MT6DOCMRS2,T0,,,,,
CAN-MT6DOCMRS2,T1,,,,,
CAN-I07WWHBBYW,T0,,,,,
CAN-I07WWHBBYW,T1,,,,,
CAN-ZUOGY4KE55,T0,,,,,
CAN-ZUOGY4KE55,T1,,,,,
CAN-G2QBEBMIA1,T0,,,,,
CAN-G2QBEBMIA1,T1,,,,,
CAN-HUNIB87VJZ,T0,,,,,
CAN-HUNIB87VJZ,T1,,,,,
CAN-J3UDVUSWSY,T0,,,,,
CAN-J3UDVUSWSY,T1,,,,,
CAN-ALEZV3R38C,T0,,,,,
CAN-ALEZV3R38C,T1,,,,,
CAN-LLO4NOA3Y2,T0,,,,,
CAN-LLO4NOA3Y2,T1,,,,,
CAN-ODU6AJ1OTZ,T0,,,,,
CAN-ODU6AJ1OTZ,T1,,,,,
CAN-LJ4MJ7797Q,T0,,,,,
CAN-LJ4MJ7797Q,T1,,,,,
CAN-D0G48785X3,T0,,,,,
CAN-D0G48785X3,T1,,,,,
CAN-BR686DC9B1,T0,,,,,
CAN-BR686DC9B1,T1,,,,,
CAN-A5LQV53UEH,T0,,,,,
CAN-A5LQV53UEH,T1,,,,,
CAN-DWG8KL76PB,T0,,,,,
CAN-DWG8KL76PB,T1,,,,,
CAN-IZFDKUJZW4,T0,,,,,
CAN-IZFDKUJZW4,T1,,,,,
CAN-PTQQO76HHF,T0,,,,,
CAN-PTQQO76HHF,T1,,,,,
CAN-K8V8AVEM5I,T0,,,,,
CAN-K8V8AVEM5I,T1,,,,,
CAN-C9AHAPI4BF,T0,,,,,
CAN-C9AHAPI4BF,T1,,,,,
CAN-OEBFHBPR4A,T0,,,,,
CAN-OEBFHBPR4A,T1,,,,,
CAN-1U5ETLUBW8,T0,,,,,
CAN-1U5ETLUBW8,T1,,,,,
CAN-NIWNA19UQB,T0,,,,,
CAN-NIWNA19UQB,T1,,,,,
CAN-O2XX7DV26X,T0,,,,,
CAN-O2XX7DV26X,T1,,,,,
CAN-CCJ8YU5WLD,T0,,,,,
CAN-CCJ8YU5WLD,T1,,,,,
CAN-UD42M55WJB,T0,,,,,
CAN-UD42M55WJB,T1,,,,,
CAN-ZXJ4E6VHI0,T0,,,,,
CAN-ZXJ4E6VHI0,T1,,,,,
CAN-F59S3PQJ7H,T0,,,,,
CAN-F59S3PQJ7H,T1,,,,,
CAN-YGD458JLNL,T0,,,,,
CAN-YGD458JLNL,T1,,,,,
CAN-PEQX33VORF,T0,,,,,
CAN-PEQX33VORF,T1,,,,,
CAN-DHA0ESKIFH,T0,,,,,
CAN-DHA0ESKIFH,T1,,,,,
CAN-CQ9NZDIHB1,T0,,,,,
CAN-CQ9NZDIHB1,T1,,,,,
CAN-0HNRNLR3NR,T0,,,,,
CAN-0HNRNLR3NR,T1,,,,,
CAN-4V74B337N0,T0,,,,,
CAN-4V74B337N0,T1,,,,,
CAN-SRT1JS76IA,T0,,,,,
CAN-SRT1JS76IA,T1,,,,,
CAN-8AK23N2BJ6,T0,,,,,
CAN-8AK23N2BJ6,T1,,,,,
CAN-B9QMFO69PW,T0,,,,,
CAN-B9QMFO69PW,T1,,,,,
CAN-LQMH0RVYT2,T0,,,,,
CAN-LQMH0RVYT2,T1,,,,,
CAN-SPH9UJM6PS,T0,,,,,
CAN-SPH9UJM6PS,T1,,,,,
CAN-6TBP2PZNB4,T0,,,,,
CAN-6TBP2PZNB4,T1,,,,,
CAN-BP5JA99JMK,T0,,,,,
CAN-BP5JA99JMK,T1,,,,,
CAN-98ZCM4XI3N,T0,,,,,
CAN-98ZCM4XI3N,T1,,,,,
CAN-Z4A0CZ96H9,T0,,,,,
CAN-Z4A0CZ96H9,T1,,,,,
CAN-GKD08V4N5G,T0,,,,,
CAN-GKD08V4N5G,T1,,,,,
CAN-4SMT2ZQ2JW,T0,,,,,
CAN-4SMT2ZQ2JW,T1,,,,,
CAN-ITR6UMVSVV,T0,,,,,
CAN-ITR6UMVSVV,T1,,,,,
CAN-DF6224R7Q2,T0,,,,,
CAN-DF6224R7Q2,T1,,,,,
CAN-JKYKJXDFYF,T0,,,,,
CAN-JKYKJXDFYF,T1,,,,,
CAN-JCPRWXS29O,T0,,,,,
CAN-JCPRWXS29O,T1,,,,,
CAN-Y8M2XOBK4F,T0,,,,,
CAN-Y8M2XOBK4F,T1,,,,,
CAN-9CQ4WWBJFF,T0,,,,,
CAN-9CQ4WWBJFF,T1,,,,,
CAN-ZX02O9DG4G,T0,,,,,
CAN-ZX02O9DG4G,T1,,,,,
CAN-P5YBD1YI6O,T0,,,,,
CAN-P5YBD1YI6O,T1,,,,,
CAN-L88629JBZ8,T0,,,,,
CAN-L88629JBZ8,T1,,,,,
CAN-6TABGDMOQW,T0,,,,,
CAN-6TABGDMOQW,T1,,,,,
CAN-I3TBBTYXH3,T0,,,,,
CAN-I3TBBTYXH3,T1,,,,,
CAN-9TNPOVUIA7,T0,,,,,
CAN-9TNPOVUIA7,T1,,,,,
CAN-7S7D0ZC8SS,T0,,,,,
CAN-7S7D0ZC8SS,T1,,,,,
CAN-3OTJ9PI0SH,T0,,,,,
CAN-3OTJ9PI0SH,T1,,,,,
CAN-GCRMQHSYDF,T0,,,,,
CAN-GCRMQHSYDF,T1,,,,,
CAN-J3STSPOC0G,T0,,,,,
CAN-J3STSPOC0G,T1,,,,,
CAN-D6407L27D6,T0,,,,,
CAN-D6407L27D6,T1,,,,,
CAN-JZNPLYUKLH,T0,,,,,
CAN-JZNPLYUKLH,T1,,,,,
CAN-XRPICZE815,T0,,,,,
CAN-XRPICZE815,T1,,,,,
CAN-0JSPY6TECE,T0,,,,,
CAN-0JSPY6TECE,T1,,,,,
CAN-E8Z9LKYD7D,T0,,,,,
CAN-E8Z9LKYD7D,T1,,,,,
CAN-QKX8AC5FQA,T0,,,,,
CAN-QKX8AC5FQA,T1,,,,,
CAN-SWRXZAAGIB,T0,,,,,
CAN-SWRXZAAGIB,T1,,,,,
CAN-A65RBF9BFK,T0,,,,,
CAN-A65RBF9BFK,T1,,,,,
CAN-BDBZM82WZH,T0,,,,,
CAN-BDBZM82WZH,T1,,,,,
CAN-Z84DVUXDXX,T0,,,,,
CAN-Z84DVUXDXX,T1,,,,,
CAN-2MNQJ8I51A,T0,,,,,
CAN-2MNQJ8I51A,T1,,,,,
CAN-K7YS2FP1ZX,T0,,,,,
CAN-K7YS2FP1ZX,T1,,,,,
CAN-D3LG4JU02I,T0,,,,,
CAN-D3LG4JU02I,T1,,,,,
CAN-KGXVO4LOCS,T0,,,,,
CAN-KGXVO4LOCS,T1,,,,,
CAN-B3219SG9OE,T0,,,,,
CAN-B3219SG9OE,T1,,,,,
CAN-ZDRB67YLBO,T0,,,,,
CAN-ZDRB67YLBO,T1,,,,,
CAN-X6VA704MD6,T0,,,,,
CAN-X6VA704MD6,T1,,,,,
CAN-043GAO9GU1,T0,,,,,
CAN-043GAO9GU1,T1,,,,,
CAN-2NZN8GHR7H,T0,,,,,
CAN-2NZN8GHR7H,T1,,,,,
CAN-AHWJZRCWLI,T0,,,,,
CAN-AHWJZRCWLI,T1,,,,,
CAN-7QYCK3ZYPA,T0,,,,,
CAN-7QYCK3ZYPA,T1,,,,,
CAN-L206QW5J4A,T0,,,,,
CAN-L206QW5J4A,T1,,,,,
CAN-9TBSSACZWW,T0,,,,,
CAN-9TBSSACZWW,T1,,,,,
CAN-B3W59255P6,T0,,,,,
CAN-B3W59255P6,T1,,,,,
CAN-G8RIBP44C8,T0,,,,,
CAN-G8RIBP44C8,T1,,,,,
CAN-X8RW23GGSJ,T0,,,,,
CAN-X8RW23GGSJ,T1,,,,,
CAN-NUGL0LN2M4,T0,,,,,
CAN-NUGL0LN2M4,T1,,,,,
CAN-Y3OZ9Z4AK5,T0,,,,,
CAN-Y3OZ9Z4AK5,T1,,,,,
CAN-B717E10UCZ,T0,,,,,
CAN-B717E10UCZ,T1,,,,,
CAN-URBIOEYGDN,T0,,,,,
CAN-URBIOEYGDN,T1,,,,,
CAN-YWAMRORNTT,T0,,,,,
CAN-YWAMRORNTT,T1,,,,,
CAN-LEW5KCY60Q,T0,,,,,
CAN-LEW5KCY60Q,T1,,,,,
CAN-7KLOG1LM7F,T0,,,,,
CAN-7KLOG1LM7F,T1,,,,,
CAN-8NTGGJY770,T0,,,,,
CAN-8NTGGJY770,T1,,,,,
CAN-OWNWQ0LMQ3,T0,,,,,
CAN-OWNWQ0LMQ3,T1,,,,,
CAN-SX9M4TPVGG,T0,,,,,
CAN-SX9M4TPVGG,T1,,,,,
CAN-E5ST91S08Q,T0,,,,,
CAN-E5ST91S08Q,T1,,,,,
CAN-7TIAB35DUW,T0,,,,,
CAN-7TIAB35DUW,T1,,,,,
CAN-ALMTYA4F7N,T0,,,,,
CAN-ALMTYA4F7N,T1,,,,,
CAN-5JOMVLF6OX,T0,,,,,
CAN-5JOMVLF6OX,T1,,,,,
CAN-SDAPBO6GL0,T0,,,,,
CAN-SDAPBO6GL0,T1,,,,,
CAN-Y3R8XZCKL1,T0,,,,,
CAN-Y3R8XZCKL1,T1,,,,,
CAN-FMOAM4Y5NN,T0,,,,,
CAN-FMOAM4Y5NN,T1,,,,,
CAN-SK9ZY0Y0JR,T0,,,,,
CAN-SK9ZY0Y0JR,T1,,,,,
CAN-ARNDI9V7J9,T0,,,,,
CAN-ARNDI9V7J9,T1,,,,,
CAN-EECM4V3HVE,T0,,,,,
CAN-EECM4V3HVE,T1,,,,,
CAN-GQNJZL630U,T0,,,,,
CAN-GQNJZL630U,T1,,,,,
CAN-SNKN2WEHXS,T0,,,,,
CAN-SNKN2WEHXS,T1,,,,,
CAN-2Z2I316VGO,T0,,,,,
CAN-2Z2I316VGO,T1,,,,,
CAN-D99V2N0D2F,T0,,,,,
CAN-D99V2N0D2F,T1,,,,,
CAN-Y7U1BTT6DX,T0,,,,,
CAN-Y7U1BTT6DX,T1,,,,,
CAN-CZG7GTADL4,T0,,,,,
CAN-CZG7GTADL4,T1,,,,,
CAN-DPE3XU2TR0,T0,,,,,
CAN-DPE3XU2TR0,T1,,,,,
CAN-BM8OM8VH6M,T0,,,,,
CAN-BM8OM8VH6M,T1,,,,,
CAN-R5WU2Z5JAW,T0,,,,,
CAN-R5WU2Z5JAW,T1,,,,,
CAN-3PIFDOP4A7,T0,,,,,
CAN-3PIFDOP4A7,T1,,,,,
CAN-KE13TD9Y1O,T0,,,,,
CAN-KE13TD9Y1O,T1,,,,,
CAN-VXTUOACD2L,T0,,,,,
CAN-VXTUOACD2L,T1,,,,,
CAN-1FAQ58VCTK,T0,,,,,
CAN-1FAQ58VCTK,T1,,,,,
CAN-566DG3TZ36,T0,,,,,
CAN-566DG3TZ36,T1,,,,,
CAN-4URC8EC0FG,T0,,,,,
CAN-4URC8EC0FG,T1,,,,,
CAN-ROYLUWSD4A,T0,,,,,
CAN-ROYLUWSD4A,T1,,,,,
CAN-N2VCLB68RK,T0,,,,,
CAN-N2VCLB68RK,T1,,,,,
CAN-QK5CR9MXCT,T0,,,,,
CAN-QK5CR9MXCT,T1,,,,,
CAN-BTYU19JJNM,T0,,,,,
CAN-BTYU19JJNM,T1,,,,,
CAN-THM3XMKOR8,T0,,,,,
CAN-THM3XMKOR8,T1,,,,,
CAN-8MKGS48IHJ,T0,,,,,
CAN-8MKGS48IHJ,T1,,,,,
CAN-3U8RBYK8UV,T0,,,,,
CAN-3U8RBYK8UV,T1,,,,,
CAN-BM7JI5D3II,T0,,,,,
CAN-BM7JI5D3II,T1,,,,,
CAN-F0PK9CCT7U,T0,,,,,
CAN-F0PK9CCT7U,T1,,,,,
CAN-1JF9XG4RO6,T0,,,,,
CAN-1JF9XG4RO6,T1,,,,,
CAN-MTLX6HFUYM,T0,,,,,
CAN-MTLX6HFUYM,T1,,,,,
CAN-WZMCJ5KAPI,T0,,,,,
CAN-WZMCJ5KAPI,T1,,,,,
CAN-JMUHMQ2DSP,T0,,,,,
CAN-JMUHMQ2DSP,T1,,,,,
CAN-IWY5E06BNA,T0,,,,,
CAN-IWY5E06BNA,T1,,,,,
CAN-8YK2F9G1M1,T0,,,,,
CAN-8YK2F9G1M1,T1,,,,,
CAN-HPTEIDAZ8S,T0,,,,,
CAN-HPTEIDAZ8S,T1,,,,,
CAN-HUXRWFJTYZ,T0,,,,,
CAN-HUXRWFJTYZ,T1,,,,,
CAN-2MGUW4FVVA,T0,,,,,
CAN-2MGUW4FVVA,T1,,,,,
CAN-RRY6KU6HCR,T0,,,,,
CAN-RRY6KU6HCR,T1,,,,,
CAN-I0KXM57IX9,T0,,,,,
CAN-I0KXM57IX9,T1,,,,,
CAN-XALZSJVYND,T0,,,,,
CAN-XALZSJVYND,T1,,,,,
CAN-18HFR7ZPQ5,T0,,,,,
CAN-18HFR7ZPQ5,T1,,,,,
CAN-BV60OLQKTF,T0,,,,,
CAN-BV60OLQKTF,T1,,,,,
CAN-TXT20YAXOL,T0,,,,,
CAN-TXT20YAXOL,T1,,,,,
CAN-5XAGELIMT4,T0,,,,,
CAN-5XAGELIMT4,T1,,,,,
CAN-AZHAQ7RIA1,T0,,,,,
CAN-AZHAQ7RIA1,T1,,,,,
CAN-6T3SJT09V9,T0,,,,,
CAN-6T3SJT09V9,T1,,,,,
CAN-TT3YS2Q6D9,T0,,,,,
CAN-TT3YS2Q6D9,T1,,,,,
CAN-R0CWJ30UXA,T0,,,,,
CAN-R0CWJ30UXA,T1,,,,,
CAN-REJSD0V5RE,T0,,,,,
CAN-REJSD0V5RE,T1,,,,,
CAN-D096ZPI9QC,T0,,,,,
CAN-D096ZPI9QC,T1,,,,,
CAN-LO1G75XDAT,T0,,,,,
CAN-LO1G75XDAT,T1,,,,,
CAN-PKYU2D8LZF,T0,,,,,
CAN-PKYU2D8LZF,T1,,,,,
CAN-F9URYN5RLF,T0,,,,,
CAN-F9URYN5RLF,T1,,,,,
CAN-HZO4DB6BT2,T0,,,,,
CAN-HZO4DB6BT2,T1,,,,,
CAN-6LLMDNRSV6,T0,,,,,
CAN-6LLMDNRSV6,T1,,,,,
CAN-6FIMQYD4A3,T0,,,,,
CAN-6FIMQYD4A3,T1,,,,,
CAN-S996MRZRSF,T0,,,,,
CAN-S996MRZRSF,T1,,,,,
CAN-IDP4EJ3WOH,T0,,,,,
CAN-IDP4EJ3WOH,T1,,,,,
CAN-GHNOIG5RGO,T0,,,,,
CAN-GHNOIG5RGO,T1,,,,,
CAN-G8WTTMWLKT,T0,,,,,
CAN-G8WTTMWLKT,T1,,,,,
CAN-3QNSYIMJ3P,T0,,,,,
CAN-3QNSYIMJ3P,T1,,,,,
CAN-3WD1RH1425,T0,,,,,
CAN-3WD1RH1425,T1,,,,,
CAN-OD9YVKR9EZ,T0,,,,,
CAN-OD9YVKR9EZ,T1,,,,,
CAN-WLK1YG6FW8,T0,,,,,
CAN-WLK1YG6FW8,T1,,,,,
CAN-3ZWY5H8PIL,T0,,,,,
CAN-3ZWY5H8PIL,T1,,,,,
CAN-BI6F63L10D,T0,,,,,
CAN-BI6F63L10D,T1,,,,,
CAN-FM0NBCEZPF,T0,,,,,
CAN-FM0NBCEZPF,T1,,,,,
CAN-FOAJH1LBFH,T0,,,,,
CAN-FOAJH1LBFH,T1,,,,,
CAN-37T05A8EM6,T0,,,,,
CAN-37T05A8EM6,T1,,,,,
CAN-W66ED3E5RQ,T0,,,,,
CAN-W66ED3E5RQ,T1,,,,,
CAN-MJVQ76OYDN,T0,,,,,
CAN-MJVQ76OYDN,T1,,,,,
CAN-Y6FA2FDXGW,T0,,,,,
CAN-Y6FA2FDXGW,T1,,,,,
CAN-QLWWDJ2N5W,T0,,,,,
CAN-QLWWDJ2N5W,T1,,,,,
CAN-C7XEZYK8MU,T0,,,,,
CAN-C7XEZYK8MU,T1,,,,,
CAN-874RK99O8M,T0,,,,,
CAN-874RK99O8M,T1,,,,,
CAN-0WZ3SP8MEK,T0,,,,,
CAN-0WZ3SP8MEK,T1,,,,,
CAN-OHY3SI6BYP,T0,,,,,
CAN-OHY3SI6BYP,T1,,,,,
CAN-FH9UG45PZL,T0,,,,,
CAN-FH9UG45PZL,T1,,,,,
CAN-M0YRATZ3YW,T0,,,,,
CAN-M0YRATZ3YW,T1,,,,,
CAN-BA8H1IM4T7,T0,,,,,
CAN-BA8H1IM4T7,T1,,,,,
CAN-NCB7AQIUY9,T0,,,,,
CAN-NCB7AQIUY9,T1,,,,,
CAN-A9DCWFXOG5,T0,,,,,
CAN-A9DCWFXOG5,T1,,,,,
CAN-SSULLZLRZL,T0,,,,,
CAN-SSULLZLRZL,T1,,,,,
CAN-MZICDGSLBK,T0,,,,,
CAN-MZICDGSLBK,T1,,,,,
CAN-0YPW0CVMFP,T0,,,,,
CAN-0YPW0CVMFP,T1,,,,,
CAN-STD010HJZG,T0,,,,,
CAN-STD010HJZG,T1,,,,,
CAN-N457EOO43R,T0,,,,,
CAN-N457EOO43R,T1,,,,,
CAN-1QYBRKHDEM,T0,,,,,
CAN-1QYBRKHDEM,T1,,,,,
CAN-AOBC1GL1F7,T0,,,,,
CAN-AOBC1GL1F7,T1,,,,,
CAN-IZV0TV5E0M,T0,,,,,
CAN-IZV0TV5E0M,T1,,,,,
CAN-WA1BQB4BCO,T0,,,,,
CAN-WA1BQB4BCO,T1,,,,,
CAN-SP2TN0SI9Y,T0,,,,,
CAN-SP2TN0SI9Y,T1,,,,,
CAN-NVEY0IDI4Z,T0,,,,,
CAN-NVEY0IDI4Z,T1,,,,,
CAN-0DP7AG0328,T0,,,,,
CAN-0DP7AG0328,T1,,,,,
CAN-GRR9AL74OS,T0,,,,,
CAN-GRR9AL74OS,T1,,,,,
CAN-VZAHCTWXFO,T0,,,,,
CAN-VZAHCTWXFO,T1,,,,,
CAN-L4EHNUIP58,T0,,,,,
CAN-L4EHNUIP58,T1,,,,,
CAN-5EAKBWDH1V,T0,,,,,
CAN-5EAKBWDH1V,T1,,,,,
CAN-N58QX1Z6EF,T0,,,,,
CAN-N58QX1Z6EF,T1,,,,,
CAN-O1FCWWORWP,T0,,,,,
CAN-O1FCWWORWP,T1,,,,,
CAN-I1YEJ0AP5G,T0,,,,,
CAN-I1YEJ0AP5G,T1,,,,,
CAN-BIRY1O3YE3,T0,,,,,
CAN-BIRY1O3YE3,T1,,,,,
CAN-DVYLM4SEMJ,T0,,,,,
CAN-DVYLM4SEMJ,T1,,,,,
CAN-LHD6I1NBPN,T0,,,,,
CAN-LHD6I1NBPN,T1,,,,,
CAN-Z8OE9JNAZ7,T0,,,,,
CAN-Z8OE9JNAZ7,T1,,,,,
CAN-6C5WP3F7PE,T0,,,,,
CAN-6C5WP3F7PE,T1,,,,,
CAN-CEA3XG5BH0,T0,,,,,
CAN-CEA3XG5BH0,T1,,,,,
CAN-OXYQ33GAPB,T0,,,,,
CAN-OXYQ33GAPB,T1,,,,,
CAN-TC1T8PXPFR,T0,,,,,
CAN-TC1T8PXPFR,T1,,,,,
CAN-YGH7QT4J89,T0,,,,,
CAN-YGH7QT4J89,T1,,,,,
CAN-7J315P9ZKO,T0,,,,,
CAN-7J315P9ZKO,T1,,,,,
CAN-93NEQ9932X,T0,,,,,
CAN-93NEQ9932X,T1,,,,,
CAN-ZYSRFY33O8,T0,,,,,
CAN-ZYSRFY33O8,T1,,,,,
CAN-OLTPCR91MK,T0,,,,,
CAN-OLTPCR91MK,T1,,,,,
CAN-LA2HH7SFP9,T0,,,,,
CAN-LA2HH7SFP9,T1,,,,,
CAN-PQ3XZ1BY44,T0,,,,,
CAN-PQ3XZ1BY44,T1,,,,,
CAN-A9PLTH0D5D,T0,,,,,
CAN-A9PLTH0D5D,T1,,,,,
CAN-07T3MBF5GZ,T0,,,,,
CAN-07T3MBF5GZ,T1,,,,,
CAN-5EVTIUBUXZ,T0,,,,,
CAN-5EVTIUBUXZ,T1,,,,,
CAN-JC0YHKT6S5,T0,,,,,
CAN-JC0YHKT6S5,T1,,,,,
CAN-IKA6D319BK,T0,,,,,
CAN-IKA6D319BK,T1,,,,,
CAN-QMYDM91ZUE,T0,,,,,
CAN-QMYDM91ZUE,T1,,,,,
CAN-03KCAH6WH2,T0,,,,,
CAN-03KCAH6WH2,T1,,,,,
CAN-1ZSXHIVPO2,T0,,,,,
CAN-1ZSXHIVPO2,T1,,,,,
CAN-CUJJOP600X,T0,,,,,
CAN-CUJJOP600X,T1,,,,,
CAN-PC8WX601DP,T0,,,,,
CAN-PC8WX601DP,T1,,,,,
CAN-TJCO2YMTHD,T0,,,,,
CAN-TJCO2YMTHD,T1,,,,,
CAN-SKSUYDUHIR,T0,,,,,
CAN-SKSUYDUHIR,T1,,,,,
CAN-GTN52IMBB9,T0,,,,,
CAN-GTN52IMBB9,T1,,,,,
CAN-VZZ0O4D8I2,T0,,,,,
CAN-VZZ0O4D8I2,T1,,,,,
CAN-TCMR3DELKP,T0,,,,,
CAN-TCMR3DELKP,T1,,,,,
CAN-LXPX888466,T0,,,,,
CAN-LXPX888466,T1,,,,,
CAN-TIFGOGFAJY,T0,,,,,
CAN-TIFGOGFAJY,T1,,,,,
CAN-WA87WVEG54,T0,,,,,
CAN-WA87WVEG54,T1,,,,,
CAN-TJGS4MJ8EI,T0,,,,,
CAN-TJGS4MJ8EI,T1,,,,,
CAN-Q3DNK110X8,T0,,,,,
CAN-Q3DNK110X8,T1,,,,,
CAN-MHCIA5NDTX,T0,,,,,
CAN-MHCIA5NDTX,T1,,,,,
CAN-MZCKXX9YY6,T0,,,,,
CAN-MZCKXX9YY6,T1,,,,,
CAN-2UQTNRK6NB,T0,,,,,
CAN-2UQTNRK6NB,T1,,,,,
CAN-89A26DRSR2,T0,,,,,
CAN-89A26DRSR2,T1,,,,,
CAN-E2T2CL8GT4,T0,,,,,
CAN-E2T2CL8GT4,T1,,,,,
CAN-7KE2TRGFW7,T0,,,,,
CAN-7KE2TRGFW7,T1,,,,,
CAN-675K1Z79RR,T0,,,,,
CAN-675K1Z79RR,T1,,,,,
CAN-NXBOHYSU8Y,T0,,,,,
CAN-NXBOHYSU8Y,T1,,,,,
CAN-KVWHRCE90V,T0,,,,,
CAN-KVWHRCE90V,T1,,,,,
CAN-EM5M5YW0B4,T0,,,,,
CAN-EM5M5YW0B4,T1,,,,,
CAN-H8SGQ6R0NN,T0,,,,,
CAN-H8SGQ6R0NN,T1,,,,,
CAN-KJO4RPFCQX,T0,,,,,
CAN-KJO4RPFCQX,T1,,,,,
CAN-UN95PWL3OL,T0,,,,,
CAN-UN95PWL3OL,T1,,,,,
CAN-J2Y02CD92L,T0,,,,,
CAN-J2Y02CD92L,T1,,,,,
CAN-XHDEO43GP9,T0,,,,,
CAN-XHDEO43GP9,T1,,,,,
CAN-MCWGHQIY6U,T0,,,,,
CAN-MCWGHQIY6U,T1,,,,,
CAN-9CPVU152H2,T0,,,,,
CAN-9CPVU152H2,T1,,,,,
CAN-GIM4SZBSBW,T0,,,,,
CAN-GIM4SZBSBW,T1,,,,,
CAN-KK862NV573,T0,,,,,
CAN-KK862NV573,T1,,,,,
CAN-Z4OSKD42ML,T0,,,,,
CAN-Z4OSKD42ML,T1,,,,,
CAN-UXI4D8YUGS,T0,,,,,
CAN-UXI4D8YUGS,T1,,,,,
CAN-NR4B4NA0UE,T0,,,,,
CAN-NR4B4NA0UE,T1,,,,,
CAN-PEJOK05Q5G,T0,,,,,
CAN-PEJOK05Q5G,T1,,,,,
CAN-5EJH4QCT7Q,T0,,,,,
CAN-5EJH4QCT7Q,T1,,,,,
CAN-SDYB7Q2WL9,T0,,,,,
CAN-SDYB7Q2WL9,T1,,,,,
CAN-PE14VPNSYG,T0,,,,,
CAN-PE14VPNSYG,T1,,,,,
CAN-IF3LKDA1C9,T0,,,,,
CAN-IF3LKDA1C9,T1,,,,,
CAN-6OBZAM7X00,T0,,,,,
CAN-6OBZAM7X00,T1,,,,,
CAN-2E7TDM5Z6U,T0,,,,,
CAN-2E7TDM5Z6U,T1,,,,,
CAN-2GRYOKWB4V,T0,,,,,
CAN-2GRYOKWB4V,T1,,,,,
CAN-S8M6HT1PLU,T0,,,,,
CAN-S8M6HT1PLU,T1,,,,,
CAN-3AUGEAIXCD,T0,,,,,
CAN-3AUGEAIXCD,T1,,,,,
CAN-76HX2XZR49,T0,,,,,
CAN-76HX2XZR49,T1,,,,,
CAN-0CO3VICVKY,T0,,,,,
CAN-0CO3VICVKY,T1,,,,,
CAN-X88DRLN1LN,T0,,,,,
CAN-X88DRLN1LN,T1,,,,,
CAN-KH2UL943EN,T0,,,,,
CAN-KH2UL943EN,T1,,,,,
CAN-LUNY8K47MC,T0,,,,,
CAN-LUNY8K47MC,T1,,,,,
CAN-BUCXG33GRY,T0,,,,,
CAN-BUCXG33GRY,T1,,,,,
CAN-0ZYK1UHGAJ,T0,,,,,
CAN-0ZYK1UHGAJ,T1,,,,,
CAN-7TH9A4MUDC,T0,,,,,
CAN-7TH9A4MUDC,T1,,,,,
CAN-9NSGJ34BJM,T0,,,,,
CAN-9NSGJ34BJM,T1,,,,,
CAN-SLJJFLC9NH,T0,,,,,
CAN-SLJJFLC9NH,T1,,,,,
CAN-O3UDUU7L6R,T0,,,,,
CAN-O3UDUU7L6R,T1,,,,,
CAN-6VT4WL2ZLE,T0,,,,,
CAN-6VT4WL2ZLE,T1,,,,,
CAN-C3ZSIQ6RO3,T0,,,,,
CAN-C3ZSIQ6RO3,T1,,,,,
CAN-S2EKVSK0L5,T0,,,,,
CAN-S2EKVSK0L5,T1,,,,,
CAN-WND43WOLL3,T0,,,,,
CAN-WND43WOLL3,T1,,,,,
CAN-1Z5UFA9W0V,T0,,,,,
CAN-1Z5UFA9W0V,T1,,,,,
CAN-45ZI8HI0D0,T0,,,,,
CAN-45ZI8HI0D0,T1,,,,,
CAN-Z6Z0ZJLJKV,T0,,,,,
CAN-Z6Z0ZJLJKV,T1,,,,,
CAN-J8GTFA3852,T0,,,,,
CAN-J8GTFA3852,T1,,,,,
CAN-VJN0OW7GVC,T0,,,,,
CAN-VJN0OW7GVC,T1,,,,,
CAN-JE4XWOKZY7,T0,,,,,
CAN-JE4XWOKZY7,T1,,,,,
CAN-21HLQAE2NP,T0,,,,,
CAN-21HLQAE2NP,T1,,,,,
CAN-1KD6LLG7HE,T0,,,,,
CAN-1KD6LLG7HE,T1,,,,,
CAN-MYM0HHV2MJ,T0,,,,,
CAN-MYM0HHV2MJ,T1,,,,,
CAN-TPLBI0D5N9,T0,,,,,
CAN-TPLBI0D5N9,T1,,,,,
CAN-67AOZIIJ19,T0,,,,,
CAN-67AOZIIJ19,T1,,,,,
CAN-EFB2FLI75U,T0,,,,,
CAN-EFB2FLI75U,T1,,,,,
CAN-WFHL4H38T3,T0,,,,,
CAN-WFHL4H38T3,T1,,,,,
CAN-6HJJMHE701,T0,,,,,
CAN-6HJJMHE701,T1,,,,,
CAN-DM1BIDY561,T0,,,,,
CAN-DM1BIDY561,T1,,,,,
CAN-WZXCMVUER9,T0,,,,,
CAN-WZXCMVUER9,T1,,,,,
CAN-973E37T77E,T0,,,,,
CAN-973E37T77E,T1,,,,,
CAN-7TS8E8AAP6,T0,,,,,
CAN-7TS8E8AAP6,T1,,,,,
CAN-3ID0BSI1F9,T0,,,,,
CAN-3ID0BSI1F9,T1,,,,,
CAN-SIYY8P67UB,T0,,,,,
CAN-SIYY8P67UB,T1,,,,,
CAN-F7RVTFQ1RE,T0,,,,,
CAN-F7RVTFQ1RE,T1,,,,,
CAN-TTX7P7504F,T0,,,,,
CAN-TTX7P7504F,T1,,,,,
CAN-P3DUS9EU2M,T0,,,,,
CAN-P3DUS9EU2M,T1,,,,,
CAN-QQGWWZHQPR,T0,,,,,
CAN-QQGWWZHQPR,T1,,,,,
CAN-XNEAHO8VIL,T0,,,,,
CAN-XNEAHO8VIL,T1,,,,,
CAN-UIMJGGNETW,T0,,,,,
CAN-UIMJGGNETW,T1,,,,,
CAN-68FDL9YBCA,T0,,,,,
CAN-68FDL9YBCA,T1,,,,,
CAN-BO7KEERUWA,T0,,,,,
CAN-BO7KEERUWA,T1,,,,,
CAN-ICQ823U1XH,T0,,,,,
CAN-ICQ823U1XH,T1,,,,,
CAN-8UB0X6JDH6,T0,,,,,
CAN-8UB0X6JDH6,T1,,,,,
CAN-GXRCT3IIF4,T0,,,,,
CAN-GXRCT3IIF4,T1,,,,,
CAN-K176CRVMR5,T0,,,,,
CAN-K176CRVMR5,T1,,,,,
CAN-URRYZ6NJ6K,T0,,,,,
CAN-URRYZ6NJ6K,T1,,,,,
CAN-D1E61B1K3K,T0,,,,,
CAN-D1E61B1K3K,T1,,,,,
CAN-275NYFXX3K,T0,,,,,
CAN-275NYFXX3K,T1,,,,,
CAN-OLJA3VZKHI,T0,,,,,
CAN-OLJA3VZKHI,T1,,,,,
CAN-SPIX6E3QI3,T0,,,,,
CAN-SPIX6E3QI3,T1,,,,,
CAN-3S0B4O0KY8,T0,,,,,
CAN-3S0B4O0KY8,T1,,,,,
CAN-DIJR1CIKB3,T0,,,,,
CAN-DIJR1CIKB3,T1,,,,,
CAN-WSLGZBGTLB,T0,,,,,
CAN-WSLGZBGTLB,T1,,,,,
CAN-6G47ZNS8QX,T0,,,,,
CAN-6G47ZNS8QX,T1,,,,,
CAN-CU5HNE9UTN,T0,,,,,
CAN-CU5HNE9UTN,T1,,,,,
CAN-V3SU83N6AN,T0,,,,,
CAN-V3SU83N6AN,T1,,,,,
CAN-R4LSOAWV63,T0,,,,,
CAN-R4LSOAWV63,T1,,,,,
CAN-0OB9EUIXD1,T0,,,,,
CAN-0OB9EUIXD1,T1,,,,,
CAN-90AL2KHFCE,T0,,,,,
CAN-90AL2KHFCE,T1,,,,,
CAN-0V8II6MATZ,T0,,,,,
CAN-0V8II6MATZ,T1,,,,,
CAN-BNSOYPWGY0,T0,,,,,
CAN-BNSOYPWGY0,T1,,,,,
CAN-E6W3FBS7ZO,T0,,,,,
CAN-E6W3FBS7ZO,T1,,,,,
CAN-VLCF0J1HX3,T0,,,,,
CAN-VLCF0J1HX3,T1,,,,,
CAN-IJ3HYTQR2J,T0,,,,,
CAN-IJ3HYTQR2J,T1,,,,,
CAN-JGWHNFDVE7,T0,,,,,
CAN-JGWHNFDVE7,T1,,,,,
CAN-HD7ELJ97YB,T0,,,,,
CAN-HD7ELJ97YB,T1,,,,,
CAN-15B7O89F3Y,T0,,,,,
CAN-15B7O89F3Y,T1,,,,,
CAN-SAH52XOY01,T0,,,,,
CAN-SAH52XOY01,T1,,,,,
CAN-RI5DQKJZ8P,T0,,,,,
CAN-RI5DQKJZ8P,T1,,,,,
CAN-YEPCMPUDJR,T0,,,,,
CAN-YEPCMPUDJR,T1,,,,,
CAN-3D14TVSL9U,T0,,,,,
CAN-3D14TVSL9U,T1,,,,,
CAN-CV5U1HTYR9,T0,,,,,
CAN-CV5U1HTYR9,T1,,,,,
CAN-F0BS0VOEBI,T0,,,,,
CAN-F0BS0VOEBI,T1,,,,,
CAN-Y3UHUQI924,T0,,,,,
CAN-Y3UHUQI924,T1,,,,,
CAN-WLPKL5RJQD,T0,,,,,
CAN-WLPKL5RJQD,T1,,,,,
CAN-VS0UOD88ZG,T0,,,,,
CAN-VS0UOD88ZG,T1,,,,,
CAN-YFQBL2TKPY,T0,,,,,
CAN-YFQBL2TKPY,T1,,,,,
CAN-YCXHIKWY4P,T0,,,,,
CAN-YCXHIKWY4P,T1,,,,,
CAN-VT8DFX657T,T0,,,,,
CAN-VT8DFX657T,T1,,,,,
CAN-SQX1Z1D4BG,T0,,,,,
CAN-SQX1Z1D4BG,T1,,,,,
CAN-B9J2NLJT34,T0,,,,,
CAN-B9J2NLJT34,T1,,,,,
CAN-5M62P6RDHO,T0,,,,,
CAN-5M62P6RDHO,T1,,,,,
CAN-0CDN8XY55K,T0,,,,,
CAN-0CDN8XY55K,T1,,,,,
CAN-QONQBQS9M7,T0,,,,,
CAN-QONQBQS9M7,T1,,,,,
CAN-CM04HO61OU,T0,,,,,
CAN-CM04HO61OU,T1,,,,,
CAN-EYXEV854F6,T0,,,,,
CAN-EYXEV854F6,T1,,,,,
CAN-9DW5PD8X8Z,T0,,,,,
CAN-9DW5PD8X8Z,T1,,,,,
CAN-A6YQFCCVGS,T0,,,,,
CAN-A6YQFCCVGS,T1,,,,,
CAN-S2R0EMTURC,T0,,,,,
CAN-S2R0EMTURC,T1,,,,,
CAN-B5QWXD9D6E,T0,,,,,
CAN-B5QWXD9D6E,T1,,,,,
CAN-H2U3J4RTZX,T0,,,,,
CAN-H2U3J4RTZX,T1,,,,,
CAN-2Z55LYBYD5,T0,,,,,
CAN-2Z55LYBYD5,T1,,,,,
CAN-6Q65LSWSXI,T0,,,,,
CAN-6Q65LSWSXI,T1,,,,,
CAN-71VNWHGAMK,T0,,,,,
CAN-71VNWHGAMK,T1,,,,,
CAN-ITS25G3COO,T0,,,,,
CAN-ITS25G3COO,T1,,,,,
CAN-8Z8CZ9NNA5,T0,,,,,
CAN-8Z8CZ9NNA5,T1,,,,,
CAN-NPN7IWX8Z7,T0,,,,,
CAN-NPN7IWX8Z7,T1,,,,,
CAN-BJZMCWSSHH,T0,,,,,
CAN-BJZMCWSSHH,T1,,,,,
CAN-P6W0Q9I0T9,T0,,,,,
CAN-P6W0Q9I0T9,T1,,,,,
CAN-KE3MI77U27,T0,,,,,
CAN-KE3MI77U27,T1,,,,,
CAN-DUZB5IP9NR,T0,,,,,
CAN-DUZB5IP9NR,T1,,,,,
CAN-R557LI4B4X,T0,,,,,
CAN-R557LI4B4X,T1,,,,,
CAN-3MJXF0M95C,T0,,,,,
CAN-3MJXF0M95C,T1,,,,,
CAN-W7UC8LFO70,T0,,,,,
CAN-W7UC8LFO70,T1,,,,,
CAN-R1ZMGHRYNC,T0,,,,,
CAN-R1ZMGHRYNC,T1,,,,,
CAN-LILWPXGQV9,T0,,,,,
CAN-LILWPXGQV9,T1,,,,,
CAN-G2ZUBT6IU8,T0,,,,,
CAN-G2ZUBT6IU8,T1,,,,,
CAN-EGRH9U65BQ,T0,,,,,
CAN-EGRH9U65BQ,T1,,,,,
CAN-B468E37UZ5,T0,,,,,
CAN-B468E37UZ5,T1,,,,,
CAN-LD2TERBQTG,T0,,,,,
CAN-LD2TERBQTG,T1,,,,,
CAN-AE3I274TN7,T0,,,,,
CAN-AE3I274TN7,T1,,,,,
CAN-XS4DQHYF8G,T0,,,,,
CAN-XS4DQHYF8G,T1,,,,,
CAN-VTOSGPYI7U,T0,,,,,
CAN-VTOSGPYI7U,T1,,,,,
CAN-R8LZ8L9KEI,T0,,,,,
CAN-R8LZ8L9KEI,T1,,,,,
CAN-PFT9NINRPB,T0,,,,,
CAN-PFT9NINRPB,T1,,,,,
CAN-TU2FGPZNS5,T0,,,,,
CAN-TU2FGPZNS5,T1,,,,,
CAN-1TS7TVEW6H,T0,,,,,
CAN-1TS7TVEW6H,T1,,,,,
CAN-0KR0IG76MR,T0,,,,,
CAN-0KR0IG76MR,T1,,,,,
CAN-G19V8FYK8N,T0,,,,,
CAN-G19V8FYK8N,T1,,,,,
CAN-0HKS2ZM5O2,T0,,,,,
CAN-0HKS2ZM5O2,T1,,,,,
CAN-OMVEDE79UE,T0,,,,,
CAN-OMVEDE79UE,T1,,,,,
CAN-F9DUKOODLY,T0,,,,,
CAN-F9DUKOODLY,T1,,,,,
CAN-TZSJS9K8SJ,T0,,,,,
CAN-TZSJS9K8SJ,T1,,,,,
CAN-KXY8P6U6XI,T0,,,,,
CAN-KXY8P6U6XI,T1,,,,,
CAN-5YHCM6H0X8,T0,,,,,
CAN-5YHCM6H0X8,T1,,,,,
CAN-29XKDY5SG1,T0,,,,,
CAN-29XKDY5SG1,T1,,,,,
CAN-QAYSJL2ZF7,T0,,,,,
CAN-QAYSJL2ZF7,T1,,,,,
CAN-SSSH14C57D,T0,,,,,
CAN-SSSH14C57D,T1,,,,,
CAN-RKBNBKEBVK,T0,,,,,
CAN-RKBNBKEBVK,T1,,,,,
CAN-MADBD8DGNH,T0,,,,,
CAN-MADBD8DGNH,T1,,,,,
CAN-44XBLFWGK6,T0,,,,,
CAN-44XBLFWGK6,T1,,,,,
CAN-MGUEJKH8QZ,T0,,,,,
CAN-MGUEJKH8QZ,T1,,,,,
CAN-L9QRH56C5B,T0,,,,,
CAN-L9QRH56C5B,T1,,,,,
CAN-800M2Y0DN0,T0,,,,,
CAN-800M2Y0DN0,T1,,,,,
CAN-RME4TA6DLV,T0,,,,,
CAN-RME4TA6DLV,T1,,,,,
CAN-5YM9M11BI6,T0,,,,,
CAN-5YM9M11BI6,T1,,,,,
CAN-5IRVI5SX88,T0,,,,,
CAN-5IRVI5SX88,T1,,,,,
CAN-LWDFQMAGHS,T0,,,,,
CAN-LWDFQMAGHS,T1,,,,,
CAN-P2BMVSIWSO,T0,,,,,
CAN-P2BMVSIWSO,T1,,,,,
CAN-20JBGCU6MZ,T0,,,,,
CAN-20JBGCU6MZ,T1,,,,,
CAN-K63NGRICYG,T0,,,,,
CAN-K63NGRICYG,T1,,,,,
CAN-19NBP2FWX5,T0,,,,,
CAN-19NBP2FWX5,T1,,,,,
CAN-7N3GMYVS8N,T0,,,,,
CAN-7N3GMYVS8N,T1,,,,,
CAN-122K2GVMGN,T0,,,,,
CAN-122K2GVMGN,T1,,,,,
CAN-SGFSAUCJAF,T0,,,,,
CAN-SGFSAUCJAF,T1,,,,,
CAN-GIFL9COTW7,T0,,,,,
CAN-GIFL9COTW7,T1,,,,,
CAN-YTNIVVWDCJ,T0,,,,,
CAN-YTNIVVWDCJ,T1,,,,,
CAN-6HFTGMMEIY,T0,,,,,
CAN-6HFTGMMEIY,T1,,,,,
CAN-EMR1SOMVFO,T0,,,,,
CAN-EMR1SOMVFO,T1,,,,,
CAN-WSZ2K6LRDA,T0,,,,,
CAN-WSZ2K6LRDA,T1,,,,,
CAN-I41P11GN51,T0,,,,,
CAN-I41P11GN51,T1,,,,,
CAN-Y4J544TUO9,T0,,,,,
CAN-Y4J544TUO9,T1,,,,,
CAN-16D7MCZNXR,T0,,,,,
CAN-16D7MCZNXR,T1,,,,,
CAN-KTLBHDA759,T0,,,,,
CAN-KTLBHDA759,T1,,,,,
CAN-3XTK6Y90SC,T0,,,,,
CAN-3XTK6Y90SC,T1,,,,,
CAN-38F8NJNF7X,T0,,,,,
CAN-38F8NJNF7X,T1,,,,,
CAN-ZAO8M4373C,T0,,,,,
CAN-ZAO8M4373C,T1,,,,,
CAN-3FL1MZWTTJ,T0,,,,,
CAN-3FL1MZWTTJ,T1,,,,,
CAN-80MLYR7RVX,T0,,,,,
CAN-80MLYR7RVX,T1,,,,,
CAN-DLE19Z9TIR,T0,,,,,
CAN-DLE19Z9TIR,T1,,,,,
CAN-WT7SWCYHV1,T0,,,,,
CAN-WT7SWCYHV1,T1,,,,,
CAN-LPJ5A3UUWT,T0,,,,,
CAN-LPJ5A3UUWT,T1,,,,,
CAN-I3NFAR25HL,T0,,,,,
CAN-I3NFAR25HL,T1,,,,,
CAN-2TF7R2MUHF,T0,,,,,
CAN-2TF7R2MUHF,T1,,,,,
CAN-QGQ5E70YE3,T0,,,,,
CAN-QGQ5E70YE3,T1,,,,,
CAN-UT9VDDX0F9,T0,,,,,
CAN-UT9VDDX0F9,T1,,,,,
CAN-V8LAP91WW9,T0,,,,,
CAN-V8LAP91WW9,T1,,,,,
CAN-GPTKXDIV5I,T0,,,,,
CAN-GPTKXDIV5I,T1,,,,,
CAN-QACDNHDLQN,T0,,,,,
CAN-QACDNHDLQN,T1,,,,,
CAN-443LBLZCUW,T0,,,,,
CAN-443LBLZCUW,T1,,,,,
CAN-894UFHDKCP,T0,,,,,
CAN-894UFHDKCP,T1,,,,,
CAN-F1O0R39RIQ,T0,,,,,
CAN-F1O0R39RIQ,T1,,,,,
CAN-GXV4HC3KKS,T0,,,,,
CAN-GXV4HC3KKS,T1,,,,,
CAN-DSITZ5Q31N,T0,,,,,
CAN-DSITZ5Q31N,T1,,,,,
CAN-O8ELGFL8TO,T0,,,,,
CAN-O8ELGFL8TO,T1,,,,,
CAN-8U6GFKBCCI,T0,,,,,
CAN-8U6GFKBCCI,T1,,,,,
CAN-Q66BPQ4UIO,T0,,,,,
CAN-Q66BPQ4UIO,T1,,,,,
CAN-114PEMACE4,T0,,,,,
CAN-114PEMACE4,T1,,,,,
CAN-P8CLBQU6CD,T0,,,,,
CAN-P8CLBQU6CD,T1,,,,,
CAN-0V90O573WT,T0,,,,,
CAN-0V90O573WT,T1,,,,,
CAN-VW9JWR5HQ3,T0,,,,,
CAN-VW9JWR5HQ3,T1,,,,,
CAN-XZBLZRNK7A,T0,,,,,
CAN-XZBLZRNK7A,T1,,,,,
CAN-SRDH6RYQ7H,T0,,,,,
CAN-SRDH6RYQ7H,T1,,,,,
CAN-PD46X3VPZY,T0,,,,,
CAN-PD46X3VPZY,T1,,,,,
CAN-S28M3RQCX0,T0,,,,,
CAN-S28M3RQCX0,T1,,,,,
CAN-BJDRLZYRBD,T0,,,,,
CAN-BJDRLZYRBD,T1,,,,,
CAN-Z4OA8QOB0D,T0,,,,,
CAN-Z4OA8QOB0D,T1,,,,,
CAN-792WK97QIJ,T0,,,,,
CAN-792WK97QIJ,T1,,,,,
CAN-NQI387DVQ9,T0,,,,,
CAN-NQI387DVQ9,T1,,,,,
CAN-AA2XHMZNCD,T0,,,,,
CAN-AA2XHMZNCD,T1,,,,,
CAN-IR7ZXFD0GM,T0,,,,,
CAN-IR7ZXFD0GM,T1,,,,,
CAN-LPTV3L15GI,T0,,,,,
CAN-LPTV3L15GI,T1,,,,,
CAN-9085R7AXKI,T0,,,,,
CAN-9085R7AXKI,T1,,,,,
CAN-3T1Z0LMGKV,T0,,,,,
CAN-3T1Z0LMGKV,T1,,,,,
CAN-2PDQEQPY73,T0,,,,,
CAN-2PDQEQPY73,T1,,,,,
CAN-EZY6193KTI,T0,,,,,
CAN-EZY6193KTI,T1,,,,,
CAN-NJ3QVVGT39,T0,,,,,
CAN-NJ3QVVGT39,T1,,,,,
CAN-1HDM9UGKOI,T0,,,,,
CAN-1HDM9UGKOI,T1,,,,,
CAN-99T0BUOQRX,T0,,,,,
CAN-99T0BUOQRX,T1,,,,,
CAN-VJ84N2I9ZT,T0,,,,,
CAN-VJ84N2I9ZT,T1,,,,,
CAN-NLCYAJ6E7H,T0,,,,,
CAN-NLCYAJ6E7H,T1,,,,,
CAN-ECJH6KWHL3,T0,,,,,
CAN-ECJH6KWHL3,T1,,,,,
CAN-DARZ5TSDZX,T0,,,,,
CAN-DARZ5TSDZX,T1,,,,,
CAN-XCSM3RNURG,T0,,,,,
CAN-XCSM3RNURG,T1,,,,,
CAN-LQ3CRW1T4U,T0,,,,,
CAN-LQ3CRW1T4U,T1,,,,,
CAN-2HUL4X8IOP,T0,,,,,
CAN-2HUL4X8IOP,T1,,,,,
CAN-H1XW8OP4SR,T0,,,,,
CAN-H1XW8OP4SR,T1,,,,,
CAN-7PO15HRLKD,T0,,,,,
CAN-7PO15HRLKD,T1,,,,,
CAN-H86WB9I30D,T0,,,,,
CAN-H86WB9I30D,T1,,,,,
CAN-BZ9K6F2GRD,T0,,,,,
CAN-BZ9K6F2GRD,T1,,,,,
CAN-JPGOVGOK60,T0,,,,,
CAN-JPGOVGOK60,T1,,,,,
CAN-5U0VBOZX89,T0,,,,,
CAN-5U0VBOZX89,T1,,,,,
CAN-QHGO1WJCLZ,T0,,,,,
CAN-QHGO1WJCLZ,T1,,,,,
CAN-6FOSDRA4L0,T0,,,,,
CAN-6FOSDRA4L0,T1,,,,,
CAN-6YU9VE04EV,T0,,,,,
CAN-6YU9VE04EV,T1,,,,,
CAN-8I7W3GOO6Z,T0,,,,,
CAN-8I7W3GOO6Z,T1,,,,,
CAN-4ROK1F0QRM,T0,,,,,
CAN-4ROK1F0QRM,T1,,,,,
CAN-1PH7Y42QHA,T0,,,,,
CAN-1PH7Y42QHA,T1,,,,,
CAN-ZJ8M9A7CCL,T0,,,,,
CAN-ZJ8M9A7CCL,T1,,,,,
CAN-4HO2I8NT0W,T0,,,,,
CAN-4HO2I8NT0W,T1,,,,,
CAN-AQH2O2HY9E,T0,,,,,
CAN-AQH2O2HY9E,T1,,,,,
CAN-4HOR7GA5SX,T0,,,,,
CAN-4HOR7GA5SX,T1,,,,,
CAN-BVLFG1V9O2,T0,,,,,
CAN-BVLFG1V9O2,T1,,,,,
CAN-YQK7CGEH6Q,T0,,,,,
CAN-YQK7CGEH6Q,T1,,,,,
CAN-MP9Z7GSGMY,T0,,,,,
CAN-MP9Z7GSGMY,T1,,,,,
CAN-IKJDTW1IKP,T0,,,,,
CAN-IKJDTW1IKP,T1,,,,,
CAN-BJ3V20FGN7,T0,,,,,
CAN-BJ3V20FGN7,T1,,,,,
CAN-X79LSDSRTD,T0,,,,,
CAN-X79LSDSRTD,T1,,,,,
CAN-OBTKG5S363,T0,,,,,
CAN-OBTKG5S363,T1,,,,,
CAN-EZ55TJB3WG,T0,,,,,
CAN-EZ55TJB3WG,T1,,,,,
CAN-LIUHFCTIU1,T0,,,,,
CAN-LIUHFCTIU1,T1,,,,,
CAN-72AJYAQE96,T0,,,,,
CAN-72AJYAQE96,T1,,,,,
CAN-8VZROBLZNI,T0,,,,,
CAN-8VZROBLZNI,T1,,,,,
CAN-R653VBQXM3,T0,,,,,
CAN-R653VBQXM3,T1,,,,,
CAN-13ZZJ42R09,T0,,,,,
CAN-13ZZJ42R09,T1,,,,,
CAN-PPMUPL752F,T0,,,,,
CAN-PPMUPL752F,T1,,,,,
CAN-D23L44S5BR,T0,,,,,
CAN-D23L44S5BR,T1,,,,,
CAN-MPBMBTPVC1,T0,,,,,
CAN-MPBMBTPVC1,T1,,,,,
CAN-K2JJHUYUNE,T0,,,,,
CAN-K2JJHUYUNE,T1,,,,,
CAN-HT9THSMKXJ,T0,,,,,
CAN-HT9THSMKXJ,T1,,,,,
CAN-WTWA9JZEWT,T0,,,,,
CAN-WTWA9JZEWT,T1,,,,,
CAN-XUQN3DPPKB,T0,,,,,
CAN-XUQN3DPPKB,T1,,,,,
CAN-5YT2X08SNQ,T0,,,,,
CAN-5YT2X08SNQ,T1,,,,,
CAN-HRVT84MAIH,T0,,,,,
CAN-HRVT84MAIH,T1,,,,,
CAN-0CL4DU38GF,T0,,,,,
CAN-0CL4DU38GF,T1,,,,,
CAN-OYQQBCPM4L,T0,,,,,
CAN-OYQQBCPM4L,T1,,,,,
CAN-V22DPQAI20,T0,,,,,
CAN-V22DPQAI20,T1,,,,,
CAN-O5GW1GFFO9,T0,,,,,
CAN-O5GW1GFFO9,T1,,,,,
CAN-ZQ1MCZBE8M,T0,,,,,
CAN-ZQ1MCZBE8M,T1,,,,,
CAN-8HTXCIUOCT,T0,,,,,
CAN-8HTXCIUOCT,T1,,,,,
CAN-N76N3I7B9K,T0,,,,,
CAN-N76N3I7B9K,T1,,,,,
CAN-VJQ2GRDGBD,T0,,,,,
CAN-VJQ2GRDGBD,T1,,,,,
CAN-NQ20ZF5UK4,T0,,,,,
CAN-NQ20ZF5UK4,T1,,,,,
CAN-BJTAWGZDGO,T0,,,,,
CAN-BJTAWGZDGO,T1,,,,,
CAN-79HJ0DL6NX,T0,,,,,
CAN-79HJ0DL6NX,T1,,,,,
CAN-6P1VVU3YN5,T0,,,,,
CAN-6P1VVU3YN5,T1,,,,,
CAN-VA0MG4RWGD,T0,,,,,
CAN-VA0MG4RWGD,T1,,,,,
CAN-55VYP2F8F3,T0,,,,,
CAN-55VYP2F8F3,T1,,,,,
CAN-9OR6YMOOVR,T0,,,,,
CAN-9OR6YMOOVR,T1,,,,,
CAN-60QHOARS4F,T0,,,,,
CAN-60QHOARS4F,T1,,,,,
CAN-9PJ3IIJJZZ,T0,,,,,
CAN-9PJ3IIJJZZ,T1,,,,,
CAN-SNV7Y85P1R,T0,,,,,
CAN-SNV7Y85P1R,T1,,,,,
CAN-I7C5SVJWIF,T0,,,,,
CAN-I7C5SVJWIF,T1,,,,,
CAN-P2H1UUHG4Z,T0,,,,,
CAN-P2H1UUHG4Z,T1,,,,,
CAN-HJSKW8DII3,T0,,,,,
CAN-HJSKW8DII3,T1,,,,,
CAN-0SQUYPU73B,T0,,,,,
CAN-0SQUYPU73B,T1,,,,,
CAN-UUD0S6K4WI,T0,,,,,
CAN-UUD0S6K4WI,T1,,,,,
CAN-UB1OAUIKR2,T0,,,,,
CAN-UB1OAUIKR2,T1,,,,,
CAN-9N7ZW08S41,T0,,,,,
CAN-9N7ZW08S41,T1,,,,,
CAN-EQI1DRIPBX,T0,,,,,
CAN-EQI1DRIPBX,T1,,,,,
CAN-TYX6ZSWW9G,T0,,,,,
CAN-TYX6ZSWW9G,T1,,,,,
CAN-678UL3O6RN,T0,,,,,
CAN-678UL3O6RN,T1,,,,,
CAN-XM10YE9O5D,T0,,,,,
CAN-XM10YE9O5D,T1,,,,,
CAN-3WGNGJXO6Z,T0,,,,,
CAN-3WGNGJXO6Z,T1,,,,,
CAN-1POI61XI5Y,T0,,,,,
CAN-1POI61XI5Y,T1,,,,,
CAN-MPFLJ6AUXL,T0,,,,,
CAN-MPFLJ6AUXL,T1,,,,,
CAN-XMYFV0HH4R,T0,,,,,
CAN-XMYFV0HH4R,T1,,,,,
CAN-JK1JD64IA7,T0,,,,,
CAN-JK1JD64IA7,T1,,,,,
CAN-BT4K639AT7,T0,,,,,
CAN-BT4K639AT7,T1,,,,,
CAN-6BUOJR8Q2G,T0,,,,,
CAN-6BUOJR8Q2G,T1,,,,,
CAN-WE9S33S99P,T0,,,,,
CAN-WE9S33S99P,T1,,,,,
CAN-J3A81LKH83,T0,,,,,
CAN-J3A81LKH83,T1,,,,,
CAN-ENDTS3JQXJ,T0,,,,,
CAN-ENDTS3JQXJ,T1,,,,,
CAN-KCJWCPRY9Y,T0,,,,,
CAN-KCJWCPRY9Y,T1,,,,,
CAN-73M2LRN1DW,T0,,,,,
CAN-73M2LRN1DW,T1,,,,,
CAN-7AC362YUJF,T0,,,,,
CAN-7AC362YUJF,T1,,,,,
CAN-0UBVONJFT8,T0,,,,,
CAN-0UBVONJFT8,T1,,,,,
CAN-WW3RGKKHR7,T0,,,,,
CAN-WW3RGKKHR7,T1,,,,,
CAN-68S6AJ9ZFD,T0,,,,,
CAN-68S6AJ9ZFD,T1,,,,,
CAN-EOUBV8UMH4,T0,,,,,
CAN-EOUBV8UMH4,T1,,,,,
CAN-8LHNJA717C,T0,,,,,
CAN-8LHNJA717C,T1,,,,,
CAN-MC14HCGCJ2,T0,,,,,
CAN-MC14HCGCJ2,T1,,,,,
CAN-MQ8JG2L23X,T0,,,,,
CAN-MQ8JG2L23X,T1,,,,,
CAN-TEZC5LDGEW,T0,,,,,
CAN-TEZC5LDGEW,T1,,,,,
CAN-M8MSMEE2SM,T0,,,,,
CAN-M8MSMEE2SM,T1,,,,,
CAN-RQBA312I5K,T0,,,,,
CAN-RQBA312I5K,T1,,,,,
CAN-QOZN7KIQQ3,T0,,,,,
CAN-QOZN7KIQQ3,T1,,,,,
CAN-RTP9IHT1IT,T0,,,,,
CAN-RTP9IHT1IT,T1,,,,,
CAN-CKWIMT500L,T0,,,,,
CAN-CKWIMT500L,T1,,,,,
CAN-H1A0E7SZIZ,T0,,,,,
CAN-H1A0E7SZIZ,T1,,,,,
CAN-UIIECZE2WU,T0,,,,,
CAN-UIIECZE2WU,T1,,,,,
CAN-2L1WGNE4EU,T0,,,,,
CAN-2L1WGNE4EU,T1,,,,,
CAN-KXWNRYRFZP,T0,,,,,
CAN-KXWNRYRFZP,T1,,,,,
CAN-SXQYQHWTN6,T0,,,,,
CAN-SXQYQHWTN6,T1,,,,,
CAN-6XHW4JJ0GV,T0,,,,,
CAN-6XHW4JJ0GV,T1,,,,,
CAN-48TSJ2TY3Z,T0,,,,,
CAN-48TSJ2TY3Z,T1,,,,,
CAN-UIPMVNTI7K,T0,,,,,
CAN-UIPMVNTI7K,T1,,,,,
CAN-BA2J2OCZ4N,T0,,,,,
CAN-BA2J2OCZ4N,T1,,,,,
CAN-RK9JABQQQY,T0,,,,,
CAN-RK9JABQQQY,T1,,,,,
CAN-IP2VESHPWZ,T0,,,,,
CAN-IP2VESHPWZ,T1,,,,,
CAN-T55YRNL4K4,T0,,,,,
CAN-T55YRNL4K4,T1,,,,,
CAN-SOH50TMNUO,T0,,,,,
CAN-SOH50TMNUO,T1,,,,,
CAN-DDUJ2DBB6Z,T0,,,,,
CAN-DDUJ2DBB6Z,T1,,,,,
CAN-XS95NOZWVP,T0,,,,,
CAN-XS95NOZWVP,T1,,,,,
CAN-0VL2RVHMX2,T0,,,,,
CAN-0VL2RVHMX2,T1,,,,,
CAN-4NSRVR0D37,T0,,,,,
CAN-4NSRVR0D37,T1,,,,,
CAN-OJ36PICUXW,T0,,,,,
CAN-OJ36PICUXW,T1,,,,,
CAN-OIIYV3P3U6,T0,,,,,
CAN-OIIYV3P3U6,T1,,,,,
CAN-MJ75CD4IG7,T0,,,,,
CAN-MJ75CD4IG7,T1,,,,,
CAN-7JEBWP5IPY,T0,,,,,
CAN-7JEBWP5IPY,T1,,,,,
CAN-ZMVKC63G2A,T0,,,,,
CAN-ZMVKC63G2A,T1,,,,,
CAN-SU4WYN1265,T0,,,,,
CAN-SU4WYN1265,T1,,,,,
CAN-Z9UJUWNDO5,T0,,,,,
CAN-Z9UJUWNDO5,T1,,,,,
CAN-80CU9MHZPB,T0,,,,,
CAN-80CU9MHZPB,T1,,,,,
CAN-ZCFWEJWZG8,T0,,,,,
CAN-ZCFWEJWZG8,T1,,,,,
CAN-SFU3EDJIAB,T0,,,,,
CAN-SFU3EDJIAB,T1,,,,,
CAN-K7S70RXAMG,T0,,,,,
CAN-K7S70RXAMG,T1,,,,,
CAN-WLMS7B5KKT,T0,,,,,
CAN-WLMS7B5KKT,T1,,,,,
CAN-WXYIOO91F2,T0,,,,,
CAN-WXYIOO91F2,T1,,,,,
CAN-MMMP57ZODA,T0,,,,,
CAN-MMMP57ZODA,T1,,,,,
CAN-V2DZCOUEFN,T0,,,,,
CAN-V2DZCOUEFN,T1,,,,,
CAN-3HLNEB7QBH,T0,,,,,
CAN-3HLNEB7QBH,T1,,,,,
CAN-OAOG54YAZO,T0,,,,,
CAN-OAOG54YAZO,T1,,,,,
CAN-D36XJ4ATIH,T0,,,,,
CAN-D36XJ4ATIH,T1,,,,,
CAN-D80QF3BZ8S,T0,,,,,
CAN-D80QF3BZ8S,T1,,,,,
CAN-O65F5S8OG9,T0,,,,,
CAN-O65F5S8OG9,T1,,,,,
CAN-0R7DX67WCK,T0,,,,,
CAN-0R7DX67WCK,T1,,,,,
CAN-9CK6XY89LC,T0,,,,,
CAN-9CK6XY89LC,T1,,,,,
CAN-15XFJ3TOZ2,T0,,,,,
CAN-15XFJ3TOZ2,T1,,,,,
CAN-HB7LGPITCI,T0,,,,,
CAN-HB7LGPITCI,T1,,,,,
CAN-8IRTJZOQQZ,T0,,,,,
CAN-8IRTJZOQQZ,T1,,,,,
CAN-M6EUTKWP9H,T0,,,,,
CAN-M6EUTKWP9H,T1,,,,,
CAN-5ENJ6XG2MM,T0,,,,,
CAN-5ENJ6XG2MM,T1,,,,,
CAN-YG2HPGV4KK,T0,,,,,
CAN-YG2HPGV4KK,T1,,,,,
CAN-V2OTE9QQCS,T0,,,,,
CAN-V2OTE9QQCS,T1,,,,,
CAN-XUXGJZM67U,T0,,,,,
CAN-XUXGJZM67U,T1,,,,,
CAN-BU1SL9W7FI,T0,,,,,
CAN-BU1SL9W7FI,T1,,,,,
CAN-X2KKTEFZZ0,T0,,,,,
CAN-X2KKTEFZZ0,T1,,,,,
CAN-ZG2JX910BF,T0,,,,,
CAN-ZG2JX910BF,T1,,,,,
CAN-5DWCJ6P6I7,T0,,,,,
CAN-5DWCJ6P6I7,T1,,,,,
CAN-NID9XG19Y3,T0,,,,,
CAN-NID9XG19Y3,T1,,,,,
CAN-M0ZELLCI92,T0,,,,,
CAN-M0ZELLCI92,T1,,,,,
CAN-9ZB8VOINKR,T0,,,,,
CAN-9ZB8VOINKR,T1,,,,,
CAN-LKJOD3W3MK,T0,,,,,
CAN-LKJOD3W3MK,T1,,,,,
CAN-DN49838OI2,T0,,,,,
CAN-DN49838OI2,T1,,,,,
CAN-31UV9DJM68,T0,,,,,
CAN-31UV9DJM68,T1,,,,,
CAN-R9N2CYSAZT,T0,,,,,
CAN-R9N2CYSAZT,T1,,,,,
CAN-86YS89WD1X,T0,,,,,
CAN-86YS89WD1X,T1,,,,,
CAN-0417ZTHYXF,T0,,,,,
CAN-0417ZTHYXF,T1,,,,,
CAN-H27CN2XN0N,T0,,,,,
CAN-H27CN2XN0N,T1,,,,,
CAN-ZWHT3GIO6Q,T0,,,,,
CAN-ZWHT3GIO6Q,T1,,,,,
CAN-UF80MLPR7Q,T0,,,,,
CAN-UF80MLPR7Q,T1,,,,,
CAN-CY0QAGLRZW,T0,,,,,
CAN-CY0QAGLRZW,T1,,,,,
CAN-NJS3AIEL8F,T0,,,,,
CAN-NJS3AIEL8F,T1,,,,,
CAN-LJAETPGFMO,T0,,,,,
CAN-LJAETPGFMO,T1,,,,,
CAN-5NTTXMSSJU,T0,,,,,
CAN-5NTTXMSSJU,T1,,,,,
CAN-UZXWIN2B3F,T0,,,,,
CAN-UZXWIN2B3F,T1,,,,,
CAN-0C7YXBVAGB,T0,,,,,
CAN-0C7YXBVAGB,T1,,,,,
CAN-C06GGLOZJV,T0,,,,,
CAN-C06GGLOZJV,T1,,,,,
CAN-XRK04TUNAF,T0,,,,,
CAN-XRK04TUNAF,T1,,,,,
CAN-XJMUZ34WAB,T0,,,,,
CAN-XJMUZ34WAB,T1,,,,,
CAN-NE2UAZ4OOW,T0,,,,,
CAN-NE2UAZ4OOW,T1,,,,,
CAN-A6TCKOBD4J,T0,,,,,
CAN-A6TCKOBD4J,T1,,,,,
CAN-LL6OTNZN3K,T0,,,,,
CAN-LL6OTNZN3K,T1,,,,,
CAN-DTGU0ZWEIQ,T0,,,,,
CAN-DTGU0ZWEIQ,T1,,,,,
CAN-AW4WLASJEN,T0,,,,,
CAN-AW4WLASJEN,T1,,,,,
CAN-6IKX8UQLSY,T0,,,,,
CAN-6IKX8UQLSY,T1,,,,,
CAN-3FYIGLQ652,T0,,,,,
CAN-3FYIGLQ652,T1,,,,,
CAN-ZTZTOXVC6F,T0,,,,,
CAN-ZTZTOXVC6F,T1,,,,,
CAN-T8Q7N0K90D,T0,,,,,
CAN-T8Q7N0K90D,T1,,,,,
CAN-5BE4BXT2CK,T0,,,,,
CAN-5BE4BXT2CK,T1,,,,,
CAN-L4HE35JRJD,T0,,,,,
CAN-L4HE35JRJD,T1,,,,,
CAN-TS2KHJEN0S,T0,,,,,
CAN-TS2KHJEN0S,T1,,,,,
CAN-83E9LTK14V,T0,,,,,
CAN-83E9LTK14V,T1,,,,,
CAN-ZGX5N129C9,T0,,,,,
CAN-ZGX5N129C9,T1,,,,,
CAN-TD7HMFL8XD,T0,,,,,
CAN-TD7HMFL8XD,T1,,,,,
CAN-7XZFU0QORM,T0,,,,,
CAN-7XZFU0QORM,T1,,,,,
CAN-ITLPYTWML2,T0,,,,,
CAN-ITLPYTWML2,T1,,,,,
CAN-175RL2EPBA,T0,,,,,
CAN-175RL2EPBA,T1,,,,,
CAN-UWLA0GTBVK,T0,,,,,
CAN-UWLA0GTBVK,T1,,,,,
CAN-KNFI1QC8WD,T0,,,,,
CAN-KNFI1QC8WD,T1,,,,,
CAN-9M6WOSROGO,T0,,,,,
CAN-9M6WOSROGO,T1,,,,,
CAN-3LNNK43P45,T0,,,,,
CAN-3LNNK43P45,T1,,,,,
CAN-A7LC4TTANF,T0,,,,,
CAN-A7LC4TTANF,T1,,,,,
CAN-84BPHN7P0Q,T0,,,,,
CAN-84BPHN7P0Q,T1,,,,,
CAN-OM0FM3WFHB,T0,,,,,
CAN-OM0FM3WFHB,T1,,,,,
CAN-F1A2VYHH8N,T0,,,,,
CAN-F1A2VYHH8N,T1,,,,,
CAN-ZSJALHV9SZ,T0,,,,,
CAN-ZSJALHV9SZ,T1,,,,,
CAN-AOVC6QCN8X,T0,,,,,
CAN-AOVC6QCN8X,T1,,,,,
CAN-SWC6S7B294,T0,,,,,
CAN-SWC6S7B294,T1,,,,,
CAN-W0GVW22FN3,T0,,,,,
CAN-W0GVW22FN3,T1,,,,,
CAN-4UUAFPDUMA,T0,,,,,
CAN-4UUAFPDUMA,T1,,,,,
CAN-EJY1MG9QHJ,T0,,,,,
CAN-EJY1MG9QHJ,T1,,,,,
CAN-JSJ5WQUXS6,T0,,,,,
CAN-JSJ5WQUXS6,T1,,,,,
CAN-407X1W4ZNA,T0,,,,,
CAN-407X1W4ZNA,T1,,,,,
CAN-1QFMN41TO3,T0,,,,,
CAN-1QFMN41TO3,T1,,,,,
CAN-Q3X0NWJING,T0,,,,,
CAN-Q3X0NWJING,T1,,,,,
CAN-LQZS3G33CQ,T0,,,,,
CAN-LQZS3G33CQ,T1,,,,,
CAN-DAX4RORUHG,T0,,,,,
CAN-DAX4RORUHG,T1,,,,,
CAN-8R2Y8PO0N1,T0,,,,,
CAN-8R2Y8PO0N1,T1,,,,,
CAN-JTRQX5GRT7,T0,,,,,
CAN-JTRQX5GRT7,T1,,,,,
CAN-LVUMRA3Q5H,T0,,,,,
CAN-LVUMRA3Q5H,T1,,,,,
CAN-U1H7FP8NPL,T0,,,,,
CAN-U1H7FP8NPL,T1,,,,,
CAN-Q42NF9CFS2,T0,,,,,
CAN-Q42NF9CFS2,T1,,,,,
CAN-BSTJI9FD1P,T0,,,,,
CAN-BSTJI9FD1P,T1,,,,,
CAN-VIAJZYAZ53,T0,,,,,
CAN-VIAJZYAZ53,T1,,,,,
CAN-9I03PZ1W6B,T0,,,,,
CAN-9I03PZ1W6B,T1,,,,,
CAN-BA92NJL7KP,T0,,,,,
CAN-BA92NJL7KP,T1,,,,,
CAN-P6AJTNUF1I,T0,,,,,
CAN-P6AJTNUF1I,T1,,,,,
CAN-XK8F63325Z,T0,,,,,
CAN-XK8F63325Z,T1,,,,,
CAN-3X9HKR4IM5,T0,,,,,
CAN-3X9HKR4IM5,T1,,,,,
CAN-LY0ZY5H2L9,T0,,,,,
CAN-LY0ZY5H2L9,T1,,,,,
CAN-X3XLJ6T02N,T0,,,,,
CAN-X3XLJ6T02N,T1,,,,,
CAN-WL5RYBPUC8,T0,,,,,
CAN-WL5RYBPUC8,T1,,,,,
CAN-V6WM4IWG63,T0,,,,,
CAN-V6WM4IWG63,T1,,,,,
CAN-6CQI1XK1IJ,T0,,,,,
CAN-6CQI1XK1IJ,T1,,,,,
CAN-R2GXU5NYEU,T0,,,,,
CAN-R2GXU5NYEU,T1,,,,,
CAN-JVGHFXU3I9,T0,,,,,
CAN-JVGHFXU3I9,T1,,,,,
CAN-KX2XEZ8FQR,T0,,,,,
CAN-KX2XEZ8FQR,T1,,,,,
CAN-Z4N4KT9JD8,T0,,,,,
CAN-Z4N4KT9JD8,T1,,,,,
CAN-NBULE691GP,T0,,,,,
CAN-NBULE691GP,T1,,,,,
CAN-F3WPTI2M1S,T0,,,,,
CAN-F3WPTI2M1S,T1,,,,,
CAN-AH2LBB5JG6,T0,,,,,
CAN-AH2LBB5JG6,T1,,,,,
CAN-4WOTVVPOV2,T0,,,,,
CAN-4WOTVVPOV2,T1,,,,,
CAN-A1FX2I15OU,T0,,,,,
CAN-A1FX2I15OU,T1,,,,,
CAN-81IJRBJX36,T0,,,,,
CAN-81IJRBJX36,T1,,,,,
CAN-CFCEFNYYZW,T0,,,,,
CAN-CFCEFNYYZW,T1,,,,,
CAN-ZQQP3440B7,T0,,,,,
CAN-ZQQP3440B7,T1,,,,,
CAN-GVDEPGC4C6,T0,,,,,
CAN-GVDEPGC4C6,T1,,,,,
CAN-G7TQS36QD3,T0,,,,,
CAN-G7TQS36QD3,T1,,,,,
CAN-RU61TFGERI,T0,,,,,
CAN-RU61TFGERI,T1,,,,,
CAN-G2MA8D96F5,T0,,,,,
CAN-G2MA8D96F5,T1,,,,,
CAN-X4RT81OWNX,T0,,,,,
CAN-X4RT81OWNX,T1,,,,,
CAN-IVCCY8SH9S,T0,,,,,
CAN-IVCCY8SH9S,T1,,,,,
CAN-XDM0C8JK7B,T0,,,,,
CAN-XDM0C8JK7B,T1,,,,,
CAN-DB9MOOQKJT,T0,,,,,
CAN-DB9MOOQKJT,T1,,,,,
CAN-PLJ9BHQV3M,T0,,,,,
CAN-PLJ9BHQV3M,T1,,,,,
CAN-OOQWFDEGIU,T0,,,,,
CAN-OOQWFDEGIU,T1,,,,,
CAN-HN1Q191AEW,T0,,,,,
CAN-HN1Q191AEW,T1,,,,,
CAN-L9YW74ZS18,T0,,,,,
CAN-L9YW74ZS18,T1,,,,,
CAN-WK1F3RTN0B,T0,,,,,
CAN-WK1F3RTN0B,T1,,,,,
CAN-3NCNGI1Y77,T0,,,,,
CAN-3NCNGI1Y77,T1,,,,,
CAN-0OPLVQK7KK,T0,,,,,
CAN-0OPLVQK7KK,T1,,,,,
CAN-MWIJPIMPBT,T0,,,,,
CAN-MWIJPIMPBT,T1,,,,,
CAN-8RCCOASGBX,T0,,,,,
CAN-8RCCOASGBX,T1,,,,,
CAN-EGBNQE4GLV,T0,,,,,
CAN-EGBNQE4GLV,T1,,,,,
CAN-EDG8JENCG2,T0,,,,,
CAN-EDG8JENCG2,T1,,,,,
CAN-RMU9VN1GAB,T0,,,,,
CAN-RMU9VN1GAB,T1,,,,,
CAN-BWRTH8FSUE,T0,,,,,
CAN-BWRTH8FSUE,T1,,,,,
CAN-5OP4HOFBVZ,T0,,,,,
CAN-5OP4HOFBVZ,T1,,,,,
CAN-GSVYWB40AC,T0,,,,,
CAN-GSVYWB40AC,T1,,,,,
CAN-41N7YW9AGF,T0,,,,,
CAN-41N7YW9AGF,T1,,,,,
CAN-C1MUBS0503,T0,,,,,
CAN-C1MUBS0503,T1,,,,,
CAN-8PR46JKGEA,T0,,,,,
CAN-8PR46JKGEA,T1,,,,,
CAN-SUGLIPHMTQ,T0,,,,,
CAN-SUGLIPHMTQ,T1,,,,,
CAN-GKB2TPY1QN,T0,,,,,
CAN-GKB2TPY1QN,T1,,,,,
CAN-15X4NXCRXZ,T0,,,,,
CAN-15X4NXCRXZ,T1,,,,,
CAN-SZUBTNQJ8V,T0,,,,,
CAN-SZUBTNQJ8V,T1,,,,,
CAN-UNJ7J643WO,T0,,,,,
CAN-UNJ7J643WO,T1,,,,,
CAN-U5OPDER3GD,T0,,,,,
CAN-U5OPDER3GD,T1,,,,,
CAN-GKKZ22VV82,T0,,,,,
CAN-GKKZ22VV82,T1,,,,,
CAN-VQXW1ERB8Y,T0,,,,,
CAN-VQXW1ERB8Y,T1,,,,,
CAN-P5FBGI9BIR,T0,,,,,
CAN-P5FBGI9BIR,T1,,,,,
CAN-WTSZ8AD71O,T0,,,,,
CAN-WTSZ8AD71O,T1,,,,,
CAN-W8EOZSAPU6,T0,,,,,
CAN-W8EOZSAPU6,T1,,,,,
CAN-J9B8M55318,T0,,,,,
CAN-J9B8M55318,T1,,,,,
CAN-22JRWNMRON,T0,,,,,
CAN-22JRWNMRON,T1,,,,,
CAN-HPW5Q48PT1,T0,,,,,
CAN-HPW5Q48PT1,T1,,,,,
CAN-BQN6WU40Q9,T0,,,,,
CAN-BQN6WU40Q9,T1,,,,,
CAN-PEGU3Z7RIX,T0,,,,,
CAN-PEGU3Z7RIX,T1,,,,,
CAN-OZRMLYNAK0,T0,,,,,
CAN-OZRMLYNAK0,T1,,,,,
CAN-WEFYR7W4LR,T0,,,,,
CAN-WEFYR7W4LR,T1,,,,,
CAN-FZ9Q598YRT,T0,,,,,
CAN-FZ9Q598YRT,T1,,,,,
CAN-1UE3JO8QD0,T0,,,,,
CAN-1UE3JO8QD0,T1,,,,,
CAN-GYR1OI4602,T0,,,,,
CAN-GYR1OI4602,T1,,,,,
CAN-UIDCKJCDCX,T0,,,,,
CAN-UIDCKJCDCX,T1,,,,,
CAN-OFCBICEUV4,T0,,,,,
CAN-OFCBICEUV4,T1,,,,,
CAN-YNIYNDE6U1,T0,,,,,
CAN-YNIYNDE6U1,T1,,,,,
CAN-GRH21O1IIP,T0,,,,,
CAN-GRH21O1IIP,T1,,,,,
CAN-4BNUWCH7Z8,T0,,,,,
CAN-4BNUWCH7Z8,T1,,,,,
CAN-21R2BT74Z6,T0,,,,,
CAN-21R2BT74Z6,T1,,,,,
CAN-8NTG49CU4X,T0,,,,,
CAN-8NTG49CU4X,T1,,,,,
CAN-WUV0V3DFZ1,T0,,,,,
CAN-WUV0V3DFZ1,T1,,,,,
CAN-0DD316ZHWM,T0,,,,,
CAN-0DD316ZHWM,T1,,,,,
CAN-7IMPOVF67L,T0,,,,,
CAN-7IMPOVF67L,T1,,,,,
CAN-IR78CES9MW,T0,,,,,
CAN-IR78CES9MW,T1,,,,,
CAN-JIJT45003I,T0,,,,,
CAN-JIJT45003I,T1,,,,,
CAN-G2U0GU8K8X,T0,,,,,
CAN-G2U0GU8K8X,T1,,,,,
CAN-NKDXIBRREB,T0,,,,,
CAN-NKDXIBRREB,T1,,,,,
CAN-926W3IF2NE,T0,,,,,
CAN-926W3IF2NE,T1,,,,,
CAN-MSD4ZLNHUV,T0,,,,,
CAN-MSD4ZLNHUV,T1,,,,,
CAN-KXIWKT4G4O,T0,,,,,
CAN-KXIWKT4G4O,T1,,,,,
CAN-BDCGDVOF4E,T0,,,,,
CAN-BDCGDVOF4E,T1,,,,,
CAN-N99N7DJ2B8,T0,,,,,
CAN-N99N7DJ2B8,T1,,,,,
CAN-GW9U1R52JB,T0,,,,,
CAN-GW9U1R52JB,T1,,,,,
CAN-QKMC5T2DIE,T0,,,,,
CAN-QKMC5T2DIE,T1,,,,,
CAN-G82CF2WLAD,T0,,,,,
CAN-G82CF2WLAD,T1,,,,,
CAN-Z1MS4EVFP1,T0,,,,,
CAN-Z1MS4EVFP1,T1,,,,,
CAN-QV5VOSUNUC,T0,,,,,
CAN-QV5VOSUNUC,T1,,,,,
CAN-OKNXRTNYHG,T0,,,,,
CAN-OKNXRTNYHG,T1,,,,,
CAN-19TXX6LZKJ,T0,,,,,
CAN-19TXX6LZKJ,T1,,,,,
CAN-1PZQWW2FLO,T0,,,,,
CAN-1PZQWW2FLO,T1,,,,,
CAN-SDABBSQZNH,T0,,,,,
CAN-SDABBSQZNH,T1,,,,,
CAN-122U7CUXU1,T0,,,,,
CAN-122U7CUXU1,T1,,,,,
CAN-E0AM8712V4,T0,,,,,
CAN-E0AM8712V4,T1,,,,,
CAN-KKZ5GWLIVY,T0,,,,,
CAN-KKZ5GWLIVY,T1,,,,,
CAN-5O16ITW61J,T0,,,,,
CAN-5O16ITW61J,T1,,,,,
CAN-RJLVU7G83P,T0,,,,,
CAN-RJLVU7G83P,T1,,,,,
CAN-ONTP1K83FH,T0,,,,,
CAN-ONTP1K83FH,T1,,,,,
CAN-CR2AKDR250,T0,,,,,
CAN-CR2AKDR250,T1,,,,,
CAN-O3QAQJH1A9,T0,,,,,
CAN-O3QAQJH1A9,T1,,,,,
CAN-VNWX8OEBF8,T0,,,,,
CAN-VNWX8OEBF8,T1,,,,,
CAN-ZW9FUG9JH8,T0,,,,,
CAN-ZW9FUG9JH8,T1,,,,,
CAN-WFJ09RZMHL,T0,,,,,
CAN-WFJ09RZMHL,T1,,,,,
CAN-K25HU8PTQ6,T0,,,,,
CAN-K25HU8PTQ6,T1,,,,,
CAN-9B47WK3WGY,T0,,,,,
CAN-9B47WK3WGY,T1,,,,,
CAN-LYOAVZ5JWS,T0,,,,,
CAN-LYOAVZ5JWS,T1,,,,,
CAN-8L1UNISPEW,T0,,,,,
CAN-8L1UNISPEW,T1,,,,,
CAN-ZTRR6GPU98,T0,,,,,
CAN-ZTRR6GPU98,T1,,,,,
CAN-WFYE86E9MI,T0,,,,,
CAN-WFYE86E9MI,T1,,,,,
CAN-XWEB67PX4U,T0,,,,,
CAN-XWEB67PX4U,T1,,,,,
CAN-CSKPVQOGQX,T0,,,,,
CAN-CSKPVQOGQX,T1,,,,,
CAN-4GFX27M0Z0,T0,,,,,
CAN-4GFX27M0Z0,T1,,,,,
CAN-F55OSBYIOD,T0,,,,,
CAN-F55OSBYIOD,T1,,,,,
CAN-ZR1Y1PDHJW,T0,,,,,
CAN-ZR1Y1PDHJW,T1,,,,,
CAN-KGPVZGTV1O,T0,,,,,
CAN-KGPVZGTV1O,T1,,,,,
CAN-O8L361ALXI,T0,,,,,
CAN-O8L361ALXI,T1,,,,,
CAN-FODQUFYZCY,T0,,,,,
CAN-FODQUFYZCY,T1,,,,,
CAN-RURU99HI7B,T0,,,,,
CAN-RURU99HI7B,T1,,,,,
CAN-DV79DNXRZF,T0,,,,,
CAN-DV79DNXRZF,T1,,,,,
CAN-CKKT7GK32Z,T0,,,,,
CAN-CKKT7GK32Z,T1,,,,,
CAN-7NV4K0T5FI,T0,,,,,
CAN-7NV4K0T5FI,T1,,,,,
CAN-Y10818467B,T0,,,,,
CAN-Y10818467B,T1,,,,,
CAN-BI56NCZHPB,T0,,,,,
CAN-BI56NCZHPB,T1,,,,,
CAN-KCSSKM5TU0,T0,,,,,
CAN-KCSSKM5TU0,T1,,,,,
CAN-6Z75LNWOM2,T0,,,,,
CAN-6Z75LNWOM2,T1,,,,,
CAN-CM4GE0WWPM,T0,,,,,
CAN-CM4GE0WWPM,T1,,,,,
CAN-YIXRG21ON2,T0,,,,,
CAN-YIXRG21ON2,T1,,,,,
CAN-QBWG1IFG2A,T0,,,,,
CAN-QBWG1IFG2A,T1,,,,,
CAN-0D8N2OQMQX,T0,,,,,
CAN-0D8N2OQMQX,T1,,,,,
CAN-I2B93I1V5N,T0,,,,,
CAN-I2B93I1V5N,T1,,,,,
CAN-I0CY8U778I,T0,,,,,
CAN-I0CY8U778I,T1,,,,,
CAN-2MOOV8JJN4,T0,,,,,
CAN-2MOOV8JJN4,T1,,,,,
CAN-9JZSBE54B9,T0,,,,,
CAN-9JZSBE54B9,T1,,,,,
CAN-QC9RQONUTF,T0,,,,,
CAN-QC9RQONUTF,T1,,,,,
CAN-FF9XWZ43IE,T0,,,,,
CAN-FF9XWZ43IE,T1,,,,,
CAN-XXSXUKMHZ5,T0,,,,,
CAN-XXSXUKMHZ5,T1,,,,,
CAN-HMPYE9851G,T0,,,,,
CAN-HMPYE9851G,T1,,,,,
CAN-GBK1QG196L,T0,,,,,
CAN-GBK1QG196L,T1,,,,,
CAN-MDT600E24L,T0,,,,,
CAN-MDT600E24L,T1,,,,,
CAN-I77MY7B1GP,T0,,,,,
CAN-I77MY7B1GP,T1,,,,,
CAN-AYLWJWLJOJ,T0,,,,,
CAN-AYLWJWLJOJ,T1,,,,,
CAN-14CNNWZZM6,T0,,,,,
CAN-14CNNWZZM6,T1,,,,,
CAN-0HLR3AM64F,T0,,,,,
CAN-0HLR3AM64F,T1,,,,,
CAN-JBIAVF9SBB,T0,,,,,
CAN-JBIAVF9SBB,T1,,,,,
CAN-L24U7SEHLX,T0,,,,,
CAN-L24U7SEHLX,T1,,,,,
CAN-A9FH0FPYR5,T0,,,,,
CAN-A9FH0FPYR5,T1,,,,,
CAN-4H7VAWPCOK,T0,,,,,
CAN-4H7VAWPCOK,T1,,,,,
CAN-C1Q38ANAAJ,T0,,,,,
CAN-C1Q38ANAAJ,T1,,,,,
CAN-LZR23IDJX4,T0,,,,,
CAN-LZR23IDJX4,T1,,,,,
CAN-UVIP1G48SC,T0,,,,,
CAN-UVIP1G48SC,T1,,,,,
CAN-VHZRHCLLFO,T0,,,,,
CAN-VHZRHCLLFO,T1,,,,,
CAN-A84QLFP5DG,T0,,,,,
CAN-A84QLFP5DG,T1,,,,,
CAN-WJGPPMKS58,T0,,,,,
CAN-WJGPPMKS58,T1,,,,,
CAN-HZIX1XR39P,T0,,,,,
CAN-HZIX1XR39P,T1,,,,,
CAN-IYAF1LFG7T,T0,,,,,
CAN-IYAF1LFG7T,T1,,,,,
CAN-O0KEWS0JMW,T0,,,,,
CAN-O0KEWS0JMW,T1,,,,,
CAN-EUEX7N48S9,T0,,,,,
CAN-EUEX7N48S9,T1,,,,,
CAN-VSGH59KLG0,T0,,,,,
CAN-VSGH59KLG0,T1,,,,,
CAN-JI1TXP9BGD,T0,,,,,
CAN-JI1TXP9BGD,T1,,,,,
CAN-C7Z4ZI3O9D,T0,,,,,
CAN-C7Z4ZI3O9D,T1,,,,,
CAN-HEF61MDCNS,T0,,,,,
CAN-HEF61MDCNS,T1,,,,,
CAN-BXDFNUOA3Q,T0,,,,,
CAN-BXDFNUOA3Q,T1,,,,,
CAN-E8JFXY6ALO,T0,,,,,
CAN-E8JFXY6ALO,T1,,,,,
CAN-O9963ZZZSR,T0,,,,,
CAN-O9963ZZZSR,T1,,,,,
CAN-CC39IIAQMT,T0,,,,,
CAN-CC39IIAQMT,T1,,,,,
CAN-I0DRE883WX,T0,,,,,
CAN-I0DRE883WX,T1,,,,,
CAN-NJNEXNMVJY,T0,,,,,
CAN-NJNEXNMVJY,T1,,,,,
CAN-4Z4AX2IBNL,T0,,,,,
CAN-4Z4AX2IBNL,T1,,,,,
CAN-1VJ8PJDJYL,T0,,,,,
CAN-1VJ8PJDJYL,T1,,,,,
CAN-6E7Y035T33,T0,,,,,
CAN-6E7Y035T33,T1,,,,,
CAN-XOYE2SQHH7,T0,,,,,
CAN-XOYE2SQHH7,T1,,,,,
CAN-5PWJUSHEQA,T0,,,,,
CAN-5PWJUSHEQA,T1,,,,,
CAN-KB7D57JUNQ,T0,,,,,
CAN-KB7D57JUNQ,T1,,,,,
CAN-JKJMNMIJ28,T0,,,,,
CAN-JKJMNMIJ28,T1,,,,,
CAN-8NA4MP11TS,T0,,,,,
CAN-8NA4MP11TS,T1,,,,,
CAN-AZ1I06FJD8,T0,,,,,
CAN-AZ1I06FJD8,T1,,,,,
CAN-FBGEQLSR6I,T0,,,,,
CAN-FBGEQLSR6I,T1,,,,,
CAN-JBN49XWYLR,T0,,,,,
CAN-JBN49XWYLR,T1,,,,,
CAN-4DDQ97DK0A,T0,,,,,
CAN-4DDQ97DK0A,T1,,,,,
CAN-URSZQ19Y53,T0,,,,,
CAN-URSZQ19Y53,T1,,,,,
CAN-TL8RQS02BO,T0,,,,,
CAN-TL8RQS02BO,T1,,,,,
CAN-IY3215AYMQ,T0,,,,,
CAN-IY3215AYMQ,T1,,,,,
CAN-HPVT625R3Q,T0,,,,,
CAN-HPVT625R3Q,T1,,,,,
CAN-2KBDNFBC4G,T0,,,,,
CAN-2KBDNFBC4G,T1,,,,,
CAN-HM81BXC2N3,T0,,,,,
CAN-HM81BXC2N3,T1,,,,,
CAN-4BT0Q44H90,T0,,,,,
CAN-4BT0Q44H90,T1,,,,,
CAN-FEJBIAG4CV,T0,,,,,
CAN-FEJBIAG4CV,T1,,,,,
CAN-KU7M8IZ8F7,T0,,,,,
CAN-KU7M8IZ8F7,T1,,,,,
CAN-M1C3NR6PHB,T0,,,,,
CAN-M1C3NR6PHB,T1,,,,,
CAN-2J556D49V3,T0,,,,,
CAN-2J556D49V3,T1,,,,,
CAN-C3PMFLGFTL,T0,,,,,
CAN-C3PMFLGFTL,T1,,,,,
CAN-BGXR5G4N31,T0,,,,,
CAN-BGXR5G4N31,T1,,,,,
CAN-6U7GSGUBDT,T0,,,,,
CAN-6U7GSGUBDT,T1,,,,,
CAN-HYOZPANB0H,T0,,,,,
CAN-HYOZPANB0H,T1,,,,,
CAN-U8U4B2HRGX,T0,,,,,
CAN-U8U4B2HRGX,T1,,,,,
CAN-KMTWKXLZZ1,T0,,,,,
CAN-KMTWKXLZZ1,T1,,,,,
CAN-J4H3HYSW7L,T0,,,,,
CAN-J4H3HYSW7L,T1,,,,,
CAN-WQT8QLOVT1,T0,,,,,
CAN-WQT8QLOVT1,T1,,,,,
CAN-IRZP2JB50W,T0,,,,,
CAN-IRZP2JB50W,T1,,,,,
CAN-YMPEBW6SLD,T0,,,,,
CAN-YMPEBW6SLD,T1,,,,,
CAN-X0LS88FDV1,T0,,,,,
CAN-X0LS88FDV1,T1,,,,,
CAN-J706NTUHMA,T0,,,,,
CAN-J706NTUHMA,T1,,,,,
CAN-LRTVD916VJ,T0,,,,,
CAN-LRTVD916VJ,T1,,,,,
CAN-F7VO3HLLD8,T0,,,,,
CAN-F7VO3HLLD8,T1,,,,,
CAN-I6DGSK7535,T0,,,,,
CAN-I6DGSK7535,T1,,,,,
CAN-AVX1E5N7UW,T0,,,,,
CAN-AVX1E5N7UW,T1,,,,,
CAN-FFQ3BBMWHD,T0,,,,,
CAN-FFQ3BBMWHD,T1,,,,,
CAN-QM71SGDM4I,T0,,,,,
CAN-QM71SGDM4I,T1,,,,,
CAN-JM755AGYPJ,T0,,,,,
CAN-JM755AGYPJ,T1,,,,,
CAN-HQPG2J78F8,T0,,,,,
CAN-HQPG2J78F8,T1,,,,,
CAN-SWJB0H77UK,T0,,,,,
CAN-SWJB0H77UK,T1,,,,,
CAN-NDP7H63A1W,T0,,,,,
CAN-NDP7H63A1W,T1,,,,,
CAN-C3T35UFDN6,T0,,,,,
CAN-C3T35UFDN6,T1,,,,,
CAN-5RDQAIXXVR,T0,,,,,
CAN-5RDQAIXXVR,T1,,,,,
CAN-CY662QNRUJ,T0,,,,,
CAN-CY662QNRUJ,T1,,,,,
CAN-PH7QL80663,T0,,,,,
CAN-PH7QL80663,T1,,,,,
CAN-VEKIGE4921,T0,,,,,
CAN-VEKIGE4921,T1,,,,,
CAN-XKFHRBRTXM,T0,,,,,
CAN-XKFHRBRTXM,T1,,,,,
CAN-AWDY5JCH5O,T0,,,,,
CAN-AWDY5JCH5O,T1,,,,,
CAN-TZL5JMLPN4,T0,,,,,
CAN-TZL5JMLPN4,T1,,,,,
CAN-702PDNVMXO,T0,,,,,
CAN-702PDNVMXO,T1,,,,,
CAN-5GF8VWM2HR,T0,,,,,
CAN-5GF8VWM2HR,T1,,,,,
CAN-NZPTZOM899,T0,,,,,
CAN-NZPTZOM899,T1,,,,,
CAN-9EFQ64FUOV,T0,,,,,
CAN-9EFQ64FUOV,T1,,,,,
CAN-2SX9SB631X,T0,,,,,
CAN-2SX9SB631X,T1,,,,,
CAN-GAMASVQLPM,T0,,,,,
CAN-GAMASVQLPM,T1,,,,,
CAN-NLQKAQ6W9P,T0,,,,,
CAN-NLQKAQ6W9P,T1,,,,,
CAN-4D5G5W2L8G,T0,,,,,
CAN-4D5G5W2L8G,T1,,,,,
CAN-A77B164O3I,T0,,,,,
CAN-A77B164O3I,T1,,,,,
CAN-D7F9PTN2YM,T0,,,,,
CAN-D7F9PTN2YM,T1,,,,,
CAN-32XUZJ5PGL,T0,,,,,
CAN-32XUZJ5PGL,T1,,,,,
CAN-87RL1T2DE9,T0,,,,,
CAN-87RL1T2DE9,T1,,,,,
CAN-TORPSDB4KK,T0,,,,,
CAN-TORPSDB4KK,T1,,,,,
CAN-O2JWPLZ1BD,T0,,,,,
CAN-O2JWPLZ1BD,T1,,,,,
CAN-Z049SHQP4D,T0,,,,,
CAN-Z049SHQP4D,T1,,,,,
CAN-W9CNY6N5YU,T0,,,,,
CAN-W9CNY6N5YU,T1,,,,,
CAN-J417Y77VD0,T0,,,,,
CAN-J417Y77VD0,T1,,,,,
CAN-4S4SCR17PX,T0,,,,,
CAN-4S4SCR17PX,T1,,,,,
CAN-SUYHF6WGMW,T0,,,,,
CAN-SUYHF6WGMW,T1,,,,,
CAN-OQ1MDYHJ4D,T0,,,,,
CAN-OQ1MDYHJ4D,T1,,,,,
CAN-PGQFWYCHOB,T0,,,,,
CAN-PGQFWYCHOB,T1,,,,,
CAN-RPLCWP59Q5,T0,,,,,
CAN-RPLCWP59Q5,T1,,,,,
CAN-PXU78PNTOL,T0,,,,,
CAN-PXU78PNTOL,T1,,,,,
CAN-AQF3VNS12D,T0,,,,,
CAN-AQF3VNS12D,T1,,,,,
CAN-LW4C0CPP1H,T0,,,,,
CAN-LW4C0CPP1H,T1,,,,,
CAN-4P9VVUKRAI,T0,,,,,
CAN-4P9VVUKRAI,T1,,,,,
CAN-W7XFSD0EAC,T0,,,,,
CAN-W7XFSD0EAC,T1,,,,,
CAN-MCHNC9ULDS,T0,,,,,
CAN-MCHNC9ULDS,T1,,,,,
CAN-5VR1TR0W0M,T0,,,,,
CAN-5VR1TR0W0M,T1,,,,,
CAN-I1YNM9I4CT,T0,,,,,
CAN-I1YNM9I4CT,T1,,,,,
CAN-1GKJ4H5XS7,T0,,,,,
CAN-1GKJ4H5XS7,T1,,,,,
CAN-QGZFA636R5,T0,,,,,
CAN-QGZFA636R5,T1,,,,,
CAN-L89K1NGO6P,T0,,,,,
CAN-L89K1NGO6P,T1,,,,,
CAN-3GOA7XH9SK,T0,,,,,
CAN-3GOA7XH9SK,T1,,,,,
CAN-9JU57WF7YP,T0,,,,,
CAN-9JU57WF7YP,T1,,,,,
CAN-X1WTQJAZMW,T0,,,,,
CAN-X1WTQJAZMW,T1,,,,,
CAN-3K0U0HUB9B,T0,,,,,
CAN-3K0U0HUB9B,T1,,,,,
CAN-SC42SBD0LB,T0,,,,,
CAN-SC42SBD0LB,T1,,,,,
CAN-J2Z8813Q6I,T0,,,,,
CAN-J2Z8813Q6I,T1,,,,,
CAN-QNNYT9VYSD,T0,,,,,
CAN-QNNYT9VYSD,T1,,,,,
CAN-E3DSRWKN2F,T0,,,,,
CAN-E3DSRWKN2F,T1,,,,,
CAN-PNTQTOMYRI,T0,,,,,
CAN-PNTQTOMYRI,T1,,,,,
CAN-JGC1IU51EU,T0,,,,,
CAN-JGC1IU51EU,T1,,,,,
CAN-9I83IC0HYM,T0,,,,,
CAN-9I83IC0HYM,T1,,,,,
CAN-6FR8T13N8Q,T0,,,,,
CAN-6FR8T13N8Q,T1,,,,,
CAN-YU6PH80APJ,T0,,,,,
CAN-YU6PH80APJ,T1,,,,,
CAN-XMSX2X08JI,T0,,,,,
CAN-XMSX2X08JI,T1,,,,,
CAN-DOWBUVMCBB,T0,,,,,
CAN-DOWBUVMCBB,T1,,,,,
CAN-Z7QK3GUALJ,T0,,,,,
CAN-Z7QK3GUALJ,T1,,,,,
CAN-MMLQ6K23TR,T0,,,,,
CAN-MMLQ6K23TR,T1,,,,,
CAN-MIZ3WQZ930,T0,,,,,
CAN-MIZ3WQZ930,T1,,,,,
CAN-J8M4MS2HOJ,T0,,,,,
CAN-J8M4MS2HOJ,T1,,,,,
CAN-AV5F56ZCMU,T0,,,,,
CAN-AV5F56ZCMU,T1,,,,,
CAN-GDTV6G0S2R,T0,,,,,
CAN-GDTV6G0S2R,T1,,,,,
CAN-9SDDGRTJLG,T0,,,,,
CAN-9SDDGRTJLG,T1,,,,,
CAN-0NVLU6F4MR,T0,,,,,
CAN-0NVLU6F4MR,T1,,,,,
CAN-5P58I14VV0,T0,,,,,
CAN-5P58I14VV0,T1,,,,,
CAN-VY0B2YSXJA,T0,,,,,
CAN-VY0B2YSXJA,T1,,,,,
CAN-F684WQM2LS,T0,,,,,
CAN-F684WQM2LS,T1,,,,,
CAN-KK9JW1OBWK,T0,,,,,
CAN-KK9JW1OBWK,T1,,,,,
CAN-QUDNAH2KZA,T0,,,,,
CAN-QUDNAH2KZA,T1,,,,,
CAN-YACRSCZ2KN,T0,,,,,
CAN-YACRSCZ2KN,T1,,,,,
CAN-B4RRO4F7SO,T0,,,,,
CAN-B4RRO4F7SO,T1,,,,,
CAN-SWPG76QVXE,T0,,,,,
CAN-SWPG76QVXE,T1,,,,,
CAN-58RY6SE658,T0,,,,,
CAN-58RY6SE658,T1,,,,,
CAN-2B1LCW58WQ,T0,,,,,
CAN-2B1LCW58WQ,T1,,,,,
CAN-FWF3NPX54O,T0,,,,,
CAN-FWF3NPX54O,T1,,,,,
CAN-YVLY4405S1,T0,,,,,
CAN-YVLY4405S1,T1,,,,,
CAN-BMLQO2W69X,T0,,,,,
CAN-BMLQO2W69X,T1,,,,,
CAN-8ND34VKOAR,T0,,,,,
CAN-8ND34VKOAR,T1,,,,,
CAN-ERCQGATW5B,T0,,,,,
CAN-ERCQGATW5B,T1,,,,,
CAN-CKJ5NZGSN0,T0,,,,,
CAN-CKJ5NZGSN0,T1,,,,,
CAN-AABXZBCWCP,T0,,,,,
CAN-AABXZBCWCP,T1,,,,,
CAN-D0BSC5K6VV,T0,,,,,
CAN-D0BSC5K6VV,T1,,,,,
CAN-NNESIBTPN9,T0,,,,,
CAN-NNESIBTPN9,T1,,,,,
CAN-08HJCZZYXN,T0,,,,,
CAN-08HJCZZYXN,T1,,,,,
CAN-MQT1ZWB1YN,T0,,,,,
CAN-MQT1ZWB1YN,T1,,,,,
CAN-ZBNXFLD6WF,T0,,,,,
CAN-ZBNXFLD6WF,T1,,,,,
CAN-DTTQWCSQOZ,T0,,,,,
CAN-DTTQWCSQOZ,T1,,,,,
CAN-BPDQBI8E41,T0,,,,,
CAN-BPDQBI8E41,T1,,,,,
CAN-KTG898FYX0,T0,,,,,
CAN-KTG898FYX0,T1,,,,,
CAN-SOSZ5HPS0I,T0,,,,,
CAN-SOSZ5HPS0I,T1,,,,,
CAN-RXRB3NRS7N,T0,,,,,
CAN-RXRB3NRS7N,T1,,,,,
CAN-QC7UY407W3,T0,,,,,
CAN-QC7UY407W3,T1,,,,,
CAN-Z05I0E71V8,T0,,,,,
CAN-Z05I0E71V8,T1,,,,,
CAN-RHA8ZN64PG,T0,,,,,
CAN-RHA8ZN64PG,T1,,,,,
CAN-MKVT2SBZIX,T0,,,,,
CAN-MKVT2SBZIX,T1,,,,,
CAN-HW8RIX3AKH,T0,,,,,
CAN-HW8RIX3AKH,T1,,,,,
CAN-LJ6FC1CJ2M,T0,,,,,
CAN-LJ6FC1CJ2M,T1,,,,,
CAN-T4A4P9Z7YX,T0,,,,,
CAN-T4A4P9Z7YX,T1,,,,,
CAN-XBU45BCLKB,T0,,,,,
CAN-XBU45BCLKB,T1,,,,,
CAN-YMUP3JGF65,T0,,,,,
CAN-YMUP3JGF65,T1,,,,,
CAN-1V13JC54NN,T0,,,,,
CAN-1V13JC54NN,T1,,,,,
CAN-O7BJYB88S2,T0,,,,,
CAN-O7BJYB88S2,T1,,,,,
CAN-IAQOLBFX4K,T0,,,,,
CAN-IAQOLBFX4K,T1,,,,,
CAN-F15AZVKVIW,T0,,,,,
CAN-F15AZVKVIW,T1,,,,,
CAN-H11WC7P73S,T0,,,,,
CAN-H11WC7P73S,T1,,,,,
CAN-CONDD72FAO,T0,,,,,
CAN-CONDD72FAO,T1,,,,,
CAN-KSTCWHY4P8,T0,,,,,
CAN-KSTCWHY4P8,T1,,,,,
CAN-AGJVYRFRDG,T0,,,,,
CAN-AGJVYRFRDG,T1,,,,,
CAN-0JHQPJVZ3G,T0,,,,,
CAN-0JHQPJVZ3G,T1,,,,,
CAN-TRQOMGIG72,T0,,,,,
CAN-TRQOMGIG72,T1,,,,,
CAN-7QYKWKH6MV,T0,,,,,
CAN-7QYKWKH6MV,T1,,,,,
CAN-H1QU2YHJX2,T0,,,,,
CAN-H1QU2YHJX2,T1,,,,,
CAN-ROHDAN5J47,T0,,,,,
CAN-ROHDAN5J47,T1,,,,,
CAN-FDENZABR1B,T0,,,,,
CAN-FDENZABR1B,T1,,,,,
CAN-Z6DZSZEI8H,T0,,,,,
CAN-Z6DZSZEI8H,T1,,,,,
CAN-L2PAVYEOK7,T0,,,,,
CAN-L2PAVYEOK7,T1,,,,,
CAN-RIIBTRP7SH,T0,,,,,
CAN-RIIBTRP7SH,T1,,,,,
CAN-FTPIEWOCHF,T0,,,,,
CAN-FTPIEWOCHF,T1,,,,,
CAN-9FAKD0SRGH,T0,,,,,
CAN-9FAKD0SRGH,T1,,,,,
CAN-SSH8Z25KTV,T0,,,,,
CAN-SSH8Z25KTV,T1,,,,,
CAN-ENLPURTCRQ,T0,,,,,
CAN-ENLPURTCRQ,T1,,,,,
CAN-GMUX1L86AI,T0,,,,,
CAN-GMUX1L86AI,T1,,,,,
CAN-E0IK9K6MY3,T0,,,,,
CAN-E0IK9K6MY3,T1,,,,,
CAN-Z9QJ0OIP8A,T0,,,,,
CAN-Z9QJ0OIP8A,T1,,,,,
CAN-826WOQI0YX,T0,,,,,
CAN-826WOQI0YX,T1,,,,,
CAN-0ZH39T0KP7,T0,,,,,
CAN-0ZH39T0KP7,T1,,,,,
CAN-VQZEAXOB4V,T0,,,,,
CAN-VQZEAXOB4V,T1,,,,,
CAN-Y36XA1LE45,T0,,,,,
CAN-Y36XA1LE45,T1,,,,,
CAN-R7RBO9AC1I,T0,,,,,
CAN-R7RBO9AC1I,T1,,,,,
CAN-JDP9V5D916,T0,,,,,
CAN-JDP9V5D916,T1,,,,,
CAN-UH92R05D05,T0,,,,,
CAN-UH92R05D05,T1,,,,,
CAN-GBPFPSHWY8,T0,,,,,
CAN-GBPFPSHWY8,T1,,,,,
CAN-Y835EUIXH0,T0,,,,,
CAN-Y835EUIXH0,T1,,,,,
CAN-MYSMRBKSZV,T0,,,,,
CAN-MYSMRBKSZV,T1,,,,,
CAN-0EM5GKHVDG,T0,,,,,
CAN-0EM5GKHVDG,T1,,,,,
CAN-H3XORKJSLC,T0,,,,,
CAN-H3XORKJSLC,T1,,,,,
CAN-Y31KNKN7OC,T0,,,,,
CAN-Y31KNKN7OC,T1,,,,,
CAN-H1NWEBUZQY,T0,,,,,
CAN-H1NWEBUZQY,T1,,,,,
CAN-BIS5FV79OA,T0,,,,,
CAN-BIS5FV79OA,T1,,,,,
CAN-NCNUGD8DQR,T0,,,,,
CAN-NCNUGD8DQR,T1,,,,,
CAN-SAI1H07UVK,T0,,,,,
CAN-SAI1H07UVK,T1,,,,,
CAN-28FG2QCWCV,T0,,,,,
CAN-28FG2QCWCV,T1,,,,,
CAN-WMOFU20NMF,T0,,,,,
CAN-WMOFU20NMF,T1,,,,,
CAN-Z48HAEASG1,T0,,,,,
CAN-Z48HAEASG1,T1,,,,,
CAN-NFM3541UGL,T0,,,,,
CAN-NFM3541UGL,T1,,,,,
CAN-OLIG5I2K8Y,T0,,,,,
CAN-OLIG5I2K8Y,T1,,,,,
CAN-B5Y2WAOS77,T0,,,,,
CAN-B5Y2WAOS77,T1,,,,,
CAN-BPKNSHSK7E,T0,,,,,
CAN-BPKNSHSK7E,T1,,,,,
CAN-V49AAKTDEO,T0,,,,,
CAN-V49AAKTDEO,T1,,,,,
CAN-W85T20E4AM,T0,,,,,
CAN-W85T20E4AM,T1,,,,,
CAN-155JKY6SG3,T0,,,,,
CAN-155JKY6SG3,T1,,,,,
CAN-1LQBJ0NUO8,T0,,,,,
CAN-1LQBJ0NUO8,T1,,,,,
CAN-4BQRW8WJPH,T0,,,,,
CAN-4BQRW8WJPH,T1,,,,,
CAN-N32UU4I4V9,T0,,,,,
CAN-N32UU4I4V9,T1,,,,,
CAN-IETA53K70L,T0,,,,,
CAN-IETA53K70L,T1,,,,,
CAN-KT15MKDWZ4,T0,,,,,
CAN-KT15MKDWZ4,T1,,,,,
CAN-HJI85ZE10N,T0,,,,,
CAN-HJI85ZE10N,T1,,,,,
CAN-RD91M5LWDA,T0,,,,,
CAN-RD91M5LWDA,T1,,,,,
CAN-KAS2UKE6WL,T0,,,,,
CAN-KAS2UKE6WL,T1,,,,,
CAN-5YUGUD0R3V,T0,,,,,
CAN-5YUGUD0R3V,T1,,,,,
CAN-B3AXQM91IH,T0,,,,,
CAN-B3AXQM91IH,T1,,,,,
CAN-URVWBQS7AC,T0,,,,,
CAN-URVWBQS7AC,T1,,,,,
CAN-ILRWXH3L4Q,T0,,,,,
CAN-ILRWXH3L4Q,T1,,,,,
CAN-8PPITIUS0Q,T0,,,,,
CAN-8PPITIUS0Q,T1,,,,,
CAN-EGJ5Z4LJOX,T0,,,,,
CAN-EGJ5Z4LJOX,T1,,,,,
CAN-EHJ71UD373,T0,,,,,
CAN-EHJ71UD373,T1,,,,,
CAN-O3TAE6MOQT,T0,,,,,
CAN-O3TAE6MOQT,T1,,,,,
CAN-YUF8DGXBB8,T0,,,,,
CAN-YUF8DGXBB8,T1,,,,,
CAN-EBLQM5AIDI,T0,,,,,
CAN-EBLQM5AIDI,T1,,,,,
CAN-N41GZ02V2C,T0,,,,,
CAN-N41GZ02V2C,T1,,,,,
CAN-POX0V6HLWB,T0,,,,,
CAN-POX0V6HLWB,T1,,,,,
CAN-W1DGTVEO2F,T0,,,,,
CAN-W1DGTVEO2F,T1,,,,,
CAN-A38SK3U9PX,T0,,,,,
CAN-A38SK3U9PX,T1,,,,,
CAN-2M7B24E9YI,T0,,,,,
CAN-2M7B24E9YI,T1,,,,,
CAN-ZIHDPAEOY3,T0,,,,,
CAN-ZIHDPAEOY3,T1,,,,,
CAN-YRQT4T5PKO,T0,,,,,
CAN-YRQT4T5PKO,T1,,,,,
CAN-PD12RV572C,T0,,,,,
CAN-PD12RV572C,T1,,,,,
CAN-FNTSENFZCT,T0,,,,,
CAN-FNTSENFZCT,T1,,,,,
CAN-84K2ORPFOZ,T0,,,,,
CAN-84K2ORPFOZ,T1,,,,,
CAN-HDIELZ1YFM,T0,,,,,
CAN-HDIELZ1YFM,T1,,,,,
CAN-YMQEDNNS87,T0,,,,,
CAN-YMQEDNNS87,T1,,,,,
CAN-A07B9HNJ3O,T0,,,,,
CAN-A07B9HNJ3O,T1,,,,,
CAN-FTKNBCHC75,T0,,,,,
CAN-FTKNBCHC75,T1,,,,,
CAN-8196AXOZYU,T0,,,,,
CAN-8196AXOZYU,T1,,,,,
CAN-3P5FRRQ79X,T0,,,,,
CAN-3P5FRRQ79X,T1,,,,,
CAN-F13B0FP5XK,T0,,,,,
CAN-F13B0FP5XK,T1,,,,,
CAN-WL6XBDMQ37,T0,,,,,
CAN-WL6XBDMQ37,T1,,,,,
CAN-T9DEAJTZHF,T0,,,,,
CAN-T9DEAJTZHF,T1,,,,,
CAN-NR4VY37GUQ,T0,,,,,
CAN-NR4VY37GUQ,T1,,,,,
CAN-JGOXBG9LVX,T0,,,,,
CAN-JGOXBG9LVX,T1,,,,,
CAN-5FGKHHN1FB,T0,,,,,
CAN-5FGKHHN1FB,T1,,,,,
CAN-X8MJY3IK3T,T0,,,,,
CAN-X8MJY3IK3T,T1,,,,,
CAN-RNZ91XZBL2,T0,,,,,
CAN-RNZ91XZBL2,T1,,,,,
CAN-BKP1GM4PTS,T0,,,,,
CAN-BKP1GM4PTS,T1,,,,,
CAN-31OGSJ5VHH,T0,,,,,
CAN-31OGSJ5VHH,T1,,,,,
CAN-K42JU08CHR,T0,,,,,
CAN-K42JU08CHR,T1,,,,,
CAN-TIE3W4069G,T0,,,,,
CAN-TIE3W4069G,T1,,,,,
CAN-DMLLYJHNM4,T0,,,,,
CAN-DMLLYJHNM4,T1,,,,,
CAN-W5OD9W4WY3,T0,,,,,
CAN-W5OD9W4WY3,T1,,,,,
CAN-UX95K6DHRC,T0,,,,,
CAN-UX95K6DHRC,T1,,,,,
CAN-88H36UHHTV,T0,,,,,
CAN-88H36UHHTV,T1,,,,,
CAN-N7RV0ELTME,T0,,,,,
CAN-N7RV0ELTME,T1,,,,,
CAN-4TKXG0IEQD,T0,,,,,
CAN-4TKXG0IEQD,T1,,,,,
CAN-H66XUZMC92,T0,,,,,
CAN-H66XUZMC92,T1,,,,,
CAN-GKZ8OK5T2H,T0,,,,,
CAN-GKZ8OK5T2H,T1,,,,,
CAN-09L5RGQKQX,T0,,,,,
CAN-09L5RGQKQX,T1,,,,,
CAN-BFB2NDCMQQ,T0,,,,,
CAN-BFB2NDCMQQ,T1,,,,,
CAN-70MH5CAA0V,T0,,,,,
CAN-70MH5CAA0V,T1,,,,,
CAN-T89JNMM1H4,T0,,,,,
CAN-T89JNMM1H4,T1,,,,,
CAN-J1TOL0KMZ3,T0,,,,,
CAN-J1TOL0KMZ3,T1,,,,,
CAN-JA770FHC00,T0,,,,,
CAN-JA770FHC00,T1,,,,,
CAN-N1VM5BVF04,T0,,,,,
CAN-N1VM5BVF04,T1,,,,,
CAN-44RUJN2ANN,T0,,,,,
CAN-44RUJN2ANN,T1,,,,,
CAN-LVAJGM5BW2,T0,,,,,
CAN-LVAJGM5BW2,T1,,,,,
CAN-E33B2MDR14,T0,,,,,
CAN-E33B2MDR14,T1,,,,,
CAN-73F5WAPYK7,T0,,,,,
CAN-73F5WAPYK7,T1,,,,,
CAN-WAGFWK2KTY,T0,,,,,
CAN-WAGFWK2KTY,T1,,,,,
CAN-8WZY5EL0GS,T0,,,,,
CAN-8WZY5EL0GS,T1,,,,,
CAN-I3Y632KAU4,T0,,,,,
CAN-I3Y632KAU4,T1,,,,,
CAN-9VQQZ1STC3,T0,,,,,
CAN-9VQQZ1STC3,T1,,,,,
CAN-2LCML6F946,T0,,,,,
CAN-2LCML6F946,T1,,,,,
CAN-5R15W21AT4,T0,,,,,
CAN-5R15W21AT4,T1,,,,,
CAN-ULHYXWTX9J,T0,,,,,
CAN-ULHYXWTX9J,T1,,,,,
CAN-YIK0JBGUH1,T0,,,,,
CAN-YIK0JBGUH1,T1,,,,,
CAN-JS4AYU663U,T0,,,,,
CAN-JS4AYU663U,T1,,,,,
CAN-FGUIR7LCT4,T0,,,,,
CAN-FGUIR7LCT4,T1,,,,,
CAN-L6QFHDPYSK,T0,,,,,
CAN-L6QFHDPYSK,T1,,,,,
CAN-BTU2LZFITS,T0,,,,,
CAN-BTU2LZFITS,T1,,,,,
CAN-MB2X41DESB,T0,,,,,
CAN-MB2X41DESB,T1,,,,,
CAN-UC3CXNT45X,T0,,,,,
CAN-UC3CXNT45X,T1,,,,,
CAN-ZNTVW2JF4S,T0,,,,,
CAN-ZNTVW2JF4S,T1,,,,,
CAN-IZ8AICJGI5,T0,,,,,
CAN-IZ8AICJGI5,T1,,,,,
CAN-S2S40TWDSL,T0,,,,,
CAN-S2S40TWDSL,T1,,,,,
CAN-PFT60C7PP5,T0,,,,,
CAN-PFT60C7PP5,T1,,,,,
CAN-25BQBZ84GX,T0,,,,,
CAN-25BQBZ84GX,T1,,,,,
CAN-OX9BJ0D2O1,T0,,,,,
CAN-OX9BJ0D2O1,T1,,,,,
CAN-BTM006XNFV,T0,,,,,
CAN-BTM006XNFV,T1,,,,,
CAN-IP07C5PZYH,T0,,,,,
CAN-IP07C5PZYH,T1,,,,,
CAN-ZO1PNGOVCL,T0,,,,,
CAN-ZO1PNGOVCL,T1,,,,,
CAN-3ZAF5GCVCZ,T0,,,,,
CAN-3ZAF5GCVCZ,T1,,,,,
CAN-089ABEENTV,T0,,,,,
CAN-089ABEENTV,T1,,,,,
CAN-B3ELT2L0B3,T0,,,,,
CAN-B3ELT2L0B3,T1,,,,,
CAN-Y0URDPI85Z,T0,,,,,
CAN-Y0URDPI85Z,T1,,,,,
CAN-L9BROPXWF1,T0,,,,,
CAN-L9BROPXWF1,T1,,,,,
CAN-DNXMMN2W8E,T0,,,,,
CAN-DNXMMN2W8E,T1,,,,,
CAN-GMHWNTDAF3,T0,,,,,
CAN-GMHWNTDAF3,T1,,,,,
CAN-8N31NOLEM1,T0,,,,,
CAN-8N31NOLEM1,T1,,,,,
CAN-IQH6TGWZIT,T0,,,,,
CAN-IQH6TGWZIT,T1,,,,,
CAN-ZZUJQ93GU1,T0,,,,,
CAN-ZZUJQ93GU1,T1,,,,,
CAN-0NYGHMFYLT,T0,,,,,
CAN-0NYGHMFYLT,T1,,,,,
CAN-E52UACQ4CW,T0,,,,,
CAN-E52UACQ4CW,T1,,,,,
CAN-W6WKYPF25E,T0,,,,,
CAN-W6WKYPF25E,T1,,,,,
CAN-PAKI3H76CZ,T0,,,,,
CAN-PAKI3H76CZ,T1,,,,,
CAN-8DC6XQO16V,T0,,,,,
CAN-8DC6XQO16V,T1,,,,,
CAN-KANORV91GR,T0,,,,,
CAN-KANORV91GR,T1,,,,,
CAN-7756OIA0RX,T0,,,,,
CAN-7756OIA0RX,T1,,,,,
CAN-JS2A8PU6RZ,T0,,,,,
CAN-JS2A8PU6RZ,T1,,,,,
CAN-9BDS08J55V,T0,,,,,
CAN-9BDS08J55V,T1,,,,,
CAN-LCKLHVM6YY,T0,,,,,
CAN-LCKLHVM6YY,T1,,,,,
CAN-Y3902X8YET,T0,,,,,
CAN-Y3902X8YET,T1,,,,,
CAN-3GI1ZKZ7XP,T0,,,,,
CAN-3GI1ZKZ7XP,T1,,,,,
CAN-2YYPTX2VDH,T0,,,,,
CAN-2YYPTX2VDH,T1,,,,,
CAN-MPE1CT6X6E,T0,,,,,
CAN-MPE1CT6X6E,T1,,,,,
CAN-0TS7SHNU4O,T0,,,,,
CAN-0TS7SHNU4O,T1,,,,,
CAN-PP24F7M71O,T0,,,,,
CAN-PP24F7M71O,T1,,,,,
CAN-PTAQHH0NLT,T0,,,,,
CAN-PTAQHH0NLT,T1,,,,,
CAN-KISSCDNGXV,T0,,,,,
CAN-KISSCDNGXV,T1,,,,,
CAN-NELMCYQKTP,T0,,,,,
CAN-NELMCYQKTP,T1,,,,,
CAN-V83S544EQU,T0,,,,,
CAN-V83S544EQU,T1,,,,,
CAN-G0SQYJYYQP,T0,,,,,
CAN-G0SQYJYYQP,T1,,,,,
CAN-XBFVSW8ISI,T0,,,,,
CAN-XBFVSW8ISI,T1,,,,,
CAN-YEII1I7OWH,T0,,,,,
CAN-YEII1I7OWH,T1,,,,,
CAN-NAELLLINHK,T0,,,,,
CAN-NAELLLINHK,T1,,,,,
CAN-MSRPBQE3GY,T0,,,,,
CAN-MSRPBQE3GY,T1,,,,,
CAN-1PBSUPJHAP,T0,,,,,
CAN-1PBSUPJHAP,T1,,,,,
CAN-18W0GSBSEX,T0,,,,,
CAN-18W0GSBSEX,T1,,,,,
CAN-UMGDOKU91X,T0,,,,,
CAN-UMGDOKU91X,T1,,,,,
CAN-DEP51X7QEH,T0,,,,,
CAN-DEP51X7QEH,T1,,,,,
CAN-37TK13B9WT,T0,,,,,
CAN-37TK13B9WT,T1,,,,,
CAN-KJPT4A1ORY,T0,,,,,
CAN-KJPT4A1ORY,T1,,,,,
CAN-SYZC1N7RQE,T0,,,,,
CAN-SYZC1N7RQE,T1,,,,,
CAN-7YM7EOV0QP,T0,,,,,
CAN-7YM7EOV0QP,T1,,,,,
CAN-JBNEPXUCUA,T0,,,,,
CAN-JBNEPXUCUA,T1,,,,,
CAN-EY5KWKTD1O,T0,,,,,
CAN-EY5KWKTD1O,T1,,,,,
CAN-VXT6O695T6,T0,,,,,
CAN-VXT6O695T6,T1,,,,,
CAN-MG23M345ZW,T0,,,,,
CAN-MG23M345ZW,T1,,,,,
CAN-S4349T443C,T0,,,,,
CAN-S4349T443C,T1,,,,,
CAN-FYXNP9NWHH,T0,,,,,
CAN-FYXNP9NWHH,T1,,,,,
CAN-VVHBX14RHL,T0,,,,,
CAN-VVHBX14RHL,T1,,,,,
CAN-GYJB3IDLHU,T0,,,,,
CAN-GYJB3IDLHU,T1,,,,,
CAN-Y3H9KGHAD5,T0,,,,,
CAN-Y3H9KGHAD5,T1,,,,,
CAN-CSA9RPF7N0,T0,,,,,
CAN-CSA9RPF7N0,T1,,,,,
CAN-IZSRQ4G5UG,T0,,,,,
CAN-IZSRQ4G5UG,T1,,,,,
CAN-PN4XXFH6N3,T0,,,,,
CAN-PN4XXFH6N3,T1,,,,,
CAN-9QU79USX3P,T0,,,,,
CAN-9QU79USX3P,T1,,,,,
CAN-4P0DT7YE37,T0,,,,,
CAN-4P0DT7YE37,T1,,,,,
CAN-SCAFU4FM7S,T0,,,,,
CAN-SCAFU4FM7S,T1,,,,,
CAN-T2L7P927RU,T0,,,,,
CAN-T2L7P927RU,T1,,,,,
CAN-XHUYMXEI35,T0,,,,,
CAN-XHUYMXEI35,T1,,,,,
CAN-2QEYQ88Y1Y,T0,,,,,
CAN-2QEYQ88Y1Y,T1,,,,,
CAN-UOX0JUH64O,T0,,,,,
CAN-UOX0JUH64O,T1,,,,,
CAN-TX42GNCYCG,T0,,,,,
CAN-TX42GNCYCG,T1,,,,,
CAN-JRUU6NDGIR,T0,,,,,
CAN-JRUU6NDGIR,T1,,,,,
CAN-W9TSYSWQ32,T0,,,,,
CAN-W9TSYSWQ32,T1,,,,,
CAN-FHKCA67K9S,T0,,,,,
CAN-FHKCA67K9S,T1,,,,,
CAN-J2YFWU9HJH,T0,,,,,
CAN-J2YFWU9HJH,T1,,,,,
CAN-VU4JKM44MQ,T0,,,,,
CAN-VU4JKM44MQ,T1,,,,,
CAN-2UHDYKXDIP,T0,,,,,
CAN-2UHDYKXDIP,T1,,,,,
CAN-IL9S3DF9AB,T0,,,,,
CAN-IL9S3DF9AB,T1,,,,,
CAN-QS3XZ15NFG,T0,,,,,
CAN-QS3XZ15NFG,T1,,,,,
CAN-WMZFHQAP9B,T0,,,,,
CAN-WMZFHQAP9B,T1,,,,,
CAN-K9LIIAWV0K,T0,,,,,
CAN-K9LIIAWV0K,T1,,,,,
CAN-ZWO3W1SS53,T0,,,,,
CAN-ZWO3W1SS53,T1,,,,,
CAN-AXKRNZM7B4,T0,,,,,
CAN-AXKRNZM7B4,T1,,,,,
CAN-ZTE8SRJIOT,T0,,,,,
CAN-ZTE8SRJIOT,T1,,,,,
CAN-OJ8VVKJNKE,T0,,,,,
CAN-OJ8VVKJNKE,T1,,,,,
CAN-VD41AYEEPW,T0,,,,,
CAN-VD41AYEEPW,T1,,,,,
CAN-OP46YPS5ZX,T0,,,,,
CAN-OP46YPS5ZX,T1,,,,,
CAN-6QPR3XKZ6B,T0,,,,,
CAN-6QPR3XKZ6B,T1,,,,,
CAN-KFTHMO66T2,T0,,,,,
CAN-KFTHMO66T2,T1,,,,,
CAN-S4FYCAZZ0J,T0,,,,,
CAN-S4FYCAZZ0J,T1,,,,,
CAN-MJL0SIMVMZ,T0,,,,,
CAN-MJL0SIMVMZ,T1,,,,,
CAN-GAZ28IY33B,T0,,,,,
CAN-GAZ28IY33B,T1,,,,,
CAN-V3BBJNG4XW,T0,,,,,
CAN-V3BBJNG4XW,T1,,,,,
CAN-F52FYWKQ3T,T0,,,,,
CAN-F52FYWKQ3T,T1,,,,,
CAN-4AHWIHYNQ5,T0,,,,,
CAN-4AHWIHYNQ5,T1,,,,,
CAN-GJNHHNY8HB,T0,,,,,
CAN-GJNHHNY8HB,T1,,,,,
CAN-IYGJ2F0MCR,T0,,,,,
CAN-IYGJ2F0MCR,T1,,,,,
CAN-5859NPIEHL,T0,,,,,
CAN-5859NPIEHL,T1,,,,,
CAN-JEIC06XTOM,T0,,,,,
CAN-JEIC06XTOM,T1,,,,,
CAN-794QK0RM4M,T0,,,,,
CAN-794QK0RM4M,T1,,,,,
CAN-M1WXS36NFW,T0,,,,,
CAN-M1WXS36NFW,T1,,,,,
CAN-ODBFDUX05I,T0,,,,,
CAN-ODBFDUX05I,T1,,,,,
CAN-Q8C2CCKL8G,T0,,,,,
CAN-Q8C2CCKL8G,T1,,,,,
CAN-YDY8NLB0WK,T0,,,,,
CAN-YDY8NLB0WK,T1,,,,,
CAN-AASWLF3YNX,T0,,,,,
CAN-AASWLF3YNX,T1,,,,,
CAN-1GB58FFS9N,T0,,,,,
CAN-1GB58FFS9N,T1,,,,,
CAN-C6HL2D26X1,T0,,,,,
CAN-C6HL2D26X1,T1,,,,,
CAN-II6NLW4SAX,T0,,,,,
CAN-II6NLW4SAX,T1,,,,,
CAN-SMGPCKZQ9Y,T0,,,,,
CAN-SMGPCKZQ9Y,T1,,,,,
CAN-YWUAK0VD6L,T0,,,,,
CAN-YWUAK0VD6L,T1,,,,,
CAN-SO6WAB0YW5,T0,,,,,
CAN-SO6WAB0YW5,T1,,,,,
CAN-SJYCSV0TC8,T0,,,,,
CAN-SJYCSV0TC8,T1,,,,,
CAN-RUTXP37AJ2,T0,,,,,
CAN-RUTXP37AJ2,T1,,,,,
CAN-I51VYIMKV4,T0,,,,,
CAN-I51VYIMKV4,T1,,,,,
CAN-TSXEA01V7E,T0,,,,,
CAN-TSXEA01V7E,T1,,,,,
CAN-BFZR034JYQ,T0,,,,,
CAN-BFZR034JYQ,T1,,,,,
CAN-6LWOXIZO8W,T0,,,,,
CAN-6LWOXIZO8W,T1,,,,,
CAN-Y7V3XMIUGH,T0,,,,,
CAN-Y7V3XMIUGH,T1,,,,,
CAN-AQMOK89QAV,T0,,,,,
CAN-AQMOK89QAV,T1,,,,,
CAN-XPL4JWGUTT,T0,,,,,
CAN-XPL4JWGUTT,T1,,,,,
CAN-WAM0MZEWD7,T0,,,,,
CAN-WAM0MZEWD7,T1,,,,,
CAN-HL6S85KQAN,T0,,,,,
CAN-HL6S85KQAN,T1,,,,,
CAN-NXWKII4PIH,T0,,,,,
CAN-NXWKII4PIH,T1,,,,,
CAN-JHMTGOWOYT,T0,,,,,
CAN-JHMTGOWOYT,T1,,,,,
CAN-V5MVMXWLSO,T0,,,,,
CAN-V5MVMXWLSO,T1,,,,,
CAN-DYV8DGNC47,T0,,,,,
CAN-DYV8DGNC47,T1,,,,,
CAN-FCO3G0AT6Y,T0,,,,,
CAN-FCO3G0AT6Y,T1,,,,,
CAN-FWHJID1CT3,T0,,,,,
CAN-FWHJID1CT3,T1,,,,,
CAN-TM8BOYY8VZ,T0,,,,,
CAN-TM8BOYY8VZ,T1,,,,,
CAN-SRUJAB59S4,T0,,,,,
CAN-SRUJAB59S4,T1,,,,,
CAN-U8QZEU3IKD,T0,,,,,
CAN-U8QZEU3IKD,T1,,,,,
CAN-I7CLU7ZDYE,T0,,,,,
CAN-I7CLU7ZDYE,T1,,,,,
CAN-T92MS0DVDT,T0,,,,,
CAN-T92MS0DVDT,T1,,,,,
CAN-QQ9UDUMKC6,T0,,,,,
CAN-QQ9UDUMKC6,T1,,,,,
CAN-FRV3423B6M,T0,,,,,
CAN-FRV3423B6M,T1,,,,,
CAN-ZNOJFULDZJ,T0,,,,,
CAN-ZNOJFULDZJ,T1,,,,,
CAN-FAF8NQEKZ2,T0,,,,,
CAN-FAF8NQEKZ2,T1,,,,,
CAN-PRT6ZOKV5I,T0,,,,,
CAN-PRT6ZOKV5I,T1,,,,,
CAN-Z3CBXQWMMG,T0,,,,,
CAN-Z3CBXQWMMG,T1,,,,,
CAN-RWZJGATCP2,T0,,,,,
CAN-RWZJGATCP2,T1,,,,,
CAN-1SM5LT50DB,T0,,,,,
CAN-1SM5LT50DB,T1,,,,,
CAN-HXHFKUF5BF,T0,,,,,
CAN-HXHFKUF5BF,T1,,,,,
CAN-UP0KDOOQ5C,T0,,,,,
CAN-UP0KDOOQ5C,T1,,,,,
CAN-9FFCTSDKXQ,T0,,,,,
CAN-9FFCTSDKXQ,T1,,,,,
CAN-15VKTUR1WN,T0,,,,,
CAN-15VKTUR1WN,T1,,,,,
CAN-V247KN0XDE,T0,,,,,
CAN-V247KN0XDE,T1,,,,,
CAN-1FO08V029N,T0,,,,,
CAN-1FO08V029N,T1,,,,,
CAN-A01YH8JOLR,T0,,,,,
CAN-A01YH8JOLR,T1,,,,,
CAN-RTXOVP58TP,T0,,,,,
CAN-RTXOVP58TP,T1,,,,,
CAN-J5P6FXPKDD,T0,,,,,
CAN-J5P6FXPKDD,T1,,,,,
CAN-JJTHP7E1T5,T0,,,,,
CAN-JJTHP7E1T5,T1,,,,,
CAN-862YIFCR75,T0,,,,,
CAN-862YIFCR75,T1,,,,,
CAN-0AXPUDA963,T0,,,,,
CAN-0AXPUDA963,T1,,,,,
CAN-4WA6EIS5QP,T0,,,,,
CAN-4WA6EIS5QP,T1,,,,,
CAN-26C8RNPABH,T0,,,,,
CAN-26C8RNPABH,T1,,,,,
CAN-HW98HY76BB,T0,,,,,
CAN-HW98HY76BB,T1,,,,,
CAN-64KL4146NP,T0,,,,,
CAN-64KL4146NP,T1,,,,,
CAN-2H6NXXX2XV,T0,,,,,
CAN-2H6NXXX2XV,T1,,,,,
CAN-QMV49BEP70,T0,,,,,
CAN-QMV49BEP70,T1,,,,,
CAN-U9JO9A3R8B,T0,,,,,
CAN-U9JO9A3R8B,T1,,,,,
CAN-O7GSDF8OVO,T0,,,,,
CAN-O7GSDF8OVO,T1,,,,,
CAN-PZNLHIBV6U,T0,,,,,
CAN-PZNLHIBV6U,T1,,,,,
CAN-ZKIWAFFDUO,T0,,,,,
CAN-ZKIWAFFDUO,T1,,,,,
CAN-C568F7VRVL,T0,,,,,
CAN-C568F7VRVL,T1,,,,,
CAN-EF8TSD7H2H,T0,,,,,
CAN-EF8TSD7H2H,T1,,,,,
CAN-7PJB8CQDH6,T0,,,,,
CAN-7PJB8CQDH6,T1,,,,,
CAN-XCU94LLQ6Y,T0,,,,,
CAN-XCU94LLQ6Y,T1,,,,,
CAN-9ZLORI0L8M,T0,,,,,
CAN-9ZLORI0L8M,T1,,,,,
CAN-GPEPNWPONZ,T0,,,,,
CAN-GPEPNWPONZ,T1,,,,,
CAN-GO41D4OF1V,T0,,,,,
CAN-GO41D4OF1V,T1,,,,,
CAN-2QRS52Z2Y0,T0,,,,,
CAN-2QRS52Z2Y0,T1,,,,,
CAN-K6B8B2OJHW,T0,,,,,
CAN-K6B8B2OJHW,T1,,,,,
CAN-XMWRVM19MW,T0,,,,,
CAN-XMWRVM19MW,T1,,,,,
CAN-DHMY90KRO5,T0,,,,,
CAN-DHMY90KRO5,T1,,,,,
CAN-A7O4ZA282I,T0,,,,,
CAN-A7O4ZA282I,T1,,,,,
CAN-X4FPNJ04RR,T0,,,,,
CAN-X4FPNJ04RR,T1,,,,,
CAN-IN2KTR3ZGX,T0,,,,,
CAN-IN2KTR3ZGX,T1,,,,,
CAN-FY6JNOZ8O4,T0,,,,,
CAN-FY6JNOZ8O4,T1,,,,,
CAN-3WM75Y6YOF,T0,,,,,
CAN-3WM75Y6YOF,T1,,,,,
CAN-RL5W8R1X3I,T0,,,,,
CAN-RL5W8R1X3I,T1,,,,,
CAN-0IP0M78BV3,T0,,,,,
CAN-0IP0M78BV3,T1,,,,,
CAN-8HTM17YE7B,T0,,,,,
CAN-8HTM17YE7B,T1,,,,,
CAN-VVS8FGM9SV,T0,,,,,
CAN-VVS8FGM9SV,T1,,,,,
CAN-QR1ZOI3MWU,T0,,,,,
CAN-QR1ZOI3MWU,T1,,,,,
CAN-9XY05FKU85,T0,,,,,
CAN-9XY05FKU85,T1,,,,,
CAN-5A1V6R3R34,T0,,,,,
CAN-5A1V6R3R34,T1,,,,,
CAN-ARC379OKF6,T0,,,,,
CAN-ARC379OKF6,T1,,,,,
CAN-E3F9A13NBI,T0,,,,,
CAN-E3F9A13NBI,T1,,,,,
CAN-2B04DZ4JT6,T0,,,,,
CAN-2B04DZ4JT6,T1,,,,,
CAN-4UHM8K96BE,T0,,,,,
CAN-4UHM8K96BE,T1,,,,,
CAN-26SJ7SDOD3,T0,,,,,
CAN-26SJ7SDOD3,T1,,,,,
CAN-J5J1LFQCK5,T0,,,,,
CAN-J5J1LFQCK5,T1,,,,,
CAN-UDWUEL6GMK,T0,,,,,
CAN-UDWUEL6GMK,T1,,,,,
CAN-MDBEALGBNX,T0,,,,,
CAN-MDBEALGBNX,T1,,,,,
CAN-96PMM24AKN,T0,,,,,
CAN-96PMM24AKN,T1,,,,,
CAN-GM9CW3PLL5,T0,,,,,
CAN-GM9CW3PLL5,T1,,,,,
CAN-JS9G2F685W,T0,,,,,
CAN-JS9G2F685W,T1,,,,,
CAN-MQGP2606OQ,T0,,,,,
CAN-MQGP2606OQ,T1,,,,,
CAN-6QMBJRMHNJ,T0,,,,,
CAN-6QMBJRMHNJ,T1,,,,,
CAN-XBZ9WXGVKL,T0,,,,,
CAN-XBZ9WXGVKL,T1,,,,,
CAN-SQQG2D3Z2A,T0,,,,,
CAN-SQQG2D3Z2A,T1,,,,,
CAN-SVMZPSF3OI,T0,,,,,
CAN-SVMZPSF3OI,T1,,,,,
CAN-VSKA335IO5,T0,,,,,
CAN-VSKA335IO5,T1,,,,,
CAN-P0X6ZN1H8O,T0,,,,,
CAN-P0X6ZN1H8O,T1,,,,,
CAN-HWZN8OQBBW,T0,,,,,
CAN-HWZN8OQBBW,T1,,,,,
CAN-NIUXROMKL2,T0,,,,,
CAN-NIUXROMKL2,T1,,,,,
CAN-ENTV0H4TKV,T0,,,,,
CAN-ENTV0H4TKV,T1,,,,,
CAN-DGOCNZV788,T0,,,,,
CAN-DGOCNZV788,T1,,,,,
CAN-YFFOIUPDVH,T0,,,,,
CAN-YFFOIUPDVH,T1,,,,,
CAN-YMI44I59X5,T0,,,,,
CAN-YMI44I59X5,T1,,,,,
CAN-7WLLN7XA40,T0,,,,,
CAN-7WLLN7XA40,T1,,,,,
CAN-BNZXZH07AC,T0,,,,,
CAN-BNZXZH07AC,T1,,,,,
CAN-0907BYPXUS,T0,,,,,
CAN-0907BYPXUS,T1,,,,,
CAN-W5125WEKN1,T0,,,,,
CAN-W5125WEKN1,T1,,,,,
CAN-M8F0AKR73U,T0,,,,,
CAN-M8F0AKR73U,T1,,,,,
CAN-1FIBACQOJ9,T0,,,,,
CAN-1FIBACQOJ9,T1,,,,,
CAN-Z9FQZYZPQJ,T0,,,,,
CAN-Z9FQZYZPQJ,T1,,,,,
CAN-Y9RONQ172T,T0,,,,,
CAN-Y9RONQ172T,T1,,,,,
CAN-CL1JI2BFF0,T0,,,,,
CAN-CL1JI2BFF0,T1,,,,,
CAN-N6BDOIZXTW,T0,,,,,
CAN-N6BDOIZXTW,T1,,,,,
CAN-IG1JD3PAHT,T0,,,,,
CAN-IG1JD3PAHT,T1,,,,,
CAN-T4T56J9M5P,T0,,,,,
CAN-T4T56J9M5P,T1,,,,,
CAN-4LHT7KRSHE,T0,,,,,
CAN-4LHT7KRSHE,T1,,,,,
CAN-N6TE19PLXT,T0,,,,,
CAN-N6TE19PLXT,T1,,,,,
CAN-HWBFQ0RA3M,T0,,,,,
CAN-HWBFQ0RA3M,T1,,,,,
CAN-V37JW4NTSZ,T0,,,,,
CAN-V37JW4NTSZ,T1,,,,,
CAN-LRQDLL4C0T,T0,,,,,
CAN-LRQDLL4C0T,T1,,,,,
CAN-LFFM8SEY0L,T0,,,,,
CAN-LFFM8SEY0L,T1,,,,,
CAN-9IXE2YEO3I,T0,,,,,
CAN-9IXE2YEO3I,T1,,,,,
CAN-MHFNDXGL2N,T0,,,,,
CAN-MHFNDXGL2N,T1,,,,,
CAN-M40C28EXMJ,T0,,,,,
CAN-M40C28EXMJ,T1,,,,,
CAN-QLS2L076AW,T0,,,,,
CAN-QLS2L076AW,T1,,,,,
CAN-GLD19AP538,T0,,,,,
CAN-GLD19AP538,T1,,,,,
CAN-947BG1YDT0,T0,,,,,
CAN-947BG1YDT0,T1,,,,,
CAN-B47R42A0W9,T0,,,,,
CAN-B47R42A0W9,T1,,,,,
CAN-9BR4OV5TOT,T0,,,,,
CAN-9BR4OV5TOT,T1,,,,,
CAN-3IHICM0QRL,T0,,,,,
CAN-3IHICM0QRL,T1,,,,,
CAN-90NXQQ43RV,T0,,,,,
CAN-90NXQQ43RV,T1,,,,,
CAN-VKSLD30A6F,T0,,,,,
CAN-VKSLD30A6F,T1,,,,,
CAN-TQ2STZ0OA9,T0,,,,,
CAN-TQ2STZ0OA9,T1,,,,,
CAN-HMMJ4NI40Q,T0,,,,,
CAN-HMMJ4NI40Q,T1,,,,,
CAN-R3P4CI4WWF,T0,,,,,
CAN-R3P4CI4WWF,T1,,,,,
CAN-DZAOJP0ZWB,T0,,,,,
CAN-DZAOJP0ZWB,T1,,,,,
CAN-A4O4NEPKSB,T0,,,,,
CAN-A4O4NEPKSB,T1,,,,,
CAN-E98MSN49FW,T0,,,,,
CAN-E98MSN49FW,T1,,,,,
CAN-U9XCTU7C4F,T0,,,,,
CAN-U9XCTU7C4F,T1,,,,,
CAN-U64TDQMZ13,T0,,,,,
CAN-U64TDQMZ13,T1,,,,,
CAN-PARHMF2C9K,T0,,,,,
CAN-PARHMF2C9K,T1,,,,,
CAN-8A9ICH889U,T0,,,,,
CAN-8A9ICH889U,T1,,,,,
CAN-YBQ87BRBLI,T0,,,,,
CAN-YBQ87BRBLI,T1,,,,,
CAN-SQU7URB32Q,T0,,,,,
CAN-SQU7URB32Q,T1,,,,,
CAN-NWMAFGZUQV,T0,,,,,
CAN-NWMAFGZUQV,T1,,,,,
CAN-IYYDEQBOA8,T0,,,,,
CAN-IYYDEQBOA8,T1,,,,,
CAN-I89JVTI0OW,T0,,,,,
CAN-I89JVTI0OW,T1,,,,,
CAN-I9NER0R0OD,T0,,,,,
CAN-I9NER0R0OD,T1,,,,,
CAN-FH2ISSDZG1,T0,,,,,
CAN-FH2ISSDZG1,T1,,,,,
CAN-IC72BBULMX,T0,,,,,
CAN-IC72BBULMX,T1,,,,,
CAN-D2O0WIFAC1,T0,,,,,
CAN-D2O0WIFAC1,T1,,,,,
CAN-0IYB9KNZQS,T0,,,,,
CAN-0IYB9KNZQS,T1,,,,,
CAN-F4H6CV5X2T,T0,,,,,
CAN-F4H6CV5X2T,T1,,,,,
CAN-SV656WGFVX,T0,,,,,
CAN-SV656WGFVX,T1,,,,,
CAN-UAT4LUHJR1,T0,,,,,
CAN-UAT4LUHJR1,T1,,,,,
CAN-JOEFV76QIN,T0,,,,,
CAN-JOEFV76QIN,T1,,,,,
CAN-14PZ73OX2G,T0,,,,,
CAN-14PZ73OX2G,T1,,,,,
CAN-5OZQ0OJNBY,T0,,,,,
CAN-5OZQ0OJNBY,T1,,,,,
CAN-VYTMCXOIL7,T0,,,,,
CAN-VYTMCXOIL7,T1,,,,,
CAN-YM5NKFWVJ9,T0,,,,,
CAN-YM5NKFWVJ9,T1,,,,,
CAN-N4VG4DPBT6,T0,,,,,
CAN-N4VG4DPBT6,T1,,,,,
CAN-2SAKM3FUW4,T0,,,,,
CAN-2SAKM3FUW4,T1,,,,,
CAN-W17K9PIXLT,T0,,,,,
CAN-W17K9PIXLT,T1,,,,,
CAN-S7JK9THRJB,T0,,,,,
CAN-S7JK9THRJB,T1,,,,,
CAN-QLQCZUC1KM,T0,,,,,
CAN-QLQCZUC1KM,T1,,,,,
CAN-QW5URMN5E4,T0,,,,,
CAN-QW5URMN5E4,T1,,,,,
CAN-M8KK7E5L8M,T0,,,,,
CAN-M8KK7E5L8M,T1,,,,,
CAN-1AGXCCWY5Y,T0,,,,,
CAN-1AGXCCWY5Y,T1,,,,,
CAN-XUDEY37QBI,T0,,,,,
CAN-XUDEY37QBI,T1,,,,,
CAN-ZX21BS7V7P,T0,,,,,
CAN-ZX21BS7V7P,T1,,,,,
CAN-AT8EPX46AG,T0,,,,,
CAN-AT8EPX46AG,T1,,,,,
CAN-MWUXNWELDR,T0,,,,,
CAN-MWUXNWELDR,T1,,,,,
CAN-GQQCWTYGOM,T0,,,,,
CAN-GQQCWTYGOM,T1,,,,,
CAN-8MXEW6Z3YE,T0,,,,,
CAN-8MXEW6Z3YE,T1,,,,,
CAN-UZFJDR1BGO,T0,,,,,
CAN-UZFJDR1BGO,T1,,,,,
CAN-VGZFZHEXMZ,T0,,,,,
CAN-VGZFZHEXMZ,T1,,,,,
CAN-E13JIHS3C4,T0,,,,,
CAN-E13JIHS3C4,T1,,,,,
CAN-3V8APYMFFU,T0,,,,,
CAN-3V8APYMFFU,T1,,,,,
CAN-C73LZ9QHYV,T0,,,,,
CAN-C73LZ9QHYV,T1,,,,,
CAN-LSVABU7USU,T0,,,,,
CAN-LSVABU7USU,T1,,,,,
CAN-BA1Z60C9YO,T0,,,,,
CAN-BA1Z60C9YO,T1,,,,,
CAN-M6687E1QRX,T0,,,,,
CAN-M6687E1QRX,T1,,,,,
CAN-VAL0AXV5YM,T0,,,,,
CAN-VAL0AXV5YM,T1,,,,,
CAN-ILH460HEDZ,T0,,,,,
CAN-ILH460HEDZ,T1,,,,,
CAN-X9NW3VPZHF,T0,,,,,
CAN-X9NW3VPZHF,T1,,,,,
CAN-9NV5U1Q1UZ,T0,,,,,
CAN-9NV5U1Q1UZ,T1,,,,,
CAN-0YYOW44UJZ,T0,,,,,
CAN-0YYOW44UJZ,T1,,,,,
CAN-62XVM7ZZ0W,T0,,,,,
CAN-62XVM7ZZ0W,T1,,,,,
CAN-CBH9QZ68VN,T0,,,,,
CAN-CBH9QZ68VN,T1,,,,,
CAN-3J788RFRZ8,T0,,,,,
CAN-3J788RFRZ8,T1,,,,,
CAN-ZQASWLO4OK,T0,,,,,
CAN-ZQASWLO4OK,T1,,,,,
CAN-SRA7JQCG1L,T0,,,,,
CAN-SRA7JQCG1L,T1,,,,,
CAN-VNOLOXT43G,T0,,,,,
CAN-VNOLOXT43G,T1,,,,,
CAN-ZU9K8A38CC,T0,,,,,
CAN-ZU9K8A38CC,T1,,,,,
CAN-PWO2HFZTYT,T0,,,,,
CAN-PWO2HFZTYT,T1,,,,,
CAN-QYEOG4IVXW,T0,,,,,
CAN-QYEOG4IVXW,T1,,,,,
CAN-0YE7ICENBV,T0,,,,,
CAN-0YE7ICENBV,T1,,,,,
CAN-8OS0PHZOG1,T0,,,,,
CAN-8OS0PHZOG1,T1,,,,,
CAN-4FO38FPD7B,T0,,,,,
CAN-4FO38FPD7B,T1,,,,,
CAN-LQTYLY754O,T0,,,,,
CAN-LQTYLY754O,T1,,,,,
CAN-DVFESBR7F3,T0,,,,,
CAN-DVFESBR7F3,T1,,,,,
CAN-TZ7E5DOH1Y,T0,,,,,
CAN-TZ7E5DOH1Y,T1,,,,,
CAN-PEGYLX9DPI,T0,,,,,
CAN-PEGYLX9DPI,T1,,,,,
CAN-2PWQFMVL2Z,T0,,,,,
CAN-2PWQFMVL2Z,T1,,,,,
CAN-I67ZKQXGAN,T0,,,,,
CAN-I67ZKQXGAN,T1,,,,,
CAN-Y3F32HQO14,T0,,,,,
CAN-Y3F32HQO14,T1,,,,,
CAN-KZV7SMXG4O,T0,,,,,
CAN-KZV7SMXG4O,T1,,,,,
CAN-TEYP6X491C,T0,,,,,
CAN-TEYP6X491C,T1,,,,,
CAN-0QB77ZLD2S,T0,,,,,
CAN-0QB77ZLD2S,T1,,,,,
CAN-I0I9MQW8RP,T0,,,,,
CAN-I0I9MQW8RP,T1,,,,,
CAN-9JQ7MPXGVB,T0,,,,,
CAN-9JQ7MPXGVB,T1,,,,,
CAN-455B99Q1Z0,T0,,,,,
CAN-455B99Q1Z0,T1,,,,,
CAN-MOOUDRRHQL,T0,,,,,
CAN-MOOUDRRHQL,T1,,,,,
CAN-TNNNPIG7DT,T0,,,,,
CAN-TNNNPIG7DT,T1,,,,,
CAN-4XV6XM2FF2,T0,,,,,
CAN-4XV6XM2FF2,T1,,,,,
CAN-AKXMJDBZBI,T0,,,,,
CAN-AKXMJDBZBI,T1,,,,,
CAN-PUS1AW8LHK,T0,,,,,
CAN-PUS1AW8LHK,T1,,,,,
CAN-BX3PB8F7VO,T0,,,,,
CAN-BX3PB8F7VO,T1,,,,,
CAN-VQENC6FYGV,T0,,,,,
CAN-VQENC6FYGV,T1,,,,,
CAN-SH59XTDU0T,T0,,,,,
CAN-SH59XTDU0T,T1,,,,,
CAN-NV2UJXF900,T0,,,,,
CAN-NV2UJXF900,T1,,,,,
CAN-PDNADW0F5Z,T0,,,,,
CAN-PDNADW0F5Z,T1,,,,,
CAN-AIHI3TFNIJ,T0,,,,,
CAN-AIHI3TFNIJ,T1,,,,,
CAN-1VDM75MLPW,T0,,,,,
CAN-1VDM75MLPW,T1,,,,,
CAN-WRZ4JOZUYS,T0,,,,,
CAN-WRZ4JOZUYS,T1,,,,,
CAN-NTYVB1UIYJ,T0,,,,,
CAN-NTYVB1UIYJ,T1,,,,,
CAN-O0QDEJXZ2B,T0,,,,,
CAN-O0QDEJXZ2B,T1,,,,,
CAN-GNIKMZK7W5,T0,,,,,
CAN-GNIKMZK7W5,T1,,,,,
CAN-6VH85MNPDX,T0,,,,,
CAN-6VH85MNPDX,T1,,,,,
CAN-79HQN43LH2,T0,,,,,
CAN-79HQN43LH2,T1,,,,,
CAN-C0LXJOL3KE,T0,,,,,
CAN-C0LXJOL3KE,T1,,,,,
CAN-DE73T0610D,T0,,,,,
CAN-DE73T0610D,T1,,,,,
CAN-W84IXSCLOP,T0,,,,,
CAN-W84IXSCLOP,T1,,,,,
CAN-264647Z4GL,T0,,,,,
CAN-264647Z4GL,T1,,,,,
CAN-3Z0T7L7CYM,T0,,,,,
CAN-3Z0T7L7CYM,T1,,,,,
CAN-29MZJM6YNM,T0,,,,,
CAN-29MZJM6YNM,T1,,,,,
CAN-XX6JYHU0I1,T0,,,,,
CAN-XX6JYHU0I1,T1,,,,,
CAN-XGXI97FHUO,T0,,,,,
CAN-XGXI97FHUO,T1,,,,,
CAN-M3YS2WDPSW,T0,,,,,
CAN-M3YS2WDPSW,T1,,,,,
CAN-TUFEJXU36W,T0,,,,,
CAN-TUFEJXU36W,T1,,,,,
CAN-V6QRMQMS05,T0,,,,,
CAN-V6QRMQMS05,T1,,,,,
CAN-9RKDG6ZXU1,T0,,,,,
CAN-9RKDG6ZXU1,T1,,,,,
CAN-4ZNFGQADHF,T0,,,,,
CAN-4ZNFGQADHF,T1,,,,,
CAN-BPKOEM4XUW,T0,,,,,
CAN-BPKOEM4XUW,T1,,,,,
CAN-NB21MHDD7X,T0,,,,,
CAN-NB21MHDD7X,T1,,,,,
CAN-PVK0MMIDMA,T0,,,,,
CAN-PVK0MMIDMA,T1,,,,,
CAN-ZOFZFHV67D,T0,,,,,
CAN-ZOFZFHV67D,T1,,,,,
CAN-AH3U875VQ6,T0,,,,,
CAN-AH3U875VQ6,T1,,,,,
CAN-79CGCF480T,T0,,,,,
CAN-79CGCF480T,T1,,,,,
CAN-2E9QALSKN2,T0,,,,,
CAN-2E9QALSKN2,T1,,,,,
CAN-UDNQUFPYTH,T0,,,,,
CAN-UDNQUFPYTH,T1,,,,,
CAN-NXWHTVKO5J,T0,,,,,
CAN-NXWHTVKO5J,T1,,,,,
CAN-D7XKG9JUYL,T0,,,,,
CAN-D7XKG9JUYL,T1,,,,,
CAN-88D0LKPVPR,T0,,,,,
CAN-88D0LKPVPR,T1,,,,,
CAN-NC37LVIRJQ,T0,,,,,
CAN-NC37LVIRJQ,T1,,,,,
CAN-61AKGZI2LN,T0,,,,,
CAN-61AKGZI2LN,T1,,,,,
CAN-273SL2DIM2,T0,,,,,
CAN-273SL2DIM2,T1,,,,,
CAN-8PSL7WTOSF,T0,,,,,
CAN-8PSL7WTOSF,T1,,,,,
CAN-LIP36NFKKN,T0,,,,,
CAN-LIP36NFKKN,T1,,,,,
CAN-5SMG2QOCSW,T0,,,,,
CAN-5SMG2QOCSW,T1,,,,,
CAN-W013TOIYN2,T0,,,,,
CAN-W013TOIYN2,T1,,,,,
CAN-83VXZINFE8,T0,,,,,
CAN-83VXZINFE8,T1,,,,,
CAN-SLT54WFMLW,T0,,,,,
CAN-SLT54WFMLW,T1,,,,,
CAN-1VTZHZ30F1,T0,,,,,
CAN-1VTZHZ30F1,T1,,,,,
CAN-H060ONXOP3,T0,,,,,
CAN-H060ONXOP3,T1,,,,,
CAN-9Q6TNUO466,T0,,,,,
CAN-9Q6TNUO466,T1,,,,,
CAN-4BGH1KEVKR,T0,,,,,
CAN-4BGH1KEVKR,T1,,,,,
CAN-VI1CK22VHW,T0,,,,,
CAN-VI1CK22VHW,T1,,,,,
CAN-G4919T7BRT,T0,,,,,
CAN-G4919T7BRT,T1,,,,,
CAN-LSIM23HPUQ,T0,,,,,
CAN-LSIM23HPUQ,T1,,,,,
CAN-LC10C4OMEA,T0,,,,,
CAN-LC10C4OMEA,T1,,,,,
CAN-57LV2OO4FW,T0,,,,,
CAN-57LV2OO4FW,T1,,,,,
CAN-F17JFLBDL5,T0,,,,,
CAN-F17JFLBDL5,T1,,,,,
CAN-KIS9XHVXFJ,T0,,,,,
CAN-KIS9XHVXFJ,T1,,,,,
CAN-IVO4NYU9AW,T0,,,,,
CAN-IVO4NYU9AW,T1,,,,,
CAN-LDTY5FHKWS,T0,,,,,
CAN-LDTY5FHKWS,T1,,,,,
CAN-Y1NS971FST,T0,,,,,
CAN-Y1NS971FST,T1,,,,,
CAN-85H0CHXZKT,T0,,,,,
CAN-85H0CHXZKT,T1,,,,,
CAN-KCQ4S82ODX,T0,,,,,
CAN-KCQ4S82ODX,T1,,,,,
CAN-B1XW7RMLX8,T0,,,,,
CAN-B1XW7RMLX8,T1,,,,,
CAN-QEU7MM9PU5,T0,,,,,
CAN-QEU7MM9PU5,T1,,,,,
CAN-AUJQ1YLAGH,T0,,,,,
CAN-AUJQ1YLAGH,T1,,,,,
CAN-4MW5T97DUN,T0,,,,,
CAN-4MW5T97DUN,T1,,,,,
CAN-X5C4QS46M7,T0,,,,,
CAN-X5C4QS46M7,T1,,,,,
CAN-MCAT9FSFOX,T0,,,,,
CAN-MCAT9FSFOX,T1,,,,,
CAN-58HOFHDN3K,T0,,,,,
CAN-58HOFHDN3K,T1,,,,,
CAN-IOST3NTBA1,T0,,,,,
CAN-IOST3NTBA1,T1,,,,,
CAN-IQ7AEB3RYB,T0,,,,,
CAN-IQ7AEB3RYB,T1,,,,,
CAN-D41ODYEDQI,T0,,,,,
CAN-D41ODYEDQI,T1,,,,,
CAN-4ZXRF7HVY7,T0,,,,,
CAN-4ZXRF7HVY7,T1,,,,,
CAN-6DRIC0JK3X,T0,,,,,
CAN-6DRIC0JK3X,T1,,,,,
CAN-YYH83R40Y1,T0,,,,,
CAN-YYH83R40Y1,T1,,,,,
CAN-PFJ70ZUMKA,T0,,,,,
CAN-PFJ70ZUMKA,T1,,,,,
CAN-JEVT5DMHEK,T0,,,,,
CAN-JEVT5DMHEK,T1,,,,,
CAN-BC6AYWNGQ2,T0,,,,,
CAN-BC6AYWNGQ2,T1,,,,,
CAN-9234ECIR6M,T0,,,,,
CAN-9234ECIR6M,T1,,,,,
CAN-J5F0JJZ0TE,T0,,,,,
CAN-J5F0JJZ0TE,T1,,,,,
CAN-K7JXYWLE4I,T0,,,,,
CAN-K7JXYWLE4I,T1,,,,,
CAN-PVL814S28S,T0,,,,,
CAN-PVL814S28S,T1,,,,,
CAN-9P9GMJKRB2,T0,,,,,
CAN-9P9GMJKRB2,T1,,,,,
CAN-BMYQEP7EJ7,T0,,,,,
CAN-BMYQEP7EJ7,T1,,,,,
CAN-6R7Q4DAT57,T0,,,,,
CAN-6R7Q4DAT57,T1,,,,,
CAN-D93MHGSPH0,T0,,,,,
CAN-D93MHGSPH0,T1,,,,,
CAN-5BRX9MM04U,T0,,,,,
CAN-5BRX9MM04U,T1,,,,,
CAN-VMKZ7L2Z3E,T0,,,,,
CAN-VMKZ7L2Z3E,T1,,,,,
CAN-CZYHNGPJ14,T0,,,,,
CAN-CZYHNGPJ14,T1,,,,,
CAN-BX550BMXR2,T0,,,,,
CAN-BX550BMXR2,T1,,,,,
CAN-EG46RNNOA4,T0,,,,,
CAN-EG46RNNOA4,T1,,,,,
CAN-VA6ZZ122DQ,T0,,,,,
CAN-VA6ZZ122DQ,T1,,,,,
CAN-G1M5ZG185N,T0,,,,,
CAN-G1M5ZG185N,T1,,,,,
CAN-R84SB6BZUH,T0,,,,,
CAN-R84SB6BZUH,T1,,,,,
CAN-1WB2NA52JZ,T0,,,,,
CAN-1WB2NA52JZ,T1,,,,,
CAN-9YO7261GZ7,T0,,,,,
CAN-9YO7261GZ7,T1,,,,,
CAN-2U7V23Z0OQ,T0,,,,,
CAN-2U7V23Z0OQ,T1,,,,,
CAN-H1YXNCV0GV,T0,,,,,
CAN-H1YXNCV0GV,T1,,,,,
CAN-PF4P0UMOLV,T0,,,,,
CAN-PF4P0UMOLV,T1,,,,,
CAN-7GR51KK1XV,T0,,,,,
CAN-7GR51KK1XV,T1,,,,,
CAN-CZEI2UC4UZ,T0,,,,,
CAN-CZEI2UC4UZ,T1,,,,,
CAN-M771X92419,T0,,,,,
CAN-M771X92419,T1,,,,,
CAN-LI5A9CZVFU,T0,,,,,
CAN-LI5A9CZVFU,T1,,,,,
CAN-QS29MPE8L6,T0,,,,,
CAN-QS29MPE8L6,T1,,,,,
CAN-TBKCT19J1Y,T0,,,,,
CAN-TBKCT19J1Y,T1,,,,,
CAN-Z9GRC3LY98,T0,,,,,
CAN-Z9GRC3LY98,T1,,,,,
CAN-EFIWWCX4V7,T0,,,,,
CAN-EFIWWCX4V7,T1,,,,,
CAN-JSLGP64PT4,T0,,,,,
CAN-JSLGP64PT4,T1,,,,,
CAN-31KY1YK2PD,T0,,,,,
CAN-31KY1YK2PD,T1,,,,,
CAN-0YDVWAYHRJ,T0,,,,,
CAN-0YDVWAYHRJ,T1,,,,,
CAN-6Z5NM8NWS1,T0,,,,,
CAN-6Z5NM8NWS1,T1,,,,,
CAN-JL0JH6NY32,T0,,,,,
CAN-JL0JH6NY32,T1,,,,,
CAN-5RPYJXGLCM,T0,,,,,
CAN-5RPYJXGLCM,T1,,,,,
CAN-1EBSVJUATP,T0,,,,,
CAN-1EBSVJUATP,T1,,,,,
CAN-ZHMSSDU9NQ,T0,,,,,
CAN-ZHMSSDU9NQ,T1,,,,,
CAN-D267YM5E5V,T0,,,,,
CAN-D267YM5E5V,T1,,,,,
CAN-7RDB388K6U,T0,,,,,
CAN-7RDB388K6U,T1,,,,,
CAN-ZKCDKAL1B3,T0,,,,,
CAN-ZKCDKAL1B3,T1,,,,,
CAN-D9BC6HN4SS,T0,,,,,
CAN-D9BC6HN4SS,T1,,,,,
CAN-ZPPM7KUSB0,T0,,,,,
CAN-ZPPM7KUSB0,T1,,,,,
CAN-2P4TRWBHNU,T0,,,,,
CAN-2P4TRWBHNU,T1,,,,,
CAN-XFJL5GG7EZ,T0,,,,,
CAN-XFJL5GG7EZ,T1,,,,,
CAN-6TQ6DMWIP0,T0,,,,,
CAN-6TQ6DMWIP0,T1,,,,,
CAN-OTE7SGAISE,T0,,,,,
CAN-OTE7SGAISE,T1,,,,,
CAN-LIPS1GE1HH,T0,,,,,
CAN-LIPS1GE1HH,T1,,,,,
CAN-KL6EMS61FM,T0,,,,,
CAN-KL6EMS61FM,T1,,,,,
CAN-XVH651CMSE,T0,,,,,
CAN-XVH651CMSE,T1,,,,,
CAN-0C25ELPI5C,T0,,,,,
CAN-0C25ELPI5C,T1,,,,,
CAN-ADOOARNOF7,T0,,,,,
CAN-ADOOARNOF7,T1,,,,,
CAN-BB1E3J2ZRX,T0,,,,,
CAN-BB1E3J2ZRX,T1,,,,,
CAN-MLKTBJ2B05,T0,,,,,
CAN-MLKTBJ2B05,T1,,,,,
CAN-17TYWT4LNX,T0,,,,,
CAN-17TYWT4LNX,T1,,,,,
CAN-IW26EGDAB4,T0,,,,,
CAN-IW26EGDAB4,T1,,,,,
CAN-58870GVT4X,T0,,,,,
CAN-58870GVT4X,T1,,,,,
CAN-A1MW7LZE66,T0,,,,,
CAN-A1MW7LZE66,T1,,,,,
CAN-FN04EZQGIG,T0,,,,,
CAN-FN04EZQGIG,T1,,,,,
CAN-L9H4IUPC9S,T0,,,,,
CAN-L9H4IUPC9S,T1,,,,,
CAN-JEFDTERXW8,T0,,,,,
CAN-JEFDTERXW8,T1,,,,,
CAN-FCMPDI81A4,T0,,,,,
CAN-FCMPDI81A4,T1,,,,,
CAN-PSSCEC5QC5,T0,,,,,
CAN-PSSCEC5QC5,T1,,,,,
CAN-GPXG19LRNA,T0,,,,,
CAN-GPXG19LRNA,T1,,,,,
CAN-EOJ47M2FZ3,T0,,,,,
CAN-EOJ47M2FZ3,T1,,,,,
CAN-PG4CX7P6LZ,T0,,,,,
CAN-PG4CX7P6LZ,T1,,,,,
CAN-ZVB2TW34PD,T0,,,,,
CAN-ZVB2TW34PD,T1,,,,,
CAN-7DG83EWPV7,T0,,,,,
CAN-7DG83EWPV7,T1,,,,,
CAN-DRPK0KASY8,T0,,,,,
CAN-DRPK0KASY8,T1,,,,,
CAN-9JZS2IURAA,T0,,,,,
CAN-9JZS2IURAA,T1,,,,,
CAN-38GND0AHK2,T0,,,,,
CAN-38GND0AHK2,T1,,,,,
CAN-R9BEBOGSTD,T0,,,,,
CAN-R9BEBOGSTD,T1,,,,,
CAN-YZV228U01U,T0,,,,,
CAN-YZV228U01U,T1,,,,,
CAN-FWMPAGLMB4,T0,,,,,
CAN-FWMPAGLMB4,T1,,,,,
CAN-JIIXFSNXJ1,T0,,,,,
CAN-JIIXFSNXJ1,T1,,,,,
CAN-5ZD6QB9Q5H,T0,,,,,
CAN-5ZD6QB9Q5H,T1,,,,,
CAN-KPY0OT1TJ4,T0,,,,,
CAN-KPY0OT1TJ4,T1,,,,,
CAN-QTZSV2PPOR,T0,,,,,
CAN-QTZSV2PPOR,T1,,,,,
CAN-DV1F7H90YV,T0,,,,,
CAN-DV1F7H90YV,T1,,,,,
CAN-TM7A4NGI7B,T0,,,,,
CAN-TM7A4NGI7B,T1,,,,,
CAN-3OZ1C3AHC4,T0,,,,,
CAN-3OZ1C3AHC4,T1,,,,,
CAN-UUGHDXTUB6,T0,,,,,
CAN-UUGHDXTUB6,T1,,,,,
CAN-7TZ3NLBJRG,T0,,,,,
CAN-7TZ3NLBJRG,T1,,,,,
CAN-VX96DYZ521,T0,,,,,
CAN-VX96DYZ521,T1,,,,,
CAN-1B0SAQDKGQ,T0,,,,,
CAN-1B0SAQDKGQ,T1,,,,,
CAN-GMSD8YA9LD,T0,,,,,
CAN-GMSD8YA9LD,T1,,,,,
CAN-W25Q03KSVU,T0,,,,,
CAN-W25Q03KSVU,T1,,,,,
CAN-I4N8CBG88Z,T0,,,,,
CAN-I4N8CBG88Z,T1,,,,,
CAN-MWYD487FTF,T0,,,,,
CAN-MWYD487FTF,T1,,,,,
CAN-LU4D72EY19,T0,,,,,
CAN-LU4D72EY19,T1,,,,,
CAN-8LSP1L5CBE,T0,,,,,
CAN-8LSP1L5CBE,T1,,,,,
CAN-4CH5H0P36B,T0,,,,,
CAN-4CH5H0P36B,T1,,,,,
CAN-DENLAPBLO9,T0,,,,,
CAN-DENLAPBLO9,T1,,,,,
CAN-CMEW5DBDCQ,T0,,,,,
CAN-CMEW5DBDCQ,T1,,,,,
CAN-UOF6V3YQRP,T0,,,,,
CAN-UOF6V3YQRP,T1,,,,,
CAN-5AS3LED594,T0,,,,,
CAN-5AS3LED594,T1,,,,,
CAN-VY23BRW0ZM,T0,,,,,
CAN-VY23BRW0ZM,T1,,,,,
CAN-6HH2AKUFPJ,T0,,,,,
CAN-6HH2AKUFPJ,T1,,,,,
CAN-JPM00SO622,T0,,,,,
CAN-JPM00SO622,T1,,,,,
CAN-LCSHKWVH4K,T0,,,,,
CAN-LCSHKWVH4K,T1,,,,,
CAN-XEFAO3O4NE,T0,,,,,
CAN-XEFAO3O4NE,T1,,,,,
CAN-UZ5VISGPT2,T0,,,,,
CAN-UZ5VISGPT2,T1,,,,,
CAN-I22QK2GJF8,T0,,,,,
CAN-I22QK2GJF8,T1,,,,,
CAN-RRYTZHY0RQ,T0,,,,,
CAN-RRYTZHY0RQ,T1,,,,,
CAN-NGISWAU4BB,T0,,,,,
CAN-NGISWAU4BB,T1,,,,,
CAN-S9O7GFBDMV,T0,,,,,
CAN-S9O7GFBDMV,T1,,,,,
CAN-ORT6BFZDXK,T0,,,,,
CAN-ORT6BFZDXK,T1,,,,,
CAN-31TG5P95SK,T0,,,,,
CAN-31TG5P95SK,T1,,,,,
CAN-4ID9LJFR75,T0,,,,,
CAN-4ID9LJFR75,T1,,,,,
CAN-CV0DKNWMVL,T0,,,,,
CAN-CV0DKNWMVL,T1,,,,,
CAN-ETCUQ2QLLO,T0,,,,,
CAN-ETCUQ2QLLO,T1,,,,,
CAN-JZ0ZUOW34Y,T0,,,,,
CAN-JZ0ZUOW34Y,T1,,,,,
CAN-J9XV2W86Q2,T0,,,,,
CAN-J9XV2W86Q2,T1,,,,,
CAN-QK1R61731R,T0,,,,,
CAN-QK1R61731R,T1,,,,,
CAN-DWG8BJO5VH,T0,,,,,
CAN-DWG8BJO5VH,T1,,,,,
CAN-3ZV3I918EW,T0,,,,,
CAN-3ZV3I918EW,T1,,,,,
CAN-KQ03TMVOAN,T0,,,,,
CAN-KQ03TMVOAN,T1,,,,,
CAN-07K0HS2IUV,T0,,,,,
CAN-07K0HS2IUV,T1,,,,,
CAN-3UCSA7Y8ZY,T0,,,,,
CAN-3UCSA7Y8ZY,T1,,,,,
CAN-80QSP4B5US,T0,,,,,
CAN-80QSP4B5US,T1,,,,,
CAN-XG3K3UDHGS,T0,,,,,
CAN-XG3K3UDHGS,T1,,,,,
CAN-3AFY94SW3C,T0,,,,,
CAN-3AFY94SW3C,T1,,,,,
CAN-8HIH9HCSAF,T0,,,,,
CAN-8HIH9HCSAF,T1,,,,,
CAN-IVQ4SS4JFA,T0,,,,,
CAN-IVQ4SS4JFA,T1,,,,,
CAN-GKQW08T66J,T0,,,,,
CAN-GKQW08T66J,T1,,,,,
CAN-NFHR4OR2KT,T0,,,,,
CAN-NFHR4OR2KT,T1,,,,,
CAN-ZVF8W9THBF,T0,,,,,
CAN-ZVF8W9THBF,T1,,,,,
CAN-EQ8LO736EP,T0,,,,,
CAN-EQ8LO736EP,T1,,,,,
CAN-RLYU0OK0C2,T0,,,,,
CAN-RLYU0OK0C2,T1,,,,,
CAN-G0YQVN8MM7,T0,,,,,
CAN-G0YQVN8MM7,T1,,,,,
CAN-1NRBE6F6XU,T0,,,,,
CAN-1NRBE6F6XU,T1,,,,,
CAN-MPNJTA0TKV,T0,,,,,
CAN-MPNJTA0TKV,T1,,,,,
CAN-S7I53X3PYS,T0,,,,,
CAN-S7I53X3PYS,T1,,,,,
CAN-S265688PIZ,T0,,,,,
CAN-S265688PIZ,T1,,,,,
CAN-ZCL24GD7A6,T0,,,,,
CAN-ZCL24GD7A6,T1,,,,,
CAN-Y1T7094DUU,T0,,,,,
CAN-Y1T7094DUU,T1,,,,,
CAN-OQCBFWGODC,T0,,,,,
CAN-OQCBFWGODC,T1,,,,,
CAN-C97O44X0S7,T0,,,,,
CAN-C97O44X0S7,T1,,,,,
CAN-7PAQJV6D7W,T0,,,,,
CAN-7PAQJV6D7W,T1,,,,,
CAN-X18ATH1VHJ,T0,,,,,
CAN-X18ATH1VHJ,T1,,,,,
CAN-DPA77GUWLO,T0,,,,,
CAN-DPA77GUWLO,T1,,,,,
CAN-EZC28LS0O2,T0,,,,,
CAN-EZC28LS0O2,T1,,,,,
CAN-ML2G3DQGPB,T0,,,,,
CAN-ML2G3DQGPB,T1,,,,,
CAN-RG84ONNZ7C,T0,,,,,
CAN-RG84ONNZ7C,T1,,,,,
CAN-FUVULI9N68,T0,,,,,
CAN-FUVULI9N68,T1,,,,,
CAN-Z9UG2MG8YA,T0,,,,,
CAN-Z9UG2MG8YA,T1,,,,,
CAN-GO2HBDN5G0,T0,,,,,
CAN-GO2HBDN5G0,T1,,,,,
CAN-77BP2J1OD3,T0,,,,,
CAN-77BP2J1OD3,T1,,,,,
CAN-DI8BX8713C,T0,,,,,
CAN-DI8BX8713C,T1,,,,,
CAN-B8BNGUJ1X1,T0,,,,,
CAN-B8BNGUJ1X1,T1,,,,,
CAN-XEQMC6Y1T9,T0,,,,,
CAN-XEQMC6Y1T9,T1,,,,,
CAN-JH2XK5MMKC,T0,,,,,
CAN-JH2XK5MMKC,T1,,,,,
CAN-ACHX61W98N,T0,,,,,
CAN-ACHX61W98N,T1,,,,,
CAN-QFFT7OF7PD,T0,,,,,
CAN-QFFT7OF7PD,T1,,,,,
CAN-7UCSZT4445,T0,,,,,
CAN-7UCSZT4445,T1,,,,,
CAN-EWAJPE1AJ9,T0,,,,,
CAN-EWAJPE1AJ9,T1,,,,,
CAN-JZ7XDLMI2Z,T0,,,,,
CAN-JZ7XDLMI2Z,T1,,,,,
CAN-PQLPIF5GM5,T0,,,,,
CAN-PQLPIF5GM5,T1,,,,,
CAN-B3P4R2XUC5,T0,,,,,
CAN-B3P4R2XUC5,T1,,,,,
CAN-X04O9VR4ZE,T0,,,,,
CAN-X04O9VR4ZE,T1,,,,,
CAN-WZZQOI2YRW,T0,,,,,
CAN-WZZQOI2YRW,T1,,,,,
CAN-U9G6D14ZA7,T0,,,,,
CAN-U9G6D14ZA7,T1,,,,,
CAN-F37BAY3DES,T0,,,,,
CAN-F37BAY3DES,T1,,,,,
CAN-ILDBPPF785,T0,,,,,
CAN-ILDBPPF785,T1,,,,,
CAN-HZHR927VQ6,T0,,,,,
CAN-HZHR927VQ6,T1,,,,,
CAN-VOKQZCBQES,T0,,,,,
CAN-VOKQZCBQES,T1,,,,,
CAN-XD1Q1MNPB1,T0,,,,,
CAN-XD1Q1MNPB1,T1,,,,,
CAN-DAOPJC9106,T0,,,,,
CAN-DAOPJC9106,T1,,,,,
CAN-RY17IJ02V2,T0,,,,,
CAN-RY17IJ02V2,T1,,,,,
CAN-DCASB016R9,T0,,,,,
CAN-DCASB016R9,T1,,,,,
CAN-PIB7S992WV,T0,,,,,
CAN-PIB7S992WV,T1,,,,,
CAN-WKPJM8SGDC,T0,,,,,
CAN-WKPJM8SGDC,T1,,,,,
CAN-2E63QO089Q,T0,,,,,
CAN-2E63QO089Q,T1,,,,,
CAN-193LN0ADIK,T0,,,,,
CAN-193LN0ADIK,T1,,,,,
CAN-7FGDGZE7VG,T0,,,,,
CAN-7FGDGZE7VG,T1,,,,,
CAN-P82WHVDXAN,T0,,,,,
CAN-P82WHVDXAN,T1,,,,,
CAN-M0S26Y7TGF,T0,,,,,
CAN-M0S26Y7TGF,T1,,,,,
CAN-4D7BD8QRXS,T0,,,,,
CAN-4D7BD8QRXS,T1,,,,,
CAN-6PVYOR3SQ8,T0,,,,,
CAN-6PVYOR3SQ8,T1,,,,,
CAN-7GDOWCNBMO,T0,,,,,
CAN-7GDOWCNBMO,T1,,,,,
CAN-KHN9CQST1X,T0,,,,,
CAN-KHN9CQST1X,T1,,,,,
CAN-C3RCHZZU6Q,T0,,,,,
CAN-C3RCHZZU6Q,T1,,,,,
CAN-7PF8TE2XKB,T0,,,,,
CAN-7PF8TE2XKB,T1,,,,,
CAN-LSWNJRFEKD,T0,,,,,
CAN-LSWNJRFEKD,T1,,,,,
CAN-JTFXPH9RQ8,T0,,,,,
CAN-JTFXPH9RQ8,T1,,,,,
CAN-1NEQLC2YWG,T0,,,,,
CAN-1NEQLC2YWG,T1,,,,,
CAN-E0QLLGX8QS,T0,,,,,
CAN-E0QLLGX8QS,T1,,,,,
CAN-UKTHS6SHCS,T0,,,,,
CAN-UKTHS6SHCS,T1,,,,,
CAN-26NRSIBHRT,T0,,,,,
CAN-26NRSIBHRT,T1,,,,,
CAN-A3B04CE1ME,T0,,,,,
CAN-A3B04CE1ME,T1,,,,,
CAN-4QS9RM4XLH,T0,,,,,
CAN-4QS9RM4XLH,T1,,,,,
CAN-4LD8HHKMP3,T0,,,,,
CAN-4LD8HHKMP3,T1,,,,,
CAN-PSBSVYLTKY,T0,,,,,
CAN-PSBSVYLTKY,T1,,,,,
CAN-PZ9FZMCBQK,T0,,,,,
CAN-PZ9FZMCBQK,T1,,,,,
CAN-M62F7WQKIJ,T0,,,,,
CAN-M62F7WQKIJ,T1,,,,,
CAN-S1TQ2D8G5N,T0,,,,,
CAN-S1TQ2D8G5N,T1,,,,,
CAN-CXP21YWWOE,T0,,,,,
CAN-CXP21YWWOE,T1,,,,,
CAN-1BVE5IKOHH,T0,,,,,
CAN-1BVE5IKOHH,T1,,,,,
CAN-LR7MRZ1XAJ,T0,,,,,
CAN-LR7MRZ1XAJ,T1,,,,,
CAN-YJGDQ0HN25,T0,,,,,
CAN-YJGDQ0HN25,T1,,,,,
CAN-1I8VKTUERT,T0,,,,,
CAN-1I8VKTUERT,T1,,,,,
CAN-8ANKO5SKRN,T0,,,,,
CAN-8ANKO5SKRN,T1,,,,,
CAN-SGO4632G90,T0,,,,,
CAN-SGO4632G90,T1,,,,,
CAN-AWT0PQ5OZ6,T0,,,,,
CAN-AWT0PQ5OZ6,T1,,,,,
CAN-LXRB36QOQC,T0,,,,,
CAN-LXRB36QOQC,T1,,,,,
CAN-PU0IAHKN7C,T0,,,,,
CAN-PU0IAHKN7C,T1,,,,,
CAN-V5LFUN1AHC,T0,,,,,
CAN-V5LFUN1AHC,T1,,,,,
CAN-RHTARODOOV,T0,,,,,
CAN-RHTARODOOV,T1,,,,,
CAN-PIT9FOAQUJ,T0,,,,,
CAN-PIT9FOAQUJ,T1,,,,,
CAN-FYMN760115,T0,,,,,
CAN-FYMN760115,T1,,,,,
CAN-58JW66T4F3,T0,,,,,
CAN-58JW66T4F3,T1,,,,,
CAN-M2DWDZW396,T0,,,,,
CAN-M2DWDZW396,T1,,,,,
CAN-LIXDL678B3,T0,,,,,
CAN-LIXDL678B3,T1,,,,,
CAN-R8V4ZPIU73,T0,,,,,
CAN-R8V4ZPIU73,T1,,,,,
CAN-W3A8PN6BQQ,T0,,,,,
CAN-W3A8PN6BQQ,T1,,,,,
CAN-A4ON82GPEP,T0,,,,,
CAN-A4ON82GPEP,T1,,,,,
CAN-JLJ6MFKCIN,T0,,,,,
CAN-JLJ6MFKCIN,T1,,,,,
CAN-AVUU0UWJNE,T0,,,,,
CAN-AVUU0UWJNE,T1,,,,,
CAN-YBLMO1TU5L,T0,,,,,
CAN-YBLMO1TU5L,T1,,,,,
CAN-5P7WNDB621,T0,,,,,
CAN-5P7WNDB621,T1,,,,,
CAN-NRLS0MVM0K,T0,,,,,
CAN-NRLS0MVM0K,T1,,,,,
CAN-JC2W372NPV,T0,,,,,
CAN-JC2W372NPV,T1,,,,,
CAN-LYSEP4BU1H,T0,,,,,
CAN-LYSEP4BU1H,T1,,,,,
CAN-BIOCLP5BCF,T0,,,,,
CAN-BIOCLP5BCF,T1,,,,,
CAN-8AEMLHVBIJ,T0,,,,,
CAN-8AEMLHVBIJ,T1,,,,,
CAN-HLQ0JKGIW1,T0,,,,,
CAN-HLQ0JKGIW1,T1,,,,,
CAN-CLL8YNBXH5,T0,,,,,
CAN-CLL8YNBXH5,T1,,,,,
CAN-VJ1Y4C66QY,T0,,,,,
CAN-VJ1Y4C66QY,T1,,,,,
CAN-L0DFGM5P9O,T0,,,,,
CAN-L0DFGM5P9O,T1,,,,,
CAN-LIGCRJT67I,T0,,,,,
CAN-LIGCRJT67I,T1,,,,,
CAN-49HWXR6DM0,T0,,,,,
CAN-49HWXR6DM0,T1,,,,,
CAN-V0MKTCTUF1,T0,,,,,
CAN-V0MKTCTUF1,T1,,,,,
CAN-NRO7NYESN2,T0,,,,,
CAN-NRO7NYESN2,T1,,,,,
CAN-3HCYNYBD5I,T0,,,,,
CAN-3HCYNYBD5I,T1,,,,,
CAN-5QAYN38W4K,T0,,,,,
CAN-5QAYN38W4K,T1,,,,,
CAN-EW3JO74CAM,T0,,,,,
CAN-EW3JO74CAM,T1,,,,,
CAN-QXG4JC1YYV,T0,,,,,
CAN-QXG4JC1YYV,T1,,,,,
CAN-4N9JLHATTU,T0,,,,,
CAN-4N9JLHATTU,T1,,,,,
CAN-7LO6WFAEYR,T0,,,,,
CAN-7LO6WFAEYR,T1,,,,,
CAN-LBLJPN6JK8,T0,,,,,
CAN-LBLJPN6JK8,T1,,,,,
CAN-AKGXF10XZY,T0,,,,,
CAN-AKGXF10XZY,T1,,,,,
CAN-2Y3IKK3LNX,T0,,,,,
CAN-2Y3IKK3LNX,T1,,,,,
CAN-Y9MXO5WXI0,T0,,,,,
CAN-Y9MXO5WXI0,T1,,,,,
CAN-JJF27NZHO4,T0,,,,,
CAN-JJF27NZHO4,T1,,,,,
CAN-1P4SJQS1U0,T0,,,,,
CAN-1P4SJQS1U0,T1,,,,,
CAN-U2LC4TVR6W,T0,,,,,
CAN-U2LC4TVR6W,T1,,,,,
CAN-6DC84Y4BY7,T0,,,,,
CAN-6DC84Y4BY7,T1,,,,,
CAN-9656QKBLWY,T0,,,,,
CAN-9656QKBLWY,T1,,,,,
CAN-A4ER20MODS,T0,,,,,
CAN-A4ER20MODS,T1,,,,,
CAN-DPE36UVAK3,T0,,,,,
CAN-DPE36UVAK3,T1,,,,,
CAN-ASRE6PAM7D,T0,,,,,
CAN-ASRE6PAM7D,T1,,,,,
CAN-PU271ZBU0G,T0,,,,,
CAN-PU271ZBU0G,T1,,,,,
CAN-978HFIL2KS,T0,,,,,
CAN-978HFIL2KS,T1,,,,,
CAN-JV325P6RA6,T0,,,,,
CAN-JV325P6RA6,T1,,,,,
CAN-Y0GCUB1KA6,T0,,,,,
CAN-Y0GCUB1KA6,T1,,,,,
CAN-NO80GEEX9D,T0,,,,,
CAN-NO80GEEX9D,T1,,,,,
CAN-RBQHKNL7MA,T0,,,,,
CAN-RBQHKNL7MA,T1,,,,,
CAN-REF5URV939,T0,,,,,
CAN-REF5URV939,T1,,,,,
CAN-WNVYRFKDR4,T0,,,,,
CAN-WNVYRFKDR4,T1,,,,,
CAN-NGR4RTX739,T0,,,,,
CAN-NGR4RTX739,T1,,,,,
CAN-2KGRTT8ZTI,T0,,,,,
CAN-2KGRTT8ZTI,T1,,,,,
CAN-WKXFTGA5UO,T0,,,,,
CAN-WKXFTGA5UO,T1,,,,,
CAN-H5YBVGEJDF,T0,,,,,
CAN-H5YBVGEJDF,T1,,,,,
CAN-5Y7KGTZQ93,T0,,,,,
CAN-5Y7KGTZQ93,T1,,,,,
CAN-J4XIO7CT3V,T0,,,,,
CAN-J4XIO7CT3V,T1,,,,,
CAN-926KMKZ9RF,T0,,,,,
CAN-926KMKZ9RF,T1,,,,,
CAN-G2A73VHKD0,T0,,,,,
CAN-G2A73VHKD0,T1,,,,,
CAN-KT26NC2UC5,T0,,,,,
CAN-KT26NC2UC5,T1,,,,,
CAN-TTM13VFNNU,T0,,,,,
CAN-TTM13VFNNU,T1,,,,,
CAN-OIKETYQDGV,T0,,,,,
CAN-OIKETYQDGV,T1,,,,,
CAN-18Y317XEJ6,T0,,,,,
CAN-18Y317XEJ6,T1,,,,,
CAN-NXQQAQZACT,T0,,,,,
CAN-NXQQAQZACT,T1,,,,,
CAN-DSW0WGWZCI,T0,,,,,
CAN-DSW0WGWZCI,T1,,,,,
CAN-WEYX18MAUW,T0,,,,,
CAN-WEYX18MAUW,T1,,,,,
CAN-KDDOS3MGXX,T0,,,,,
CAN-KDDOS3MGXX,T1,,,,,
CAN-3BDSCPL2LW,T0,,,,,
CAN-3BDSCPL2LW,T1,,,,,
CAN-FZDFPT7ALP,T0,,,,,
CAN-FZDFPT7ALP,T1,,,,,
CAN-QTQO0T8BAS,T0,,,,,
CAN-QTQO0T8BAS,T1,,,,,
CAN-CJN0H4XCFS,T0,,,,,
CAN-CJN0H4XCFS,T1,,,,,
CAN-96P79HGHXI,T0,,,,,
CAN-96P79HGHXI,T1,,,,,
CAN-PV3ITGSHDT,T0,,,,,
CAN-PV3ITGSHDT,T1,,,,,
CAN-P6UBALC1JK,T0,,,,,
CAN-P6UBALC1JK,T1,,,,,
CAN-JWE945968N,T0,,,,,
CAN-JWE945968N,T1,,,,,
CAN-JAQVR4K57V,T0,,,,,
CAN-JAQVR4K57V,T1,,,,,
CAN-0QVRPI1VJH,T0,,,,,
CAN-0QVRPI1VJH,T1,,,,,
CAN-K89DX2JZKN,T0,,,,,
CAN-K89DX2JZKN,T1,,,,,
CAN-OSQIA86SY0,T0,,,,,
CAN-OSQIA86SY0,T1,,,,,
CAN-U6DHUGGHE6,T0,,,,,
CAN-U6DHUGGHE6,T1,,,,,
CAN-XMOGHFY5CW,T0,,,,,
CAN-XMOGHFY5CW,T1,,,,,
CAN-FCWRZ2AIFO,T0,,,,,
CAN-FCWRZ2AIFO,T1,,,,,
CAN-VDRA2DANTA,T0,,,,,
CAN-VDRA2DANTA,T1,,,,,
CAN-4TNRTD4X24,T0,,,,,
CAN-4TNRTD4X24,T1,,,,,
CAN-RDBZDAG2K1,T0,,,,,
CAN-RDBZDAG2K1,T1,,,,,
CAN-SRH2BY28MD,T0,,,,,
CAN-SRH2BY28MD,T1,,,,,
CAN-90E319ZE3Z,T0,,,,,
CAN-90E319ZE3Z,T1,,,,,
CAN-IIHVJ9TYCQ,T0,,,,,
CAN-IIHVJ9TYCQ,T1,,,,,
CAN-OC3QECPE55,T0,,,,,
CAN-OC3QECPE55,T1,,,,,
CAN-6LHKGRR2GD,T0,,,,,
CAN-6LHKGRR2GD,T1,,,,,
CAN-KQY4OH5SHE,T0,,,,,
CAN-KQY4OH5SHE,T1,,,,,
CAN-OTYR5TBUD4,T0,,,,,
CAN-OTYR5TBUD4,T1,,,,,
CAN-VI9EPEAZFM,T0,,,,,
CAN-VI9EPEAZFM,T1,,,,,
CAN-5ZX8EVWYV5,T0,,,,,
CAN-5ZX8EVWYV5,T1,,,,,
CAN-TEPRX524MN,T0,,,,,
CAN-TEPRX524MN,T1,,,,,
CAN-CZGOKZVLLK,T0,,,,,
CAN-CZGOKZVLLK,T1,,,,,
CAN-DQOF0FJWVN,T0,,,,,
CAN-DQOF0FJWVN,T1,,,,,
CAN-NPKPYNE3JJ,T0,,,,,
CAN-NPKPYNE3JJ,T1,,,,,
CAN-U581MM78O7,T0,,,,,
CAN-U581MM78O7,T1,,,,,
CAN-OBF9LA1UWF,T0,,,,,
CAN-OBF9LA1UWF,T1,,,,,
CAN-6GJ6BBLC7C,T0,,,,,
CAN-6GJ6BBLC7C,T1,,,,,
CAN-VR60YCR2XU,T0,,,,,
CAN-VR60YCR2XU,T1,,,,,
CAN-X7FB4C3D7Q,T0,,,,,
CAN-X7FB4C3D7Q,T1,,,,,
CAN-RECJLUHYIT,T0,,,,,
CAN-RECJLUHYIT,T1,,,,,
CAN-SPJC4DVZO0,T0,,,,,
CAN-SPJC4DVZO0,T1,,,,,
CAN-9SEXF3H29G,T0,,,,,
CAN-9SEXF3H29G,T1,,,,,
CAN-FQHZWO985D,T0,,,,,
CAN-FQHZWO985D,T1,,,,,
CAN-C5GHKMJ8YR,T0,,,,,
CAN-C5GHKMJ8YR,T1,,,,,
CAN-3585127SUB,T0,,,,,
CAN-3585127SUB,T1,,,,,
CAN-UECV6NWVBL,T0,,,,,
CAN-UECV6NWVBL,T1,,,,,
CAN-G4S4YQ4J8L,T0,,,,,
CAN-G4S4YQ4J8L,T1,,,,,
CAN-R689BH6BOQ,T0,,,,,
CAN-R689BH6BOQ,T1,,,,,
CAN-P4RVWAG757,T0,,,,,
CAN-P4RVWAG757,T1,,,,,
CAN-LI31XVSNE2,T0,,,,,
CAN-LI31XVSNE2,T1,,,,,
CAN-WHP56UI5FG,T0,,,,,
CAN-WHP56UI5FG,T1,,,,,
CAN-O724Q1ZOP1,T0,,,,,
CAN-O724Q1ZOP1,T1,,,,,
CAN-BTLCABBIUV,T0,,,,,
CAN-BTLCABBIUV,T1,,,,,
CAN-F8T095D81C,T0,,,,,
CAN-F8T095D81C,T1,,,,,
CAN-ERSOR4K7QJ,T0,,,,,
CAN-ERSOR4K7QJ,T1,,,,,
CAN-RXMWDVU7JD,T0,,,,,
CAN-RXMWDVU7JD,T1,,,,,
CAN-ERQRJ6F4P2,T0,,,,,
CAN-ERQRJ6F4P2,T1,,,,,
CAN-TM7GY5GSY8,T0,,,,,
CAN-TM7GY5GSY8,T1,,,,,
CAN-H3T5POFTUG,T0,,,,,
CAN-H3T5POFTUG,T1,,,,,
CAN-54T2DEXV7H,T0,,,,,
CAN-54T2DEXV7H,T1,,,,,
CAN-AZN671QTSW,T0,,,,,
CAN-AZN671QTSW,T1,,,,,
CAN-02YIB49F5G,T0,,,,,
CAN-02YIB49F5G,T1,,,,,
CAN-X4EZ4F68CQ,T0,,,,,
CAN-X4EZ4F68CQ,T1,,,,,
CAN-UWKAVTJRNW,T0,,,,,
CAN-UWKAVTJRNW,T1,,,,,
CAN-2N4BQ4KOS7,T0,,,,,
CAN-2N4BQ4KOS7,T1,,,,,
CAN-QQ941VUAS8,T0,,,,,
CAN-QQ941VUAS8,T1,,,,,
CAN-LYVPHZVU99,T0,,,,,
CAN-LYVPHZVU99,T1,,,,,
CAN-XGQ5EYM8R3,T0,,,,,
CAN-XGQ5EYM8R3,T1,,,,,
CAN-R6L3IT5YSE,T0,,,,,
CAN-R6L3IT5YSE,T1,,,,,
CAN-A4TRDSB53I,T0,,,,,
CAN-A4TRDSB53I,T1,,,,,
CAN-PZIDMAX0LY,T0,,,,,
CAN-PZIDMAX0LY,T1,,,,,
CAN-52K65YOL5V,T0,,,,,
CAN-52K65YOL5V,T1,,,,,
CAN-DSN2ICS5MO,T0,,,,,
CAN-DSN2ICS5MO,T1,,,,,
CAN-E2JRK8SH62,T0,,,,,
CAN-E2JRK8SH62,T1,,,,,
CAN-HSL1IEWFDF,T0,,,,,
CAN-HSL1IEWFDF,T1,,,,,
CAN-U2H0RQZZYP,T0,,,,,
CAN-U2H0RQZZYP,T1,,,,,
CAN-KET3RF904G,T0,,,,,
CAN-KET3RF904G,T1,,,,,
CAN-6ZP6RW4S4H,T0,,,,,
CAN-6ZP6RW4S4H,T1,,,,,
CAN-50FK951X8P,T0,,,,,
CAN-50FK951X8P,T1,,,,,
CAN-QHH5BCQLOK,T0,,,,,
CAN-QHH5BCQLOK,T1,,,,,
CAN-V2QUFEL066,T0,,,,,
CAN-V2QUFEL066,T1,,,,,
CAN-G1DUXYJUB7,T0,,,,,
CAN-G1DUXYJUB7,T1,,,,,
CAN-RSB56Z7ENG,T0,,,,,
CAN-RSB56Z7ENG,T1,,,,,
CAN-7W3U85CNA2,T0,,,,,
CAN-7W3U85CNA2,T1,,,,,
CAN-JHQO4NETFI,T0,,,,,
CAN-JHQO4NETFI,T1,,,,,
CAN-496O0RJA1X,T0,,,,,
CAN-496O0RJA1X,T1,,,,,
CAN-F2LP2JJO1G,T0,,,,,
CAN-F2LP2JJO1G,T1,,,,,
CAN-KA189KCKFM,T0,,,,,
CAN-KA189KCKFM,T1,,,,,
CAN-JM9PRM0SA4,T0,,,,,
CAN-JM9PRM0SA4,T1,,,,,
CAN-MFRFT7G2NM,T0,,,,,
CAN-MFRFT7G2NM,T1,,,,,
CAN-D5FUEOD8EA,T0,,,,,
CAN-D5FUEOD8EA,T1,,,,,
CAN-MMOEA1EHLZ,T0,,,,,
CAN-MMOEA1EHLZ,T1,,,,,
CAN-0OCDM4SVBK,T0,,,,,
CAN-0OCDM4SVBK,T1,,,,,
CAN-OADX9MH0Z0,T0,,,,,
CAN-OADX9MH0Z0,T1,,,,,
CAN-NCVSZJ97UQ,T0,,,,,
CAN-NCVSZJ97UQ,T1,,,,,
CAN-4GI8E82HF4,T0,,,,,
CAN-4GI8E82HF4,T1,,,,,
CAN-IEMB3481UI,T0,,,,,
CAN-IEMB3481UI,T1,,,,,
CAN-DJV20QJTNK,T0,,,,,
CAN-DJV20QJTNK,T1,,,,,
CAN-JU9UJOV98W,T0,,,,,
CAN-JU9UJOV98W,T1,,,,,
CAN-KX6LRHKBA4,T0,,,,,
CAN-KX6LRHKBA4,T1,,,,,
CAN-IHSZ0HR6YJ,T0,,,,,
CAN-IHSZ0HR6YJ,T1,,,,,
CAN-YEZGG7M6PJ,T0,,,,,
CAN-YEZGG7M6PJ,T1,,,,,
CAN-G71ROHY3FY,T0,,,,,
CAN-G71ROHY3FY,T1,,,,,
CAN-CBN1J9QTD0,T0,,,,,
CAN-CBN1J9QTD0,T1,,,,,
CAN-J5YVCMVYL6,T0,,,,,
CAN-J5YVCMVYL6,T1,,,,,
CAN-OK9IBCP9KU,T0,,,,,
CAN-OK9IBCP9KU,T1,,,,,
CAN-ZV9CFAEJEK,T0,,,,,
CAN-ZV9CFAEJEK,T1,,,,,
CAN-RUE3NFNU79,T0,,,,,
CAN-RUE3NFNU79,T1,,,,,
CAN-NS9SG33JWA,T0,,,,,
CAN-NS9SG33JWA,T1,,,,,
CAN-XYMNZFAGK8,T0,,,,,
CAN-XYMNZFAGK8,T1,,,,,
CAN-WUGCBIO2L7,T0,,,,,
CAN-WUGCBIO2L7,T1,,,,,
CAN-FBJ2OFDGS8,T0,,,,,
CAN-FBJ2OFDGS8,T1,,,,,
CAN-JYIWM6S776,T0,,,,,
CAN-JYIWM6S776,T1,,,,,
CAN-WC0X9I8WEO,T0,,,,,
CAN-WC0X9I8WEO,T1,,,,,
CAN-A24JNOAYMZ,T0,,,,,
CAN-A24JNOAYMZ,T1,,,,,
CAN-96YQ78B8HZ,T0,,,,,
CAN-96YQ78B8HZ,T1,,,,,
CAN-CQHA31DKRV,T0,,,,,
CAN-CQHA31DKRV,T1,,,,,
CAN-KB8YLF7YPI,T0,,,,,
CAN-KB8YLF7YPI,T1,,,,,
CAN-AKEWV1VHU2,T0,,,,,
CAN-AKEWV1VHU2,T1,,,,,
CAN-0F5N3SJ0FC,T0,,,,,
CAN-0F5N3SJ0FC,T1,,,,,
CAN-EK56CXVHPL,T0,,,,,
CAN-EK56CXVHPL,T1,,,,,
CAN-3H8R31I3EM,T0,,,,,
CAN-3H8R31I3EM,T1,,,,,
CAN-3QHCEEFBTR,T0,,,,,
CAN-3QHCEEFBTR,T1,,,,,
CAN-7UPS0Y1ZO6,T0,,,,,
CAN-7UPS0Y1ZO6,T1,,,,,
CAN-UTA3XQOIS1,T0,,,,,
CAN-UTA3XQOIS1,T1,,,,,
CAN-0BYTT06CZM,T0,,,,,
CAN-0BYTT06CZM,T1,,,,,
CAN-EFK8MHJ236,T0,,,,,
CAN-EFK8MHJ236,T1,,,,,
CAN-2INYUS49HK,T0,,,,,
CAN-2INYUS49HK,T1,,,,,
CAN-SSYA4BR16N,T0,,,,,
CAN-SSYA4BR16N,T1,,,,,
CAN-ZH8ZTWO6MZ,T0,,,,,
CAN-ZH8ZTWO6MZ,T1,,,,,
CAN-68BEBBKA9B,T0,,,,,
CAN-68BEBBKA9B,T1,,,,,
CAN-RXMRBHUWSK,T0,,,,,
CAN-RXMRBHUWSK,T1,,,,,
CAN-Z1IXD904I0,T0,,,,,
CAN-Z1IXD904I0,T1,,,,,
CAN-NJNUTWDYBX,T0,,,,,
CAN-NJNUTWDYBX,T1,,,,,
CAN-LKEBHYQ6XU,T0,,,,,
CAN-LKEBHYQ6XU,T1,,,,,
CAN-9X3V05OCUL,T0,,,,,
CAN-9X3V05OCUL,T1,,,,,
CAN-A6X5RVRBC4,T0,,,,,
CAN-A6X5RVRBC4,T1,,,,,
CAN-TGTZEYMOED,T0,,,,,
CAN-TGTZEYMOED,T1,,,,,
CAN-H92R5MTM1Q,T0,,,,,
CAN-H92R5MTM1Q,T1,,,,,
CAN-ASHV0QLZ5K,T0,,,,,
CAN-ASHV0QLZ5K,T1,,,,,
CAN-BY25Z4SDY0,T0,,,,,
CAN-BY25Z4SDY0,T1,,,,,
CAN-9DSPMPQRPC,T0,,,,,
CAN-9DSPMPQRPC,T1,,,,,
CAN-UOPE95W52D,T0,,,,,
CAN-UOPE95W52D,T1,,,,,
CAN-3LFNM8L6D4,T0,,,,,
CAN-3LFNM8L6D4,T1,,,,,
CAN-2TG8QI0W8K,T0,,,,,
CAN-2TG8QI0W8K,T1,,,,,
CAN-EGGOMR38YW,T0,,,,,
CAN-EGGOMR38YW,T1,,,,,
CAN-1TV7V4KO3V,T0,,,,,
CAN-1TV7V4KO3V,T1,,,,,
CAN-WKVOWYGQHX,T0,,,,,
CAN-WKVOWYGQHX,T1,,,,,
CAN-S4YMHV311R,T0,,,,,
CAN-S4YMHV311R,T1,,,,,
CAN-E2DCF78DGX,T0,,,,,
CAN-E2DCF78DGX,T1,,,,,
CAN-DPMHKHNR1A,T0,,,,,
CAN-DPMHKHNR1A,T1,,,,,
CAN-YXHOHBDHS2,T0,,,,,
CAN-YXHOHBDHS2,T1,,,,,
CAN-QJFDXWX860,T0,,,,,
CAN-QJFDXWX860,T1,,,,,
CAN-H2SLPCCWOS,T0,,,,,
CAN-H2SLPCCWOS,T1,,,,,
CAN-PMNNB8X0Z1,T0,,,,,
CAN-PMNNB8X0Z1,T1,,,,,
CAN-H70XTCJGXE,T0,,,,,
CAN-H70XTCJGXE,T1,,,,,
CAN-LAUC689MCL,T0,,,,,
CAN-LAUC689MCL,T1,,,,,
CAN-B07LLYVW13,T0,,,,,
CAN-B07LLYVW13,T1,,,,,
CAN-UKS7F4CV77,T0,,,,,
CAN-UKS7F4CV77,T1,,,,,
CAN-VA7FGRYZKI,T0,,,,,
CAN-VA7FGRYZKI,T1,,,,,
CAN-JVUP05816P,T0,,,,,
CAN-JVUP05816P,T1,,,,,
CAN-R6NGRPW6Y5,T0,,,,,
CAN-R6NGRPW6Y5,T1,,,,,
CAN-SQCEW4DPVE,T0,,,,,
CAN-SQCEW4DPVE,T1,,,,,
CAN-DAVT1WSL6F,T0,,,,,
CAN-DAVT1WSL6F,T1,,,,,
CAN-ZWQY4915AV,T0,,,,,
CAN-ZWQY4915AV,T1,,,,,
CAN-FTK34YMGT7,T0,,,,,
CAN-FTK34YMGT7,T1,,,,,
CAN-EGLXJKEQ2G,T0,,,,,
CAN-EGLXJKEQ2G,T1,,,,,
CAN-WG75Y6PNY4,T0,,,,,
CAN-WG75Y6PNY4,T1,,,,,
CAN-7YRJWGVAL3,T0,,,,,
CAN-7YRJWGVAL3,T1,,,,,
CAN-4F0GO24OWE,T0,,,,,
CAN-4F0GO24OWE,T1,,,,,
CAN-0ZFW2FYV8H,T0,,,,,
CAN-0ZFW2FYV8H,T1,,,,,
CAN-PJG53E35UJ,T0,,,,,
CAN-PJG53E35UJ,T1,,,,,
CAN-TL6YQMPNKG,T0,,,,,
CAN-TL6YQMPNKG,T1,,,,,
CAN-5ABJBEW32C,T0,,,,,
CAN-5ABJBEW32C,T1,,,,,
CAN-0EA1IP2MN3,T0,,,,,
CAN-0EA1IP2MN3,T1,,,,,
CAN-6EPLI585D2,T0,,,,,
CAN-6EPLI585D2,T1,,,,,
CAN-J0ZLULTNJV,T0,,,,,
CAN-J0ZLULTNJV,T1,,,,,
CAN-XCV3M11JPV,T0,,,,,
CAN-XCV3M11JPV,T1,,,,,
CAN-BQGNUWAQM6,T0,,,,,
CAN-BQGNUWAQM6,T1,,,,,
CAN-73F79OR4CL,T0,,,,,
CAN-73F79OR4CL,T1,,,,,
CAN-Q0PG4JHDL9,T0,,,,,
CAN-Q0PG4JHDL9,T1,,,,,
CAN-E6SQ08HIAO,T0,,,,,
CAN-E6SQ08HIAO,T1,,,,,
CAN-7ZLLB7GBNJ,T0,,,,,
CAN-7ZLLB7GBNJ,T1,,,,,
CAN-PF7OXTV91S,T0,,,,,
CAN-PF7OXTV91S,T1,,,,,
CAN-1LBMP5IGZ3,T0,,,,,
CAN-1LBMP5IGZ3,T1,,,,,
CAN-1XF83SYPIZ,T0,,,,,
CAN-1XF83SYPIZ,T1,,,,,
CAN-TW97Y5E8KF,T0,,,,,
CAN-TW97Y5E8KF,T1,,,,,
CAN-8UM90DD4UN,T0,,,,,
CAN-8UM90DD4UN,T1,,,,,
CAN-ECCED0CKWF,T0,,,,,
CAN-ECCED0CKWF,T1,,,,,
CAN-2KA2QHETDK,T0,,,,,
CAN-2KA2QHETDK,T1,,,,,
CAN-LOTZW5V3CG,T0,,,,,
CAN-LOTZW5V3CG,T1,,,,,
CAN-NBUBQIYM0C,T0,,,,,
CAN-NBUBQIYM0C,T1,,,,,
CAN-1UF2XQJF6M,T0,,,,,
CAN-1UF2XQJF6M,T1,,,,,
CAN-76DBB5IV5X,T0,,,,,
CAN-76DBB5IV5X,T1,,,,,
CAN-631ZBFZU8X,T0,,,,,
CAN-631ZBFZU8X,T1,,,,,
CAN-LXV3ESNVVY,T0,,,,,
CAN-LXV3ESNVVY,T1,,,,,
CAN-NG6Z4Z402A,T0,,,,,
CAN-NG6Z4Z402A,T1,,,,,
CAN-FK80JO7RUL,T0,,,,,
CAN-FK80JO7RUL,T1,,,,,
CAN-C6Z6FQHJGN,T0,,,,,
CAN-C6Z6FQHJGN,T1,,,,,
CAN-U52WGTQXV9,T0,,,,,
CAN-U52WGTQXV9,T1,,,,,
CAN-1LVF5K3P29,T0,,,,,
CAN-1LVF5K3P29,T1,,,,,
CAN-C01F6FT2P9,T0,,,,,
CAN-C01F6FT2P9,T1,,,,,
CAN-FQDAFXJ8PZ,T0,,,,,
CAN-FQDAFXJ8PZ,T1,,,,,
CAN-T1DMKAQKD2,T0,,,,,
CAN-T1DMKAQKD2,T1,,,,,
CAN-86LPPG73F5,T0,,,,,
CAN-86LPPG73F5,T1,,,,,
CAN-BIXFH6VDK0,T0,,,,,
CAN-BIXFH6VDK0,T1,,,,,
CAN-Z8YZMNGC3N,T0,,,,,
CAN-Z8YZMNGC3N,T1,,,,,
CAN-ESAIG87U7W,T0,,,,,
CAN-ESAIG87U7W,T1,,,,,
CAN-GZ4LVL0KY9,T0,,,,,
CAN-GZ4LVL0KY9,T1,,,,,
CAN-FLDA7FEV25,T0,,,,,
CAN-FLDA7FEV25,T1,,,,,
CAN-HXUH8N681S,T0,,,,,
CAN-HXUH8N681S,T1,,,,,
CAN-1PPWTB65BA,T0,,,,,
CAN-1PPWTB65BA,T1,,,,,
CAN-69XZ00C0RU,T0,,,,,
CAN-69XZ00C0RU,T1,,,,,
CAN-B241QLCG1E,T0,,,,,
CAN-B241QLCG1E,T1,,,,,
CAN-7GY3JITIHR,T0,,,,,
CAN-7GY3JITIHR,T1,,,,,
CAN-SGHTHNILJT,T0,,,,,
CAN-SGHTHNILJT,T1,,,,,
CAN-STB5OBJA8T,T0,,,,,
CAN-STB5OBJA8T,T1,,,,,
CAN-E0BCA1BXIJ,T0,,,,,
CAN-E0BCA1BXIJ,T1,,,,,
CAN-SQHPCEW5CC,T0,,,,,
CAN-SQHPCEW5CC,T1,,,,,
CAN-9K2DU6JSV5,T0,,,,,
CAN-9K2DU6JSV5,T1,,,,,
CAN-Z7SDMWZTQ0,T0,,,,,
CAN-Z7SDMWZTQ0,T1,,,,,
CAN-AQ8K23CAL3,T0,,,,,
CAN-AQ8K23CAL3,T1,,,,,
CAN-B3CDZTWF0I,T0,,,,,
CAN-B3CDZTWF0I,T1,,,,,
CAN-VZK8SIR3QU,T0,,,,,
CAN-VZK8SIR3QU,T1,,,,,
CAN-8B3MUO6LDV,T0,,,,,
CAN-8B3MUO6LDV,T1,,,,,
CAN-5CMOSCVIWN,T0,,,,,
CAN-5CMOSCVIWN,T1,,,,,
CAN-6L78XMY79T,T0,,,,,
CAN-6L78XMY79T,T1,,,,,
CAN-NVP0DGYZK8,T0,,,,,
CAN-NVP0DGYZK8,T1,,,,,
CAN-Z787FU68MZ,T0,,,,,
CAN-Z787FU68MZ,T1,,,,,
CAN-S5B3UFOQFB,T0,,,,,
CAN-S5B3UFOQFB,T1,,,,,
CAN-2E8RAA8PFA,T0,,,,,
CAN-2E8RAA8PFA,T1,,,,,
CAN-BVUAM02UIJ,T0,,,,,
CAN-BVUAM02UIJ,T1,,,,,
CAN-AG7P8RI22L,T0,,,,,
CAN-AG7P8RI22L,T1,,,,,
CAN-F5J3L4WAJG,T0,,,,,
CAN-F5J3L4WAJG,T1,,,,,
CAN-ULUI3NDKNK,T0,,,,,
CAN-ULUI3NDKNK,T1,,,,,
CAN-Q5BN4U700D,T0,,,,,
CAN-Q5BN4U700D,T1,,,,,
CAN-60L21FJHVP,T0,,,,,
CAN-60L21FJHVP,T1,,,,,
CAN-GLT17G6F8S,T0,,,,,
CAN-GLT17G6F8S,T1,,,,,
CAN-6JRLMF5BMH,T0,,,,,
CAN-6JRLMF5BMH,T1,,,,,
CAN-7KFS0Q8FKR,T0,,,,,
CAN-7KFS0Q8FKR,T1,,,,,
CAN-N4B9O146S5,T0,,,,,
CAN-N4B9O146S5,T1,,,,,
CAN-DD8UGN71GY,T0,,,,,
CAN-DD8UGN71GY,T1,,,,,
CAN-CDDW0K6B4Q,T0,,,,,
CAN-CDDW0K6B4Q,T1,,,,,
CAN-63I69TNQJK,T0,,,,,
CAN-63I69TNQJK,T1,,,,,
CAN-ZVQW141CHQ,T0,,,,,
CAN-ZVQW141CHQ,T1,,,,,
CAN-OKQJ560WMY,T0,,,,,
CAN-OKQJ560WMY,T1,,,,,
CAN-BYALPYHNU6,T0,,,,,
CAN-BYALPYHNU6,T1,,,,,
CAN-Z1CY5TYRW3,T0,,,,,
CAN-Z1CY5TYRW3,T1,,,,,
CAN-QL5KZ5QR7L,T0,,,,,
CAN-QL5KZ5QR7L,T1,,,,,
CAN-SNL28QLBIJ,T0,,,,,
CAN-SNL28QLBIJ,T1,,,,,
CAN-QOWZXDS3IL,T0,,,,,
CAN-QOWZXDS3IL,T1,,,,,
CAN-AO06OBYZ66,T0,,,,,
CAN-AO06OBYZ66,T1,,,,,
CAN-9CHER3OOHU,T0,,,,,
CAN-9CHER3OOHU,T1,,,,,
CAN-FPHQTK8Q04,T0,,,,,
CAN-FPHQTK8Q04,T1,,,,,
CAN-M3WRKHDPX7,T0,,,,,
CAN-M3WRKHDPX7,T1,,,,,
CAN-OGS6OUO3FI,T0,,,,,
CAN-OGS6OUO3FI,T1,,,,,
CAN-O6CIDF0C6N,T0,,,,,
CAN-O6CIDF0C6N,T1,,,,,
CAN-KMO4YWL72G,T0,,,,,
CAN-KMO4YWL72G,T1,,,,,
CAN-U15FLWQ9B3,T0,,,,,
CAN-U15FLWQ9B3,T1,,,,,
CAN-349ZIEV0FT,T0,,,,,
CAN-349ZIEV0FT,T1,,,,,
CAN-8IYK12MPI9,T0,,,,,
CAN-8IYK12MPI9,T1,,,,,
CAN-WU2QZWKPDJ,T0,,,,,
CAN-WU2QZWKPDJ,T1,,,,,
CAN-8PFTA1BX0P,T0,,,,,
CAN-8PFTA1BX0P,T1,,,,,
CAN-VCJ0R3ZCC6,T0,,,,,
CAN-VCJ0R3ZCC6,T1,,,,,
CAN-UES5KCMLIY,T0,,,,,
CAN-UES5KCMLIY,T1,,,,,
CAN-16XEENPIFY,T0,,,,,
CAN-16XEENPIFY,T1,,,,,
CAN-A9VHG0KDWF,T0,,,,,
CAN-A9VHG0KDWF,T1,,,,,
CAN-MF0JMSH3VQ,T0,,,,,
CAN-MF0JMSH3VQ,T1,,,,,
CAN-HFQYUMW66S,T0,,,,,
CAN-HFQYUMW66S,T1,,,,,
CAN-N5DFAVMN2M,T0,,,,,
CAN-N5DFAVMN2M,T1,,,,,
CAN-BUZFQ3ZL3N,T0,,,,,
CAN-BUZFQ3ZL3N,T1,,,,,
CAN-ZZ4MB3MU6Z,T0,,,,,
CAN-ZZ4MB3MU6Z,T1,,,,,
CAN-89IECAHOIQ,T0,,,,,
CAN-89IECAHOIQ,T1,,,,,
CAN-DCQWEQ07S6,T0,,,,,
CAN-DCQWEQ07S6,T1,,,,,
CAN-IZQBIL39DC,T0,,,,,
CAN-IZQBIL39DC,T1,,,,,
CAN-10SIX3UJ8M,T0,,,,,
CAN-10SIX3UJ8M,T1,,,,,
CAN-SGQA5NP7Y7,T0,,,,,
CAN-SGQA5NP7Y7,T1,,,,,
CAN-F0W9KNIWOS,T0,,,,,
CAN-F0W9KNIWOS,T1,,,,,
CAN-HAGXQLGMA3,T0,,,,,
CAN-HAGXQLGMA3,T1,,,,,
CAN-5ZK4NF93QJ,T0,,,,,
CAN-5ZK4NF93QJ,T1,,,,,
CAN-A03VPND4UX,T0,,,,,
CAN-A03VPND4UX,T1,,,,,
CAN-GENYPH830K,T0,,,,,
CAN-GENYPH830K,T1,,,,,
CAN-V0BG4AKVIL,T0,,,,,
CAN-V0BG4AKVIL,T1,,,,,
CAN-A6PLZPLITF,T0,,,,,
CAN-A6PLZPLITF,T1,,,,,
CAN-FYEFME20IM,T0,,,,,
CAN-FYEFME20IM,T1,,,,,
CAN-7HQWF459VW,T0,,,,,
CAN-7HQWF459VW,T1,,,,,
CAN-YJIOU7ZWE9,T0,,,,,
CAN-YJIOU7ZWE9,T1,,,,,
CAN-ME2Q23NS0G,T0,,,,,
CAN-ME2Q23NS0G,T1,,,,,
CAN-HFLRVW5TCH,T0,,,,,
CAN-HFLRVW5TCH,T1,,,,,
CAN-MD0DXZ9C95,T0,,,,,
CAN-MD0DXZ9C95,T1,,,,,
CAN-F9U0NLNMMQ,T0,,,,,
CAN-F9U0NLNMMQ,T1,,,,,
CAN-QVHP007BBV,T0,,,,,
CAN-QVHP007BBV,T1,,,,,
CAN-LO17EI1IP2,T0,,,,,
CAN-LO17EI1IP2,T1,,,,,
CAN-F6H8MV8WAI,T0,,,,,
CAN-F6H8MV8WAI,T1,,,,,
CAN-DKI7RZ4R1J,T0,,,,,
CAN-DKI7RZ4R1J,T1,,,,,
CAN-LDFVWJ93ST,T0,,,,,
CAN-LDFVWJ93ST,T1,,,,,
CAN-E737PWZPEP,T0,,,,,
CAN-E737PWZPEP,T1,,,,,
CAN-I2M119BDTW,T0,,,,,
CAN-I2M119BDTW,T1,,,,,
CAN-WFH5KLZLOX,T0,,,,,
CAN-WFH5KLZLOX,T1,,,,,
CAN-QE9YQKXN9Y,T0,,,,,
CAN-QE9YQKXN9Y,T1,,,,,
CAN-B3J9PAQDRA,T0,,,,,
CAN-B3J9PAQDRA,T1,,,,,
CAN-IWF7GVAB7U,T0,,,,,
CAN-IWF7GVAB7U,T1,,,,,
CAN-W1O813CX74,T0,,,,,
CAN-W1O813CX74,T1,,,,,
CAN-WCZB18H4Q2,T0,,,,,
CAN-WCZB18H4Q2,T1,,,,,
CAN-CGK7SKC8SW,T0,,,,,
CAN-CGK7SKC8SW,T1,,,,,
CAN-GO0JUJK73R,T0,,,,,
CAN-GO0JUJK73R,T1,,,,,
CAN-7PB0AJZQT8,T0,,,,,
CAN-7PB0AJZQT8,T1,,,,,
CAN-S3BIGB6189,T0,,,,,
CAN-S3BIGB6189,T1,,,,,
CAN-OK804BJEPQ,T0,,,,,
CAN-OK804BJEPQ,T1,,,,,
CAN-4P3QDNFNWG,T0,,,,,
CAN-4P3QDNFNWG,T1,,,,,
CAN-G7PHA3UNEB,T0,,,,,
CAN-G7PHA3UNEB,T1,,,,,
CAN-KFM61NBHHM,T0,,,,,
CAN-KFM61NBHHM,T1,,,,,
CAN-UQB0HYCFYT,T0,,,,,
CAN-UQB0HYCFYT,T1,,,,,
CAN-3OVNZGCQ26,T0,,,,,
CAN-3OVNZGCQ26,T1,,,,,
CAN-B0CWU0QK98,T0,,,,,
CAN-B0CWU0QK98,T1,,,,,
CAN-9X9R5R75I0,T0,,,,,
CAN-9X9R5R75I0,T1,,,,,
CAN-B3Q4WUI0Y9,T0,,,,,
CAN-B3Q4WUI0Y9,T1,,,,,
CAN-AM876TJ61U,T0,,,,,
CAN-AM876TJ61U,T1,,,,,
CAN-SC7ZUDCTHA,T0,,,,,
CAN-SC7ZUDCTHA,T1,,,,,
CAN-3JG44NWV2W,T0,,,,,
CAN-3JG44NWV2W,T1,,,,,
CAN-KDQSODONXQ,T0,,,,,
CAN-KDQSODONXQ,T1,,,,,
CAN-FHEC2GL3PL,T0,,,,,
CAN-FHEC2GL3PL,T1,,,,,
CAN-5W12XBINJG,T0,,,,,
CAN-5W12XBINJG,T1,,,,,
CAN-NEN3BSRMON,T0,,,,,
CAN-NEN3BSRMON,T1,,,,,
CAN-6JTO6XQ4JX,T0,,,,,
CAN-6JTO6XQ4JX,T1,,,,,
CAN-65HOT8NCRJ,T0,,,,,
CAN-65HOT8NCRJ,T1,,,,,
CAN-GP0BCURX2P,T0,,,,,
CAN-GP0BCURX2P,T1,,,,,
CAN-O1WDUAUNJV,T0,,,,,
CAN-O1WDUAUNJV,T1,,,,,
CAN-HE2DSW3B7X,T0,,,,,
CAN-HE2DSW3B7X,T1,,,,,
CAN-C7M3SL2NPO,T0,,,,,
CAN-C7M3SL2NPO,T1,,,,,
CAN-BCPIMVBSIP,T0,,,,,
CAN-BCPIMVBSIP,T1,,,,,
CAN-FWBYD5H9DL,T0,,,,,
CAN-FWBYD5H9DL,T1,,,,,
CAN-QCAUVDBES4,T0,,,,,
CAN-QCAUVDBES4,T1,,,,,
CAN-H3B7BYYSYS,T0,,,,,
CAN-H3B7BYYSYS,T1,,,,,
CAN-8RPZI7CMEV,T0,,,,,
CAN-8RPZI7CMEV,T1,,,,,
CAN-6FFH4E2JKG,T0,,,,,
CAN-6FFH4E2JKG,T1,,,,,
CAN-TTWB1I4UIC,T0,,,,,
CAN-TTWB1I4UIC,T1,,,,,
CAN-KFFJKOXQE1,T0,,,,,
CAN-KFFJKOXQE1,T1,,,,,
CAN-AZG42NDTQN,T0,,,,,
CAN-AZG42NDTQN,T1,,,,,
CAN-R3FQ58SFFS,T0,,,,,
CAN-R3FQ58SFFS,T1,,,,,
CAN-TVB16WDLIP,T0,,,,,
CAN-TVB16WDLIP,T1,,,,,
CAN-5VAK22F3EV,T0,,,,,
CAN-5VAK22F3EV,T1,,,,,
CAN-OZLJO4H04Q,T0,,,,,
CAN-OZLJO4H04Q,T1,,,,,
CAN-VQYLTRWUNA,T0,,,,,
CAN-VQYLTRWUNA,T1,,,,,
CAN-CXDOCPDOXI,T0,,,,,
CAN-CXDOCPDOXI,T1,,,,,
CAN-PUDBT7W4MD,T0,,,,,
CAN-PUDBT7W4MD,T1,,,,,
CAN-JH0SZZVVHT,T0,,,,,
CAN-JH0SZZVVHT,T1,,,,,
CAN-HNQKQ5F3YA,T0,,,,,
CAN-HNQKQ5F3YA,T1,,,,,
CAN-FONF66CCHQ,T0,,,,,
CAN-FONF66CCHQ,T1,,,,,
CAN-TUVFPC87VY,T0,,,,,
CAN-TUVFPC87VY,T1,,,,,
CAN-8D92ZL8OEY,T0,,,,,
CAN-8D92ZL8OEY,T1,,,,,
CAN-AZSWX7E32L,T0,,,,,
CAN-AZSWX7E32L,T1,,,,,
CAN-4WTC940VCQ,T0,,,,,
CAN-4WTC940VCQ,T1,,,,,
CAN-1PJTFT3AAK,T0,,,,,
CAN-1PJTFT3AAK,T1,,,,,
CAN-ZFOV94YVTH,T0,,,,,
CAN-ZFOV94YVTH,T1,,,,,
CAN-RIPZ1J6A3Z,T0,,,,,
CAN-RIPZ1J6A3Z,T1,,,,,
CAN-QFIRNCNJAE,T0,,,,,
CAN-QFIRNCNJAE,T1,,,,,
CAN-GT3UL69TUQ,T0,,,,,
CAN-GT3UL69TUQ,T1,,,,,
CAN-85ZKHF88WI,T0,,,,,
CAN-85ZKHF88WI,T1,,,,,
CAN-RK8DD4G1PH,T0,,,,,
CAN-RK8DD4G1PH,T1,,,,,
CAN-GK6AW1ND7J,T0,,,,,
CAN-GK6AW1ND7J,T1,,,,,
CAN-T453YNE9NZ,T0,,,,,
CAN-T453YNE9NZ,T1,,,,,
CAN-BOS72NPCD0,T0,,,,,
CAN-BOS72NPCD0,T1,,,,,
CAN-0IP0M4ZNH0,T0,,,,,
CAN-0IP0M4ZNH0,T1,,,,,
CAN-P97INIT6DG,T0,,,,,
CAN-P97INIT6DG,T1,,,,,
CAN-17Q85FH0QL,T0,,,,,
CAN-17Q85FH0QL,T1,,,,,
CAN-I7G7L7HIXM,T0,,,,,
CAN-I7G7L7HIXM,T1,,,,,
CAN-FYPPEPT445,T0,,,,,
CAN-FYPPEPT445,T1,,,,,
CAN-T6S8DISKOL,T0,,,,,
CAN-T6S8DISKOL,T1,,,,,
CAN-78ZPZ3LPT9,T0,,,,,
CAN-78ZPZ3LPT9,T1,,,,,
CAN-0DC3ZB1P41,T0,,,,,
CAN-0DC3ZB1P41,T1,,,,,
CAN-9AD8U5KMRL,T0,,,,,
CAN-9AD8U5KMRL,T1,,,,,
CAN-3IABT374F2,T0,,,,,
CAN-3IABT374F2,T1,,,,,
CAN-IE66RW112G,T0,,,,,
CAN-IE66RW112G,T1,,,,,
CAN-6YLEF4FQRG,T0,,,,,
CAN-6YLEF4FQRG,T1,,,,,
CAN-Y62K1B0WKZ,T0,,,,,
CAN-Y62K1B0WKZ,T1,,,,,
CAN-8TDM10LT6Y,T0,,,,,
CAN-8TDM10LT6Y,T1,,,,,
CAN-DRNO450VA0,T0,,,,,
CAN-DRNO450VA0,T1,,,,,
CAN-PTQC3N5WQ0,T0,,,,,
CAN-PTQC3N5WQ0,T1,,,,,
CAN-UG1N3SN2KY,T0,,,,,
CAN-UG1N3SN2KY,T1,,,,,
CAN-7B40S6UH99,T0,,,,,
CAN-7B40S6UH99,T1,,,,,
CAN-KF00ULP72W,T0,,,,,
CAN-KF00ULP72W,T1,,,,,
CAN-FGZ4GRLM30,T0,,,,,
CAN-FGZ4GRLM30,T1,,,,,
CAN-CGF95PATBC,T0,,,,,
CAN-CGF95PATBC,T1,,,,,
CAN-GJTMM3W07Z,T0,,,,,
CAN-GJTMM3W07Z,T1,,,,,
CAN-IWJQJGE3UO,T0,,,,,
CAN-IWJQJGE3UO,T1,,,,,
CAN-ZWHZ7DW6NS,T0,,,,,
CAN-ZWHZ7DW6NS,T1,,,,,
CAN-IHZGJTDMH4,T0,,,,,
CAN-IHZGJTDMH4,T1,,,,,
CAN-JDV8P2YTBZ,T0,,,,,
CAN-JDV8P2YTBZ,T1,,,,,
CAN-G27JAXK0MX,T0,,,,,
CAN-G27JAXK0MX,T1,,,,,
CAN-KZ39RUFGM6,T0,,,,,
CAN-KZ39RUFGM6,T1,,,,,
CAN-ALC5F44YWD,T0,,,,,
CAN-ALC5F44YWD,T1,,,,,
CAN-NU7FQQKD7D,T0,,,,,
CAN-NU7FQQKD7D,T1,,,,,
CAN-H3DK4NU2ZJ,T0,,,,,
CAN-H3DK4NU2ZJ,T1,,,,,
CAN-3LRZIH9271,T0,,,,,
CAN-3LRZIH9271,T1,,,,,
CAN-4FDEGCG4G1,T0,,,,,
CAN-4FDEGCG4G1,T1,,,,,
CAN-RPYWFA57VH,T0,,,,,
CAN-RPYWFA57VH,T1,,,,,
CAN-3H5IPD9B1O,T0,,,,,
CAN-3H5IPD9B1O,T1,,,,,
CAN-7YZPLXASP3,T0,,,,,
CAN-7YZPLXASP3,T1,,,,,
CAN-HEYVB6DLYJ,T0,,,,,
CAN-HEYVB6DLYJ,T1,,,,,
CAN-0OM778UMUF,T0,,,,,
CAN-0OM778UMUF,T1,,,,,
CAN-12EVVY1X2A,T0,,,,,
CAN-12EVVY1X2A,T1,,,,,
CAN-F2SHW263HU,T0,,,,,
CAN-F2SHW263HU,T1,,,,,
CAN-LXSLZV5GJ0,T0,,,,,
CAN-LXSLZV5GJ0,T1,,,,,
CAN-BD65TLLIFV,T0,,,,,
CAN-BD65TLLIFV,T1,,,,,
CAN-6GWOLAEOYS,T0,,,,,
CAN-6GWOLAEOYS,T1,,,,,
CAN-I3W7ODI8WB,T0,,,,,
CAN-I3W7ODI8WB,T1,,,,,
CAN-T1AC9N81GI,T0,,,,,
CAN-T1AC9N81GI,T1,,,,,
CAN-PPVKGLQHHD,T0,,,,,
CAN-PPVKGLQHHD,T1,,,,,
CAN-TNX99LPG94,T0,,,,,
CAN-TNX99LPG94,T1,,,,,
CAN-X11SGITH2T,T0,,,,,
CAN-X11SGITH2T,T1,,,,,
CAN-V1750FA0TP,T0,,,,,
CAN-V1750FA0TP,T1,,,,,
CAN-CUINH0PH0P,T0,,,,,
CAN-CUINH0PH0P,T1,,,,,
CAN-P8GE5YKTO3,T0,,,,,
CAN-P8GE5YKTO3,T1,,,,,
CAN-1HVHUNQKM6,T0,,,,,
CAN-1HVHUNQKM6,T1,,,,,
CAN-TNAXHK3R8P,T0,,,,,
CAN-TNAXHK3R8P,T1,,,,,
CAN-Q6ONAAVSR1,T0,,,,,
CAN-Q6ONAAVSR1,T1,,,,,
CAN-EZ8AXQEBOG,T0,,,,,
CAN-EZ8AXQEBOG,T1,,,,,
CAN-WZVZT71ZUE,T0,,,,,
CAN-WZVZT71ZUE,T1,,,,,
CAN-RX1A6AY19R,T0,,,,,
CAN-RX1A6AY19R,T1,,,,,
CAN-AR6DUBOAPU,T0,,,,,
CAN-AR6DUBOAPU,T1,,,,,
CAN-RYRHTWEMW8,T0,,,,,
CAN-RYRHTWEMW8,T1,,,,,
CAN-H11ZWKHCP8,T0,,,,,
CAN-H11ZWKHCP8,T1,,,,,
CAN-SJN7W02UHR,T0,,,,,
CAN-SJN7W02UHR,T1,,,,,
CAN-JC1HKMXEZZ,T0,,,,,
CAN-JC1HKMXEZZ,T1,,,,,
CAN-9PK2TVVKKK,T0,,,,,
CAN-9PK2TVVKKK,T1,,,,,
CAN-Y5X6AJCVTP,T0,,,,,
CAN-Y5X6AJCVTP,T1,,,,,
CAN-3Q8FBZTSEF,T0,,,,,
CAN-3Q8FBZTSEF,T1,,,,,
CAN-K2ZDQUNBEI,T0,,,,,
CAN-K2ZDQUNBEI,T1,,,,,
CAN-N2IV99F165,T0,,,,,
CAN-N2IV99F165,T1,,,,,
CAN-V460II6MZF,T0,,,,,
CAN-V460II6MZF,T1,,,,,
CAN-3M5NXH75MN,T0,,,,,
CAN-3M5NXH75MN,T1,,,,,
CAN-ORDJR8633M,T0,,,,,
CAN-ORDJR8633M,T1,,,,,
CAN-4YNGRJSDT6,T0,,,,,
CAN-4YNGRJSDT6,T1,,,,,
CAN-IWLFU1OFRO,T0,,,,,
CAN-IWLFU1OFRO,T1,,,,,
CAN-5CDHP5SGXO,T0,,,,,
CAN-5CDHP5SGXO,T1,,,,,
CAN-CFTQYS29K3,T0,,,,,
CAN-CFTQYS29K3,T1,,,,,
CAN-VQGF94NCEA,T0,,,,,
CAN-VQGF94NCEA,T1,,,,,
CAN-7R60SQTCFI,T0,,,,,
CAN-7R60SQTCFI,T1,,,,,
CAN-FXZLTKQ8CA,T0,,,,,
CAN-FXZLTKQ8CA,T1,,,,,
CAN-HTUQDZBK53,T0,,,,,
CAN-HTUQDZBK53,T1,,,,,
CAN-QTJMCTL6P1,T0,,,,,
CAN-QTJMCTL6P1,T1,,,,,
CAN-4VABLMKB1L,T0,,,,,
CAN-4VABLMKB1L,T1,,,,,
CAN-9KL73RLYXY,T0,,,,,
CAN-9KL73RLYXY,T1,,,,,
CAN-N7JXXMU70U,T0,,,,,
CAN-N7JXXMU70U,T1,,,,,
CAN-E6UHT2O1QH,T0,,,,,
CAN-E6UHT2O1QH,T1,,,,,
CAN-D8H5LWOJVU,T0,,,,,
CAN-D8H5LWOJVU,T1,,,,,
CAN-HQHXFBINH8,T0,,,,,
CAN-HQHXFBINH8,T1,,,,,
CAN-SV5HXD7X25,T0,,,,,
CAN-SV5HXD7X25,T1,,,,,
CAN-XSJILXDSEO,T0,,,,,
CAN-XSJILXDSEO,T1,,,,,
CAN-3A9R5YEADG,T0,,,,,
CAN-3A9R5YEADG,T1,,,,,
CAN-FKYSG0LGE1,T0,,,,,
CAN-FKYSG0LGE1,T1,,,,,
CAN-1XZ9WMWS5F,T0,,,,,
CAN-1XZ9WMWS5F,T1,,,,,
CAN-RQ836DO1ZN,T0,,,,,
CAN-RQ836DO1ZN,T1,,,,,
CAN-50M9M6SKCQ,T0,,,,,
CAN-50M9M6SKCQ,T1,,,,,
CAN-AW8UE3RXXT,T0,,,,,
CAN-AW8UE3RXXT,T1,,,,,
CAN-YEEPRX8WW3,T0,,,,,
CAN-YEEPRX8WW3,T1,,,,,
CAN-DLIBVULJET,T0,,,,,
CAN-DLIBVULJET,T1,,,,,
CAN-O07GSINAIT,T0,,,,,
CAN-O07GSINAIT,T1,,,,,
CAN-VW0SUW83SR,T0,,,,,
CAN-VW0SUW83SR,T1,,,,,
CAN-RV2PSJD1YX,T0,,,,,
CAN-RV2PSJD1YX,T1,,,,,
CAN-MNQVETPDXS,T0,,,,,
CAN-MNQVETPDXS,T1,,,,,
CAN-ZQMIV6HS0G,T0,,,,,
CAN-ZQMIV6HS0G,T1,,,,,
CAN-4P3TQW9U57,T0,,,,,
CAN-4P3TQW9U57,T1,,,,,
CAN-LXQPEH4RTT,T0,,,,,
CAN-LXQPEH4RTT,T1,,,,,
CAN-7R8LR8ADWW,T0,,,,,
CAN-7R8LR8ADWW,T1,,,,,
CAN-LALZ3T3YXG,T0,,,,,
CAN-LALZ3T3YXG,T1,,,,,
CAN-0OQL8EZI9B,T0,,,,,
CAN-0OQL8EZI9B,T1,,,,,
CAN-R2G5BVIZ9B,T0,,,,,
CAN-R2G5BVIZ9B,T1,,,,,
CAN-VTGU1E6C9Y,T0,,,,,
CAN-VTGU1E6C9Y,T1,,,,,
CAN-544AOF5WFD,T0,,,,,
CAN-544AOF5WFD,T1,,,,,
CAN-Y3U5YX2FUN,T0,,,,,
CAN-Y3U5YX2FUN,T1,,,,,
CAN-FTR3XTY1EQ,T0,,,,,
CAN-FTR3XTY1EQ,T1,,,,,
CAN-MW8XM3N0AZ,T0,,,,,
CAN-MW8XM3N0AZ,T1,,,,,
CAN-ZOCEF52X30,T0,,,,,
CAN-ZOCEF52X30,T1,,,,,
CAN-VG6KETXRKM,T0,,,,,
CAN-VG6KETXRKM,T1,,,,,
CAN-5198LKM1O9,T0,,,,,
CAN-5198LKM1O9,T1,,,,,
CAN-QZNW9K7ZAK,T0,,,,,
CAN-QZNW9K7ZAK,T1,,,,,
CAN-SKBEXGF3C6,T0,,,,,
CAN-SKBEXGF3C6,T1,,,,,
CAN-3HZIKFDJA2,T0,,,,,
CAN-3HZIKFDJA2,T1,,,,,
CAN-HRPVWJETX4,T0,,,,,
CAN-HRPVWJETX4,T1,,,,,
CAN-49QOOZVVQN,T0,,,,,
CAN-49QOOZVVQN,T1,,,,,
CAN-JOBRRRTQUI,T0,,,,,
CAN-JOBRRRTQUI,T1,,,,,
CAN-43N27FHH6E,T0,,,,,
CAN-43N27FHH6E,T1,,,,,
CAN-OYSOD7GBIK,T0,,,,,
CAN-OYSOD7GBIK,T1,,,,,
CAN-NMUDE2TMOK,T0,,,,,
CAN-NMUDE2TMOK,T1,,,,,
CAN-5D0G3VUQUU,T0,,,,,
CAN-5D0G3VUQUU,T1,,,,,
CAN-W2LYEKIRDA,T0,,,,,
CAN-W2LYEKIRDA,T1,,,,,
CAN-I4KTJO46KG,T0,,,,,
CAN-I4KTJO46KG,T1,,,,,
CAN-8QZL7EG95P,T0,,,,,
CAN-8QZL7EG95P,T1,,,,,
CAN-JX4F5AQ4VI,T0,,,,,
CAN-JX4F5AQ4VI,T1,,,,,
CAN-KG5AGWORI7,T0,,,,,
CAN-KG5AGWORI7,T1,,,,,
CAN-OID5VTKSP7,T0,,,,,
CAN-OID5VTKSP7,T1,,,,,
CAN-04VRE5NHP8,T0,,,,,
CAN-04VRE5NHP8,T1,,,,,
CAN-KMQNYBXWJ7,T0,,,,,
CAN-KMQNYBXWJ7,T1,,,,,
CAN-NB57ETGM88,T0,,,,,
CAN-NB57ETGM88,T1,,,,,
CAN-KVKZK665SP,T0,,,,,
CAN-KVKZK665SP,T1,,,,,
CAN-0KS12ZEN6O,T0,,,,,
CAN-0KS12ZEN6O,T1,,,,,
CAN-487TU7APRO,T0,,,,,
CAN-487TU7APRO,T1,,,,,
CAN-G7LWR9OCRB,T0,,,,,
CAN-G7LWR9OCRB,T1,,,,,
CAN-JY75AVTYP5,T0,,,,,
CAN-JY75AVTYP5,T1,,,,,
CAN-8IC8FMQATQ,T0,,,,,
CAN-8IC8FMQATQ,T1,,,,,
CAN-TDGO2C6CV5,T0,,,,,
CAN-TDGO2C6CV5,T1,,,,,
CAN-OAAMZGERA3,T0,,,,,
CAN-OAAMZGERA3,T1,,,,,
CAN-ZG2995G25E,T0,,,,,
CAN-ZG2995G25E,T1,,,,,
CAN-3CDB87XIUI,T0,,,,,
CAN-3CDB87XIUI,T1,,,,,
CAN-LD2J3B62AI,T0,,,,,
CAN-LD2J3B62AI,T1,,,,,
CAN-LJYDNHIEXT,T0,,,,,
CAN-LJYDNHIEXT,T1,,,,,
CAN-OWE663KXZ6,T0,,,,,
CAN-OWE663KXZ6,T1,,,,,
CAN-ADAJK3IGLI,T0,,,,,
CAN-ADAJK3IGLI,T1,,,,,
CAN-JCKG3ZRCS2,T0,,,,,
CAN-JCKG3ZRCS2,T1,,,,,
CAN-IRSQ4Q5DBW,T0,,,,,
CAN-IRSQ4Q5DBW,T1,,,,,
CAN-MB40NZ2LP5,T0,,,,,
CAN-MB40NZ2LP5,T1,,,,,
CAN-VEKAL66UPP,T0,,,,,
CAN-VEKAL66UPP,T1,,,,,
CAN-ATWQL2H7AE,T0,,,,,
CAN-ATWQL2H7AE,T1,,,,,
CAN-WNJ8DW3I3B,T0,,,,,
CAN-WNJ8DW3I3B,T1,,,,,
CAN-4M623G5C35,T0,,,,,
CAN-4M623G5C35,T1,,,,,
CAN-9BAJ6CDGT6,T0,,,,,
CAN-9BAJ6CDGT6,T1,,,,,
CAN-FCRK2E4YJU,T0,,,,,
CAN-FCRK2E4YJU,T1,,,,,
CAN-QVYACGNOO2,T0,,,,,
CAN-QVYACGNOO2,T1,,,,,
CAN-N0UN3Y0G9Z,T0,,,,,
CAN-N0UN3Y0G9Z,T1,,,,,
CAN-590N9GCQ7T,T0,,,,,
CAN-590N9GCQ7T,T1,,,,,
CAN-2Y4TEJANHZ,T0,,,,,
CAN-2Y4TEJANHZ,T1,,,,,
CAN-DMWEOUIS9E,T0,,,,,
CAN-DMWEOUIS9E,T1,,,,,
CAN-Z7V537USGW,T0,,,,,
CAN-Z7V537USGW,T1,,,,,
CAN-MPWYYYG3OO,T0,,,,,
CAN-MPWYYYG3OO,T1,,,,,
CAN-4B339QYUW4,T0,,,,,
CAN-4B339QYUW4,T1,,,,,
CAN-Q9J7PO1G6D,T0,,,,,
CAN-Q9J7PO1G6D,T1,,,,,
CAN-8LPGH5UUOE,T0,,,,,
CAN-8LPGH5UUOE,T1,,,,,
CAN-FENT2XIUKL,T0,,,,,
CAN-FENT2XIUKL,T1,,,,,
CAN-UCVDBMA5IR,T0,,,,,
CAN-UCVDBMA5IR,T1,,,,,
CAN-UGH7D4H1E5,T0,,,,,
CAN-UGH7D4H1E5,T1,,,,,
CAN-HUDWP3XVZC,T0,,,,,
CAN-HUDWP3XVZC,T1,,,,,
CAN-U7CBY8CLDQ,T0,,,,,
CAN-U7CBY8CLDQ,T1,,,,,
CAN-O01HY3G92Q,T0,,,,,
CAN-O01HY3G92Q,T1,,,,,
CAN-QI61DCINNH,T0,,,,,
CAN-QI61DCINNH,T1,,,,,
CAN-33HZP899Y9,T0,,,,,
CAN-33HZP899Y9,T1,,,,,
CAN-JF31D8QJFT,T0,,,,,
CAN-JF31D8QJFT,T1,,,,,
CAN-UES5WECBB6,T0,,,,,
CAN-UES5WECBB6,T1,,,,,
CAN-918LO6FTWS,T0,,,,,
CAN-918LO6FTWS,T1,,,,,
CAN-C55LCCFDD1,T0,,,,,
CAN-C55LCCFDD1,T1,,,,,
CAN-H9WHJECUZG,T0,,,,,
CAN-H9WHJECUZG,T1,,,,,
CAN-CN9ZMXKU8G,T0,,,,,
CAN-CN9ZMXKU8G,T1,,,,,
CAN-RLRVZIDB1R,T0,,,,,
CAN-RLRVZIDB1R,T1,,,,,
CAN-GXLNL7J3QI,T0,,,,,
CAN-GXLNL7J3QI,T1,,,,,
CAN-OD3HOAQIUG,T0,,,,,
CAN-OD3HOAQIUG,T1,,,,,
CAN-Y08MSWO41T,T0,,,,,
CAN-Y08MSWO41T,T1,,,,,
CAN-2252T7QKC4,T0,,,,,
CAN-2252T7QKC4,T1,,,,,
CAN-Y746C1F209,T0,,,,,
CAN-Y746C1F209,T1,,,,,
CAN-0A34KOKNK5,T0,,,,,
CAN-0A34KOKNK5,T1,,,,,
CAN-VDXXAJWH2Q,T0,,,,,
CAN-VDXXAJWH2Q,T1,,,,,
CAN-19G87PUGTA,T0,,,,,
CAN-19G87PUGTA,T1,,,,,
CAN-EA4RUSO2WZ,T0,,,,,
CAN-EA4RUSO2WZ,T1,,,,,
CAN-84KL65R74M,T0,,,,,
CAN-84KL65R74M,T1,,,,,
CAN-8GKF9JHCMK,T0,,,,,
CAN-8GKF9JHCMK,T1,,,,,
CAN-ZQR28L31J1,T0,,,,,
CAN-ZQR28L31J1,T1,,,,,
CAN-0ABAFX9H26,T0,,,,,
CAN-0ABAFX9H26,T1,,,,,
CAN-TUJD3WGN15,T0,,,,,
CAN-TUJD3WGN15,T1,,,,,
CAN-UENP45H422,T0,,,,,
CAN-UENP45H422,T1,,,,,
CAN-84X4BHEYDP,T0,,,,,
CAN-84X4BHEYDP,T1,,,,,
CAN-BPD31J35WD,T0,,,,,
CAN-BPD31J35WD,T1,,,,,
CAN-2WOEI2M0YV,T0,,,,,
CAN-2WOEI2M0YV,T1,,,,,
CAN-O5M6URV5PE,T0,,,,,
CAN-O5M6URV5PE,T1,,,,,
CAN-4PZ4QEOU9E,T0,,,,,
CAN-4PZ4QEOU9E,T1,,,,,
CAN-DF58GY1G7Q,T0,,,,,
CAN-DF58GY1G7Q,T1,,,,,
CAN-CB3PHFC8B8,T0,,,,,
CAN-CB3PHFC8B8,T1,,,,,
CAN-3ZZO45HJPU,T0,,,,,
CAN-3ZZO45HJPU,T1,,,,,
CAN-KQLYYX5YVP,T0,,,,,
CAN-KQLYYX5YVP,T1,,,,,
CAN-TVCYBAYKMH,T0,,,,,
CAN-TVCYBAYKMH,T1,,,,,
CAN-3H8RT309V0,T0,,,,,
CAN-3H8RT309V0,T1,,,,,
CAN-G2FH7AQI8T,T0,,,,,
CAN-G2FH7AQI8T,T1,,,,,
CAN-M01BP3WFZA,T0,,,,,
CAN-M01BP3WFZA,T1,,,,,
CAN-N21S3P3MA9,T0,,,,,
CAN-N21S3P3MA9,T1,,,,,
CAN-PM74Q898SU,T0,,,,,
CAN-PM74Q898SU,T1,,,,,
CAN-5RECKHJMZU,T0,,,,,
CAN-5RECKHJMZU,T1,,,,,
CAN-GFU1SRR1B8,T0,,,,,
CAN-GFU1SRR1B8,T1,,,,,
CAN-DZ3PND6J1L,T0,,,,,
CAN-DZ3PND6J1L,T1,,,,,
CAN-YLXM0MDYI9,T0,,,,,
CAN-YLXM0MDYI9,T1,,,,,
CAN-O2HGFGT15D,T0,,,,,
CAN-O2HGFGT15D,T1,,,,,
CAN-3EC4RCLCG3,T0,,,,,
CAN-3EC4RCLCG3,T1,,,,,
CAN-2C0G6LU18F,T0,,,,,
CAN-2C0G6LU18F,T1,,,,,
CAN-LFG5LQ0M2P,T0,,,,,
CAN-LFG5LQ0M2P,T1,,,,,
CAN-S4XGKCCH0W,T0,,,,,
CAN-S4XGKCCH0W,T1,,,,,
CAN-KWUZC6VJTW,T0,,,,,
CAN-KWUZC6VJTW,T1,,,,,
CAN-P92YKKNSJZ,T0,,,,,
CAN-P92YKKNSJZ,T1,,,,,
CAN-SXZGH4HG9W,T0,,,,,
CAN-SXZGH4HG9W,T1,,,,,
CAN-5Y38SQ0UTD,T0,,,,,
CAN-5Y38SQ0UTD,T1,,,,,
CAN-ECZBN4QH3Z,T0,,,,,
CAN-ECZBN4QH3Z,T1,,,,,
CAN-KJLNWYQ976,T0,,,,,
CAN-KJLNWYQ976,T1,,,,,
CAN-2M4KR7VNYT,T0,,,,,
CAN-2M4KR7VNYT,T1,,,,,
CAN-DLYKF8HBWW,T0,,,,,
CAN-DLYKF8HBWW,T1,,,,,
CAN-JX6TKHUZF5,T0,,,,,
CAN-JX6TKHUZF5,T1,,,,,
CAN-5NREJTN1LK,T0,,,,,
CAN-5NREJTN1LK,T1,,,,,
CAN-952N1F9UNK,T0,,,,,
CAN-952N1F9UNK,T1,,,,,
CAN-XFRLQDC4M8,T0,,,,,
CAN-XFRLQDC4M8,T1,,,,,
CAN-GCI8RS0T6S,T0,,,,,
CAN-GCI8RS0T6S,T1,,,,,
CAN-TO0EUKP6SZ,T0,,,,,
CAN-TO0EUKP6SZ,T1,,,,,
CAN-CPGXYWGS0M,T0,,,,,
CAN-CPGXYWGS0M,T1,,,,,
CAN-GFE5WEP3F5,T0,,,,,
CAN-GFE5WEP3F5,T1,,,,,
CAN-KMOY1LBXTS,T0,,,,,
CAN-KMOY1LBXTS,T1,,,,,
CAN-M9EMOM6U0M,T0,,,,,
CAN-M9EMOM6U0M,T1,,,,,
CAN-XL8Q9R6WNL,T0,,,,,
CAN-XL8Q9R6WNL,T1,,,,,
CAN-PX8UZHE26C,T0,,,,,
CAN-PX8UZHE26C,T1,,,,,
CAN-TZTTV4C180,T0,,,,,
CAN-TZTTV4C180,T1,,,,,
CAN-O33WVLEMTV,T0,,,,,
CAN-O33WVLEMTV,T1,,,,,
CAN-G7OGGS42CG,T0,,,,,
CAN-G7OGGS42CG,T1,,,,,
CAN-D2DYPQX3LI,T0,,,,,
CAN-D2DYPQX3LI,T1,,,,,
CAN-297ABGCDHP,T0,,,,,
CAN-297ABGCDHP,T1,,,,,
CAN-HVJZY9GTDH,T0,,,,,
CAN-HVJZY9GTDH,T1,,,,,
CAN-XB0R9Y4C5N,T0,,,,,
CAN-XB0R9Y4C5N,T1,,,,,
CAN-3VDP2T0YDI,T0,,,,,
CAN-3VDP2T0YDI,T1,,,,,
CAN-POZGRN2XR5,T0,,,,,
CAN-POZGRN2XR5,T1,,,,,
CAN-KA4IENL6EE,T0,,,,,
CAN-KA4IENL6EE,T1,,,,,
CAN-WGA13DW88J,T0,,,,,
CAN-WGA13DW88J,T1,,,,,
CAN-YEKFGUO12B,T0,,,,,
CAN-YEKFGUO12B,T1,,,,,
CAN-EZ81HO5YQE,T0,,,,,
CAN-EZ81HO5YQE,T1,,,,,
CAN-IJJM15RUOJ,T0,,,,,
CAN-IJJM15RUOJ,T1,,,,,
CAN-2IKF53STCT,T0,,,,,
CAN-2IKF53STCT,T1,,,,,
CAN-HPCTB0AK5I,T0,,,,,
CAN-HPCTB0AK5I,T1,,,,,
CAN-CNKQ9I0EAB,T0,,,,,
CAN-CNKQ9I0EAB,T1,,,,,
CAN-K0KK1BH11F,T0,,,,,
CAN-K0KK1BH11F,T1,,,,,
CAN-UR8KZ9DHIB,T0,,,,,
CAN-UR8KZ9DHIB,T1,,,,,
CAN-K3C25693LI,T0,,,,,
CAN-K3C25693LI,T1,,,,,
CAN-IWF6SYYM4X,T0,,,,,
CAN-IWF6SYYM4X,T1,,,,,
CAN-ZD7Y2JF1PU,T0,,,,,
CAN-ZD7Y2JF1PU,T1,,,,,
CAN-SGBPHQWAF8,T0,,,,,
CAN-SGBPHQWAF8,T1,,,,,
CAN-TCDKSL8O4H,T0,,,,,
CAN-TCDKSL8O4H,T1,,,,,
CAN-YY5Q623O54,T0,,,,,
CAN-YY5Q623O54,T1,,,,,
CAN-65437Y550Z,T0,,,,,
CAN-65437Y550Z,T1,,,,,
CAN-I42EVENH7P,T0,,,,,
CAN-I42EVENH7P,T1,,,,,
CAN-QUUCBZ5IXV,T0,,,,,
CAN-QUUCBZ5IXV,T1,,,,,
CAN-QA6NLD1VOR,T0,,,,,
CAN-QA6NLD1VOR,T1,,,,,
CAN-4VUIQ063TS,T0,,,,,
CAN-4VUIQ063TS,T1,,,,,
CAN-TBKI6Z5WUG,T0,,,,,
CAN-TBKI6Z5WUG,T1,,,,,
CAN-BN8FTOLE3V,T0,,,,,
CAN-BN8FTOLE3V,T1,,,,,
CAN-OX8RYXSN7M,T0,,,,,
CAN-OX8RYXSN7M,T1,,,,,
CAN-LDKFOQLR10,T0,,,,,
CAN-LDKFOQLR10,T1,,,,,
CAN-3KC4GCB1CY,T0,,,,,
CAN-3KC4GCB1CY,T1,,,,,
CAN-5FBJDKL6JM,T0,,,,,
CAN-5FBJDKL6JM,T1,,,,,
CAN-0G0FJOM5W0,T0,,,,,
CAN-0G0FJOM5W0,T1,,,,,
CAN-WMUAXBCUOI,T0,,,,,
CAN-WMUAXBCUOI,T1,,,,,
CAN-IC5IS3CHO0,T0,,,,,
CAN-IC5IS3CHO0,T1,,,,,
CAN-TQPGGLVVGP,T0,,,,,
CAN-TQPGGLVVGP,T1,,,,,
CAN-85O6FSYIU2,T0,,,,,
CAN-85O6FSYIU2,T1,,,,,
CAN-O8V287XRBW,T0,,,,,
CAN-O8V287XRBW,T1,,,,,
CAN-E96R2GY2C3,T0,,,,,
CAN-E96R2GY2C3,T1,,,,,
CAN-KLXL6S20PT,T0,,,,,
CAN-KLXL6S20PT,T1,,,,,
CAN-M2SMK79UIR,T0,,,,,
CAN-M2SMK79UIR,T1,,,,,
CAN-SLVXES96F2,T0,,,,,
CAN-SLVXES96F2,T1,,,,,
CAN-MH54E2NRWG,T0,,,,,
CAN-MH54E2NRWG,T1,,,,,
CAN-Q69MJH8CPS,T0,,,,,
CAN-Q69MJH8CPS,T1,,,,,
CAN-164XISF14I,T0,,,,,
CAN-164XISF14I,T1,,,,,
CAN-O8UBXBJZ93,T0,,,,,
CAN-O8UBXBJZ93,T1,,,,,
CAN-S8HQJ0IUVN,T0,,,,,
CAN-S8HQJ0IUVN,T1,,,,,
CAN-L4VLF8ALEJ,T0,,,,,
CAN-L4VLF8ALEJ,T1,,,,,
CAN-ADL52ZLCVJ,T0,,,,,
CAN-ADL52ZLCVJ,T1,,,,,
CAN-HJAXAGYZD8,T0,,,,,
CAN-HJAXAGYZD8,T1,,,,,
CAN-I39YSXC8GX,T0,,,,,
CAN-I39YSXC8GX,T1,,,,,
CAN-5AY9YAZ7H8,T0,,,,,
CAN-5AY9YAZ7H8,T1,,,,,
CAN-1BVMCE2OOB,T0,,,,,
CAN-1BVMCE2OOB,T1,,,,,
CAN-BIUI92V6E2,T0,,,,,
CAN-BIUI92V6E2,T1,,,,,
CAN-8ZJ0EIHLJN,T0,,,,,
CAN-8ZJ0EIHLJN,T1,,,,,
CAN-SBCF3DZX8J,T0,,,,,
CAN-SBCF3DZX8J,T1,,,,,
CAN-H08YS9RB2I,T0,,,,,
CAN-H08YS9RB2I,T1,,,,,
CAN-HOCWJAEQVY,T0,,,,,
CAN-HOCWJAEQVY,T1,,,,,
CAN-G1XV7DA2GO,T0,,,,,
CAN-G1XV7DA2GO,T1,,,,,
CAN-O904FKR3P4,T0,,,,,
CAN-O904FKR3P4,T1,,,,,
CAN-NY4H408SP3,T0,,,,,
CAN-NY4H408SP3,T1,,,,,
CAN-HFXQ477UJF,T0,,,,,
CAN-HFXQ477UJF,T1,,,,,
CAN-1QG14LJMDH,T0,,,,,
CAN-1QG14LJMDH,T1,,,,,
CAN-JKXFAZR33D,T0,,,,,
CAN-JKXFAZR33D,T1,,,,,
CAN-HSF1XL0IAZ,T0,,,,,
CAN-HSF1XL0IAZ,T1,,,,,
CAN-747IN8I01M,T0,,,,,
CAN-747IN8I01M,T1,,,,,
CAN-NF6MGSNGM8,T0,,,,,
CAN-NF6MGSNGM8,T1,,,,,
CAN-PEFTGGRORH,T0,,,,,
CAN-PEFTGGRORH,T1,,,,,
CAN-PCFXIYYTNA,T0,,,,,
CAN-PCFXIYYTNA,T1,,,,,
CAN-26KWVG1YNH,T0,,,,,
CAN-26KWVG1YNH,T1,,,,,
CAN-9D4JS62BOA,T0,,,,,
CAN-9D4JS62BOA,T1,,,,,
CAN-1LSJXW4BD0,T0,,,,,
CAN-1LSJXW4BD0,T1,,,,,
CAN-VKGC2WRC7O,T0,,,,,
CAN-VKGC2WRC7O,T1,,,,,
CAN-45V0J1B2D4,T0,,,,,
CAN-45V0J1B2D4,T1,,,,,
CAN-NR0TEO3CDX,T0,,,,,
CAN-NR0TEO3CDX,T1,,,,,
CAN-Y5T91F1UDX,T0,,,,,
CAN-Y5T91F1UDX,T1,,,,,
CAN-KWSMV3ZH11,T0,,,,,
CAN-KWSMV3ZH11,T1,,,,,
CAN-EI2ZLVTG0D,T0,,,,,
CAN-EI2ZLVTG0D,T1,,,,,
CAN-V3RV8ERXZU,T0,,,,,
CAN-V3RV8ERXZU,T1,,,,,
CAN-Q0TP5DZ007,T0,,,,,
CAN-Q0TP5DZ007,T1,,,,,
CAN-V2L4EF4KSE,T0,,,,,
CAN-V2L4EF4KSE,T1,,,,,
CAN-LA7JU3B5TD,T0,,,,,
CAN-LA7JU3B5TD,T1,,,,,
CAN-SRQLJ4OU31,T0,,,,,
CAN-SRQLJ4OU31,T1,,,,,
CAN-KBNT7VN6OU,T0,,,,,
CAN-KBNT7VN6OU,T1,,,,,
CAN-HGBAVYYAQU,T0,,,,,
CAN-HGBAVYYAQU,T1,,,,,
CAN-T61LN9CAOQ,T0,,,,,
CAN-T61LN9CAOQ,T1,,,,,
CAN-X150CUPRB2,T0,,,,,
CAN-X150CUPRB2,T1,,,,,
CAN-R08AR09BEZ,T0,,,,,
CAN-R08AR09BEZ,T1,,,,,
CAN-5G538IJVJJ,T0,,,,,
CAN-5G538IJVJJ,T1,,,,,
CAN-PY5ZFFXQ9M,T0,,,,,
CAN-PY5ZFFXQ9M,T1,,,,,
CAN-6J5MZDQCEM,T0,,,,,
CAN-6J5MZDQCEM,T1,,,,,
CAN-YRNNCJ41OX,T0,,,,,
CAN-YRNNCJ41OX,T1,,,,,
CAN-A43MOIBR2P,T0,,,,,
CAN-A43MOIBR2P,T1,,,,,
CAN-OXLJ8PZWO6,T0,,,,,
CAN-OXLJ8PZWO6,T1,,,,,
CAN-NH0L8GICGW,T0,,,,,
CAN-NH0L8GICGW,T1,,,,,
CAN-4BW4AXV2DW,T0,,,,,
CAN-4BW4AXV2DW,T1,,,,,
CAN-X6LFZRMYIY,T0,,,,,
CAN-X6LFZRMYIY,T1,,,,,
CAN-30BPIRKCVM,T0,,,,,
CAN-30BPIRKCVM,T1,,,,,
CAN-KAXV5IYVDQ,T0,,,,,
CAN-KAXV5IYVDQ,T1,,,,,
CAN-RL96OECZEL,T0,,,,,
CAN-RL96OECZEL,T1,,,,,
CAN-UUPL90NQA3,T0,,,,,
CAN-UUPL90NQA3,T1,,,,,
CAN-JX4WYKYGZN,T0,,,,,
CAN-JX4WYKYGZN,T1,,,,,
CAN-4ELQK25A14,T0,,,,,
CAN-4ELQK25A14,T1,,,,,
CAN-PBY3DKFD5F,T0,,,,,
CAN-PBY3DKFD5F,T1,,,,,
CAN-HLA1D878EJ,T0,,,,,
CAN-HLA1D878EJ,T1,,,,,
CAN-HWEZZTTHIM,T0,,,,,
CAN-HWEZZTTHIM,T1,,,,,
CAN-ZCYHKTADGV,T0,,,,,
CAN-ZCYHKTADGV,T1,,,,,
CAN-CK50YMWK51,T0,,,,,
CAN-CK50YMWK51,T1,,,,,
CAN-2RP68X4V03,T0,,,,,
CAN-2RP68X4V03,T1,,,,,
CAN-XLXRAR5824,T0,,,,,
CAN-XLXRAR5824,T1,,,,,
CAN-BJMVQ4AO4O,T0,,,,,
CAN-BJMVQ4AO4O,T1,,,,,
CAN-V4VP3BHWA2,T0,,,,,
CAN-V4VP3BHWA2,T1,,,,,
CAN-LMHYNFWY95,T0,,,,,
CAN-LMHYNFWY95,T1,,,,,
CAN-MOLZY4ACAR,T0,,,,,
CAN-MOLZY4ACAR,T1,,,,,
CAN-M9IPJHM924,T0,,,,,
CAN-M9IPJHM924,T1,,,,,
CAN-4MS769SNW3,T0,,,,,
CAN-4MS769SNW3,T1,,,,,
CAN-IZCNAO0MST,T0,,,,,
CAN-IZCNAO0MST,T1,,,,,
CAN-Z8W5AHC2H4,T0,,,,,
CAN-Z8W5AHC2H4,T1,,,,,
CAN-MMMZ2K8T94,T0,,,,,
CAN-MMMZ2K8T94,T1,,,,,
CAN-B4G7XNJACH,T0,,,,,
CAN-B4G7XNJACH,T1,,,,,
CAN-JC2AB3LMFG,T0,,,,,
CAN-JC2AB3LMFG,T1,,,,,
CAN-OZ6YWFRKVB,T0,,,,,
CAN-OZ6YWFRKVB,T1,,,,,
CAN-EYH3YZWYOL,T0,,,,,
CAN-EYH3YZWYOL,T1,,,,,
CAN-DMAU8U15C2,T0,,,,,
CAN-DMAU8U15C2,T1,,,,,
CAN-1LN8LUIYBT,T0,,,,,
CAN-1LN8LUIYBT,T1,,,,,
CAN-SOUEVN0QUY,T0,,,,,
CAN-SOUEVN0QUY,T1,,,,,
CAN-PW1L9GBR4E,T0,,,,,
CAN-PW1L9GBR4E,T1,,,,,
CAN-PIQLXKCAE4,T0,,,,,
CAN-PIQLXKCAE4,T1,,,,,
CAN-XZMLTBSO9Q,T0,,,,,
CAN-XZMLTBSO9Q,T1,,,,,
CAN-XYJL4CMYDM,T0,,,,,
CAN-XYJL4CMYDM,T1,,,,,
CAN-U33IRHP5YI,T0,,,,,
CAN-U33IRHP5YI,T1,,,,,
CAN-4VACBKJPFM,T0,,,,,
CAN-4VACBKJPFM,T1,,,,,
CAN-PCX8HYUXMF,T0,,,,,
CAN-PCX8HYUXMF,T1,,,,,
CAN-RM7EDVL3BU,T0,,,,,
CAN-RM7EDVL3BU,T1,,,,,
CAN-UYQUKB299C,T0,,,,,
CAN-UYQUKB299C,T1,,,,,
CAN-LOB8A9DWKL,T0,,,,,
CAN-LOB8A9DWKL,T1,,,,,
CAN-AP37UEIMZ8,T0,,,,,
CAN-AP37UEIMZ8,T1,,,,,
CAN-B2Y6PXFJTW,T0,,,,,
CAN-B2Y6PXFJTW,T1,,,,,
CAN-JLKCY493AY,T0,,,,,
CAN-JLKCY493AY,T1,,,,,
CAN-MI002D2NJI,T0,,,,,
CAN-MI002D2NJI,T1,,,,,
CAN-HM72CAYC0G,T0,,,,,
CAN-HM72CAYC0G,T1,,,,,
CAN-FLAZOFVISZ,T0,,,,,
CAN-FLAZOFVISZ,T1,,,,,
CAN-2LQVYTP1NE,T0,,,,,
CAN-2LQVYTP1NE,T1,,,,,
CAN-W5UQBH8AFP,T0,,,,,
CAN-W5UQBH8AFP,T1,,,,,
CAN-2S4L2I8IVQ,T0,,,,,
CAN-2S4L2I8IVQ,T1,,,,,
CAN-L0KNCXSJ5V,T0,,,,,
CAN-L0KNCXSJ5V,T1,,,,,
CAN-NP4O2RRI4R,T0,,,,,
CAN-NP4O2RRI4R,T1,,,,,
CAN-CRHWKTBX0D,T0,,,,,
CAN-CRHWKTBX0D,T1,,,,,
CAN-A1X0R6HDE9,T0,,,,,
CAN-A1X0R6HDE9,T1,,,,,
CAN-ENBPFWQCZA,T0,,,,,
CAN-ENBPFWQCZA,T1,,,,,
CAN-AZ0KNFYC36,T0,,,,,
CAN-AZ0KNFYC36,T1,,,,,
CAN-KLB8G86NEX,T0,,,,,
CAN-KLB8G86NEX,T1,,,,,
CAN-IW2YW05HML,T0,,,,,
CAN-IW2YW05HML,T1,,,,,
CAN-UWSU2WNRUR,T0,,,,,
CAN-UWSU2WNRUR,T1,,,,,
CAN-90UTBOGR5J,T0,,,,,
CAN-90UTBOGR5J,T1,,,,,
CAN-UTOARCQG7D,T0,,,,,
CAN-UTOARCQG7D,T1,,,,,
CAN-URP3PECBWH,T0,,,,,
CAN-URP3PECBWH,T1,,,,,
CAN-3KXN6H46QT,T0,,,,,
CAN-3KXN6H46QT,T1,,,,,
CAN-59DUPJPRQQ,T0,,,,,
CAN-59DUPJPRQQ,T1,,,,,
CAN-SFUPPHRH1W,T0,,,,,
CAN-SFUPPHRH1W,T1,,,,,
CAN-UE3I1XUG1I,T0,,,,,
CAN-UE3I1XUG1I,T1,,,,,
CAN-QXMGPAKRQQ,T0,,,,,
CAN-QXMGPAKRQQ,T1,,,,,
CAN-QLR7GUYYPX,T0,,,,,
CAN-QLR7GUYYPX,T1,,,,,
CAN-WXAW0PAKAL,T0,,,,,
CAN-WXAW0PAKAL,T1,,,,,
CAN-H53CKRKEI1,T0,,,,,
CAN-H53CKRKEI1,T1,,,,,
CAN-ME4RBUQJXA,T0,,,,,
CAN-ME4RBUQJXA,T1,,,,,
CAN-FICVL40EVG,T0,,,,,
CAN-FICVL40EVG,T1,,,,,
CAN-D9020BQZ2D,T0,,,,,
CAN-D9020BQZ2D,T1,,,,,
CAN-XORP4LKU48,T0,,,,,
CAN-XORP4LKU48,T1,,,,,
CAN-V4UZ77YLA5,T0,,,,,
CAN-V4UZ77YLA5,T1,,,,,
CAN-SHWECFET1B,T0,,,,,
CAN-SHWECFET1B,T1,,,,,
CAN-0ABI79J2JT,T0,,,,,
CAN-0ABI79J2JT,T1,,,,,
CAN-PO34XYBADL,T0,,,,,
CAN-PO34XYBADL,T1,,,,,
CAN-9901PLH3RB,T0,,,,,
CAN-9901PLH3RB,T1,,,,,
CAN-4CFU2SAM9A,T0,,,,,
CAN-4CFU2SAM9A,T1,,,,,
CAN-6I46OPQKOQ,T0,,,,,
CAN-6I46OPQKOQ,T1,,,,,
CAN-D7GEJB4UMT,T0,,,,,
CAN-D7GEJB4UMT,T1,,,,,
CAN-X2M31KFXNO,T0,,,,,
CAN-X2M31KFXNO,T1,,,,,
CAN-6U0KAGTIMN,T0,,,,,
CAN-6U0KAGTIMN,T1,,,,,
CAN-J4XWX7ACSW,T0,,,,,
CAN-J4XWX7ACSW,T1,,,,,
CAN-ILMMZ5P1EQ,T0,,,,,
CAN-ILMMZ5P1EQ,T1,,,,,
CAN-8ZK7UQ2B6M,T0,,,,,
CAN-8ZK7UQ2B6M,T1,,,,,
CAN-MHTW83W1A6,T0,,,,,
CAN-MHTW83W1A6,T1,,,,,
CAN-FXA4WQPTEL,T0,,,,,
CAN-FXA4WQPTEL,T1,,,,,
CAN-0G8ACMTOG6,T0,,,,,
CAN-0G8ACMTOG6,T1,,,,,
CAN-2R07RC2FDG,T0,,,,,
CAN-2R07RC2FDG,T1,,,,,
CAN-D23YEVE1I8,T0,,,,,
CAN-D23YEVE1I8,T1,,,,,
CAN-BJ4NNF2L8Q,T0,,,,,
CAN-BJ4NNF2L8Q,T1,,,,,
CAN-TVL8HD02BD,T0,,,,,
CAN-TVL8HD02BD,T1,,,,,
CAN-LREVW46FZR,T0,,,,,
CAN-LREVW46FZR,T1,,,,,
CAN-VNZON3NEIL,T0,,,,,
CAN-VNZON3NEIL,T1,,,,,
CAN-1QT28I19WF,T0,,,,,
CAN-1QT28I19WF,T1,,,,,
CAN-78454YRS30,T0,,,,,
CAN-78454YRS30,T1,,,,,
CAN-0CN109WL1J,T0,,,,,
CAN-0CN109WL1J,T1,,,,,
CAN-PH9NMSTL4R,T0,,,,,
CAN-PH9NMSTL4R,T1,,,,,
CAN-MKRYEPPD51,T0,,,,,
CAN-MKRYEPPD51,T1,,,,,
CAN-LR5VW9E2QN,T0,,,,,
CAN-LR5VW9E2QN,T1,,,,,
CAN-CI1PCJU8EF,T0,,,,,
CAN-CI1PCJU8EF,T1,,,,,
CAN-R5LOH1LL7D,T0,,,,,
CAN-R5LOH1LL7D,T1,,,,,
CAN-WA5Q3Z88LL,T0,,,,,
CAN-WA5Q3Z88LL,T1,,,,,
CAN-T0QT87JG1B,T0,,,,,
CAN-T0QT87JG1B,T1,,,,,
CAN-0PAURMWK1D,T0,,,,,
CAN-0PAURMWK1D,T1,,,,,
CAN-CJ6DKL91A2,T0,,,,,
CAN-CJ6DKL91A2,T1,,,,,
CAN-4O2CPWEM1X,T0,,,,,
CAN-4O2CPWEM1X,T1,,,,,
CAN-6LBKME8XJB,T0,,,,,
CAN-6LBKME8XJB,T1,,,,,
CAN-KRJOTVAPR3,T0,,,,,
CAN-KRJOTVAPR3,T1,,,,,
CAN-MFIWC4IGHB,T0,,,,,
CAN-MFIWC4IGHB,T1,,,,,
CAN-8K0Z6D4T8I,T0,,,,,
CAN-8K0Z6D4T8I,T1,,,,,
CAN-71SWGZM9X4,T0,,,,,
CAN-71SWGZM9X4,T1,,,,,
CAN-T07BGVQC8W,T0,,,,,
CAN-T07BGVQC8W,T1,,,,,
CAN-LSWLN4CXW4,T0,,,,,
CAN-LSWLN4CXW4,T1,,,,,
CAN-9INTT6NPR9,T0,,,,,
CAN-9INTT6NPR9,T1,,,,,
CAN-T7LZ817V65,T0,,,,,
CAN-T7LZ817V65,T1,,,,,
CAN-UWRB38ZGVS,T0,,,,,
CAN-UWRB38ZGVS,T1,,,,,
CAN-0A3WEZ6I2G,T0,,,,,
CAN-0A3WEZ6I2G,T1,,,,,
CAN-9V4IST9AGM,T0,,,,,
CAN-9V4IST9AGM,T1,,,,,
CAN-AWSADYS8BO,T0,,,,,
CAN-AWSADYS8BO,T1,,,,,
CAN-V71OZB0W1C,T0,,,,,
CAN-V71OZB0W1C,T1,,,,,
CAN-TS8N2HGP5X,T0,,,,,
CAN-TS8N2HGP5X,T1,,,,,
CAN-GXE1VIH4SE,T0,,,,,
CAN-GXE1VIH4SE,T1,,,,,
CAN-U837YKZ2J9,T0,,,,,
CAN-U837YKZ2J9,T1,,,,,
CAN-IWYQBF4IQU,T0,,,,,
CAN-IWYQBF4IQU,T1,,,,,
CAN-YL6M9432SC,T0,,,,,
CAN-YL6M9432SC,T1,,,,,
CAN-N7WUVQZGQ0,T0,,,,,
CAN-N7WUVQZGQ0,T1,,,,,
CAN-PQSRNA5DBV,T0,,,,,
CAN-PQSRNA5DBV,T1,,,,,
CAN-FMIA4SE8L1,T0,,,,,
CAN-FMIA4SE8L1,T1,,,,,
CAN-0PPQ6EYMLV,T0,,,,,
CAN-0PPQ6EYMLV,T1,,,,,
CAN-5LDL26R7QB,T0,,,,,
CAN-5LDL26R7QB,T1,,,,,
CAN-UINOVHWC0U,T0,,,,,
CAN-UINOVHWC0U,T1,,,,,
CAN-XMAIRJ4SJW,T0,,,,,
CAN-XMAIRJ4SJW,T1,,,,,
CAN-9AI6R59HP8,T0,,,,,
CAN-9AI6R59HP8,T1,,,,,
CAN-WI3NW4ZA1N,T0,,,,,
CAN-WI3NW4ZA1N,T1,,,,,
CAN-LFVC7HO444,T0,,,,,
CAN-LFVC7HO444,T1,,,,,
CAN-S3IKO4W0WL,T0,,,,,
CAN-S3IKO4W0WL,T1,,,,,
CAN-X5V5LQAKLM,T0,,,,,
CAN-X5V5LQAKLM,T1,,,,,
CAN-CF87FD5CGJ,T0,,,,,
CAN-CF87FD5CGJ,T1,,,,,
CAN-WREOT6ENKY,T0,,,,,
CAN-WREOT6ENKY,T1,,,,,
CAN-CD8WWM6LGT,T0,,,,,
CAN-CD8WWM6LGT,T1,,,,,
CAN-LHDKO5M4GC,T0,,,,,
CAN-LHDKO5M4GC,T1,,,,,
CAN-TFETGR02TT,T0,,,,,
CAN-TFETGR02TT,T1,,,,,
CAN-0QHIK8WTIE,T0,,,,,
CAN-0QHIK8WTIE,T1,,,,,
CAN-KF859QUYJ3,T0,,,,,
CAN-KF859QUYJ3,T1,,,,,
CAN-KS0HGNR695,T0,,,,,
CAN-KS0HGNR695,T1,,,,,
CAN-S7SSERM4E4,T0,,,,,
CAN-S7SSERM4E4,T1,,,,,
CAN-RNOKTKEP10,T0,,,,,
CAN-RNOKTKEP10,T1,,,,,
CAN-JOZJX1FQ7B,T0,,,,,
CAN-JOZJX1FQ7B,T1,,,,,
CAN-1KYK5H7HX2,T0,,,,,
CAN-1KYK5H7HX2,T1,,,,,
CAN-3MK8B147XS,T0,,,,,
CAN-3MK8B147XS,T1,,,,,
CAN-EBSHL094DP,T0,,,,,
CAN-EBSHL094DP,T1,,,,,
CAN-1K3YGI1CWR,T0,,,,,
CAN-1K3YGI1CWR,T1,,,,,
CAN-JD8BTZVLCR,T0,,,,,
CAN-JD8BTZVLCR,T1,,,,,
CAN-0UHFYL82T8,T0,,,,,
CAN-0UHFYL82T8,T1,,,,,
CAN-UZ34TSTC3J,T0,,,,,
CAN-UZ34TSTC3J,T1,,,,,
CAN-FFDNK0B1MW,T0,,,,,
CAN-FFDNK0B1MW,T1,,,,,
CAN-TH0XRXBVNU,T0,,,,,
CAN-TH0XRXBVNU,T1,,,,,
CAN-OHJZGM386E,T0,,,,,
CAN-OHJZGM386E,T1,,,,,
CAN-RWMJB0F5EA,T0,,,,,
CAN-RWMJB0F5EA,T1,,,,,
CAN-T1DRG0ODGH,T0,,,,,
CAN-T1DRG0ODGH,T1,,,,,
CAN-6QSGY51KF1,T0,,,,,
CAN-6QSGY51KF1,T1,,,,,
CAN-GOBQXO6NKD,T0,,,,,
CAN-GOBQXO6NKD,T1,,,,,
CAN-2DZNN5CZCX,T0,,,,,
CAN-2DZNN5CZCX,T1,,,,,
CAN-CNAA0OMFEL,T0,,,,,
CAN-CNAA0OMFEL,T1,,,,,
CAN-VLP8Q51DF1,T0,,,,,
CAN-VLP8Q51DF1,T1,,,,,
CAN-FSINW81651,T0,,,,,
CAN-FSINW81651,T1,,,,,
CAN-YXBYAD5F6I,T0,,,,,
CAN-YXBYAD5F6I,T1,,,,,
CAN-GNSAYBGAMU,T0,,,,,
CAN-GNSAYBGAMU,T1,,,,,
CAN-NJ78MDC3JK,T0,,,,,
CAN-NJ78MDC3JK,T1,,,,,
CAN-9RI7O0X335,T0,,,,,
CAN-9RI7O0X335,T1,,,,,
CAN-YW4XYRIAVB,T0,,,,,
CAN-YW4XYRIAVB,T1,,,,,
CAN-PXPYIQCO6N,T0,,,,,
CAN-PXPYIQCO6N,T1,,,,,
CAN-Q2FX8NPSI8,T0,,,,,
CAN-Q2FX8NPSI8,T1,,,,,
CAN-8ZSOX5I3NJ,T0,,,,,
CAN-8ZSOX5I3NJ,T1,,,,,
CAN-JICT09YDRG,T0,,,,,
CAN-JICT09YDRG,T1,,,,,
CAN-16CZLEKDPY,T0,,,,,
CAN-16CZLEKDPY,T1,,,,,
CAN-4KXAHJ606D,T0,,,,,
CAN-4KXAHJ606D,T1,,,,,
CAN-531NRA8JY5,T0,,,,,
CAN-531NRA8JY5,T1,,,,,
CAN-UG8234Z9AY,T0,,,,,
CAN-UG8234Z9AY,T1,,,,,
CAN-YEKCKZL6AX,T0,,,,,
CAN-YEKCKZL6AX,T1,,,,,
CAN-6LKNW4TCR5,T0,,,,,
CAN-6LKNW4TCR5,T1,,,,,
CAN-CI4VUDO4J0,T0,,,,,
CAN-CI4VUDO4J0,T1,,,,,
CAN-TTW2IGKD9T,T0,,,,,
CAN-TTW2IGKD9T,T1,,,,,
CAN-W78UC54OC1,T0,,,,,
CAN-W78UC54OC1,T1,,,,,
CAN-XQ0UZ98Q07,T0,,,,,
CAN-XQ0UZ98Q07,T1,,,,,
CAN-VTN003SP8W,T0,,,,,
CAN-VTN003SP8W,T1,,,,,
CAN-6HHW8P1KDV,T0,,,,,
CAN-6HHW8P1KDV,T1,,,,,
CAN-IVWTMAGT1D,T0,,,,,
CAN-IVWTMAGT1D,T1,,,,,
CAN-6WDP65R2NP,T0,,,,,
CAN-6WDP65R2NP,T1,,,,,
CAN-X0P88SLHXD,T0,,,,,
CAN-X0P88SLHXD,T1,,,,,
CAN-0EW430L1GV,T0,,,,,
CAN-0EW430L1GV,T1,,,,,
CAN-21HNOT5FFO,T0,,,,,
CAN-21HNOT5FFO,T1,,,,,
CAN-C3WW0ONVK7,T0,,,,,
CAN-C3WW0ONVK7,T1,,,,,
CAN-IBEKDAMK78,T0,,,,,
CAN-IBEKDAMK78,T1,,,,,
CAN-33VDDH733O,T0,,,,,
CAN-33VDDH733O,T1,,,,,
CAN-1QN5L0LTZN,T0,,,,,
CAN-1QN5L0LTZN,T1,,,,,
CAN-E5LFDQM1L1,T0,,,,,
CAN-E5LFDQM1L1,T1,,,,,
CAN-731TCJE883,T0,,,,,
CAN-731TCJE883,T1,,,,,
CAN-Y1C38D67RV,T0,,,,,
CAN-Y1C38D67RV,T1,,,,,
CAN-LGRF8LXPWV,T0,,,,,
CAN-LGRF8LXPWV,T1,,,,,
CAN-2TXXFELTTN,T0,,,,,
CAN-2TXXFELTTN,T1,,,,,
CAN-GQW05GKMY3,T0,,,,,
CAN-GQW05GKMY3,T1,,,,,
CAN-38C6F81V9H,T0,,,,,
CAN-38C6F81V9H,T1,,,,,
CAN-SDCK4WAV87,T0,,,,,
CAN-SDCK4WAV87,T1,,,,,
CAN-O12V63FVQ9,T0,,,,,
CAN-O12V63FVQ9,T1,,,,,
CAN-JDT74IWBCP,T0,,,,,
CAN-JDT74IWBCP,T1,,,,,
CAN-DV2G4OTPWP,T0,,,,,
CAN-DV2G4OTPWP,T1,,,,,
CAN-DQTR43KXGL,T0,,,,,
CAN-DQTR43KXGL,T1,,,,,
CAN-9UFZA4CFHQ,T0,,,,,
CAN-9UFZA4CFHQ,T1,,,,,
CAN-JAXPG13SCE,T0,,,,,
CAN-JAXPG13SCE,T1,,,,,
CAN-YFRB34CINL,T0,,,,,
CAN-YFRB34CINL,T1,,,,,
CAN-GGHOHRQG7J,T0,,,,,
CAN-GGHOHRQG7J,T1,,,,,
CAN-W2HXKWGOC7,T0,,,,,
CAN-W2HXKWGOC7,T1,,,,,
CAN-X8MDJXOR4Z,T0,,,,,
CAN-X8MDJXOR4Z,T1,,,,,
CAN-96X7HM2YAR,T0,,,,,
CAN-96X7HM2YAR,T1,,,,,
CAN-2IIBCV5IBZ,T0,,,,,
CAN-2IIBCV5IBZ,T1,,,,,
CAN-ENCHIEISXZ,T0,,,,,
CAN-ENCHIEISXZ,T1,,,,,
CAN-HQQSYEK2KY,T0,,,,,
CAN-HQQSYEK2KY,T1,,,,,
CAN-ETTEYTAPRX,T0,,,,,
CAN-ETTEYTAPRX,T1,,,,,
CAN-Y8WU32KHLQ,T0,,,,,
CAN-Y8WU32KHLQ,T1,,,,,
CAN-0KW5O6BFRK,T0,,,,,
CAN-0KW5O6BFRK,T1,,,,,
CAN-J4KWBJ7QTW,T0,,,,,
CAN-J4KWBJ7QTW,T1,,,,,
CAN-4XHDSCJLSS,T0,,,,,
CAN-4XHDSCJLSS,T1,,,,,
CAN-PEKFKN7BPO,T0,,,,,
CAN-PEKFKN7BPO,T1,,,,,
CAN-1C5AO1Q16S,T0,,,,,
CAN-1C5AO1Q16S,T1,,,,,
CAN-OKRGM086UH,T0,,,,,
CAN-OKRGM086UH,T1,,,,,
CAN-K9S5BO9MLA,T0,,,,,
CAN-K9S5BO9MLA,T1,,,,,
CAN-BJ40PR62O4,T0,,,,,
CAN-BJ40PR62O4,T1,,,,,
CAN-KTJETXNGFW,T0,,,,,
CAN-KTJETXNGFW,T1,,,,,
CAN-Y5VRX836KU,T0,,,,,
CAN-Y5VRX836KU,T1,,,,,
CAN-ITT23EGK5B,T0,,,,,
CAN-ITT23EGK5B,T1,,,,,
CAN-V77C3EES8A,T0,,,,,
CAN-V77C3EES8A,T1,,,,,
CAN-DJV9ZNZJXL,T0,,,,,
CAN-DJV9ZNZJXL,T1,,,,,
CAN-ABJEK1QYG9,T0,,,,,
CAN-ABJEK1QYG9,T1,,,,,
CAN-7GG5FWXPE8,T0,,,,,
CAN-7GG5FWXPE8,T1,,,,,
CAN-AFHARQNVO3,T0,,,,,
CAN-AFHARQNVO3,T1,,,,,
CAN-LEZN6BXCPY,T0,,,,,
CAN-LEZN6BXCPY,T1,,,,,
CAN-AIMRVQW734,T0,,,,,
CAN-AIMRVQW734,T1,,,,,
CAN-EOHBKBY7LL,T0,,,,,
CAN-EOHBKBY7LL,T1,,,,,
CAN-12SHOYQ27B,T0,,,,,
CAN-12SHOYQ27B,T1,,,,,
CAN-S33G8AG3YP,T0,,,,,
CAN-S33G8AG3YP,T1,,,,,
CAN-7FV3A8MASU,T0,,,,,
CAN-7FV3A8MASU,T1,,,,,
CAN-E2HUXNGDRA,T0,,,,,
CAN-E2HUXNGDRA,T1,,,,,
CAN-QNTSRJ15FM,T0,,,,,
CAN-QNTSRJ15FM,T1,,,,,
CAN-83UBX2J6VK,T0,,,,,
CAN-83UBX2J6VK,T1,,,,,
CAN-3YWH8W484E,T0,,,,,
CAN-3YWH8W484E,T1,,,,,
CAN-TBO1DHVPZ5,T0,,,,,
CAN-TBO1DHVPZ5,T1,,,,,
CAN-NSPW9W2TUP,T0,,,,,
CAN-NSPW9W2TUP,T1,,,,,
CAN-3Y2Y9YY3OY,T0,,,,,
CAN-3Y2Y9YY3OY,T1,,,,,
CAN-0RJMXUBYM3,T0,,,,,
CAN-0RJMXUBYM3,T1,,,,,
CAN-IESOSHJHKQ,T0,,,,,
CAN-IESOSHJHKQ,T1,,,,,
CAN-ECPLSWSADM,T0,,,,,
CAN-ECPLSWSADM,T1,,,,,
CAN-7Q28TYOJLX,T0,,,,,
CAN-7Q28TYOJLX,T1,,,,,
CAN-4NXMNIKS3Y,T0,,,,,
CAN-4NXMNIKS3Y,T1,,,,,
CAN-RSD8Z1SPJR,T0,,,,,
CAN-RSD8Z1SPJR,T1,,,,,
CAN-BK34Y4JT3N,T0,,,,,
CAN-BK34Y4JT3N,T1,,,,,
CAN-9Z9C9JB3VG,T0,,,,,
CAN-9Z9C9JB3VG,T1,,,,,
CAN-T1XEBLCBE4,T0,,,,,
CAN-T1XEBLCBE4,T1,,,,,
CAN-E0ZE17IU9G,T0,,,,,
CAN-E0ZE17IU9G,T1,,,,,
CAN-5PUXB24IMT,T0,,,,,
CAN-5PUXB24IMT,T1,,,,,
CAN-S0KIELM50I,T0,,,,,
CAN-S0KIELM50I,T1,,,,,
CAN-96GLWL2RV4,T0,,,,,
CAN-96GLWL2RV4,T1,,,,,
CAN-IWLJI8K7W0,T0,,,,,
CAN-IWLJI8K7W0,T1,,,,,
CAN-4WNGZ1BKDG,T0,,,,,
CAN-4WNGZ1BKDG,T1,,,,,
CAN-XF0EOL9CUA,T0,,,,,
CAN-XF0EOL9CUA,T1,,,,,
CAN-98IJ8O6FKX,T0,,,,,
CAN-98IJ8O6FKX,T1,,,,,
CAN-2TV396HNGU,T0,,,,,
CAN-2TV396HNGU,T1,,,,,
CAN-4P7CXJHEV9,T0,,,,,
CAN-4P7CXJHEV9,T1,,,,,
CAN-6B0OJD10QM,T0,,,,,
CAN-6B0OJD10QM,T1,,,,,
CAN-NA04H781GC,T0,,,,,
CAN-NA04H781GC,T1,,,,,
CAN-7I6ZCFEEXX,T0,,,,,
CAN-7I6ZCFEEXX,T1,,,,,
CAN-310KDPDG5B,T0,,,,,
CAN-310KDPDG5B,T1,,,,,
CAN-90XI5M5FF8,T0,,,,,
CAN-90XI5M5FF8,T1,,,,,
CAN-W7D4WK0LFW,T0,,,,,
CAN-W7D4WK0LFW,T1,,,,,
CAN-NT5VUR90DX,T0,,,,,
CAN-NT5VUR90DX,T1,,,,,
CAN-0869DPPIOH,T0,,,,,
CAN-0869DPPIOH,T1,,,,,
CAN-5J9D6PMOG7,T0,,,,,
CAN-5J9D6PMOG7,T1,,,,,
CAN-S238Y8JX70,T0,,,,,
CAN-S238Y8JX70,T1,,,,,
CAN-J2V165PEZB,T0,,,,,
CAN-J2V165PEZB,T1,,,,,
CAN-QE4ZNQ0LKF,T0,,,,,
CAN-QE4ZNQ0LKF,T1,,,,,
CAN-3MV9CXJMJB,T0,,,,,
CAN-3MV9CXJMJB,T1,,,,,
CAN-6Z9JBFTUVM,T0,,,,,
CAN-6Z9JBFTUVM,T1,,,,,
CAN-2WYUAVIRK3,T0,,,,,
CAN-2WYUAVIRK3,T1,,,,,
CAN-4RVMLQ4SUF,T0,,,,,
CAN-4RVMLQ4SUF,T1,,,,,
CAN-NS2I9QFL3T,T0,,,,,
CAN-NS2I9QFL3T,T1,,,,,
CAN-B64A4NV22G,T0,,,,,
CAN-B64A4NV22G,T1,,,,,
CAN-M3Y2VFNVUR,T0,,,,,
CAN-M3Y2VFNVUR,T1,,,,,
CAN-GAG9BLV51J,T0,,,,,
CAN-GAG9BLV51J,T1,,,,,
CAN-AEDLVRYUWI,T0,,,,,
CAN-AEDLVRYUWI,T1,,,,,
CAN-EWZ7377DGM,T0,,,,,
CAN-EWZ7377DGM,T1,,,,,
CAN-6GBSDJF7K0,T0,,,,,
CAN-6GBSDJF7K0,T1,,,,,
CAN-OGWF215IEE,T0,,,,,
CAN-OGWF215IEE,T1,,,,,
CAN-YE3HVOPHDZ,T0,,,,,
CAN-YE3HVOPHDZ,T1,,,,,
CAN-8WELH68ZE1,T0,,,,,
CAN-8WELH68ZE1,T1,,,,,
CAN-TF2GX8X2E5,T0,,,,,
CAN-TF2GX8X2E5,T1,,,,,
CAN-9YOQU8M6L5,T0,,,,,
CAN-9YOQU8M6L5,T1,,,,,
CAN-ZU8M6UCNAW,T0,,,,,
CAN-ZU8M6UCNAW,T1,,,,,
CAN-1XZ96N0WZQ,T0,,,,,
CAN-1XZ96N0WZQ,T1,,,,,
CAN-9AZ5TDSMKU,T0,,,,,
CAN-9AZ5TDSMKU,T1,,,,,
CAN-E3LMUM8UCQ,T0,,,,,
CAN-E3LMUM8UCQ,T1,,,,,
CAN-L0CGJ6XJ9U,T0,,,,,
CAN-L0CGJ6XJ9U,T1,,,,,
CAN-OL2OFMF093,T0,,,,,
CAN-OL2OFMF093,T1,,,,,
CAN-6YZ5P8JLPA,T0,,,,,
CAN-6YZ5P8JLPA,T1,,,,,
CAN-17M6BQXKGH,T0,,,,,
CAN-17M6BQXKGH,T1,,,,,
CAN-SRTY3ALEOU,T0,,,,,
CAN-SRTY3ALEOU,T1,,,,,
CAN-RM88MOHA2Z,T0,,,,,
CAN-RM88MOHA2Z,T1,,,,,
CAN-JILOVA8SSS,T0,,,,,
CAN-JILOVA8SSS,T1,,,,,
CAN-J4RPMJN5V2,T0,,,,,
CAN-J4RPMJN5V2,T1,,,,,
CAN-R01WTIZI6Z,T0,,,,,
CAN-R01WTIZI6Z,T1,,,,,
CAN-NEEJB5K4F6,T0,,,,,
CAN-NEEJB5K4F6,T1,,,,,
CAN-X72QMNBH57,T0,,,,,
CAN-X72QMNBH57,T1,,,,,
CAN-TJDVV4G6GQ,T0,,,,,
CAN-TJDVV4G6GQ,T1,,,,,
CAN-TPPY11JLQM,T0,,,,,
CAN-TPPY11JLQM,T1,,,,,
CAN-TP73JC6AS9,T0,,,,,
CAN-TP73JC6AS9,T1,,,,,
CAN-QMVKORDSD6,T0,,,,,
CAN-QMVKORDSD6,T1,,,,,
CAN-KO9UUXZYFH,T0,,,,,
CAN-KO9UUXZYFH,T1,,,,,
CAN-LD0MDQ98CA,T0,,,,,
CAN-LD0MDQ98CA,T1,,,,,
CAN-3LB9NU4U8T,T0,,,,,
CAN-3LB9NU4U8T,T1,,,,,
CAN-CYBIFDA79C,T0,,,,,
CAN-CYBIFDA79C,T1,,,,,
CAN-K8GNEE3V4A,T0,,,,,
CAN-K8GNEE3V4A,T1,,,,,
CAN-XNLNU1LX4I,T0,,,,,
CAN-XNLNU1LX4I,T1,,,,,
CAN-I1XDOSZCAI,T0,,,,,
CAN-I1XDOSZCAI,T1,,,,,
CAN-ELZQK4TD5L,T0,,,,,
CAN-ELZQK4TD5L,T1,,,,,
CAN-7UWXGLFRZW,T0,,,,,
CAN-7UWXGLFRZW,T1,,,,,
CAN-9ATW5VBCKK,T0,,,,,
CAN-9ATW5VBCKK,T1,,,,,
CAN-52SKXT36BS,T0,,,,,
CAN-52SKXT36BS,T1,,,,,
CAN-83YXIKDG3P,T0,,,,,
CAN-83YXIKDG3P,T1,,,,,
CAN-JBXVSFM8H6,T0,,,,,
CAN-JBXVSFM8H6,T1,,,,,
CAN-XDHMSWHK0G,T0,,,,,
CAN-XDHMSWHK0G,T1,,,,,
CAN-GYB9DQNAPG,T0,,,,,
CAN-GYB9DQNAPG,T1,,,,,
CAN-I3PAG0MQ4S,T0,,,,,
CAN-I3PAG0MQ4S,T1,,,,,
CAN-SG6KUDP9CB,T0,,,,,
CAN-SG6KUDP9CB,T1,,,,,
CAN-F6UC3ZOJP7,T0,,,,,
CAN-F6UC3ZOJP7,T1,,,,,
CAN-OPSQN3HR61,T0,,,,,
CAN-OPSQN3HR61,T1,,,,,
CAN-H3SPB2A2R7,T0,,,,,
CAN-H3SPB2A2R7,T1,,,,,
CAN-ZJ04AGQDQT,T0,,,,,
CAN-ZJ04AGQDQT,T1,,,,,
CAN-52WWF253JY,T0,,,,,
CAN-52WWF253JY,T1,,,,,
CAN-8JSMQE8ZNW,T0,,,,,
CAN-8JSMQE8ZNW,T1,,,,,
CAN-9YQUZOALNA,T0,,,,,
CAN-9YQUZOALNA,T1,,,,,
CAN-B7OTPNYA57,T0,,,,,
CAN-B7OTPNYA57,T1,,,,,
CAN-4YS30CW5LF,T0,,,,,
CAN-4YS30CW5LF,T1,,,,,
CAN-O68MJT6WYA,T0,,,,,
CAN-O68MJT6WYA,T1,,,,,
CAN-YNCH839Q9U,T0,,,,,
CAN-YNCH839Q9U,T1,,,,,
CAN-5Y5YHAPJ8M,T0,,,,,
CAN-5Y5YHAPJ8M,T1,,,,,
CAN-16WN3XX0WM,T0,,,,,
CAN-16WN3XX0WM,T1,,,,,
CAN-L2ZMDTU78E,T0,,,,,
CAN-L2ZMDTU78E,T1,,,,,
CAN-AYNT3XGQWQ,T0,,,,,
CAN-AYNT3XGQWQ,T1,,,,,
CAN-PCLY7I72LC,T0,,,,,
CAN-PCLY7I72LC,T1,,,,,
CAN-X292KL582Q,T0,,,,,
CAN-X292KL582Q,T1,,,,,
CAN-7B9V39S24I,T0,,,,,
CAN-7B9V39S24I,T1,,,,,
CAN-8MEJHRRHZ4,T0,,,,,
CAN-8MEJHRRHZ4,T1,,,,,
CAN-YLZC51MEBQ,T0,,,,,
CAN-YLZC51MEBQ,T1,,,,,
CAN-PZWAB64NHS,T0,,,,,
CAN-PZWAB64NHS,T1,,,,,
CAN-WYONYRKMYM,T0,,,,,
CAN-WYONYRKMYM,T1,,,,,
CAN-S9NV1GQO8N,T0,,,,,
CAN-S9NV1GQO8N,T1,,,,,
CAN-VRT3AMOAQG,T0,,,,,
CAN-VRT3AMOAQG,T1,,,,,
CAN-DDH66TB6PM,T0,,,,,
CAN-DDH66TB6PM,T1,,,,,
CAN-Q5BEI4WFTD,T0,,,,,
CAN-Q5BEI4WFTD,T1,,,,,
CAN-X7D2PZ8HFZ,T0,,,,,
CAN-X7D2PZ8HFZ,T1,,,,,
CAN-EEC3ZNKUYS,T0,,,,,
CAN-EEC3ZNKUYS,T1,,,,,
CAN-7AXZ29TNCM,T0,,,,,
CAN-7AXZ29TNCM,T1,,,,,
CAN-P69V1TRALB,T0,,,,,
CAN-P69V1TRALB,T1,,,,,
CAN-S0NSOIAXKS,T0,,,,,
CAN-S0NSOIAXKS,T1,,,,,
CAN-G7CLFRRO0G,T0,,,,,
CAN-G7CLFRRO0G,T1,,,,,
CAN-IMJSADCOPJ,T0,,,,,
CAN-IMJSADCOPJ,T1,,,,,
CAN-6I8GE3ABJR,T0,,,,,
CAN-6I8GE3ABJR,T1,,,,,
CAN-8K0J63R7T5,T0,,,,,
CAN-8K0J63R7T5,T1,,,,,
CAN-NFIKO60ZM1,T0,,,,,
CAN-NFIKO60ZM1,T1,,,,,
CAN-1UL31DKGJ3,T0,,,,,
CAN-1UL31DKGJ3,T1,,,,,
CAN-6E9YCRS9LL,T0,,,,,
CAN-6E9YCRS9LL,T1,,,,,
CAN-O6SFO1E46L,T0,,,,,
CAN-O6SFO1E46L,T1,,,,,
CAN-QHGJDGCYEI,T0,,,,,
CAN-QHGJDGCYEI,T1,,,,,
CAN-462DIN6KFL,T0,,,,,
CAN-462DIN6KFL,T1,,,,,
CAN-WHF4NLF5ZU,T0,,,,,
CAN-WHF4NLF5ZU,T1,,,,,
CAN-MOG4JW6A9F,T0,,,,,
CAN-MOG4JW6A9F,T1,,,,,
CAN-B5UAOYVPA2,T0,,,,,
CAN-B5UAOYVPA2,T1,,,,,
CAN-KXK23PVINU,T0,,,,,
CAN-KXK23PVINU,T1,,,,,
CAN-K1EBTRH1WK,T0,,,,,
CAN-K1EBTRH1WK,T1,,,,,
CAN-LIK43YKQKE,T0,,,,,
CAN-LIK43YKQKE,T1,,,,,
CAN-HTJMQLODO1,T0,,,,,
CAN-HTJMQLODO1,T1,,,,,
CAN-4KC5544YG3,T0,,,,,
CAN-4KC5544YG3,T1,,,,,
CAN-7OKLX37DAW,T0,,,,,
CAN-7OKLX37DAW,T1,,,,,
CAN-UUMPOX83G3,T0,,,,,
CAN-UUMPOX83G3,T1,,,,,
CAN-6WZ25ZQNCW,T0,,,,,
CAN-6WZ25ZQNCW,T1,,,,,
CAN-CXBK1AAEPI,T0,,,,,
CAN-CXBK1AAEPI,T1,,,,,
CAN-DT17X46X6U,T0,,,,,
CAN-DT17X46X6U,T1,,,,,
CAN-8RZUQ8T2JX,T0,,,,,
CAN-8RZUQ8T2JX,T1,,,,,
CAN-1R949PIS6U,T0,,,,,
CAN-1R949PIS6U,T1,,,,,
CAN-MXQGYPE9B9,T0,,,,,
CAN-MXQGYPE9B9,T1,,,,,
CAN-RN2WUQ3W29,T0,,,,,
CAN-RN2WUQ3W29,T1,,,,,
CAN-8HTJUGKRR1,T0,,,,,
CAN-8HTJUGKRR1,T1,,,,,
CAN-K5SZVTCVFD,T0,,,,,
CAN-K5SZVTCVFD,T1,,,,,
CAN-FGXFHAH630,T0,,,,,
CAN-FGXFHAH630,T1,,,,,
CAN-3VTNBHV13J,T0,,,,,
CAN-3VTNBHV13J,T1,,,,,
CAN-2OFDGU5W4V,T0,,,,,
CAN-2OFDGU5W4V,T1,,,,,
CAN-T2WKWAGYDT,T0,,,,,
CAN-T2WKWAGYDT,T1,,,,,
CAN-9KYG5EDE1I,T0,,,,,
CAN-9KYG5EDE1I,T1,,,,,
CAN-K0HGXAKGQD,T0,,,,,
CAN-K0HGXAKGQD,T1,,,,,
CAN-ZUYB161M3Y,T0,,,,,
CAN-ZUYB161M3Y,T1,,,,,
CAN-KIRG87BA6U,T0,,,,,
CAN-KIRG87BA6U,T1,,,,,
CAN-YIKFXRUEFP,T0,,,,,
CAN-YIKFXRUEFP,T1,,,,,
CAN-EUOJB8YW8V,T0,,,,,
CAN-EUOJB8YW8V,T1,,,,,
CAN-P934EK01A2,T0,,,,,
CAN-P934EK01A2,T1,,,,,
CAN-OJP3KKYMZU,T0,,,,,
CAN-OJP3KKYMZU,T1,,,,,
CAN-UFMTRJQZC3,T0,,,,,
CAN-UFMTRJQZC3,T1,,,,,
CAN-VRY3EC41A9,T0,,,,,
CAN-VRY3EC41A9,T1,,,,,
CAN-RQ6FWZ8HFG,T0,,,,,
CAN-RQ6FWZ8HFG,T1,,,,,
CAN-81FY7TSCQ2,T0,,,,,
CAN-81FY7TSCQ2,T1,,,,,
CAN-NFRLYXPGBZ,T0,,,,,
CAN-NFRLYXPGBZ,T1,,,,,
CAN-VVAAJHLJ29,T0,,,,,
CAN-VVAAJHLJ29,T1,,,,,
CAN-TQCUAM4ET7,T0,,,,,
CAN-TQCUAM4ET7,T1,,,,,
CAN-VK4UJAY8TR,T0,,,,,
CAN-VK4UJAY8TR,T1,,,,,
CAN-Q590807U1T,T0,,,,,
CAN-Q590807U1T,T1,,,,,
CAN-9YTN1MW7VG,T0,,,,,
CAN-9YTN1MW7VG,T1,,,,,
CAN-GSAGF7MNCB,T0,,,,,
CAN-GSAGF7MNCB,T1,,,,,
CAN-EWEIOWUA3S,T0,,,,,
CAN-EWEIOWUA3S,T1,,,,,
CAN-WJAZF1X5WW,T0,,,,,
CAN-WJAZF1X5WW,T1,,,,,
CAN-Q4GD5O55WV,T0,,,,,
CAN-Q4GD5O55WV,T1,,,,,
CAN-RSTP1R717O,T0,,,,,
CAN-RSTP1R717O,T1,,,,,
CAN-PR6SCOXT1K,T0,,,,,
CAN-PR6SCOXT1K,T1,,,,,
CAN-121N8ARH8U,T0,,,,,
CAN-121N8ARH8U,T1,,,,,
CAN-YPMOVPWF4E,T0,,,,,
CAN-YPMOVPWF4E,T1,,,,,
CAN-N0GMK1L87D,T0,,,,,
CAN-N0GMK1L87D,T1,,,,,
CAN-RGQDNDFF15,T0,,,,,
CAN-RGQDNDFF15,T1,,,,,
CAN-JUJUFS2IKG,T0,,,,,
CAN-JUJUFS2IKG,T1,,,,,
CAN-SAER4FR81V,T0,,,,,
CAN-SAER4FR81V,T1,,,,,
CAN-NYYE5QVX2S,T0,,,,,
CAN-NYYE5QVX2S,T1,,,,,
CAN-QL8PHQ98YM,T0,,,,,
CAN-QL8PHQ98YM,T1,,,,,
CAN-AXP7IS8IOJ,T0,,,,,
CAN-AXP7IS8IOJ,T1,,,,,
CAN-YP8JH53YQ2,T0,,,,,
CAN-YP8JH53YQ2,T1,,,,,
CAN-TCJPS3H221,T0,,,,,
CAN-TCJPS3H221,T1,,,,,
CAN-9UK9MJ01AY,T0,,,,,
CAN-9UK9MJ01AY,T1,,,,,
CAN-W7TVPNYCCP,T0,,,,,
CAN-W7TVPNYCCP,T1,,,,,
CAN-1LZH5NRJ4M,T0,,,,,
CAN-1LZH5NRJ4M,T1,,,,,
CAN-2IQB329U1B,T0,,,,,
CAN-2IQB329U1B,T1,,,,,
CAN-MTDTQAG54R,T0,,,,,
CAN-MTDTQAG54R,T1,,,,,
CAN-6R08SDDHUG,T0,,,,,
CAN-6R08SDDHUG,T1,,,,,
CAN-NXXIL7HWHE,T0,,,,,
CAN-NXXIL7HWHE,T1,,,,,
CAN-W39POS7E57,T0,,,,,
CAN-W39POS7E57,T1,,,,,
CAN-YL8EH1OS4R,T0,,,,,
CAN-YL8EH1OS4R,T1,,,,,
CAN-2PIJQE1Z4N,T0,,,,,
CAN-2PIJQE1Z4N,T1,,,,,
CAN-3VUSNCJAW0,T0,,,,,
CAN-3VUSNCJAW0,T1,,,,,
CAN-NWYPAYO4SC,T0,,,,,
CAN-NWYPAYO4SC,T1,,,,,
CAN-VIFCGJV7MW,T0,,,,,
CAN-VIFCGJV7MW,T1,,,,,
CAN-6WWJ66AYKR,T0,,,,,
CAN-6WWJ66AYKR,T1,,,,,
CAN-HFUG9QYONE,T0,,,,,
CAN-HFUG9QYONE,T1,,,,,
CAN-V5Y65R7JWK,T0,,,,,
CAN-V5Y65R7JWK,T1,,,,,
CAN-S8CBBU1J5J,T0,,,,,
CAN-S8CBBU1J5J,T1,,,,,
CAN-ZKR112LI5H,T0,,,,,
CAN-ZKR112LI5H,T1,,,,,
CAN-JEOTKUSZLK,T0,,,,,
CAN-JEOTKUSZLK,T1,,,,,
CAN-3R78ULZ1X6,T0,,,,,
CAN-3R78ULZ1X6,T1,,,,,
CAN-Z094JVB5DK,T0,,,,,
CAN-Z094JVB5DK,T1,,,,,
CAN-PPJOO5L518,T0,,,,,
CAN-PPJOO5L518,T1,,,,,
CAN-7YPZD0CRBH,T0,,,,,
CAN-7YPZD0CRBH,T1,,,,,
CAN-KMWLHWCI6A,T0,,,,,
CAN-KMWLHWCI6A,T1,,,,,
CAN-BTWZVS3SU3,T0,,,,,
CAN-BTWZVS3SU3,T1,,,,,
CAN-POJI3RN3FV,T0,,,,,
CAN-POJI3RN3FV,T1,,,,,
CAN-CNF2U0FWZ8,T0,,,,,
CAN-CNF2U0FWZ8,T1,,,,,
CAN-JRP1HQ7CQ7,T0,,,,,
CAN-JRP1HQ7CQ7,T1,,,,,
CAN-Y5MALB9J9R,T0,,,,,
CAN-Y5MALB9J9R,T1,,,,,
CAN-941L0L6DMN,T0,,,,,
CAN-941L0L6DMN,T1,,,,,
CAN-LQI76OP2D1,T0,,,,,
CAN-LQI76OP2D1,T1,,,,,
CAN-HFJYZVZL8M,T0,,,,,
CAN-HFJYZVZL8M,T1,,,,,
CAN-ATVQ67ZLOY,T0,,,,,
CAN-ATVQ67ZLOY,T1,,,,,
CAN-PSOAYUSON8,T0,,,,,
CAN-PSOAYUSON8,T1,,,,,
CAN-H3PWIUYABX,T0,,,,,
CAN-H3PWIUYABX,T1,,,,,
CAN-V9688RJD3W,T0,,,,,
CAN-V9688RJD3W,T1,,,,,
CAN-0934K69KNR,T0,,,,,
CAN-0934K69KNR,T1,,,,,
CAN-0P1G6CU7GP,T0,,,,,
CAN-0P1G6CU7GP,T1,,,,,
CAN-I09B815GXN,T0,,,,,
CAN-I09B815GXN,T1,,,,,
CAN-CD7PUNEJVC,T0,,,,,
CAN-CD7PUNEJVC,T1,,,,,
CAN-CTZZJGC2OU,T0,,,,,
CAN-CTZZJGC2OU,T1,,,,,
CAN-3OW7XHI53S,T0,,,,,
CAN-3OW7XHI53S,T1,,,,,
CAN-78FR9A89VL,T0,,,,,
CAN-78FR9A89VL,T1,,,,,
CAN-RX5M35BRMN,T0,,,,,
CAN-RX5M35BRMN,T1,,,,,
CAN-GZWHJW1GNH,T0,,,,,
CAN-GZWHJW1GNH,T1,,,,,
CAN-Q4FY4DOH6A,T0,,,,,
CAN-Q4FY4DOH6A,T1,,,,,
CAN-GSMG9D3O3S,T0,,,,,
CAN-GSMG9D3O3S,T1,,,,,
CAN-PB2QLSE8Q2,T0,,,,,
CAN-PB2QLSE8Q2,T1,,,,,
CAN-2MQS54QI3Q,T0,,,,,
CAN-2MQS54QI3Q,T1,,,,,
CAN-6WX0DLBV7D,T0,,,,,
CAN-6WX0DLBV7D,T1,,,,,
CAN-REP4MNK35A,T0,,,,,
CAN-REP4MNK35A,T1,,,,,
CAN-C98BYIYSGA,T0,,,,,
CAN-C98BYIYSGA,T1,,,,,
CAN-57J79S8I3A,T0,,,,,
CAN-57J79S8I3A,T1,,,,,
CAN-U2B8FPIIHG,T0,,,,,
CAN-U2B8FPIIHG,T1,,,,,
CAN-33ER0FEUOA,T0,,,,,
CAN-33ER0FEUOA,T1,,,,,
CAN-OLFWP9JOAI,T0,,,,,
CAN-OLFWP9JOAI,T1,,,,,
CAN-07XR036R0M,T0,,,,,
CAN-07XR036R0M,T1,,,,,
CAN-570V9675PJ,T0,,,,,
CAN-570V9675PJ,T1,,,,,
CAN-ONYWTGNUW7,T0,,,,,
CAN-ONYWTGNUW7,T1,,,,,
CAN-A4P7M4DF4F,T0,,,,,
CAN-A4P7M4DF4F,T1,,,,,
CAN-6OJZC13B27,T0,,,,,
CAN-6OJZC13B27,T1,,,,,
CAN-N9N1Y1FH4H,T0,,,,,
CAN-N9N1Y1FH4H,T1,,,,,
CAN-12YHGPLWEL,T0,,,,,
CAN-12YHGPLWEL,T1,,,,,
CAN-W103PRP6EQ,T0,,,,,
CAN-W103PRP6EQ,T1,,,,,
CAN-L1VHM9UMKD,T0,,,,,
CAN-L1VHM9UMKD,T1,,,,,
CAN-EYK5EY3GDH,T0,,,,,
CAN-EYK5EY3GDH,T1,,,,,
CAN-J7UXG1EBBI,T0,,,,,
CAN-J7UXG1EBBI,T1,,,,,
CAN-50AU02RR8I,T0,,,,,
CAN-50AU02RR8I,T1,,,,,
CAN-4IE1S1C4HT,T0,,,,,
CAN-4IE1S1C4HT,T1,,,,,
CAN-034LLESDP0,T0,,,,,
CAN-034LLESDP0,T1,,,,,
CAN-SKH4H9IVYE,T0,,,,,
CAN-SKH4H9IVYE,T1,,,,,
CAN-LQ2Q07RWNG,T0,,,,,
CAN-LQ2Q07RWNG,T1,,,,,
CAN-YSI8IDF1L6,T0,,,,,
CAN-YSI8IDF1L6,T1,,,,,
CAN-YM0I69QM0I,T0,,,,,
CAN-YM0I69QM0I,T1,,,,,
CAN-21DK7ZN7OU,T0,,,,,
CAN-21DK7ZN7OU,T1,,,,,
CAN-R4RZBDGOCR,T0,,,,,
CAN-R4RZBDGOCR,T1,,,,,
CAN-LXYVCGI5R3,T0,,,,,
CAN-LXYVCGI5R3,T1,,,,,
CAN-GCB26XQK04,T0,,,,,
CAN-GCB26XQK04,T1,,,,,
CAN-0GQ4YVF31M,T0,,,,,
CAN-0GQ4YVF31M,T1,,,,,
CAN-47E68J3LSP,T0,,,,,
CAN-47E68J3LSP,T1,,,,,
CAN-U1V60N5OQM,T0,,,,,
CAN-U1V60N5OQM,T1,,,,,
CAN-PTU8ZO187C,T0,,,,,
CAN-PTU8ZO187C,T1,,,,,
CAN-JAET31N9J6,T0,,,,,
CAN-JAET31N9J6,T1,,,,,
CAN-2GP0QB71IL,T0,,,,,
CAN-2GP0QB71IL,T1,,,,,
CAN-LY53HEKP9J,T0,,,,,
CAN-LY53HEKP9J,T1,,,,,
CAN-613Y6O33NV,T0,,,,,
CAN-613Y6O33NV,T1,,,,,
CAN-8WL0QNQ5UP,T0,,,,,
CAN-8WL0QNQ5UP,T1,,,,,
CAN-5DX0T847GZ,T0,,,,,
CAN-5DX0T847GZ,T1,,,,,
CAN-LLDINNRER0,T0,,,,,
CAN-LLDINNRER0,T1,,,,,
CAN-T2GTCD5DWS,T0,,,,,
CAN-T2GTCD5DWS,T1,,,,,
CAN-KNORJGQ98J,T0,,,,,
CAN-KNORJGQ98J,T1,,,,,
CAN-2M4HF2S4J4,T0,,,,,
CAN-2M4HF2S4J4,T1,,,,,
CAN-OGSBS2DTYF,T0,,,,,
CAN-OGSBS2DTYF,T1,,,,,
CAN-WP2EAZABSX,T0,,,,,
CAN-WP2EAZABSX,T1,,,,,
CAN-0C3IB5WFJ8,T0,,,,,
CAN-0C3IB5WFJ8,T1,,,,,
CAN-47IJ7HZFXV,T0,,,,,
CAN-47IJ7HZFXV,T1,,,,,
CAN-D1QJN5DQ3Z,T0,,,,,
CAN-D1QJN5DQ3Z,T1,,,,,
CAN-EO66GA5E1B,T0,,,,,
CAN-EO66GA5E1B,T1,,,,,
CAN-QJSM8HCCJG,T0,,,,,
CAN-QJSM8HCCJG,T1,,,,,
CAN-B1K4W4PPJA,T0,,,,,
CAN-B1K4W4PPJA,T1,,,,,
CAN-COWB4GJHGK,T0,,,,,
CAN-COWB4GJHGK,T1,,,,,
CAN-W9VZ3QDZMA,T0,,,,,
CAN-W9VZ3QDZMA,T1,,,,,
CAN-W7WZBRSJY6,T0,,,,,
CAN-W7WZBRSJY6,T1,,,,,
CAN-R4YO1J48OF,T0,,,,,
CAN-R4YO1J48OF,T1,,,,,
CAN-9AYS5PCZ14,T0,,,,,
CAN-9AYS5PCZ14,T1,,,,,
CAN-WZ9HA0TQ3C,T0,,,,,
CAN-WZ9HA0TQ3C,T1,,,,,
CAN-HB448L5FVF,T0,,,,,
CAN-HB448L5FVF,T1,,,,,
CAN-ZQU3RSMXHH,T0,,,,,
CAN-ZQU3RSMXHH,T1,,,,,
CAN-VPWFD4IWHJ,T0,,,,,
CAN-VPWFD4IWHJ,T1,,,,,
CAN-B336H65XUC,T0,,,,,
CAN-B336H65XUC,T1,,,,,
CAN-D1D80DSARJ,T0,,,,,
CAN-D1D80DSARJ,T1,,,,,
CAN-80QSZMDRLD,T0,,,,,
CAN-80QSZMDRLD,T1,,,,,
CAN-S5U870NUEQ,T0,,,,,
CAN-S5U870NUEQ,T1,,,,,
CAN-R5RI0VWJW9,T0,,,,,
CAN-R5RI0VWJW9,T1,,,,,
CAN-0N0ASSXDKY,T0,,,,,
CAN-0N0ASSXDKY,T1,,,,,
CAN-JKAYGXIF6R,T0,,,,,
CAN-JKAYGXIF6R,T1,,,,,
CAN-ZSHEVXD6JQ,T0,,,,,
CAN-ZSHEVXD6JQ,T1,,,,,
CAN-63DT9WE4UL,T0,,,,,
CAN-63DT9WE4UL,T1,,,,,
CAN-5S3E0MFPAU,T0,,,,,
CAN-5S3E0MFPAU,T1,,,,,
CAN-OAWKW1AEX3,T0,,,,,
CAN-OAWKW1AEX3,T1,,,,,
CAN-UM5BZG4T7U,T0,,,,,
CAN-UM5BZG4T7U,T1,,,,,
CAN-M2K2HDCA3Q,T0,,,,,
CAN-M2K2HDCA3Q,T1,,,,,
CAN-40MD9N6XM1,T0,,,,,
CAN-40MD9N6XM1,T1,,,,,
CAN-VRIHDH9JWE,T0,,,,,
CAN-VRIHDH9JWE,T1,,,,,
CAN-E8OE3JZ1HH,T0,,,,,
CAN-E8OE3JZ1HH,T1,,,,,
CAN-4BPECCSH88,T0,,,,,
CAN-4BPECCSH88,T1,,,,,
CAN-E4XU8GXCMO,T0,,,,,
CAN-E4XU8GXCMO,T1,,,,,
CAN-Z5SL5GL4RB,T0,,,,,
CAN-Z5SL5GL4RB,T1,,,,,
CAN-H8KIU6QEA7,T0,,,,,
CAN-H8KIU6QEA7,T1,,,,,
CAN-SJZMPJCLIL,T0,,,,,
CAN-SJZMPJCLIL,T1,,,,,
CAN-9LCEA1FPEO,T0,,,,,
CAN-9LCEA1FPEO,T1,,,,,
CAN-ZS15TQOGPA,T0,,,,,
CAN-ZS15TQOGPA,T1,,,,,
CAN-QPI1L0FCQU,T0,,,,,
CAN-QPI1L0FCQU,T1,,,,,
CAN-KYVPBV16AY,T0,,,,,
CAN-KYVPBV16AY,T1,,,,,
CAN-RYFKJ45U9C,T0,,,,,
CAN-RYFKJ45U9C,T1,,,,,
CAN-52IHK7LJ5D,T0,,,,,
CAN-52IHK7LJ5D,T1,,,,,
CAN-PR65ZMWWA2,T0,,,,,
CAN-PR65ZMWWA2,T1,,,,,
CAN-A20P2AEXIH,T0,,,,,
CAN-A20P2AEXIH,T1,,,,,
CAN-0KD9WHUJVD,T0,,,,,
CAN-0KD9WHUJVD,T1,,,,,
CAN-IA8U1DVUO4,T0,,,,,
CAN-IA8U1DVUO4,T1,,,,,
CAN-J4C24C79IG,T0,,,,,
CAN-J4C24C79IG,T1,,,,,
CAN-B5BGNPAXNO,T0,,,,,
CAN-B5BGNPAXNO,T1,,,,,
CAN-E0S2IX12A1,T0,,,,,
CAN-E0S2IX12A1,T1,,,,,
CAN-QO1Y6YG2FX,T0,,,,,
CAN-QO1Y6YG2FX,T1,,,,,
CAN-TOCVLBL1FO,T0,,,,,
CAN-TOCVLBL1FO,T1,,,,,
CAN-RDE764QYFC,T0,,,,,
CAN-RDE764QYFC,T1,,,,,
CAN-PMIK0GIRJW,T0,,,,,
CAN-PMIK0GIRJW,T1,,,,,
CAN-L66ENZG9TC,T0,,,,,
CAN-L66ENZG9TC,T1,,,,,
CAN-DUG7DRZ6H1,T0,,,,,
CAN-DUG7DRZ6H1,T1,,,,,
CAN-P0S5V4JAG9,T0,,,,,
CAN-P0S5V4JAG9,T1,,,,,
CAN-OLWFHX9D2L,T0,,,,,
CAN-OLWFHX9D2L,T1,,,,,
CAN-2QYN0WNQTF,T0,,,,,
CAN-2QYN0WNQTF,T1,,,,,
CAN-JZJK3YBA42,T0,,,,,
CAN-JZJK3YBA42,T1,,,,,
CAN-PWVZL2XTR5,T0,,,,,
CAN-PWVZL2XTR5,T1,,,,,
CAN-P71MDU1DCY,T0,,,,,
CAN-P71MDU1DCY,T1,,,,,
CAN-TD6V6YM0L4,T0,,,,,
CAN-TD6V6YM0L4,T1,,,,,
CAN-JE4JLNPK37,T0,,,,,
CAN-JE4JLNPK37,T1,,,,,
CAN-0J8A2WSM88,T0,,,,,
CAN-0J8A2WSM88,T1,,,,,
CAN-2RX9CWKS6J,T0,,,,,
CAN-2RX9CWKS6J,T1,,,,,
CAN-E81W6J63Z9,T0,,,,,
CAN-E81W6J63Z9,T1,,,,,
CAN-5S7DOLIPKI,T0,,,,,
CAN-5S7DOLIPKI,T1,,,,,
CAN-O5OQ0F4W47,T0,,,,,
CAN-O5OQ0F4W47,T1,,,,,
CAN-NMW319ZUN3,T0,,,,,
CAN-NMW319ZUN3,T1,,,,,
CAN-8P4XCCRHKK,T0,,,,,
CAN-8P4XCCRHKK,T1,,,,,
CAN-LGKIRKNNG1,T0,,,,,
CAN-LGKIRKNNG1,T1,,,,,
CAN-XI31W0TWTA,T0,,,,,
CAN-XI31W0TWTA,T1,,,,,
CAN-P0MASG4IVU,T0,,,,,
CAN-P0MASG4IVU,T1,,,,,
CAN-OHQPJISPKC,T0,,,,,
CAN-OHQPJISPKC,T1,,,,,
CAN-5HOWJCEPHX,T0,,,,,
CAN-5HOWJCEPHX,T1,,,,,
CAN-AF4WYEY7J4,T0,,,,,
CAN-AF4WYEY7J4,T1,,,,,
CAN-YP40LZV7HG,T0,,,,,
CAN-YP40LZV7HG,T1,,,,,
CAN-5ZBRHJK44Y,T0,,,,,
CAN-5ZBRHJK44Y,T1,,,,,
CAN-B4Q0XTHR3W,T0,,,,,
CAN-B4Q0XTHR3W,T1,,,,,
CAN-0HACOZFI7P,T0,,,,,
CAN-0HACOZFI7P,T1,,,,,
CAN-QRL4A4I1K1,T0,,,,,
CAN-QRL4A4I1K1,T1,,,,,
CAN-N91Q1C5UAX,T0,,,,,
CAN-N91Q1C5UAX,T1,,,,,
CAN-0ZWD4LK3VP,T0,,,,,
CAN-0ZWD4LK3VP,T1,,,,,
CAN-43Y5IE42YH,T0,,,,,
CAN-43Y5IE42YH,T1,,,,,
CAN-34QL5SSY19,T0,,,,,
CAN-34QL5SSY19,T1,,,,,
CAN-MU4BB8SZPV,T0,,,,,
CAN-MU4BB8SZPV,T1,,,,,
CAN-F0IZM0S344,T0,,,,,
CAN-F0IZM0S344,T1,,,,,
CAN-3A7LXLOVR8,T0,,,,,
CAN-3A7LXLOVR8,T1,,,,,
CAN-AZKZNQLSKX,T0,,,,,
CAN-AZKZNQLSKX,T1,,,,,
CAN-CY6TRLMEL8,T0,,,,,
CAN-CY6TRLMEL8,T1,,,,,
CAN-51TPZY1TL8,T0,,,,,
CAN-51TPZY1TL8,T1,,,,,
CAN-L1KPPPS75T,T0,,,,,
CAN-L1KPPPS75T,T1,,,,,
CAN-RUL9EK5926,T0,,,,,
CAN-RUL9EK5926,T1,,,,,
CAN-HMT2VUSKXC,T0,,,,,
CAN-HMT2VUSKXC,T1,,,,,
CAN-R8KAXXVCPC,T0,,,,,
CAN-R8KAXXVCPC,T1,,,,,
CAN-1D2WXK6O29,T0,,,,,
CAN-1D2WXK6O29,T1,,,,,
CAN-BJB7ZESWHR,T0,,,,,
CAN-BJB7ZESWHR,T1,,,,,
CAN-AOYTD9KG0G,T0,,,,,
CAN-AOYTD9KG0G,T1,,,,,
CAN-XM0NTONS8I,T0,,,,,
CAN-XM0NTONS8I,T1,,,,,
CAN-5MD6T4J357,T0,,,,,
CAN-5MD6T4J357,T1,,,,,
CAN-HMGAHR7B0U,T0,,,,,
CAN-HMGAHR7B0U,T1,,,,,
CAN-TD8WI0YO18,T0,,,,,
CAN-TD8WI0YO18,T1,,,,,
CAN-R9BMP1LHB3,T0,,,,,
CAN-R9BMP1LHB3,T1,,,,,
CAN-0W2NGUYS61,T0,,,,,
CAN-0W2NGUYS61,T1,,,,,
CAN-3V8BE4YU0C,T0,,,,,
CAN-3V8BE4YU0C,T1,,,,,
CAN-2377V4X89Z,T0,,,,,
CAN-2377V4X89Z,T1,,,,,
CAN-PXVQD4YCPJ,T0,,,,,
CAN-PXVQD4YCPJ,T1,,,,,
CAN-5K0YA851ZE,T0,,,,,
CAN-5K0YA851ZE,T1,,,,,
CAN-U32HPXHLOO,T0,,,,,
CAN-U32HPXHLOO,T1,,,,,
CAN-S7F7ALIFOE,T0,,,,,
CAN-S7F7ALIFOE,T1,,,,,
CAN-T05RUSW6NR,T0,,,,,
CAN-T05RUSW6NR,T1,,,,,
CAN-VQEENTIK51,T0,,,,,
CAN-VQEENTIK51,T1,,,,,
CAN-SD922NFEYT,T0,,,,,
CAN-SD922NFEYT,T1,,,,,
CAN-3C0SZATP7X,T0,,,,,
CAN-3C0SZATP7X,T1,,,,,
CAN-H0P38CW42S,T0,,,,,
CAN-H0P38CW42S,T1,,,,,
CAN-67YHYNYUPJ,T0,,,,,
CAN-67YHYNYUPJ,T1,,,,,
CAN-45OMN015DC,T0,,,,,
CAN-45OMN015DC,T1,,,,,
CAN-QTT9ENNYAL,T0,,,,,
CAN-QTT9ENNYAL,T1,,,,,
CAN-LZ7N3655X3,T0,,,,,
CAN-LZ7N3655X3,T1,,,,,
CAN-XP5SV9B8GV,T0,,,,,
CAN-XP5SV9B8GV,T1,,,,,
CAN-38E2V110B9,T0,,,,,
CAN-38E2V110B9,T1,,,,,
CAN-DKXV9XRNYN,T0,,,,,
CAN-DKXV9XRNYN,T1,,,,,
CAN-6SCDVVWJOG,T0,,,,,
CAN-6SCDVVWJOG,T1,,,,,
CAN-39UIY7SIRZ,T0,,,,,
CAN-39UIY7SIRZ,T1,,,,,
CAN-IGCRWJMLBW,T0,,,,,
CAN-IGCRWJMLBW,T1,,,,,
CAN-LO4SALY31V,T0,,,,,
CAN-LO4SALY31V,T1,,,,,
CAN-AAQH8U7B6K,T0,,,,,
CAN-AAQH8U7B6K,T1,,,,,
CAN-MU5OZ9M1J7,T0,,,,,
CAN-MU5OZ9M1J7,T1,,,,,
CAN-NTUVLDS5IZ,T0,,,,,
CAN-NTUVLDS5IZ,T1,,,,,
CAN-SDQGAV97DY,T0,,,,,
CAN-SDQGAV97DY,T1,,,,,
CAN-HM6383D91H,T0,,,,,
CAN-HM6383D91H,T1,,,,,
CAN-66JVOMW8EZ,T0,,,,,
CAN-66JVOMW8EZ,T1,,,,,
CAN-64W4GY47TK,T0,,,,,
CAN-64W4GY47TK,T1,,,,,
CAN-V72P6V1M07,T0,,,,,
CAN-V72P6V1M07,T1,,,,,
CAN-4VU8H42AWS,T0,,,,,
CAN-4VU8H42AWS,T1,,,,,
CAN-UXJU0P1A4M,T0,,,,,
CAN-UXJU0P1A4M,T1,,,,,
CAN-0LQ3DXI5IQ,T0,,,,,
CAN-0LQ3DXI5IQ,T1,,,,,
CAN-5CEJ8ETZ1O,T0,,,,,
CAN-5CEJ8ETZ1O,T1,,,,,
CAN-R02M7GSDBP,T0,,,,,
CAN-R02M7GSDBP,T1,,,,,
CAN-Y670UFDKXB,T0,,,,,
CAN-Y670UFDKXB,T1,,,,,
CAN-DK9210TZPV,T0,,,,,
CAN-DK9210TZPV,T1,,,,,
CAN-5P9DZWME3W,T0,,,,,
CAN-5P9DZWME3W,T1,,,,,
CAN-22AU3OGP05,T0,,,,,
CAN-22AU3OGP05,T1,,,,,
CAN-2WS04VO4B7,T0,,,,,
CAN-2WS04VO4B7,T1,,,,,
CAN-BXFCCY9LHX,T0,,,,,
CAN-BXFCCY9LHX,T1,,,,,
CAN-S1SJ6L2MQT,T0,,,,,
CAN-S1SJ6L2MQT,T1,,,,,
CAN-LBVLXMN2FA,T0,,,,,
CAN-LBVLXMN2FA,T1,,,,,
CAN-OY75XTQB2U,T0,,,,,
CAN-OY75XTQB2U,T1,,,,,
CAN-DHKIS8KJ2N,T0,,,,,
CAN-DHKIS8KJ2N,T1,,,,,
CAN-8G8981QXTA,T0,,,,,
CAN-8G8981QXTA,T1,,,,,
CAN-Q1RNLRG7JR,T0,,,,,
CAN-Q1RNLRG7JR,T1,,,,,
CAN-83U8AQI6A3,T0,,,,,
CAN-83U8AQI6A3,T1,,,,,
CAN-1COF464L67,T0,,,,,
CAN-1COF464L67,T1,,,,,
CAN-DDRORUOAUP,T0,,,,,
CAN-DDRORUOAUP,T1,,,,,
CAN-344M01SHII,T0,,,,,
CAN-344M01SHII,T1,,,,,
CAN-BL7OZ9KMQ6,T0,,,,,
CAN-BL7OZ9KMQ6,T1,,,,,
CAN-9IDUJWNXCM,T0,,,,,
CAN-9IDUJWNXCM,T1,,,,,
CAN-HGOAWSNSJS,T0,,,,,
CAN-HGOAWSNSJS,T1,,,,,
CAN-V1Y33VKWF8,T0,,,,,
CAN-V1Y33VKWF8,T1,,,,,
CAN-E2A4ZDLVTN,T0,,,,,
CAN-E2A4ZDLVTN,T1,,,,,
CAN-THZDUOWY43,T0,,,,,
CAN-THZDUOWY43,T1,,,,,
CAN-QWP6802TVP,T0,,,,,
CAN-QWP6802TVP,T1,,,,,
CAN-BTDN47P5SN,T0,,,,,
CAN-BTDN47P5SN,T1,,,,,
CAN-QA3QFWBD4W,T0,,,,,
CAN-QA3QFWBD4W,T1,,,,,
CAN-VWB516VRZH,T0,,,,,
CAN-VWB516VRZH,T1,,,,,
CAN-929MEILK8U,T0,,,,,
CAN-929MEILK8U,T1,,,,,
CAN-L0ZHTBG5RN,T0,,,,,
CAN-L0ZHTBG5RN,T1,,,,,
CAN-Q0VAFV6MQY,T0,,,,,
CAN-Q0VAFV6MQY,T1,,,,,
CAN-HYIZGUP4NT,T0,,,,,
CAN-HYIZGUP4NT,T1,,,,,
CAN-JUFCEW5HEI,T0,,,,,
CAN-JUFCEW5HEI,T1,,,,,
CAN-44SCE3CVBS,T0,,,,,
CAN-44SCE3CVBS,T1,,,,,
CAN-EF36P6HNVV,T0,,,,,
CAN-EF36P6HNVV,T1,,,,,
CAN-2TMLBMF4KK,T0,,,,,
CAN-2TMLBMF4KK,T1,,,,,
CAN-0ZUBY1M6OV,T0,,,,,
CAN-0ZUBY1M6OV,T1,,,,,
CAN-YRJ3DIXAHP,T0,,,,,
CAN-YRJ3DIXAHP,T1,,,,,
CAN-2ZTBD6W73M,T0,,,,,
CAN-2ZTBD6W73M,T1,,,,,
CAN-XF39AL8J16,T0,,,,,
CAN-XF39AL8J16,T1,,,,,
CAN-ECR7KGV9FS,T0,,,,,
CAN-ECR7KGV9FS,T1,,,,,
CAN-IHQH75F4DH,T0,,,,,
CAN-IHQH75F4DH,T1,,,,,
CAN-MFQ4GY8XPH,T0,,,,,
CAN-MFQ4GY8XPH,T1,,,,,
CAN-4K1QSJSS7W,T0,,,,,
CAN-4K1QSJSS7W,T1,,,,,
CAN-R7GBTM2CFP,T0,,,,,
CAN-R7GBTM2CFP,T1,,,,,
CAN-16MYQZCDF5,T0,,,,,
CAN-16MYQZCDF5,T1,,,,,
CAN-RXZT9YCUF4,T0,,,,,
CAN-RXZT9YCUF4,T1,,,,,
CAN-6C7D0QPQEL,T0,,,,,
CAN-6C7D0QPQEL,T1,,,,,
CAN-VO68X2FLPM,T0,,,,,
CAN-VO68X2FLPM,T1,,,,,
CAN-2TQH9JTOZA,T0,,,,,
CAN-2TQH9JTOZA,T1,,,,,
CAN-4US7T1TIE7,T0,,,,,
CAN-4US7T1TIE7,T1,,,,,
CAN-0PV93DMVSN,T0,,,,,
CAN-0PV93DMVSN,T1,,,,,
CAN-NKOSN6LW60,T0,,,,,
CAN-NKOSN6LW60,T1,,,,,
CAN-IP8CX14VO3,T0,,,,,
CAN-IP8CX14VO3,T1,,,,,
CAN-VJO1B5VQHG,T0,,,,,
CAN-VJO1B5VQHG,T1,,,,,
CAN-LJJY7PVLCN,T0,,,,,
CAN-LJJY7PVLCN,T1,,,,,
CAN-VHNR4T4C62,T0,,,,,
CAN-VHNR4T4C62,T1,,,,,
CAN-QIFSQUZL98,T0,,,,,
CAN-QIFSQUZL98,T1,,,,,
CAN-Y33D89PH44,T0,,,,,
CAN-Y33D89PH44,T1,,,,,
CAN-DQVCS1LJ08,T0,,,,,
CAN-DQVCS1LJ08,T1,,,,,
CAN-N28APGURMA,T0,,,,,
CAN-N28APGURMA,T1,,,,,
CAN-S7ATE7NM9P,T0,,,,,
CAN-S7ATE7NM9P,T1,,,,,
CAN-260B3EITQB,T0,,,,,
CAN-260B3EITQB,T1,,,,,
CAN-1EC84J8OCD,T0,,,,,
CAN-1EC84J8OCD,T1,,,,,
CAN-4SNWWX4MO4,T0,,,,,
CAN-4SNWWX4MO4,T1,,,,,
CAN-C8H4NILP4I,T0,,,,,
CAN-C8H4NILP4I,T1,,,,,
CAN-EFQFHMP472,T0,,,,,
CAN-EFQFHMP472,T1,,,,,
CAN-HD32Q374ER,T0,,,,,
CAN-HD32Q374ER,T1,,,,,
CAN-1ILZEQ8GCM,T0,,,,,
CAN-1ILZEQ8GCM,T1,,,,,
CAN-3DP72Y562Q,T0,,,,,
CAN-3DP72Y562Q,T1,,,,,
CAN-55NVPBL4L7,T0,,,,,
CAN-55NVPBL4L7,T1,,,,,
CAN-0M3KENZUQW,T0,,,,,
CAN-0M3KENZUQW,T1,,,,,
CAN-DXO59KGWFY,T0,,,,,
CAN-DXO59KGWFY,T1,,,,,
CAN-ABJIQE2KWG,T0,,,,,
CAN-ABJIQE2KWG,T1,,,,,
CAN-WNSATQW75Y,T0,,,,,
CAN-WNSATQW75Y,T1,,,,,
CAN-OO86C7VSTZ,T0,,,,,
CAN-OO86C7VSTZ,T1,,,,,
CAN-9CQ2899AGV,T0,,,,,
CAN-9CQ2899AGV,T1,,,,,
CAN-0G5QWYHN51,T0,,,,,
CAN-0G5QWYHN51,T1,,,,,
CAN-RA4YP63MWV,T0,,,,,
CAN-RA4YP63MWV,T1,,,,,
CAN-KUOBKM81RJ,T0,,,,,
CAN-KUOBKM81RJ,T1,,,,,
CAN-052FOZHP7I,T0,,,,,
CAN-052FOZHP7I,T1,,,,,
CAN-43Z0BSTVXD,T0,,,,,
CAN-43Z0BSTVXD,T1,,,,,
CAN-DLHOOFWW4Y,T0,,,,,
CAN-DLHOOFWW4Y,T1,,,,,
CAN-9EQHW7KE3M,T0,,,,,
CAN-9EQHW7KE3M,T1,,,,,
CAN-TSX3YOZ6OH,T0,,,,,
CAN-TSX3YOZ6OH,T1,,,,,
CAN-9IURYCYX4V,T0,,,,,
CAN-9IURYCYX4V,T1,,,,,
CAN-CCRXTONANJ,T0,,,,,
CAN-CCRXTONANJ,T1,,,,,
CAN-KSUMCAYLH0,T0,,,,,
CAN-KSUMCAYLH0,T1,,,,,
CAN-I4LPZPPIPS,T0,,,,,
CAN-I4LPZPPIPS,T1,,,,,
CAN-UWMNCMZYR6,T0,,,,,
CAN-UWMNCMZYR6,T1,,,,,
CAN-QRB1ADO39T,T0,,,,,
CAN-QRB1ADO39T,T1,,,,,
CAN-MSEP0LP2L4,T0,,,,,
CAN-MSEP0LP2L4,T1,,,,,
CAN-1CHL5IR9BT,T0,,,,,
CAN-1CHL5IR9BT,T1,,,,,
CAN-QAKA5ECMWI,T0,,,,,
CAN-QAKA5ECMWI,T1,,,,,
CAN-J78RHKOPMG,T0,,,,,
CAN-J78RHKOPMG,T1,,,,,
CAN-ISO1BS0RO0,T0,,,,,
CAN-ISO1BS0RO0,T1,,,,,
CAN-8X2ZKCIXEY,T0,,,,,
CAN-8X2ZKCIXEY,T1,,,,,
CAN-P0U1HGMHYB,T0,,,,,
CAN-P0U1HGMHYB,T1,,,,,
CAN-61IE85RJNG,T0,,,,,
CAN-61IE85RJNG,T1,,,,,
CAN-T3Q531XUD0,T0,,,,,
CAN-T3Q531XUD0,T1,,,,,
CAN-MFN4N6KQHO,T0,,,,,
CAN-MFN4N6KQHO,T1,,,,,
CAN-RH7J269JWB,T0,,,,,
CAN-RH7J269JWB,T1,,,,,
CAN-FAU83LDG91,T0,,,,,
CAN-FAU83LDG91,T1,,,,,
CAN-LLD8BNVJWJ,T0,,,,,
CAN-LLD8BNVJWJ,T1,,,,,
CAN-MFBV0FQM3G,T0,,,,,
CAN-MFBV0FQM3G,T1,,,,,
CAN-YWW49GG6BA,T0,,,,,
CAN-YWW49GG6BA,T1,,,,,
CAN-50IXZFEBWJ,T0,,,,,
CAN-50IXZFEBWJ,T1,,,,,
CAN-9AXZGH8RKY,T0,,,,,
CAN-9AXZGH8RKY,T1,,,,,
CAN-C337YD3N11,T0,,,,,
CAN-C337YD3N11,T1,,,,,
CAN-Y637SPLZVL,T0,,,,,
CAN-Y637SPLZVL,T1,,,,,
CAN-LBSVYGAQF1,T0,,,,,
CAN-LBSVYGAQF1,T1,,,,,
CAN-L3EK29R5IO,T0,,,,,
CAN-L3EK29R5IO,T1,,,,,
CAN-5GAANRPMDT,T0,,,,,
CAN-5GAANRPMDT,T1,,,,,
CAN-A2IERZLHN4,T0,,,,,
CAN-A2IERZLHN4,T1,,,,,
CAN-TR2DNHQZE5,T0,,,,,
CAN-TR2DNHQZE5,T1,,,,,
CAN-SGSYO4JTP8,T0,,,,,
CAN-SGSYO4JTP8,T1,,,,,
CAN-UK19CDHWOJ,T0,,,,,
CAN-UK19CDHWOJ,T1,,,,,
CAN-BV6GW54ZAH,T0,,,,,
CAN-BV6GW54ZAH,T1,,,,,
CAN-9VJYE4P2TV,T0,,,,,
CAN-9VJYE4P2TV,T1,,,,,
CAN-J36EAQ6YIB,T0,,,,,
CAN-J36EAQ6YIB,T1,,,,,
CAN-3RL7L5TQ5P,T0,,,,,
CAN-3RL7L5TQ5P,T1,,,,,
CAN-5D1JX3NDR6,T0,,,,,
CAN-5D1JX3NDR6,T1,,,,,
CAN-FR56KPX697,T0,,,,,
CAN-FR56KPX697,T1,,,,,
CAN-E9M2WW84DZ,T0,,,,,
CAN-E9M2WW84DZ,T1,,,,,
CAN-0VKKH5E54K,T0,,,,,
CAN-0VKKH5E54K,T1,,,,,
CAN-8MJLD4JNLX,T0,,,,,
CAN-8MJLD4JNLX,T1,,,,,
CAN-ZJCDEV1RJR,T0,,,,,
CAN-ZJCDEV1RJR,T1,,,,,
CAN-VA7HG2ZN0Y,T0,,,,,
CAN-VA7HG2ZN0Y,T1,,,,,
CAN-P6DT24Q34Z,T0,,,,,
CAN-P6DT24Q34Z,T1,,,,,
CAN-ZGTDAL1BAY,T0,,,,,
CAN-ZGTDAL1BAY,T1,,,,,
CAN-3FUHE8QQ4P,T0,,,,,
CAN-3FUHE8QQ4P,T1,,,,,
CAN-75M5MEN7BJ,T0,,,,,
CAN-75M5MEN7BJ,T1,,,,,
CAN-H40EWXTH1J,T0,,,,,
CAN-H40EWXTH1J,T1,,,,,
CAN-JKJHWU9EAG,T0,,,,,
CAN-JKJHWU9EAG,T1,,,,,
CAN-ZE4ML807XL,T0,,,,,
CAN-ZE4ML807XL,T1,,,,,
CAN-W2XD91FUFU,T0,,,,,
CAN-W2XD91FUFU,T1,,,,,
CAN-YN0B1TGPR5,T0,,,,,
CAN-YN0B1TGPR5,T1,,,,,
CAN-ADIKM415O9,T0,,,,,
CAN-ADIKM415O9,T1,,,,,
CAN-0SGS7A4EW1,T0,,,,,
CAN-0SGS7A4EW1,T1,,,,,
CAN-C8BQUAOGDA,T0,,,,,
CAN-C8BQUAOGDA,T1,,,,,
CAN-01NTK9S5JS,T0,,,,,
CAN-01NTK9S5JS,T1,,,,,
CAN-ILHNH6Y100,T0,,,,,
CAN-ILHNH6Y100,T1,,,,,
CAN-X1MTLN2D4V,T0,,,,,
CAN-X1MTLN2D4V,T1,,,,,
CAN-G5HH5L0HWM,T0,,,,,
CAN-G5HH5L0HWM,T1,,,,,
CAN-H4XZOFU2PK,T0,,,,,
CAN-H4XZOFU2PK,T1,,,,,
CAN-AUDCVUTCMN,T0,,,,,
CAN-AUDCVUTCMN,T1,,,,,
CAN-TBVSCRO133,T0,,,,,
CAN-TBVSCRO133,T1,,,,,
CAN-NQCGNQOFJ4,T0,,,,,
CAN-NQCGNQOFJ4,T1,,,,,
CAN-OSWOXVT2YC,T0,,,,,
CAN-OSWOXVT2YC,T1,,,,,
CAN-OGU38P0WA3,T0,,,,,
CAN-OGU38P0WA3,T1,,,,,
CAN-72Z1Z31UG2,T0,,,,,
CAN-72Z1Z31UG2,T1,,,,,
CAN-POOWPCR1CO,T0,,,,,
CAN-POOWPCR1CO,T1,,,,,
CAN-CRLI5OI6UB,T0,,,,,
CAN-CRLI5OI6UB,T1,,,,,
CAN-95DZAWQJ8Q,T0,,,,,
CAN-95DZAWQJ8Q,T1,,,,,
CAN-G308S24UDP,T0,,,,,
CAN-G308S24UDP,T1,,,,,
CAN-44UQ2P5VOG,T0,,,,,
CAN-44UQ2P5VOG,T1,,,,,
CAN-B3OQG0BN72,T0,,,,,
CAN-B3OQG0BN72,T1,,,,,
CAN-HBZHL9N9RB,T0,,,,,
CAN-HBZHL9N9RB,T1,,,,,
CAN-LOQ8JZKCT6,T0,,,,,
CAN-LOQ8JZKCT6,T1,,,,,
CAN-F2U1W8N888,T0,,,,,
CAN-F2U1W8N888,T1,,,,,
CAN-IC6QP6F7EA,T0,,,,,
CAN-IC6QP6F7EA,T1,,,,,
CAN-B1QKW5Y24J,T0,,,,,
CAN-B1QKW5Y24J,T1,,,,,
CAN-H3MCBUTK2S,T0,,,,,
CAN-H3MCBUTK2S,T1,,,,,
CAN-RYSJCGP2DX,T0,,,,,
CAN-RYSJCGP2DX,T1,,,,,
CAN-FTVABQ7PZL,T0,,,,,
CAN-FTVABQ7PZL,T1,,,,,
CAN-2VJ8O12ZPO,T0,,,,,
CAN-2VJ8O12ZPO,T1,,,,,
CAN-ZVQJD35OLN,T0,,,,,
CAN-ZVQJD35OLN,T1,,,,,
CAN-TSI5O2KHP3,T0,,,,,
CAN-TSI5O2KHP3,T1,,,,,
CAN-390TQ6WA3Z,T0,,,,,
CAN-390TQ6WA3Z,T1,,,,,
CAN-Z7U8UWJE40,T0,,,,,
CAN-Z7U8UWJE40,T1,,,,,
CAN-MKGQ4SYVUI,T0,,,,,
CAN-MKGQ4SYVUI,T1,,,,,
CAN-RL60V81ZST,T0,,,,,
CAN-RL60V81ZST,T1,,,,,
CAN-I94U5SS23A,T0,,,,,
CAN-I94U5SS23A,T1,,,,,
CAN-4EDE40MFHN,T0,,,,,
CAN-4EDE40MFHN,T1,,,,,
CAN-3EO9MSIIB0,T0,,,,,
CAN-3EO9MSIIB0,T1,,,,,
CAN-ODE757YXGP,T0,,,,,
CAN-ODE757YXGP,T1,,,,,
CAN-X00NKLCO46,T0,,,,,
CAN-X00NKLCO46,T1,,,,,
CAN-FX4J13R9RC,T0,,,,,
CAN-FX4J13R9RC,T1,,,,,
CAN-B3QNNPULIV,T0,,,,,
CAN-B3QNNPULIV,T1,,,,,
CAN-658WGCQ9I5,T0,,,,,
CAN-658WGCQ9I5,T1,,,,,
CAN-1R4K9MCK3Y,T0,,,,,
CAN-1R4K9MCK3Y,T1,,,,,
CAN-0EA5064B93,T0,,,,,
CAN-0EA5064B93,T1,,,,,
CAN-XRYZGPMP2W,T0,,,,,
CAN-XRYZGPMP2W,T1,,,,,
CAN-6KIPVIUJHL,T0,,,,,
CAN-6KIPVIUJHL,T1,,,,,
CAN-8Q4FWIPALL,T0,,,,,
CAN-8Q4FWIPALL,T1,,,,,
CAN-HBT75IWZPQ,T0,,,,,
CAN-HBT75IWZPQ,T1,,,,,
CAN-IVWBYIFE01,T0,,,,,
CAN-IVWBYIFE01,T1,,,,,
CAN-IDUBSLVP5Y,T0,,,,,
CAN-IDUBSLVP5Y,T1,,,,,
CAN-VDBSNL2IVX,T0,,,,,
CAN-VDBSNL2IVX,T1,,,,,
CAN-TW4I92YJ96,T0,,,,,
CAN-TW4I92YJ96,T1,,,,,
CAN-FQCXIYE6Q8,T0,,,,,
CAN-FQCXIYE6Q8,T1,,,,,
CAN-040X63D1RZ,T0,,,,,
CAN-040X63D1RZ,T1,,,,,
CAN-09XE5XULVF,T0,,,,,
CAN-09XE5XULVF,T1,,,,,
CAN-V3HYMTPZI6,T0,,,,,
CAN-V3HYMTPZI6,T1,,,,,
CAN-ELURPXD9KO,T0,,,,,
CAN-ELURPXD9KO,T1,,,,,
CAN-7X0WHMAFA9,T0,,,,,
CAN-7X0WHMAFA9,T1,,,,,
CAN-KWNDZUJI6Y,T0,,,,,
CAN-KWNDZUJI6Y,T1,,,,,
CAN-B0Q2DD1E7T,T0,,,,,
CAN-B0Q2DD1E7T,T1,,,,,
CAN-IYBP0B98CS,T0,,,,,
CAN-IYBP0B98CS,T1,,,,,
CAN-FBYW1D5DOL,T0,,,,,
CAN-FBYW1D5DOL,T1,,,,,
CAN-HY4RO0NS5H,T0,,,,,
CAN-HY4RO0NS5H,T1,,,,,
CAN-ICE8YAQPYS,T0,,,,,
CAN-ICE8YAQPYS,T1,,,,,
CAN-MKOTQX7RYF,T0,,,,,
CAN-MKOTQX7RYF,T1,,,,,
CAN-J9MRKX0ELI,T0,,,,,
CAN-J9MRKX0ELI,T1,,,,,
CAN-4PIKA10ZD4,T0,,,,,
CAN-4PIKA10ZD4,T1,,,,,
CAN-FHW311BLCL,T0,,,,,
CAN-FHW311BLCL,T1,,,,,
CAN-93ISN9UMV8,T0,,,,,
CAN-93ISN9UMV8,T1,,,,,
CAN-SRJHRKZHN4,T0,,,,,
CAN-SRJHRKZHN4,T1,,,,,
CAN-C2GXC1OURS,T0,,,,,
CAN-C2GXC1OURS,T1,,,,,
CAN-W2ZIZV9TD2,T0,,,,,
CAN-W2ZIZV9TD2,T1,,,,,
CAN-R8BNHCQDKP,T0,,,,,
CAN-R8BNHCQDKP,T1,,,,,
CAN-XRRNKBPC8S,T0,,,,,
CAN-XRRNKBPC8S,T1,,,,,
CAN-Y8KKG8V4R5,T0,,,,,
CAN-Y8KKG8V4R5,T1,,,,,
CAN-79JUI4BLFE,T0,,,,,
CAN-79JUI4BLFE,T1,,,,,
CAN-3Q1VW4S31T,T0,,,,,
CAN-3Q1VW4S31T,T1,,,,,
CAN-YY5T43STLB,T0,,,,,
CAN-YY5T43STLB,T1,,,,,
CAN-C1O1D1WA8P,T0,,,,,
CAN-C1O1D1WA8P,T1,,,,,
CAN-PW7P7CYAY5,T0,,,,,
CAN-PW7P7CYAY5,T1,,,,,
CAN-OQMSEJAI3H,T0,,,,,
CAN-OQMSEJAI3H,T1,,,,,
CAN-3CH2QHWBQL,T0,,,,,
CAN-3CH2QHWBQL,T1,,,,,
CAN-ZJJDF4C8DP,T0,,,,,
CAN-ZJJDF4C8DP,T1,,,,,
CAN-9LX6TBAYJV,T0,,,,,
CAN-9LX6TBAYJV,T1,,,,,
CAN-2OXKNEO3TQ,T0,,,,,
CAN-2OXKNEO3TQ,T1,,,,,
CAN-TMX6A70KTW,T0,,,,,
CAN-TMX6A70KTW,T1,,,,,
CAN-A3N1I0PFTX,T0,,,,,
CAN-A3N1I0PFTX,T1,,,,,
CAN-E4IKO98S8N,T0,,,,,
CAN-E4IKO98S8N,T1,,,,,
CAN-CFH21MC6MC,T0,,,,,
CAN-CFH21MC6MC,T1,,,,,
CAN-Q1RV4AJMTI,T0,,,,,
CAN-Q1RV4AJMTI,T1,,,,,
CAN-LYJYAS6UZC,T0,,,,,
CAN-LYJYAS6UZC,T1,,,,,
CAN-CO1SFRY35O,T0,,,,,
CAN-CO1SFRY35O,T1,,,,,
CAN-D3R9ABE55B,T0,,,,,
CAN-D3R9ABE55B,T1,,,,,
CAN-2BDRVTKJDJ,T0,,,,,
CAN-2BDRVTKJDJ,T1,,,,,
CAN-A9YIU6V38M,T0,,,,,
CAN-A9YIU6V38M,T1,,,,,
CAN-XV9EUR0J0D,T0,,,,,
CAN-XV9EUR0J0D,T1,,,,,
CAN-8AHW6I47FL,T0,,,,,
CAN-8AHW6I47FL,T1,,,,,
CAN-D9ZCQVYTFF,T0,,,,,
CAN-D9ZCQVYTFF,T1,,,,,
CAN-96H2B7YWEA,T0,,,,,
CAN-96H2B7YWEA,T1,,,,,
CAN-HRK3ERTM7S,T0,,,,,
CAN-HRK3ERTM7S,T1,,,,,
CAN-KA3RCTZBNY,T0,,,,,
CAN-KA3RCTZBNY,T1,,,,,
CAN-67SUQ220RF,T0,,,,,
CAN-67SUQ220RF,T1,,,,,
CAN-EU7IC0OS6G,T0,,,,,
CAN-EU7IC0OS6G,T1,,,,,
CAN-YHPUNEGMES,T0,,,,,
CAN-YHPUNEGMES,T1,,,,,
CAN-QGZAPSA3BO,T0,,,,,
CAN-QGZAPSA3BO,T1,,,,,
CAN-HUA269JU4G,T0,,,,,
CAN-HUA269JU4G,T1,,,,,
CAN-AU698DWYRM,T0,,,,,
CAN-AU698DWYRM,T1,,,,,
CAN-FKGU1GRZW9,T0,,,,,
CAN-FKGU1GRZW9,T1,,,,,
CAN-8NI910W89K,T0,,,,,
CAN-8NI910W89K,T1,,,,,
CAN-ELKHW27GHD,T0,,,,,
CAN-ELKHW27GHD,T1,,,,,
CAN-LBXPPWD97Y,T0,,,,,
CAN-LBXPPWD97Y,T1,,,,,
CAN-VLHWCTW3F6,T0,,,,,
CAN-VLHWCTW3F6,T1,,,,,
CAN-QOKALJ9SOQ,T0,,,,,
CAN-QOKALJ9SOQ,T1,,,,,
CAN-9ZFFZQP8PJ,T0,,,,,
CAN-9ZFFZQP8PJ,T1,,,,,
CAN-4VQ1HUGYI4,T0,,,,,
CAN-4VQ1HUGYI4,T1,,,,,
CAN-HCGOQBAKZN,T0,,,,,
CAN-HCGOQBAKZN,T1,,,,,
CAN-TMIZS5SV0I,T0,,,,,
CAN-TMIZS5SV0I,T1,,,,,
CAN-RE7GU0MMVB,T0,,,,,
CAN-RE7GU0MMVB,T1,,,,,
CAN-KTT6AOH8PI,T0,,,,,
CAN-KTT6AOH8PI,T1,,,,,
CAN-3QBCWMMIHQ,T0,,,,,
CAN-3QBCWMMIHQ,T1,,,,,
CAN-29EPOS1W43,T0,,,,,
CAN-29EPOS1W43,T1,,,,,
CAN-BPO2Y3DAOV,T0,,,,,
CAN-BPO2Y3DAOV,T1,,,,,
CAN-NZ2VX6NW1M,T0,,,,,
CAN-NZ2VX6NW1M,T1,,,,,
CAN-AVS97IJ897,T0,,,,,
CAN-AVS97IJ897,T1,,,,,
CAN-ZIWQ19P6AA,T0,,,,,
CAN-ZIWQ19P6AA,T1,,,,,
CAN-QTWU2RU4OH,T0,,,,,
CAN-QTWU2RU4OH,T1,,,,,
CAN-CO1Z33I8OZ,T0,,,,,
CAN-CO1Z33I8OZ,T1,,,,,
CAN-BMFK4MHSRF,T0,,,,,
CAN-BMFK4MHSRF,T1,,,,,
CAN-BVX1O3C8YQ,T0,,,,,
CAN-BVX1O3C8YQ,T1,,,,,
CAN-UTHHEO37YQ,T0,,,,,
CAN-UTHHEO37YQ,T1,,,,,
CAN-5QYZCHXI18,T0,,,,,
CAN-5QYZCHXI18,T1,,,,,
CAN-P8I76XMXLQ,T0,,,,,
CAN-P8I76XMXLQ,T1,,,,,
CAN-MAXLRQCFH2,T0,,,,,
CAN-MAXLRQCFH2,T1,,,,,
CAN-3I4EGPPCH1,T0,,,,,
CAN-3I4EGPPCH1,T1,,,,,
CAN-ZL42FTB5J7,T0,,,,,
CAN-ZL42FTB5J7,T1,,,,,
CAN-1FMEAQSXU1,T0,,,,,
CAN-1FMEAQSXU1,T1,,,,,
CAN-GJYVEZ74UM,T0,,,,,
CAN-GJYVEZ74UM,T1,,,,,
CAN-CICSE18C3C,T0,,,,,
CAN-CICSE18C3C,T1,,,,,
CAN-160O2QU523,T0,,,,,
CAN-160O2QU523,T1,,,,,
CAN-JH3BMQ4XC7,T0,,,,,
CAN-JH3BMQ4XC7,T1,,,,,
CAN-WQJZRDMD47,T0,,,,,
CAN-WQJZRDMD47,T1,,,,,
CAN-E7QORW41LY,T0,,,,,
CAN-E7QORW41LY,T1,,,,,
CAN-KNG6FIGDJP,T0,,,,,
CAN-KNG6FIGDJP,T1,,,,,
CAN-HLD8HLPQLB,T0,,,,,
CAN-HLD8HLPQLB,T1,,,,,
CAN-3H04DYJYL6,T0,,,,,
CAN-3H04DYJYL6,T1,,,,,
CAN-9UYB0D8INX,T0,,,,,
CAN-9UYB0D8INX,T1,,,,,
CAN-S4QG2N649K,T0,,,,,
CAN-S4QG2N649K,T1,,,,,
CAN-X2E0NRDSN2,T0,,,,,
CAN-X2E0NRDSN2,T1,,,,,
CAN-JJ7S00BE58,T0,,,,,
CAN-JJ7S00BE58,T1,,,,,
CAN-CGPNWZESGB,T0,,,,,
CAN-CGPNWZESGB,T1,,,,,
CAN-N8205QHIIX,T0,,,,,
CAN-N8205QHIIX,T1,,,,,
CAN-T7JW94FBRT,T0,,,,,
CAN-T7JW94FBRT,T1,,,,,
CAN-XVT2S8XC7S,T0,,,,,
CAN-XVT2S8XC7S,T1,,,,,
CAN-5SCGF7T0P2,T0,,,,,
CAN-5SCGF7T0P2,T1,,,,,
CAN-QWM8SVNF6Y,T0,,,,,
CAN-QWM8SVNF6Y,T1,,,,,
CAN-NH1AE7M228,T0,,,,,
CAN-NH1AE7M228,T1,,,,,
CAN-WNGDAMUN3D,T0,,,,,
CAN-WNGDAMUN3D,T1,,,,,
CAN-TLJA63WPHJ,T0,,,,,
CAN-TLJA63WPHJ,T1,,,,,
CAN-RSV3Z1RRTN,T0,,,,,
CAN-RSV3Z1RRTN,T1,,,,,
CAN-9QFHEZXTQ2,T0,,,,,
CAN-9QFHEZXTQ2,T1,,,,,
CAN-3IOB699M4M,T0,,,,,
CAN-3IOB699M4M,T1,,,,,
CAN-4GFS4VAS4D,T0,,,,,
CAN-4GFS4VAS4D,T1,,,,,
CAN-ZGXRR2VJJT,T0,,,,,
CAN-ZGXRR2VJJT,T1,,,,,
CAN-NP1L5RFWPX,T0,,,,,
CAN-NP1L5RFWPX,T1,,,,,
CAN-LJW3IQ348U,T0,,,,,
CAN-LJW3IQ348U,T1,,,,,
CAN-8HRIHWRP44,T0,,,,,
CAN-8HRIHWRP44,T1,,,,,
CAN-26894K27XF,T0,,,,,
CAN-26894K27XF,T1,,,,,
CAN-6DHEY7JYB0,T0,,,,,
CAN-6DHEY7JYB0,T1,,,,,
CAN-9M8THE7U4U,T0,,,,,
CAN-9M8THE7U4U,T1,,,,,
CAN-GMT2SYTMEM,T0,,,,,
CAN-GMT2SYTMEM,T1,,,,,
CAN-WS8Z5PPTLE,T0,,,,,
CAN-WS8Z5PPTLE,T1,,,,,
CAN-Z6IP1AV7UX,T0,,,,,
CAN-Z6IP1AV7UX,T1,,,,,
CAN-3A927FFC3F,T0,,,,,
CAN-3A927FFC3F,T1,,,,,
CAN-LRODQA2VVQ,T0,,,,,
CAN-LRODQA2VVQ,T1,,,,,
CAN-FQ7IUPYR30,T0,,,,,
CAN-FQ7IUPYR30,T1,,,,,
CAN-616BNFCEB9,T0,,,,,
CAN-616BNFCEB9,T1,,,,,
CAN-3OBV9O3XFW,T0,,,,,
CAN-3OBV9O3XFW,T1,,,,,
CAN-5FTMREC6PP,T0,,,,,
CAN-5FTMREC6PP,T1,,,,,
CAN-KW7PAC7X7B,T0,,,,,
CAN-KW7PAC7X7B,T1,,,,,
CAN-HMGN8Q5OO0,T0,,,,,
CAN-HMGN8Q5OO0,T1,,,,,
CAN-4L3YJZAB6Q,T0,,,,,
CAN-4L3YJZAB6Q,T1,,,,,
CAN-WHL4Z1EQX3,T0,,,,,
CAN-WHL4Z1EQX3,T1,,,,,
CAN-UXFWLDVP2X,T0,,,,,
CAN-UXFWLDVP2X,T1,,,,,
CAN-ILXKT6KZT6,T0,,,,,
CAN-ILXKT6KZT6,T1,,,,,
CAN-BPK9MFJXCI,T0,,,,,
CAN-BPK9MFJXCI,T1,,,,,
CAN-BD826W3YRC,T0,,,,,
CAN-BD826W3YRC,T1,,,,,
CAN-OYOBY2LDCL,T0,,,,,
CAN-OYOBY2LDCL,T1,,,,,
CAN-XSJC4BI12Q,T0,,,,,
CAN-XSJC4BI12Q,T1,,,,,
CAN-VDNH8T479J,T0,,,,,
CAN-VDNH8T479J,T1,,,,,
CAN-YZVTV9IEQV,T0,,,,,
CAN-YZVTV9IEQV,T1,,,,,
CAN-WUG7XLC4KI,T0,,,,,
CAN-WUG7XLC4KI,T1,,,,,
CAN-W5QSLLDGYT,T0,,,,,
CAN-W5QSLLDGYT,T1,,,,,
CAN-1428SM7ANI,T0,,,,,
CAN-1428SM7ANI,T1,,,,,
CAN-CZEHU4LRFW,T0,,,,,
CAN-CZEHU4LRFW,T1,,,,,
CAN-JEKCK3CLKQ,T0,,,,,
CAN-JEKCK3CLKQ,T1,,,,,
CAN-DXPJDAF1DO,T0,,,,,
CAN-DXPJDAF1DO,T1,,,,,
CAN-INVRCV2LX4,T0,,,,,
CAN-INVRCV2LX4,T1,,,,,
CAN-ZYI4BZRNAG,T0,,,,,
CAN-ZYI4BZRNAG,T1,,,,,
CAN-1IKLYA4LDH,T0,,,,,
CAN-1IKLYA4LDH,T1,,,,,
CAN-ELVC7JJVW7,T0,,,,,
CAN-ELVC7JJVW7,T1,,,,,
CAN-RPFTIXZ2ZH,T0,,,,,
CAN-RPFTIXZ2ZH,T1,,,,,
CAN-OQIKHLUC4W,T0,,,,,
CAN-OQIKHLUC4W,T1,,,,,
CAN-AJL8QJC2BB,T0,,,,,
CAN-AJL8QJC2BB,T1,,,,,
CAN-5F734GMY31,T0,,,,,
CAN-5F734GMY31,T1,,,,,
CAN-QYMFM99RR5,T0,,,,,
CAN-QYMFM99RR5,T1,,,,,
CAN-LQWV94HNCG,T0,,,,,
CAN-LQWV94HNCG,T1,,,,,
CAN-JWMKKNRPOM,T0,,,,,
CAN-JWMKKNRPOM,T1,,,,,
CAN-XY0HIU174X,T0,,,,,
CAN-XY0HIU174X,T1,,,,,
CAN-EKXU5MUMRX,T0,,,,,
CAN-EKXU5MUMRX,T1,,,,,
CAN-GPERKI45RF,T0,,,,,
CAN-GPERKI45RF,T1,,,,,
CAN-6FN2VAO590,T0,,,,,
CAN-6FN2VAO590,T1,,,,,
CAN-KFLQ93WIFA,T0,,,,,
CAN-KFLQ93WIFA,T1,,,,,
CAN-XBDO229VX1,T0,,,,,
CAN-XBDO229VX1,T1,,,,,
CAN-LAT7S8NUNY,T0,,,,,
CAN-LAT7S8NUNY,T1,,,,,
CAN-L6NHLXDEY3,T0,,,,,
CAN-L6NHLXDEY3,T1,,,,,
CAN-92CQ2MKRWB,T0,,,,,
CAN-92CQ2MKRWB,T1,,,,,
CAN-GBD9SOYJQ2,T0,,,,,
CAN-GBD9SOYJQ2,T1,,,,,
CAN-ZEQ6HVXTS5,T0,,,,,
CAN-ZEQ6HVXTS5,T1,,,,,
CAN-SY63K7SQDX,T0,,,,,
CAN-SY63K7SQDX,T1,,,,,
CAN-I7PNT09NCC,T0,,,,,
CAN-I7PNT09NCC,T1,,,,,
CAN-SPGINW87TL,T0,,,,,
CAN-SPGINW87TL,T1,,,,,
CAN-CSQT94E4BI,T0,,,,,
CAN-CSQT94E4BI,T1,,,,,
CAN-8H4NLLPLV8,T0,,,,,
CAN-8H4NLLPLV8,T1,,,,,
CAN-Q1BWDHNB0D,T0,,,,,
CAN-Q1BWDHNB0D,T1,,,,,
CAN-OGMW0KO16A,T0,,,,,
CAN-OGMW0KO16A,T1,,,,,
CAN-FS6714K257,T0,,,,,
CAN-FS6714K257,T1,,,,,
CAN-JP0BCEN87K,T0,,,,,
CAN-JP0BCEN87K,T1,,,,,
CAN-O936QBEV75,T0,,,,,
CAN-O936QBEV75,T1,,,,,
CAN-WLIIHEPB6L,T0,,,,,
CAN-WLIIHEPB6L,T1,,,,,
CAN-K0NJHSXBVP,T0,,,,,
CAN-K0NJHSXBVP,T1,,,,,
CAN-CHVYNUCK5G,T0,,,,,
CAN-CHVYNUCK5G,T1,,,,,
CAN-4ZISZZUYPA,T0,,,,,
CAN-4ZISZZUYPA,T1,,,,,
CAN-B2N6VDFL0Q,T0,,,,,
CAN-B2N6VDFL0Q,T1,,,,,
CAN-JMROAEZGB9,T0,,,,,
CAN-JMROAEZGB9,T1,,,,,
CAN-Y9WR2J4N6D,T0,,,,,
CAN-Y9WR2J4N6D,T1,,,,,
CAN-0TH6RLLYJD,T0,,,,,
CAN-0TH6RLLYJD,T1,,,,,
CAN-O1WAFWCAM4,T0,,,,,
CAN-O1WAFWCAM4,T1,,,,,
CAN-W0XPUI1PQS,T0,,,,,
CAN-W0XPUI1PQS,T1,,,,,
CAN-1XB3Y5FKDN,T0,,,,,
CAN-1XB3Y5FKDN,T1,,,,,
CAN-YBMG7R7D58,T0,,,,,
CAN-YBMG7R7D58,T1,,,,,
CAN-5IUNRPBHZB,T0,,,,,
CAN-5IUNRPBHZB,T1,,,,,
CAN-NYLD72ACP5,T0,,,,,
CAN-NYLD72ACP5,T1,,,,,
CAN-5YBWNVPXKL,T0,,,,,
CAN-5YBWNVPXKL,T1,,,,,
CAN-GY0FR81EIN,T0,,,,,
CAN-GY0FR81EIN,T1,,,,,
CAN-F50O8VOFPJ,T0,,,,,
CAN-F50O8VOFPJ,T1,,,,,
CAN-C5MWQ4NNAO,T0,,,,,
CAN-C5MWQ4NNAO,T1,,,,,
CAN-YVZA7C7U0D,T0,,,,,
CAN-YVZA7C7U0D,T1,,,,,
CAN-N9SY4P833D,T0,,,,,
CAN-N9SY4P833D,T1,,,,,
CAN-ENWU07CAZD,T0,,,,,
CAN-ENWU07CAZD,T1,,,,,
CAN-ZXFACUSVYS,T0,,,,,
CAN-ZXFACUSVYS,T1,,,,,
CAN-3JOPVHN2NC,T0,,,,,
CAN-3JOPVHN2NC,T1,,,,,
CAN-W2LV5IQNDR,T0,,,,,
CAN-W2LV5IQNDR,T1,,,,,
CAN-B8OEQZRDZO,T0,,,,,
CAN-B8OEQZRDZO,T1,,,,,
CAN-CTUDFHGAE8,T0,,,,,
CAN-CTUDFHGAE8,T1,,,,,
CAN-P0MBQBOIN3,T0,,,,,
CAN-P0MBQBOIN3,T1,,,,,
CAN-KEG24MIA6T,T0,,,,,
CAN-KEG24MIA6T,T1,,,,,
CAN-S17B3UE6VA,T0,,,,,
CAN-S17B3UE6VA,T1,,,,,
CAN-QR13UQT8TQ,T0,,,,,
CAN-QR13UQT8TQ,T1,,,,,
CAN-2YLBO8RGYV,T0,,,,,
CAN-2YLBO8RGYV,T1,,,,,
CAN-R8OJLY61GL,T0,,,,,
CAN-R8OJLY61GL,T1,,,,,
CAN-881MDNU9HL,T0,,,,,
CAN-881MDNU9HL,T1,,,,,
CAN-0ZMCUN84OO,T0,,,,,
CAN-0ZMCUN84OO,T1,,,,,
CAN-BYI29AXDYZ,T0,,,,,
CAN-BYI29AXDYZ,T1,,,,,
CAN-JJQ3SOFQ09,T0,,,,,
CAN-JJQ3SOFQ09,T1,,,,,
CAN-G3VG02PTIH,T0,,,,,
CAN-G3VG02PTIH,T1,,,,,
CAN-9KOK0UDY2A,T0,,,,,
CAN-9KOK0UDY2A,T1,,,,,
CAN-E0OS8OWFGZ,T0,,,,,
CAN-E0OS8OWFGZ,T1,,,,,
CAN-0OTDXGHN6I,T0,,,,,
CAN-0OTDXGHN6I,T1,,,,,
CAN-5TUA0AA7F1,T0,,,,,
CAN-5TUA0AA7F1,T1,,,,,
CAN-VBE3AKMIGT,T0,,,,,
CAN-VBE3AKMIGT,T1,,,,,
CAN-0PMM495PVF,T0,,,,,
CAN-0PMM495PVF,T1,,,,,
CAN-YJHQZSKRZI,T0,,,,,
CAN-YJHQZSKRZI,T1,,,,,
CAN-4XGA3XO6MR,T0,,,,,
CAN-4XGA3XO6MR,T1,,,,,
CAN-DZQ5YRMYSQ,T0,,,,,
CAN-DZQ5YRMYSQ,T1,,,,,
CAN-2H3IOYIBYD,T0,,,,,
CAN-2H3IOYIBYD,T1,,,,,
CAN-SUBXR5SK46,T0,,,,,
CAN-SUBXR5SK46,T1,,,,,
CAN-0CW8J1YM6M,T0,,,,,
CAN-0CW8J1YM6M,T1,,,,,
CAN-OIKC5E26OJ,T0,,,,,
CAN-OIKC5E26OJ,T1,,,,,
CAN-BEYJ1OH5W0,T0,,,,,
CAN-BEYJ1OH5W0,T1,,,,,
CAN-GS1ASP5I7M,T0,,,,,
CAN-GS1ASP5I7M,T1,,,,,
CAN-ADM727QLLR,T0,,,,,
CAN-ADM727QLLR,T1,,,,,
CAN-ORZOM9970X,T0,,,,,
CAN-ORZOM9970X,T1,,,,,
CAN-NB8BNTDVFB,T0,,,,,
CAN-NB8BNTDVFB,T1,,,,,
CAN-CSOXD5O7WY,T0,,,,,
CAN-CSOXD5O7WY,T1,,,,,
CAN-58WX4ITRIN,T0,,,,,
CAN-58WX4ITRIN,T1,,,,,
CAN-SZDMHJVL9K,T0,,,,,
CAN-SZDMHJVL9K,T1,,,,,
CAN-H84SHSX302,T0,,,,,
CAN-H84SHSX302,T1,,,,,
CAN-OE65Y4R5HX,T0,,,,,
CAN-OE65Y4R5HX,T1,,,,,
CAN-NVNR93B9Y0,T0,,,,,
CAN-NVNR93B9Y0,T1,,,,,
CAN-MKB3ESCEL9,T0,,,,,
CAN-MKB3ESCEL9,T1,,,,,
CAN-UA77F51CE3,T0,,,,,
CAN-UA77F51CE3,T1,,,,,
CAN-67L0I48BCZ,T0,,,,,
CAN-67L0I48BCZ,T1,,,,,
CAN-DQ9WDN1KRI,T0,,,,,
CAN-DQ9WDN1KRI,T1,,,,,
CAN-AA5B8N2HP7,T0,,,,,
CAN-AA5B8N2HP7,T1,,,,,
CAN-WOLC85Y8G9,T0,,,,,
CAN-WOLC85Y8G9,T1,,,,,
CAN-OMGRZTJ5BQ,T0,,,,,
CAN-OMGRZTJ5BQ,T1,,,,,
CAN-3DIYZ1MUL4,T0,,,,,
CAN-3DIYZ1MUL4,T1,,,,,
CAN-OGUQTR7P3L,T0,,,,,
CAN-OGUQTR7P3L,T1,,,,,
CAN-AHLL7Q195L,T0,,,,,
CAN-AHLL7Q195L,T1,,,,,
CAN-CHXYSETV91,T0,,,,,
CAN-CHXYSETV91,T1,,,,,
CAN-XMR83MVEIR,T0,,,,,
CAN-XMR83MVEIR,T1,,,,,
CAN-1UENNGCBT2,T0,,,,,
CAN-1UENNGCBT2,T1,,,,,
CAN-XH1REQ96N8,T0,,,,,
CAN-XH1REQ96N8,T1,,,,,
CAN-D9QIBJO04W,T0,,,,,
CAN-D9QIBJO04W,T1,,,,,
CAN-P35G487WP9,T0,,,,,
CAN-P35G487WP9,T1,,,,,
CAN-XCT9FR2EQO,T0,,,,,
CAN-XCT9FR2EQO,T1,,,,,
CAN-O5TNT0AYU0,T0,,,,,
CAN-O5TNT0AYU0,T1,,,,,
CAN-7B855SYC43,T0,,,,,
CAN-7B855SYC43,T1,,,,,
CAN-H8SAY0VQJI,T0,,,,,
CAN-H8SAY0VQJI,T1,,,,,
CAN-7R7Q5M49WP,T0,,,,,
CAN-7R7Q5M49WP,T1,,,,,
CAN-NJEMPVIPXA,T0,,,,,
CAN-NJEMPVIPXA,T1,,,,,
CAN-GCORFRHXGP,T0,,,,,
CAN-GCORFRHXGP,T1,,,,,
CAN-ER16O204NJ,T0,,,,,
CAN-ER16O204NJ,T1,,,,,
CAN-ICLG21HY7Z,T0,,,,,
CAN-ICLG21HY7Z,T1,,,,,
CAN-IHPEMDFBZ3,T0,,,,,
CAN-IHPEMDFBZ3,T1,,,,,
CAN-5QFW2J7I0Y,T0,,,,,
CAN-5QFW2J7I0Y,T1,,,,,
CAN-OIFW5YARR9,T0,,,,,
CAN-OIFW5YARR9,T1,,,,,
CAN-AA5LV68P37,T0,,,,,
CAN-AA5LV68P37,T1,,,,,
CAN-FC9EQX2MTX,T0,,,,,
CAN-FC9EQX2MTX,T1,,,,,
CAN-SFASW36SWR,T0,,,,,
CAN-SFASW36SWR,T1,,,,,
CAN-H5149VTKDG,T0,,,,,
CAN-H5149VTKDG,T1,,,,,
CAN-7PK36HUZFC,T0,,,,,
CAN-7PK36HUZFC,T1,,,,,
CAN-56JKH9GNKO,T0,,,,,
CAN-56JKH9GNKO,T1,,,,,
CAN-JVSOMJ8RQZ,T0,,,,,
CAN-JVSOMJ8RQZ,T1,,,,,
CAN-RL0BPHIDB2,T0,,,,,
CAN-RL0BPHIDB2,T1,,,,,
CAN-6G4HVLCWL8,T0,,,,,
CAN-6G4HVLCWL8,T1,,,,,
CAN-SIIOAIPEG6,T0,,,,,
CAN-SIIOAIPEG6,T1,,,,,
CAN-PNM6QFUNU5,T0,,,,,
CAN-PNM6QFUNU5,T1,,,,,
CAN-U4B8C8Q8XM,T0,,,,,
CAN-U4B8C8Q8XM,T1,,,,,
CAN-U2P021V7VS,T0,,,,,
CAN-U2P021V7VS,T1,,,,,
CAN-TOZ6T9E4XX,T0,,,,,
CAN-TOZ6T9E4XX,T1,,,,,
CAN-RF3ULJEXK7,T0,,,,,
CAN-RF3ULJEXK7,T1,,,,,
CAN-G4M20BNWJC,T0,,,,,
CAN-G4M20BNWJC,T1,,,,,
CAN-OZSAZU0P79,T0,,,,,
CAN-OZSAZU0P79,T1,,,,,
CAN-0XI2NTJUR7,T0,,,,,
CAN-0XI2NTJUR7,T1,,,,,
CAN-OU8TEHXLQC,T0,,,,,
CAN-OU8TEHXLQC,T1,,,,,
CAN-5QE7JFKG8R,T0,,,,,
CAN-5QE7JFKG8R,T1,,,,,
CAN-6J9VDVX844,T0,,,,,
CAN-6J9VDVX844,T1,,,,,
CAN-ZJYH7JATV3,T0,,,,,
CAN-ZJYH7JATV3,T1,,,,,
CAN-HFIIC7E2C5,T0,,,,,
CAN-HFIIC7E2C5,T1,,,,,
CAN-UHWME9GBHF,T0,,,,,
CAN-UHWME9GBHF,T1,,,,,
CAN-P4D8M7KZW9,T0,,,,,
CAN-P4D8M7KZW9,T1,,,,,
CAN-5US1P8V03X,T0,,,,,
CAN-5US1P8V03X,T1,,,,,
CAN-IV7I352BGK,T0,,,,,
CAN-IV7I352BGK,T1,,,,,
CAN-DMW3LV8WWE,T0,,,,,
CAN-DMW3LV8WWE,T1,,,,,
CAN-Z2JY2B55S9,T0,,,,,
CAN-Z2JY2B55S9,T1,,,,,
CAN-0L9OK2A9ID,T0,,,,,
CAN-0L9OK2A9ID,T1,,,,,
CAN-POHT9T4J6G,T0,,,,,
CAN-POHT9T4J6G,T1,,,,,
CAN-B5RUNBUA2B,T0,,,,,
CAN-B5RUNBUA2B,T1,,,,,
CAN-6AD9QSXJ1E,T0,,,,,
CAN-6AD9QSXJ1E,T1,,,,,
CAN-18AD05AK7K,T0,,,,,
CAN-18AD05AK7K,T1,,,,,
CAN-DIZH2DMRBR,T0,,,,,
CAN-DIZH2DMRBR,T1,,,,,
CAN-MICO1LZBN2,T0,,,,,
CAN-MICO1LZBN2,T1,,,,,
CAN-5S3RFCNC5H,T0,,,,,
CAN-5S3RFCNC5H,T1,,,,,
CAN-892QBFN07U,T0,,,,,
CAN-892QBFN07U,T1,,,,,
CAN-0RU9DNPH9L,T0,,,,,
CAN-0RU9DNPH9L,T1,,,,,
CAN-KZRAB13DWS,T0,,,,,
CAN-KZRAB13DWS,T1,,,,,
CAN-JDGWROVX7Y,T0,,,,,
CAN-JDGWROVX7Y,T1,,,,,
CAN-PIX2G0XKPK,T0,,,,,
CAN-PIX2G0XKPK,T1,,,,,
CAN-2M5ZUP8SXX,T0,,,,,
CAN-2M5ZUP8SXX,T1,,,,,
CAN-5FCQF6TW3M,T0,,,,,
CAN-5FCQF6TW3M,T1,,,,,
CAN-XJ04LH2FD4,T0,,,,,
CAN-XJ04LH2FD4,T1,,,,,
CAN-ZO2BHYCK79,T0,,,,,
CAN-ZO2BHYCK79,T1,,,,,
CAN-UFECW3ET6O,T0,,,,,
CAN-UFECW3ET6O,T1,,,,,
CAN-HBP9JQBZND,T0,,,,,
CAN-HBP9JQBZND,T1,,,,,
CAN-QVML40ZX8H,T0,,,,,
CAN-QVML40ZX8H,T1,,,,,
CAN-8H30ZRSKFR,T0,,,,,
CAN-8H30ZRSKFR,T1,,,,,
CAN-OCF2Z7XPR5,T0,,,,,
CAN-OCF2Z7XPR5,T1,,,,,
CAN-8AKC6T5UDD,T0,,,,,
CAN-8AKC6T5UDD,T1,,,,,
CAN-RQJCVRG2ZZ,T0,,,,,
CAN-RQJCVRG2ZZ,T1,,,,,
CAN-8V9EDPEV3Y,T0,,,,,
CAN-8V9EDPEV3Y,T1,,,,,
CAN-2MRGYFZICW,T0,,,,,
CAN-2MRGYFZICW,T1,,,,,
CAN-1T3C8VY1X5,T0,,,,,
CAN-1T3C8VY1X5,T1,,,,,
CAN-BET67NJL1X,T0,,,,,
CAN-BET67NJL1X,T1,,,,,
CAN-YZN0W9BL29,T0,,,,,
CAN-YZN0W9BL29,T1,,,,,
CAN-VZ35VNYJMI,T0,,,,,
CAN-VZ35VNYJMI,T1,,,,,
CAN-2E9TW6IG6P,T0,,,,,
CAN-2E9TW6IG6P,T1,,,,,
CAN-N6QBGE4JYX,T0,,,,,
CAN-N6QBGE4JYX,T1,,,,,
CAN-TVE0I4R8M2,T0,,,,,
CAN-TVE0I4R8M2,T1,,,,,
CAN-FZ73NJYRB7,T0,,,,,
CAN-FZ73NJYRB7,T1,,,,,
CAN-C0YUI7AR5L,T0,,,,,
CAN-C0YUI7AR5L,T1,,,,,
CAN-4R3HL2XZSI,T0,,,,,
CAN-4R3HL2XZSI,T1,,,,,
CAN-GFGJ12TBJ6,T0,,,,,
CAN-GFGJ12TBJ6,T1,,,,,
CAN-KG5OVJI6ZT,T0,,,,,
CAN-KG5OVJI6ZT,T1,,,,,
CAN-RX13BCFI0B,T0,,,,,
CAN-RX13BCFI0B,T1,,,,,
CAN-5QG6VDFEME,T0,,,,,
CAN-5QG6VDFEME,T1,,,,,
CAN-LKYXO2EN18,T0,,,,,
CAN-LKYXO2EN18,T1,,,,,
CAN-CGCFM0LIMM,T0,,,,,
CAN-CGCFM0LIMM,T1,,,,,
CAN-BKZ5EW4TSR,T0,,,,,
CAN-BKZ5EW4TSR,T1,,,,,
CAN-JFI9AI3K2W,T0,,,,,
CAN-JFI9AI3K2W,T1,,,,,
CAN-CIN8W9P686,T0,,,,,
CAN-CIN8W9P686,T1,,,,,
CAN-S3QSS7IZW3,T0,,,,,
CAN-S3QSS7IZW3,T1,,,,,
CAN-7CYOHHYE0I,T0,,,,,
CAN-7CYOHHYE0I,T1,,,,,
CAN-AI6O9UTU8G,T0,,,,,
CAN-AI6O9UTU8G,T1,,,,,
CAN-FOD7CGUYPH,T0,,,,,
CAN-FOD7CGUYPH,T1,,,,,
CAN-5GWNCG1H1O,T0,,,,,
CAN-5GWNCG1H1O,T1,,,,,
CAN-J8CHSFSGUA,T0,,,,,
CAN-J8CHSFSGUA,T1,,,,,
CAN-4NM89AK2TO,T0,,,,,
CAN-4NM89AK2TO,T1,,,,,
CAN-H850PSAFWY,T0,,,,,
CAN-H850PSAFWY,T1,,,,,
CAN-UYNPU22XAJ,T0,,,,,
CAN-UYNPU22XAJ,T1,,,,,
CAN-KP1WYJ807K,T0,,,,,
CAN-KP1WYJ807K,T1,,,,,
CAN-BY8TNXSYY5,T0,,,,,
CAN-BY8TNXSYY5,T1,,,,,
CAN-BWLPVC4IQ4,T0,,,,,
CAN-BWLPVC4IQ4,T1,,,,,
CAN-Y72U99T394,T0,,,,,
CAN-Y72U99T394,T1,,,,,
CAN-6DFR6RRL6K,T0,,,,,
CAN-6DFR6RRL6K,T1,,,,,
CAN-OHKKF3MKJ3,T0,,,,,
CAN-OHKKF3MKJ3,T1,,,,,
CAN-JGIYIFPSWR,T0,,,,,
CAN-JGIYIFPSWR,T1,,,,,
CAN-T3CGD4T9EC,T0,,,,,
CAN-T3CGD4T9EC,T1,,,,,
CAN-ZWTPYP4LWM,T0,,,,,
CAN-ZWTPYP4LWM,T1,,,,,
CAN-F7MVCZ73UM,T0,,,,,
CAN-F7MVCZ73UM,T1,,,,,
CAN-V8H6YGBUSQ,T0,,,,,
CAN-V8H6YGBUSQ,T1,,,,,
CAN-5A1LXDVW46,T0,,,,,
CAN-5A1LXDVW46,T1,,,,,
CAN-0NHQ24X4LE,T0,,,,,
CAN-0NHQ24X4LE,T1,,,,,
CAN-3UU6U95YRS,T0,,,,,
CAN-3UU6U95YRS,T1,,,,,
CAN-2D9IJA092C,T0,,,,,
CAN-2D9IJA092C,T1,,,,,
CAN-P3E8B1S1YE,T0,,,,,
CAN-P3E8B1S1YE,T1,,,,,
CAN-112IM783D7,T0,,,,,
CAN-112IM783D7,T1,,,,,
CAN-0OSDRM8WGH,T0,,,,,
CAN-0OSDRM8WGH,T1,,,,,
CAN-RS067LUXEB,T0,,,,,
CAN-RS067LUXEB,T1,,,,,
CAN-SN4ZOUU4TU,T0,,,,,
CAN-SN4ZOUU4TU,T1,,,,,
CAN-43OL2OJHLY,T0,,,,,
CAN-43OL2OJHLY,T1,,,,,
CAN-6TP4LY965F,T0,,,,,
CAN-6TP4LY965F,T1,,,,,
CAN-DV76H5K62X,T0,,,,,
CAN-DV76H5K62X,T1,,,,,
CAN-5L6QZ64O76,T0,,,,,
CAN-5L6QZ64O76,T1,,,,,
CAN-PU39XUTGGO,T0,,,,,
CAN-PU39XUTGGO,T1,,,,,
CAN-9537AX5UDX,T0,,,,,
CAN-9537AX5UDX,T1,,,,,
CAN-F7X3UI0PXF,T0,,,,,
CAN-F7X3UI0PXF,T1,,,,,
CAN-5F4F3TUQ9M,T0,,,,,
CAN-5F4F3TUQ9M,T1,,,,,
CAN-BM5SIDEM5J,T0,,,,,
CAN-BM5SIDEM5J,T1,,,,,
CAN-HDZ8YPAF3S,T0,,,,,
CAN-HDZ8YPAF3S,T1,,,,,
CAN-BQW0BQTV81,T0,,,,,
CAN-BQW0BQTV81,T1,,,,,
CAN-2S3SLNW6VG,T0,,,,,
CAN-2S3SLNW6VG,T1,,,,,
CAN-89TL6LN1QM,T0,,,,,
CAN-89TL6LN1QM,T1,,,,,
CAN-0K73FF5ZJY,T0,,,,,
CAN-0K73FF5ZJY,T1,,,,,
CAN-F8XXVQ3FOH,T0,,,,,
CAN-F8XXVQ3FOH,T1,,,,,
CAN-KPMWJHT0FW,T0,,,,,
CAN-KPMWJHT0FW,T1,,,,,
CAN-HTU9U0J64U,T0,,,,,
CAN-HTU9U0J64U,T1,,,,,
CAN-1B3ME7X02M,T0,,,,,
CAN-1B3ME7X02M,T1,,,,,
CAN-U4ISBEMDKM,T0,,,,,
CAN-U4ISBEMDKM,T1,,,,,
CAN-EX4EC4VSLX,T0,,,,,
CAN-EX4EC4VSLX,T1,,,,,
CAN-EUAIP7U6F4,T0,,,,,
CAN-EUAIP7U6F4,T1,,,,,
CAN-W8PQ442SSO,T0,,,,,
CAN-W8PQ442SSO,T1,,,,,
CAN-JKMYL498RA,T0,,,,,
CAN-JKMYL498RA,T1,,,,,
CAN-RIHK4Y2NO7,T0,,,,,
CAN-RIHK4Y2NO7,T1,,,,,
CAN-L6EWSLOUPX,T0,,,,,
CAN-L6EWSLOUPX,T1,,,,,
CAN-5ILV58TSSO,T0,,,,,
CAN-5ILV58TSSO,T1,,,,,
CAN-2SWAHRFWRN,T0,,,,,
CAN-2SWAHRFWRN,T1,,,,,
CAN-GMVQ3TFY6G,T0,,,,,
CAN-GMVQ3TFY6G,T1,,,,,
CAN-6JM5G0EIX8,T0,,,,,
CAN-6JM5G0EIX8,T1,,,,,
CAN-O21U34RHL7,T0,,,,,
CAN-O21U34RHL7,T1,,,,,
CAN-KXL54R6ETV,T0,,,,,
CAN-KXL54R6ETV,T1,,,,,
CAN-5EN014CIMD,T0,,,,,
CAN-5EN014CIMD,T1,,,,,
CAN-34PR5HNK0F,T0,,,,,
CAN-34PR5HNK0F,T1,,,,,
CAN-93R4OHM0IL,T0,,,,,
CAN-93R4OHM0IL,T1,,,,,
CAN-JIWT8N57J5,T0,,,,,
CAN-JIWT8N57J5,T1,,,,,
CAN-KBTJIR5AI8,T0,,,,,
CAN-KBTJIR5AI8,T1,,,,,
CAN-KM6VR7M69W,T0,,,,,
CAN-KM6VR7M69W,T1,,,,,
CAN-Y9U4ZVACYA,T0,,,,,
CAN-Y9U4ZVACYA,T1,,,,,
CAN-4X7NG3KBYL,T0,,,,,
CAN-4X7NG3KBYL,T1,,,,,
CAN-XA1UCDM9R7,T0,,,,,
CAN-XA1UCDM9R7,T1,,,,,
CAN-5HJXXKT828,T0,,,,,
CAN-5HJXXKT828,T1,,,,,
CAN-BLO4UY4J8Q,T0,,,,,
CAN-BLO4UY4J8Q,T1,,,,,
CAN-BP5ZZT70CD,T0,,,,,
CAN-BP5ZZT70CD,T1,,,,,
CAN-ALSKVWAHV5,T0,,,,,
CAN-ALSKVWAHV5,T1,,,,,
CAN-YTJ45R5T9S,T0,,,,,
CAN-YTJ45R5T9S,T1,,,,,
CAN-52CASZP351,T0,,,,,
CAN-52CASZP351,T1,,,,,
CAN-SFKX99YI7I,T0,,,,,
CAN-SFKX99YI7I,T1,,,,,
CAN-RZMHH94CR6,T0,,,,,
CAN-RZMHH94CR6,T1,,,,,
CAN-EV41VR82ZT,T0,,,,,
CAN-EV41VR82ZT,T1,,,,,
CAN-76UXSJGRBK,T0,,,,,
CAN-76UXSJGRBK,T1,,,,,
CAN-PWKLJEDIBJ,T0,,,,,
CAN-PWKLJEDIBJ,T1,,,,,
CAN-PHLQXO5LCN,T0,,,,,
CAN-PHLQXO5LCN,T1,,,,,
CAN-II8SQ8P5QQ,T0,,,,,
CAN-II8SQ8P5QQ,T1,,,,,
CAN-LGCN3Y9Y0N,T0,,,,,
CAN-LGCN3Y9Y0N,T1,,,,,
CAN-S720500BG8,T0,,,,,
CAN-S720500BG8,T1,,,,,
CAN-JWE8HTA89M,T0,,,,,
CAN-JWE8HTA89M,T1,,,,,
CAN-I0Q451OME6,T0,,,,,
CAN-I0Q451OME6,T1,,,,,
CAN-P8E8M63GZG,T0,,,,,
CAN-P8E8M63GZG,T1,,,,,
CAN-AFZR4ZDI7F,T0,,,,,
CAN-AFZR4ZDI7F,T1,,,,,
CAN-XBVTCL4FLT,T0,,,,,
CAN-XBVTCL4FLT,T1,,,,,
CAN-RI4FEVBL0S,T0,,,,,
CAN-RI4FEVBL0S,T1,,,,,
CAN-TNH6K5Q0EC,T0,,,,,
CAN-TNH6K5Q0EC,T1,,,,,
CAN-P5AGB0DYBN,T0,,,,,
CAN-P5AGB0DYBN,T1,,,,,
CAN-ZET1R3W6WK,T0,,,,,
CAN-ZET1R3W6WK,T1,,,,,
CAN-GW6PGBCEX7,T0,,,,,
CAN-GW6PGBCEX7,T1,,,,,
CAN-WJKM5ZGIDX,T0,,,,,
CAN-WJKM5ZGIDX,T1,,,,,
CAN-91GJR7JTMD,T0,,,,,
CAN-91GJR7JTMD,T1,,,,,
CAN-ML3X2W2UKZ,T0,,,,,
CAN-ML3X2W2UKZ,T1,,,,,
CAN-906TKPLNHD,T0,,,,,
CAN-906TKPLNHD,T1,,,,,
CAN-XEYEYZ6R2V,T0,,,,,
CAN-XEYEYZ6R2V,T1,,,,,
CAN-MFNB58GYSJ,T0,,,,,
CAN-MFNB58GYSJ,T1,,,,,
CAN-SH0N1YYRZ1,T0,,,,,
CAN-SH0N1YYRZ1,T1,,,,,
CAN-58BDVRCHB2,T0,,,,,
CAN-58BDVRCHB2,T1,,,,,
CAN-XJY3VV5J0A,T0,,,,,
CAN-XJY3VV5J0A,T1,,,,,
CAN-WL0SAGUDPX,T0,,,,,
CAN-WL0SAGUDPX,T1,,,,,
CAN-ER2QZ98GX8,T0,,,,,
CAN-ER2QZ98GX8,T1,,,,,
CAN-NFSPXUAENX,T0,,,,,
CAN-NFSPXUAENX,T1,,,,,
CAN-73P1MENQ9G,T0,,,,,
CAN-73P1MENQ9G,T1,,,,,
CAN-LDRDYJFQSA,T0,,,,,
CAN-LDRDYJFQSA,T1,,,,,
CAN-LOC81HSLDZ,T0,,,,,
CAN-LOC81HSLDZ,T1,,,,,
CAN-ML82X8IVHM,T0,,,,,
CAN-ML82X8IVHM,T1,,,,,
CAN-Q1UG152UL4,T0,,,,,
CAN-Q1UG152UL4,T1,,,,,
CAN-MDBOW7ND3N,T0,,,,,
CAN-MDBOW7ND3N,T1,,,,,
CAN-XXZW5A1SFD,T0,,,,,
CAN-XXZW5A1SFD,T1,,,,,
CAN-0HCUBFY63N,T0,,,,,
CAN-0HCUBFY63N,T1,,,,,
CAN-IF0I68WF66,T0,,,,,
CAN-IF0I68WF66,T1,,,,,
CAN-EKD355LSNV,T0,,,,,
CAN-EKD355LSNV,T1,,,,,
CAN-R0TVB9AWYW,T0,,,,,
CAN-R0TVB9AWYW,T1,,,,,
CAN-YYNQRFOADE,T0,,,,,
CAN-YYNQRFOADE,T1,,,,,
CAN-F0PN2HEEBV,T0,,,,,
CAN-F0PN2HEEBV,T1,,,,,
CAN-41W8BCQO7X,T0,,,,,
CAN-41W8BCQO7X,T1,,,,,
CAN-ZFR7HD3VV7,T0,,,,,
CAN-ZFR7HD3VV7,T1,,,,,
CAN-PTMU9M8CJZ,T0,,,,,
CAN-PTMU9M8CJZ,T1,,,,,
CAN-AKL654OLTL,T0,,,,,
CAN-AKL654OLTL,T1,,,,,
CAN-DCDYQRJSON,T0,,,,,
CAN-DCDYQRJSON,T1,,,,,
CAN-JP1XTCS3BM,T0,,,,,
CAN-JP1XTCS3BM,T1,,,,,
CAN-0YXFCGVYDX,T0,,,,,
CAN-0YXFCGVYDX,T1,,,,,
CAN-5YSSRYW2AP,T0,,,,,
CAN-5YSSRYW2AP,T1,,,,,
CAN-358FLU5HXT,T0,,,,,
CAN-358FLU5HXT,T1,,,,,
CAN-THAICHHTU8,T0,,,,,
CAN-THAICHHTU8,T1,,,,,
CAN-WVX2VB618D,T0,,,,,
CAN-WVX2VB618D,T1,,,,,
CAN-1PRB9UDN9X,T0,,,,,
CAN-1PRB9UDN9X,T1,,,,,
CAN-GVUHIDI0YV,T0,,,,,
CAN-GVUHIDI0YV,T1,,,,,
CAN-DYKL8ZO8R6,T0,,,,,
CAN-DYKL8ZO8R6,T1,,,,,
CAN-D1Z718W0LO,T0,,,,,
CAN-D1Z718W0LO,T1,,,,,
CAN-BSGLVKXVW2,T0,,,,,
CAN-BSGLVKXVW2,T1,,,,,
CAN-BRTWJK51MV,T0,,,,,
CAN-BRTWJK51MV,T1,,,,,
CAN-RSMQEZHP4D,T0,,,,,
CAN-RSMQEZHP4D,T1,,,,,
CAN-LKXNU7VMJ2,T0,,,,,
CAN-LKXNU7VMJ2,T1,,,,,
CAN-ONB4LRVL6R,T0,,,,,
CAN-ONB4LRVL6R,T1,,,,,
CAN-W10K050YRE,T0,,,,,
CAN-W10K050YRE,T1,,,,,
CAN-SKK0M1JGGC,T0,,,,,
CAN-SKK0M1JGGC,T1,,,,,
CAN-7U8N47ZFV5,T0,,,,,
CAN-7U8N47ZFV5,T1,,,,,
CAN-S4L9CLEV55,T0,,,,,
CAN-S4L9CLEV55,T1,,,,,
CAN-64Z964B4SM,T0,,,,,
CAN-64Z964B4SM,T1,,,,,
CAN-3N9J504Q0I,T0,,,,,
CAN-3N9J504Q0I,T1,,,,,
CAN-XJ35BV67GO,T0,,,,,
CAN-XJ35BV67GO,T1,,,,,
CAN-HEEW7U7G7V,T0,,,,,
CAN-HEEW7U7G7V,T1,,,,,
CAN-9VAO5YRKGD,T0,,,,,
CAN-9VAO5YRKGD,T1,,,,,
CAN-FO3WNB4763,T0,,,,,
CAN-FO3WNB4763,T1,,,,,
CAN-6Q5ON1AC54,T0,,,,,
CAN-6Q5ON1AC54,T1,,,,,
CAN-9I09NCT6OG,T0,,,,,
CAN-9I09NCT6OG,T1,,,,,
CAN-SOX8Q071KV,T0,,,,,
CAN-SOX8Q071KV,T1,,,,,
CAN-SRETMBYF20,T0,,,,,
CAN-SRETMBYF20,T1,,,,,
CAN-AWENZMC6HA,T0,,,,,
CAN-AWENZMC6HA,T1,,,,,
CAN-RC5A4S037F,T0,,,,,
CAN-RC5A4S037F,T1,,,,,
CAN-6BKFCG7X01,T0,,,,,
CAN-6BKFCG7X01,T1,,,,,
CAN-ZX6HI17PSG,T0,,,,,
CAN-ZX6HI17PSG,T1,,,,,
CAN-2LX6X04XIR,T0,,,,,
CAN-2LX6X04XIR,T1,,,,,
CAN-9OUXX8YAOB,T0,,,,,
CAN-9OUXX8YAOB,T1,,,,,
CAN-T691X6C1E6,T0,,,,,
CAN-T691X6C1E6,T1,,,,,
CAN-B2JPGW27M6,T0,,,,,
CAN-B2JPGW27M6,T1,,,,,
CAN-VCNLUSMF62,T0,,,,,
CAN-VCNLUSMF62,T1,,,,,
CAN-JQJW61FXC6,T0,,,,,
CAN-JQJW61FXC6,T1,,,,,
CAN-LIH1IBG77G,T0,,,,,
CAN-LIH1IBG77G,T1,,,,,
CAN-X1PLMV2ATM,T0,,,,,
CAN-X1PLMV2ATM,T1,,,,,
CAN-1BJV9H7BP1,T0,,,,,
CAN-1BJV9H7BP1,T1,,,,,
CAN-OCV1H31QU5,T0,,,,,
CAN-OCV1H31QU5,T1,,,,,
CAN-IWD898Y25C,T0,,,,,
CAN-IWD898Y25C,T1,,,,,
CAN-CRLXZ6D03M,T0,,,,,
CAN-CRLXZ6D03M,T1,,,,,
CAN-KLX44J03YU,T0,,,,,
CAN-KLX44J03YU,T1,,,,,
CAN-562GYYL0HE,T0,,,,,
CAN-562GYYL0HE,T1,,,,,
CAN-U8FB3M8E6A,T0,,,,,
CAN-U8FB3M8E6A,T1,,,,,
CAN-8D5KU7HW8I,T0,,,,,
CAN-8D5KU7HW8I,T1,,,,,
CAN-KBZPQKF72Z,T0,,,,,
CAN-KBZPQKF72Z,T1,,,,,
CAN-G7E41YWLOI,T0,,,,,
CAN-G7E41YWLOI,T1,,,,,
CAN-NBYFB817AG,T0,,,,,
CAN-NBYFB817AG,T1,,,,,
CAN-3CKUGU9AR8,T0,,,,,
CAN-3CKUGU9AR8,T1,,,,,
CAN-0R9Z97B0AI,T0,,,,,
CAN-0R9Z97B0AI,T1,,,,,
CAN-ZQBECB1YZF,T0,,,,,
CAN-ZQBECB1YZF,T1,,,,,
CAN-Q2YIWCXBC9,T0,,,,,
CAN-Q2YIWCXBC9,T1,,,,,
CAN-8PU2JZNHHM,T0,,,,,
CAN-8PU2JZNHHM,T1,,,,,
CAN-9J13VO0DI3,T0,,,,,
CAN-9J13VO0DI3,T1,,,,,
CAN-6Z7Z49EBI2,T0,,,,,
CAN-6Z7Z49EBI2,T1,,,,,
CAN-VDBY1K6TRF,T0,,,,,
CAN-VDBY1K6TRF,T1,,,,,
CAN-CF79WI04QM,T0,,,,,
CAN-CF79WI04QM,T1,,,,,
CAN-AQAS4XH3Y6,T0,,,,,
CAN-AQAS4XH3Y6,T1,,,,,
CAN-3LP2JGB6VG,T0,,,,,
CAN-3LP2JGB6VG,T1,,,,,
CAN-MJB0XK1CJ6,T0,,,,,
CAN-MJB0XK1CJ6,T1,,,,,
CAN-XZ993T53M1,T0,,,,,
CAN-XZ993T53M1,T1,,,,,
CAN-3QL90YRKAQ,T0,,,,,
CAN-3QL90YRKAQ,T1,,,,,
CAN-IE5380ZYS7,T0,,,,,
CAN-IE5380ZYS7,T1,,,,,
CAN-KWNWJDJ3G4,T0,,,,,
CAN-KWNWJDJ3G4,T1,,,,,
CAN-0K66T0VA20,T0,,,,,
CAN-0K66T0VA20,T1,,,,,
CAN-5XKCPAM77O,T0,,,,,
CAN-5XKCPAM77O,T1,,,,,
CAN-70QYELZOVK,T0,,,,,
CAN-70QYELZOVK,T1,,,,,
CAN-4SQI5UV2G6,T0,,,,,
CAN-4SQI5UV2G6,T1,,,,,
CAN-EF6CJLWDG7,T0,,,,,
CAN-EF6CJLWDG7,T1,,,,,
CAN-Q908POJH5W,T0,,,,,
CAN-Q908POJH5W,T1,,,,,
CAN-46YLMFH66W,T0,,,,,
CAN-46YLMFH66W,T1,,,,,
CAN-LAEPAPVF74,T0,,,,,
CAN-LAEPAPVF74,T1,,,,,
CAN-9546MNW5B4,T0,,,,,
CAN-9546MNW5B4,T1,,,,,
CAN-0OOWJ07RUN,T0,,,,,
CAN-0OOWJ07RUN,T1,,,,,
CAN-GBHQBOBVPR,T0,,,,,
CAN-GBHQBOBVPR,T1,,,,,
CAN-BDWF22CYUA,T0,,,,,
CAN-BDWF22CYUA,T1,,,,,
CAN-13N4K3S7IU,T0,,,,,
CAN-13N4K3S7IU,T1,,,,,
CAN-8VFRVGXEMN,T0,,,,,
CAN-8VFRVGXEMN,T1,,,,,
CAN-3LR30HOY0Y,T0,,,,,
CAN-3LR30HOY0Y,T1,,,,,
CAN-YTM3I5X9NR,T0,,,,,
CAN-YTM3I5X9NR,T1,,,,,
CAN-XJ6PIEH9LU,T0,,,,,
CAN-XJ6PIEH9LU,T1,,,,,
CAN-6CTPBWB1RU,T0,,,,,
CAN-6CTPBWB1RU,T1,,,,,
CAN-WACRT5V7BU,T0,,,,,
CAN-WACRT5V7BU,T1,,,,,
CAN-A8EO57MPML,T0,,,,,
CAN-A8EO57MPML,T1,,,,,
CAN-VP9KR0D6BW,T0,,,,,
CAN-VP9KR0D6BW,T1,,,,,
CAN-VRDQ2EC1PJ,T0,,,,,
CAN-VRDQ2EC1PJ,T1,,,,,
CAN-7MZUONCKTS,T0,,,,,
CAN-7MZUONCKTS,T1,,,,,
CAN-LGDMTRCYG4,T0,,,,,
CAN-LGDMTRCYG4,T1,,,,,
CAN-DF9FOQYYR2,T0,,,,,
CAN-DF9FOQYYR2,T1,,,,,
CAN-6RVAR91O3N,T0,,,,,
CAN-6RVAR91O3N,T1,,,,,
CAN-YCQK7ACB2O,T0,,,,,
CAN-YCQK7ACB2O,T1,,,,,
CAN-OSKIPMVUD2,T0,,,,,
CAN-OSKIPMVUD2,T1,,,,,
CAN-4XVXTQY8BR,T0,,,,,
CAN-4XVXTQY8BR,T1,,,,,
CAN-FK70OPI2M6,T0,,,,,
CAN-FK70OPI2M6,T1,,,,,
CAN-4EXMAGPLS8,T0,,,,,
CAN-4EXMAGPLS8,T1,,,,,
CAN-VQ3X8Z9FDM,T0,,,,,
CAN-VQ3X8Z9FDM,T1,,,,,
CAN-8746KS0WI1,T0,,,,,
CAN-8746KS0WI1,T1,,,,,
CAN-BLZ6L4C9VS,T0,,,,,
CAN-BLZ6L4C9VS,T1,,,,,
CAN-WERO1AQ1YT,T0,,,,,
CAN-WERO1AQ1YT,T1,,,,,
CAN-GXVBQR1I3D,T0,,,,,
CAN-GXVBQR1I3D,T1,,,,,
CAN-HTCC3AN46E,T0,,,,,
CAN-HTCC3AN46E,T1,,,,,
CAN-QPTMQI43UI,T0,,,,,
CAN-QPTMQI43UI,T1,,,,,
CAN-AIMB5E0DL1,T0,,,,,
CAN-AIMB5E0DL1,T1,,,,,
CAN-GZC0GNF738,T0,,,,,
CAN-GZC0GNF738,T1,,,,,
CAN-N414JR2JV2,T0,,,,,
CAN-N414JR2JV2,T1,,,,,
CAN-4GLEUEQ05V,T0,,,,,
CAN-4GLEUEQ05V,T1,,,,,
CAN-B61MLBWAJJ,T0,,,,,
CAN-B61MLBWAJJ,T1,,,,,
CAN-LSZZDK0OUH,T0,,,,,
CAN-LSZZDK0OUH,T1,,,,,
CAN-GDMRKB974M,T0,,,,,
CAN-GDMRKB974M,T1,,,,,
CAN-9N3KUK4ESZ,T0,,,,,
CAN-9N3KUK4ESZ,T1,,,,,
CAN-UMXIVY6QX2,T0,,,,,
CAN-UMXIVY6QX2,T1,,,,,
CAN-IH4O10GNER,T0,,,,,
CAN-IH4O10GNER,T1,,,,,
CAN-ZDDEP3I15X,T0,,,,,
CAN-ZDDEP3I15X,T1,,,,,
CAN-714MGWTX5N,T0,,,,,
CAN-714MGWTX5N,T1,,,,,
CAN-4E9LVA4CBS,T0,,,,,
CAN-4E9LVA4CBS,T1,,,,,
CAN-FMZE2CVDPC,T0,,,,,
CAN-FMZE2CVDPC,T1,,,,,
CAN-GLFKY9TY0S,T0,,,,,
CAN-GLFKY9TY0S,T1,,,,,
CAN-00DCKQUIX3,T0,,,,,
CAN-00DCKQUIX3,T1,,,,,
CAN-HSKQSHTQFG,T0,,,,,
CAN-HSKQSHTQFG,T1,,,,,
CAN-9RFKRT8E9R,T0,,,,,
CAN-9RFKRT8E9R,T1,,,,,
CAN-WXT60XYECP,T0,,,,,
CAN-WXT60XYECP,T1,,,,,
CAN-ACFQP8HI5N,T0,,,,,
CAN-ACFQP8HI5N,T1,,,,,
CAN-WZ5R7K3DC0,T0,,,,,
CAN-WZ5R7K3DC0,T1,,,,,
CAN-RSV2IBPOB3,T0,,,,,
CAN-RSV2IBPOB3,T1,,,,,
CAN-70XR0VMB86,T0,,,,,
CAN-70XR0VMB86,T1,,,,,
CAN-LQ77FH6B3T,T0,,,,,
CAN-LQ77FH6B3T,T1,,,,,
CAN-XQNZC9QLN0,T0,,,,,
CAN-XQNZC9QLN0,T1,,,,,
CAN-NU1QRB568L,T0,,,,,
CAN-NU1QRB568L,T1,,,,,
CAN-XUTYC7DKOR,T0,,,,,
CAN-XUTYC7DKOR,T1,,,,,
CAN-YO58PHPSK8,T0,,,,,
CAN-YO58PHPSK8,T1,,,,,
CAN-M60YR5PH4D,T0,,,,,
CAN-M60YR5PH4D,T1,,,,,
CAN-S6ZKPJRC0O,T0,,,,,
CAN-S6ZKPJRC0O,T1,,,,,
CAN-53C1ACUVT3,T0,,,,,
CAN-53C1ACUVT3,T1,,,,,
CAN-XGFWMQ1A7N,T0,,,,,
CAN-XGFWMQ1A7N,T1,,,,,
CAN-O6V9R77KD9,T0,,,,,
CAN-O6V9R77KD9,T1,,,,,
CAN-9WYSGWAAI8,T0,,,,,
CAN-9WYSGWAAI8,T1,,,,,
CAN-HOUMA2I58V,T0,,,,,
CAN-HOUMA2I58V,T1,,,,,
CAN-27N4DVK5DR,T0,,,,,
CAN-27N4DVK5DR,T1,,,,,
CAN-6KR2JU6D7D,T0,,,,,
CAN-6KR2JU6D7D,T1,,,,,
CAN-6A78VRNZMQ,T0,,,,,
CAN-6A78VRNZMQ,T1,,,,,
CAN-C9I5KO3Z7R,T0,,,,,
CAN-C9I5KO3Z7R,T1,,,,,
CAN-ZRPFWFPFKF,T0,,,,,
CAN-ZRPFWFPFKF,T1,,,,,
CAN-ELPQ2N3TRS,T0,,,,,
CAN-ELPQ2N3TRS,T1,,,,,
CAN-8F0Y6ZKVIR,T0,,,,,
CAN-8F0Y6ZKVIR,T1,,,,,
CAN-OHO5640KCJ,T0,,,,,
CAN-OHO5640KCJ,T1,,,,,
CAN-6TX7S6JFMB,T0,,,,,
CAN-6TX7S6JFMB,T1,,,,,
CAN-EG0I7X1IRA,T0,,,,,
CAN-EG0I7X1IRA,T1,,,,,
CAN-EFEX2AY14B,T0,,,,,
CAN-EFEX2AY14B,T1,,,,,
CAN-8YXCOL84NZ,T0,,,,,
CAN-8YXCOL84NZ,T1,,,,,
CAN-HNXP7W4MEV,T0,,,,,
CAN-HNXP7W4MEV,T1,,,,,
CAN-ULBJ7X73OT,T0,,,,,
CAN-ULBJ7X73OT,T1,,,,,
CAN-FWX6RPK0UO,T0,,,,,
CAN-FWX6RPK0UO,T1,,,,,
CAN-IPI65MYN9O,T0,,,,,
CAN-IPI65MYN9O,T1,,,,,
CAN-OKMGGD6KWU,T0,,,,,
CAN-OKMGGD6KWU,T1,,,,,
CAN-AY5F6FAMEW,T0,,,,,
CAN-AY5F6FAMEW,T1,,,,,
CAN-0RAPZ6TGC9,T0,,,,,
CAN-0RAPZ6TGC9,T1,,,,,
CAN-5L3GXQJJXB,T0,,,,,
CAN-5L3GXQJJXB,T1,,,,,
CAN-RKG32LAM67,T0,,,,,
CAN-RKG32LAM67,T1,,,,,
CAN-LYMP24LWCB,T0,,,,,
CAN-LYMP24LWCB,T1,,,,,
CAN-9H8VRFUEMX,T0,,,,,
CAN-9H8VRFUEMX,T1,,,,,
CAN-JUDHP15RCW,T0,,,,,
CAN-JUDHP15RCW,T1,,,,,
CAN-GPBDL1NWQU,T0,,,,,
CAN-GPBDL1NWQU,T1,,,,,
CAN-1HDNT7OJBQ,T0,,,,,
CAN-1HDNT7OJBQ,T1,,,,,
CAN-SCXS6GTVGD,T0,,,,,
CAN-SCXS6GTVGD,T1,,,,,
CAN-QOFA7Y0TB0,T0,,,,,
CAN-QOFA7Y0TB0,T1,,,,,
CAN-424ZDAO2YV,T0,,,,,
CAN-424ZDAO2YV,T1,,,,,
CAN-VQIVPPKA83,T0,,,,,
CAN-VQIVPPKA83,T1,,,,,
CAN-CJLXO5NOYB,T0,,,,,
CAN-CJLXO5NOYB,T1,,,,,
CAN-UFM9B7RUOH,T0,,,,,
CAN-UFM9B7RUOH,T1,,,,,
CAN-LPT3EKY2R2,T0,,,,,
CAN-LPT3EKY2R2,T1,,,,,
CAN-7OLJFFUOTN,T0,,,,,
CAN-7OLJFFUOTN,T1,,,,,
CAN-Q8VJ9G5GTB,T0,,,,,
CAN-Q8VJ9G5GTB,T1,,,,,
CAN-FYWAOASS16,T0,,,,,
CAN-FYWAOASS16,T1,,,,,
CAN-65QV3OD6PG,T0,,,,,
CAN-65QV3OD6PG,T1,,,,,
CAN-HPC5C5W6KH,T0,,,,,
CAN-HPC5C5W6KH,T1,,,,,
CAN-IGZN18POU7,T0,,,,,
CAN-IGZN18POU7,T1,,,,,
CAN-XBAOI5AG6L,T0,,,,,
CAN-XBAOI5AG6L,T1,,,,,
CAN-YR2VP1O8UM,T0,,,,,
CAN-YR2VP1O8UM,T1,,,,,
CAN-YJS30W7BAS,T0,,,,,
CAN-YJS30W7BAS,T1,,,,,
CAN-3H2ZQ20HYA,T0,,,,,
CAN-3H2ZQ20HYA,T1,,,,,
CAN-D1LLEVY58E,T0,,,,,
CAN-D1LLEVY58E,T1,,,,,
CAN-62PUOVL8Z4,T0,,,,,
CAN-62PUOVL8Z4,T1,,,,,
CAN-QWJMQYN73E,T0,,,,,
CAN-QWJMQYN73E,T1,,,,,
CAN-2B1GJDP147,T0,,,,,
CAN-2B1GJDP147,T1,,,,,
CAN-K0DQV0MQVR,T0,,,,,
CAN-K0DQV0MQVR,T1,,,,,
CAN-W27TDJXPKQ,T0,,,,,
CAN-W27TDJXPKQ,T1,,,,,
CAN-DOH0PYKIYL,T0,,,,,
CAN-DOH0PYKIYL,T1,,,,,
CAN-GW9TAVNRX8,T0,,,,,
CAN-GW9TAVNRX8,T1,,,,,
CAN-A6YLVLOAWL,T0,,,,,
CAN-A6YLVLOAWL,T1,,,,,
CAN-N816ZQILF0,T0,,,,,
CAN-N816ZQILF0,T1,,,,,
CAN-ZD5D4EFNXC,T0,,,,,
CAN-ZD5D4EFNXC,T1,,,,,
CAN-EMEKQH031J,T0,,,,,
CAN-EMEKQH031J,T1,,,,,
CAN-0N1EXZKM58,T0,,,,,
CAN-0N1EXZKM58,T1,,,,,
CAN-G2FM0CB1IU,T0,,,,,
CAN-G2FM0CB1IU,T1,,,,,
CAN-3YU75PFRVS,T0,,,,,
CAN-3YU75PFRVS,T1,,,,,
CAN-3DSSQ8V7VA,T0,,,,,
CAN-3DSSQ8V7VA,T1,,,,,
CAN-TZTI6AZ7V6,T0,,,,,
CAN-TZTI6AZ7V6,T1,,,,,
CAN-26P5A9I6IW,T0,,,,,
CAN-26P5A9I6IW,T1,,,,,
CAN-FMYQIB5NB3,T0,,,,,
CAN-FMYQIB5NB3,T1,,,,,
CAN-4QWJ820O88,T0,,,,,
CAN-4QWJ820O88,T1,,,,,
CAN-MIMSRGBUFX,T0,,,,,
CAN-MIMSRGBUFX,T1,,,,,
CAN-MV0RS0W78M,T0,,,,,
CAN-MV0RS0W78M,T1,,,,,
CAN-S7IRY1QPPI,T0,,,,,
CAN-S7IRY1QPPI,T1,,,,,
CAN-E86F7YAN2L,T0,,,,,
CAN-E86F7YAN2L,T1,,,,,
CAN-807LXV7F82,T0,,,,,
CAN-807LXV7F82,T1,,,,,
CAN-J4JADZJMOB,T0,,,,,
CAN-J4JADZJMOB,T1,,,,,
CAN-HCUF9EUYOZ,T0,,,,,
CAN-HCUF9EUYOZ,T1,,,,,
CAN-9KLYFQEU2K,T0,,,,,
CAN-9KLYFQEU2K,T1,,,,,
CAN-YFE7HRLL1S,T0,,,,,
CAN-YFE7HRLL1S,T1,,,,,
CAN-8YKJDJF693,T0,,,,,
CAN-8YKJDJF693,T1,,,,,
CAN-9RSMGGD1Q6,T0,,,,,
CAN-9RSMGGD1Q6,T1,,,,,
CAN-0XDLVLRV5E,T0,,,,,
CAN-0XDLVLRV5E,T1,,,,,
CAN-A51DRJZQWV,T0,,,,,
CAN-A51DRJZQWV,T1,,,,,
CAN-Z17KAIJR25,T0,,,,,
CAN-Z17KAIJR25,T1,,,,,
CAN-TJP6J7LGBJ,T0,,,,,
CAN-TJP6J7LGBJ,T1,,,,,
CAN-5BHKEKMA2Z,T0,,,,,
CAN-5BHKEKMA2Z,T1,,,,,
CAN-9Y4E8DVX0U,T0,,,,,
CAN-9Y4E8DVX0U,T1,,,,,
CAN-JYBMNY3MH4,T0,,,,,
CAN-JYBMNY3MH4,T1,,,,,
CAN-OF8JBJLOI4,T0,,,,,
CAN-OF8JBJLOI4,T1,,,,,
CAN-EAZAE8BT7A,T0,,,,,
CAN-EAZAE8BT7A,T1,,,,,
CAN-KAFJHVEEJX,T0,,,,,
CAN-KAFJHVEEJX,T1,,,,,
CAN-TFSGO72GCH,T0,,,,,
CAN-TFSGO72GCH,T1,,,,,
CAN-5V0VAHHE1G,T0,,,,,
CAN-5V0VAHHE1G,T1,,,,,
CAN-FT6TDI0EQF,T0,,,,,
CAN-FT6TDI0EQF,T1,,,,,
CAN-QHXKFG91LT,T0,,,,,
CAN-QHXKFG91LT,T1,,,,,
CAN-9XZ5FAJCNF,T0,,,,,
CAN-9XZ5FAJCNF,T1,,,,,
CAN-LBC54C8AYJ,T0,,,,,
CAN-LBC54C8AYJ,T1,,,,,
CAN-TY13BX7I0K,T0,,,,,
CAN-TY13BX7I0K,T1,,,,,
CAN-557X8Q7A9I,T0,,,,,
CAN-557X8Q7A9I,T1,,,,,
CAN-25PCC2A9MF,T0,,,,,
CAN-25PCC2A9MF,T1,,,,,
CAN-30OM4HXVJL,T0,,,,,
CAN-30OM4HXVJL,T1,,,,,
CAN-WJ4SF4T3FE,T0,,,,,
CAN-WJ4SF4T3FE,T1,,,,,
CAN-KPCABVB1GO,T0,,,,,
CAN-KPCABVB1GO,T1,,,,,
CAN-56NGPDUGKO,T0,,,,,
CAN-56NGPDUGKO,T1,,,,,
CAN-9RCCVU9AR1,T0,,,,,
CAN-9RCCVU9AR1,T1,,,,,
CAN-HNBOI3YCYH,T0,,,,,
CAN-HNBOI3YCYH,T1,,,,,
CAN-YU670LEDAU,T0,,,,,
CAN-YU670LEDAU,T1,,,,,
CAN-8QIV0CN7T9,T0,,,,,
CAN-8QIV0CN7T9,T1,,,,,
CAN-FF7X8UNI8U,T0,,,,,
CAN-FF7X8UNI8U,T1,,,,,
CAN-HNHZKKFNLR,T0,,,,,
CAN-HNHZKKFNLR,T1,,,,,
CAN-2FTLKLSQ75,T0,,,,,
CAN-2FTLKLSQ75,T1,,,,,
CAN-AYQ0A0WSTV,T0,,,,,
CAN-AYQ0A0WSTV,T1,,,,,
CAN-XJC97568QB,T0,,,,,
CAN-XJC97568QB,T1,,,,,
CAN-WJQD9W00NL,T0,,,,,
CAN-WJQD9W00NL,T1,,,,,
CAN-VCJOMAX36T,T0,,,,,
CAN-VCJOMAX36T,T1,,,,,
CAN-XASM26MDYW,T0,,,,,
CAN-XASM26MDYW,T1,,,,,
CAN-G4ZD5N18NT,T0,,,,,
CAN-G4ZD5N18NT,T1,,,,,
CAN-JYV51NRY9N,T0,,,,,
CAN-JYV51NRY9N,T1,,,,,
CAN-DDE273J8QC,T0,,,,,
CAN-DDE273J8QC,T1,,,,,
CAN-LZJWI63ZKT,T0,,,,,
CAN-LZJWI63ZKT,T1,,,,,
CAN-XCF865ENF4,T0,,,,,
CAN-XCF865ENF4,T1,,,,,
CAN-JCP6J3SW76,T0,,,,,
CAN-JCP6J3SW76,T1,,,,,
CAN-Z35ZJEGSSP,T0,,,,,
CAN-Z35ZJEGSSP,T1,,,,,
CAN-8NQEINPOB3,T0,,,,,
CAN-8NQEINPOB3,T1,,,,,
CAN-IXXZV1ZYHN,T0,,,,,
CAN-IXXZV1ZYHN,T1,,,,,
CAN-JJO81VPD46,T0,,,,,
CAN-JJO81VPD46,T1,,,,,
CAN-W9O5L4P878,T0,,,,,
CAN-W9O5L4P878,T1,,,,,
CAN-GXWNWS1QD9,T0,,,,,
CAN-GXWNWS1QD9,T1,,,,,
CAN-IS1ZC6BSMR,T0,,,,,
CAN-IS1ZC6BSMR,T1,,,,,
CAN-DC92CICQ3E,T0,,,,,
CAN-DC92CICQ3E,T1,,,,,
CAN-3L9PECKRSW,T0,,,,,
CAN-3L9PECKRSW,T1,,,,,
CAN-J6WQQ5YXQZ,T0,,,,,
CAN-J6WQQ5YXQZ,T1,,,,,
CAN-0PQ4JRHOUX,T0,,,,,
CAN-0PQ4JRHOUX,T1,,,,,
CAN-X3N5XDNP94,T0,,,,,
CAN-X3N5XDNP94,T1,,,,,
CAN-1OVFRV7TTU,T0,,,,,
CAN-1OVFRV7TTU,T1,,,,,
CAN-X5TWBLR352,T0,,,,,
CAN-X5TWBLR352,T1,,,,,
CAN-30WX81N4ES,T0,,,,,
CAN-30WX81N4ES,T1,,,,,
CAN-2Y6TSF6GIG,T0,,,,,
CAN-2Y6TSF6GIG,T1,,,,,
CAN-WHY3GADLGF,T0,,,,,
CAN-WHY3GADLGF,T1,,,,,
CAN-FOK14PY5C1,T0,,,,,
CAN-FOK14PY5C1,T1,,,,,
CAN-JCIOORVNON,T0,,,,,
CAN-JCIOORVNON,T1,,,,,
CAN-BWFHYL6LLD,T0,,,,,
CAN-BWFHYL6LLD,T1,,,,,
CAN-Z87L90W0PC,T0,,,,,
CAN-Z87L90W0PC,T1,,,,,
CAN-9IA9I8MKXA,T0,,,,,
CAN-9IA9I8MKXA,T1,,,,,
CAN-4LYJJBH6F4,T0,,,,,
CAN-4LYJJBH6F4,T1,,,,,
CAN-0TB6AL3N70,T0,,,,,
CAN-0TB6AL3N70,T1,,,,,
CAN-HJUAUUOOQM,T0,,,,,
CAN-HJUAUUOOQM,T1,,,,,
CAN-OEJ3RHUCP8,T0,,,,,
CAN-OEJ3RHUCP8,T1,,,,,
CAN-G9FY1EBFWI,T0,,,,,
CAN-G9FY1EBFWI,T1,,,,,
CAN-M4ZL7S6DGS,T0,,,,,
CAN-M4ZL7S6DGS,T1,,,,,
CAN-BXODNQGI17,T0,,,,,
CAN-BXODNQGI17,T1,,,,,
CAN-5XST5EPJBY,T0,,,,,
CAN-5XST5EPJBY,T1,,,,,
CAN-0L54BNVIQB,T0,,,,,
CAN-0L54BNVIQB,T1,,,,,
CAN-7U5U2ZVP8D,T0,,,,,
CAN-7U5U2ZVP8D,T1,,,,,
CAN-8AE9WTOMBQ,T0,,,,,
CAN-8AE9WTOMBQ,T1,,,,,
CAN-IXWMDTL3HR,T0,,,,,
CAN-IXWMDTL3HR,T1,,,,,
CAN-V6RXJKXFC0,T0,,,,,
CAN-V6RXJKXFC0,T1,,,,,
CAN-VOZ52UEJPQ,T0,,,,,
CAN-VOZ52UEJPQ,T1,,,,,
CAN-ULYCDM5488,T0,,,,,
CAN-ULYCDM5488,T1,,,,,
CAN-94FYYU6TOT,T0,,,,,
CAN-94FYYU6TOT,T1,,,,,
CAN-7SDYB7FYSW,T0,,,,,
CAN-7SDYB7FYSW,T1,,,,,
CAN-VQWAV8O384,T0,,,,,
CAN-VQWAV8O384,T1,,,,,
CAN-VRU0IVL25N,T0,,,,,
CAN-VRU0IVL25N,T1,,,,,
CAN-5XIDHAPPV5,T0,,,,,
CAN-5XIDHAPPV5,T1,,,,,
CAN-E5RK51LRQO,T0,,,,,
CAN-E5RK51LRQO,T1,,,,,
CAN-G1DB7JWC1G,T0,,,,,
CAN-G1DB7JWC1G,T1,,,,,
CAN-XVULICZG2M,T0,,,,,
CAN-XVULICZG2M,T1,,,,,
CAN-7PQW8PI5B2,T0,,,,,
CAN-7PQW8PI5B2,T1,,,,,
CAN-6X68SMKABT,T0,,,,,
CAN-6X68SMKABT,T1,,,,,
CAN-O0M4WKU6K1,T0,,,,,
CAN-O0M4WKU6K1,T1,,,,,
CAN-U3TCQ4JHX6,T0,,,,,
CAN-U3TCQ4JHX6,T1,,,,,
CAN-6LGDGSICL9,T0,,,,,
CAN-6LGDGSICL9,T1,,,,,
CAN-ZL5E160VIV,T0,,,,,
CAN-ZL5E160VIV,T1,,,,,
CAN-0ZU2MNB9IH,T0,,,,,
CAN-0ZU2MNB9IH,T1,,,,,
CAN-A3NEM6YNVM,T0,,,,,
CAN-A3NEM6YNVM,T1,,,,,
CAN-VOHXITV34S,T0,,,,,
CAN-VOHXITV34S,T1,,,,,
CAN-OB9WC3QL4K,T0,,,,,
CAN-OB9WC3QL4K,T1,,,,,
CAN-UQQIYRW0PD,T0,,,,,
CAN-UQQIYRW0PD,T1,,,,,
CAN-JIKMS2Q5P3,T0,,,,,
CAN-JIKMS2Q5P3,T1,,,,,
CAN-QMLDTUX94P,T0,,,,,
CAN-QMLDTUX94P,T1,,,,,
CAN-JGZ4Y9A1Q0,T0,,,,,
CAN-JGZ4Y9A1Q0,T1,,,,,
CAN-L8HDD4AAXD,T0,,,,,
CAN-L8HDD4AAXD,T1,,,,,
CAN-VAHVPT317B,T0,,,,,
CAN-VAHVPT317B,T1,,,,,
CAN-N4A5SH2KL7,T0,,,,,
CAN-N4A5SH2KL7,T1,,,,,
CAN-9A09DNYH43,T0,,,,,
CAN-9A09DNYH43,T1,,,,,
CAN-QJOF1FV9VK,T0,,,,,
CAN-QJOF1FV9VK,T1,,,,,
CAN-Y95MZGKW0R,T0,,,,,
CAN-Y95MZGKW0R,T1,,,,,
CAN-07MYDBBTQZ,T0,,,,,
CAN-07MYDBBTQZ,T1,,,,,
CAN-ZVG1D7DK36,T0,,,,,
CAN-ZVG1D7DK36,T1,,,,,
CAN-956RPGWM0A,T0,,,,,
CAN-956RPGWM0A,T1,,,,,
CAN-095QBECY15,T0,,,,,
CAN-095QBECY15,T1,,,,,
CAN-I81AVEBMV8,T0,,,,,
CAN-I81AVEBMV8,T1,,,,,
CAN-K3XTMJ34KS,T0,,,,,
CAN-K3XTMJ34KS,T1,,,,,
CAN-CPMRL5PTMP,T0,,,,,
CAN-CPMRL5PTMP,T1,,,,,
CAN-08GBKW27H7,T0,,,,,
CAN-08GBKW27H7,T1,,,,,
CAN-VI9TJ5TFKM,T0,,,,,
CAN-VI9TJ5TFKM,T1,,,,,
CAN-N37W9TF22U,T0,,,,,
CAN-N37W9TF22U,T1,,,,,
CAN-SM34VTCE0E,T0,,,,,
CAN-SM34VTCE0E,T1,,,,,
CAN-5CFICVORWJ,T0,,,,,
CAN-5CFICVORWJ,T1,,,,,
CAN-9E0MNTDSL6,T0,,,,,
CAN-9E0MNTDSL6,T1,,,,,
CAN-UPHEN28ZRO,T0,,,,,
CAN-UPHEN28ZRO,T1,,,,,
CAN-LY1D0CH9GA,T0,,,,,
CAN-LY1D0CH9GA,T1,,,,,
CAN-REU02RJT8B,T0,,,,,
CAN-REU02RJT8B,T1,,,,,
CAN-V04R0SMX7A,T0,,,,,
CAN-V04R0SMX7A,T1,,,,,
CAN-EBTGVV3RXM,T0,,,,,
CAN-EBTGVV3RXM,T1,,,,,
CAN-LQ9HSIZN8I,T0,,,,,
CAN-LQ9HSIZN8I,T1,,,,,
CAN-AUDD5JJ7TY,T0,,,,,
CAN-AUDD5JJ7TY,T1,,,,,
CAN-ZA6PIK08V3,T0,,,,,
CAN-ZA6PIK08V3,T1,,,,,
CAN-QYQYVF58KL,T0,,,,,
CAN-QYQYVF58KL,T1,,,,,
CAN-FLZ1QT1OJ8,T0,,,,,
CAN-FLZ1QT1OJ8,T1,,,,,
CAN-QPJYTR2S0F,T0,,,,,
CAN-QPJYTR2S0F,T1,,,,,
CAN-SXF1BQ556P,T0,,,,,
CAN-SXF1BQ556P,T1,,,,,
CAN-XDY01NP3S9,T0,,,,,
CAN-XDY01NP3S9,T1,,,,,
CAN-RP348ZTLS1,T0,,,,,
CAN-RP348ZTLS1,T1,,,,,
CAN-73HFRFYZSD,T0,,,,,
CAN-73HFRFYZSD,T1,,,,,
CAN-V0VZZK31ZG,T0,,,,,
CAN-V0VZZK31ZG,T1,,,,,
CAN-HPFS1K14OB,T0,,,,,
CAN-HPFS1K14OB,T1,,,,,
CAN-OL5ME27NUG,T0,,,,,
CAN-OL5ME27NUG,T1,,,,,
CAN-9KU515KHWM,T0,,,,,
CAN-9KU515KHWM,T1,,,,,
CAN-2QWMJ5MV4B,T0,,,,,
CAN-2QWMJ5MV4B,T1,,,,,
CAN-PIKMH0KI5Z,T0,,,,,
CAN-PIKMH0KI5Z,T1,,,,,
CAN-19HWCHBK1G,T0,,,,,
CAN-19HWCHBK1G,T1,,,,,
CAN-VO12F9IV33,T0,,,,,
CAN-VO12F9IV33,T1,,,,,
CAN-POQGNKGB5L,T0,,,,,
CAN-POQGNKGB5L,T1,,,,,
CAN-UCWZD4WA6W,T0,,,,,
CAN-UCWZD4WA6W,T1,,,,,
CAN-6JHGY4EBFU,T0,,,,,
CAN-6JHGY4EBFU,T1,,,,,
CAN-ZMZCRMVW8N,T0,,,,,
CAN-ZMZCRMVW8N,T1,,,,,
CAN-18ICEAKXAY,T0,,,,,
CAN-18ICEAKXAY,T1,,,,,
CAN-UV8XNAGWPP,T0,,,,,
CAN-UV8XNAGWPP,T1,,,,,
CAN-MSJNVWXIF3,T0,,,,,
CAN-MSJNVWXIF3,T1,,,,,
CAN-6SU2DLWX9A,T0,,,,,
CAN-6SU2DLWX9A,T1,,,,,
CAN-2XSQZON5NS,T0,,,,,
CAN-2XSQZON5NS,T1,,,,,
CAN-AR17R0D747,T0,,,,,
CAN-AR17R0D747,T1,,,,,
CAN-QLMROPDHAP,T0,,,,,
CAN-QLMROPDHAP,T1,,,,,
CAN-9BPA1CGILW,T0,,,,,
CAN-9BPA1CGILW,T1,,,,,
CAN-UJ50RDOJS4,T0,,,,,
CAN-UJ50RDOJS4,T1,,,,,
CAN-28Y96BBKG7,T0,,,,,
CAN-28Y96BBKG7,T1,,,,,
CAN-P64HPJDIYG,T0,,,,,
CAN-P64HPJDIYG,T1,,,,,
CAN-FCMFX5BL17,T0,,,,,
CAN-FCMFX5BL17,T1,,,,,
CAN-1UQ9NKCZ6E,T0,,,,,
CAN-1UQ9NKCZ6E,T1,,,,,
CAN-O82WMMGGMG,T0,,,,,
CAN-O82WMMGGMG,T1,,,,,
CAN-J9X20A9WZO,T0,,,,,
CAN-J9X20A9WZO,T1,,,,,
CAN-G7ZKBUDW7I,T0,,,,,
CAN-G7ZKBUDW7I,T1,,,,,
CAN-V205ALPH4Y,T0,,,,,
CAN-V205ALPH4Y,T1,,,,,
CAN-PE32YJZCX8,T0,,,,,
CAN-PE32YJZCX8,T1,,,,,
CAN-GIZDA446ND,T0,,,,,
CAN-GIZDA446ND,T1,,,,,
CAN-IZM0F94TMK,T0,,,,,
CAN-IZM0F94TMK,T1,,,,,
CAN-5MUKSQ8FXE,T0,,,,,
CAN-5MUKSQ8FXE,T1,,,,,
CAN-IBXXI1N3TB,T0,,,,,
CAN-IBXXI1N3TB,T1,,,,,
CAN-5F2UQ4OP7R,T0,,,,,
CAN-5F2UQ4OP7R,T1,,,,,
CAN-4DJ2K7QGWT,T0,,,,,
CAN-4DJ2K7QGWT,T1,,,,,
CAN-PGUL05LC2A,T0,,,,,
CAN-PGUL05LC2A,T1,,,,,
CAN-Z3ND19QHIV,T0,,,,,
CAN-Z3ND19QHIV,T1,,,,,
CAN-XEFO7URQYQ,T0,,,,,
CAN-XEFO7URQYQ,T1,,,,,
CAN-E7IZLLRLTY,T0,,,,,
CAN-E7IZLLRLTY,T1,,,,,
CAN-DIVISMC9DP,T0,,,,,
CAN-DIVISMC9DP,T1,,,,,
CAN-YJ68HLKJD1,T0,,,,,
CAN-YJ68HLKJD1,T1,,,,,
CAN-3WYKSSFVER,T0,,,,,
CAN-3WYKSSFVER,T1,,,,,
CAN-NF8YUSJKNG,T0,,,,,
CAN-NF8YUSJKNG,T1,,,,,
CAN-HBAK6C5WUQ,T0,,,,,
CAN-HBAK6C5WUQ,T1,,,,,
CAN-IJM5DKLM9X,T0,,,,,
CAN-IJM5DKLM9X,T1,,,,,
CAN-FSU1HQRXLN,T0,,,,,
CAN-FSU1HQRXLN,T1,,,,,
CAN-ATG3FH9AKR,T0,,,,,
CAN-ATG3FH9AKR,T1,,,,,
CAN-X4MEGEYCFY,T0,,,,,
CAN-X4MEGEYCFY,T1,,,,,
CAN-45W32J002Z,T0,,,,,
CAN-45W32J002Z,T1,,,,,
CAN-IU6IORV7FN,T0,,,,,
CAN-IU6IORV7FN,T1,,,,,
CAN-0Z1KJ0F1PR,T0,,,,,
CAN-0Z1KJ0F1PR,T1,,,,,
CAN-FWHULQMFEH,T0,,,,,
CAN-FWHULQMFEH,T1,,,,,
CAN-WLGG02C0DV,T0,,,,,
CAN-WLGG02C0DV,T1,,,,,
CAN-H5UFMMBBSN,T0,,,,,
CAN-H5UFMMBBSN,T1,,,,,
CAN-WI0BY2UZMN,T0,,,,,
CAN-WI0BY2UZMN,T1,,,,,
CAN-5GK0TZ0P0O,T0,,,,,
CAN-5GK0TZ0P0O,T1,,,,,
CAN-THA4Y9FYAN,T0,,,,,
CAN-THA4Y9FYAN,T1,,,,,
CAN-19DHL7LLBH,T0,,,,,
CAN-19DHL7LLBH,T1,,,,,
CAN-06VNECZN5B,T0,,,,,
CAN-06VNECZN5B,T1,,,,,
CAN-O4S3T3MCQB,T0,,,,,
CAN-O4S3T3MCQB,T1,,,,,
CAN-VDAXNBX9NK,T0,,,,,
CAN-VDAXNBX9NK,T1,,,,,
CAN-LE5D5D3M06,T0,,,,,
CAN-LE5D5D3M06,T1,,,,,
CAN-V9M5ANAVAQ,T0,,,,,
CAN-V9M5ANAVAQ,T1,,,,,
CAN-4A4P6I3YY5,T0,,,,,
CAN-4A4P6I3YY5,T1,,,,,
CAN-G5K98AJET9,T0,,,,,
CAN-G5K98AJET9,T1,,,,,
CAN-N1EGN1WPA9,T0,,,,,
CAN-N1EGN1WPA9,T1,,,,,
CAN-4XCQT4XRLM,T0,,,,,
CAN-4XCQT4XRLM,T1,,,,,
CAN-IL0328NR49,T0,,,,,
CAN-IL0328NR49,T1,,,,,
CAN-9JD6HEBAGS,T0,,,,,
CAN-9JD6HEBAGS,T1,,,,,
CAN-M50PYN0ODR,T0,,,,,
CAN-M50PYN0ODR,T1,,,,,
CAN-40LI9Y6YR0,T0,,,,,
CAN-40LI9Y6YR0,T1,,,,,
CAN-LWCTI9WPZD,T0,,,,,
CAN-LWCTI9WPZD,T1,,,,,
CAN-0MY54PKUTW,T0,,,,,
CAN-0MY54PKUTW,T1,,,,,
CAN-ADXZT2LSD2,T0,,,,,
CAN-ADXZT2LSD2,T1,,,,,
CAN-YHQVT2YGC4,T0,,,,,
CAN-YHQVT2YGC4,T1,,,,,
CAN-7A34STXJIJ,T0,,,,,
CAN-7A34STXJIJ,T1,,,,,
CAN-KW9M0BVSNI,T0,,,,,
CAN-KW9M0BVSNI,T1,,,,,
CAN-ZT3OGP0JXS,T0,,,,,
CAN-ZT3OGP0JXS,T1,,,,,
CAN-QEBAW1S5XS,T0,,,,,
CAN-QEBAW1S5XS,T1,,,,,
CAN-CMN92X3QCJ,T0,,,,,
CAN-CMN92X3QCJ,T1,,,,,
CAN-AS1L3GHJZR,T0,,,,,
CAN-AS1L3GHJZR,T1,,,,,
CAN-HI0KHFI3TL,T0,,,,,
CAN-HI0KHFI3TL,T1,,,,,
CAN-OVU436J0O1,T0,,,,,
CAN-OVU436J0O1,T1,,,,,
CAN-3R3RAJN9BY,T0,,,,,
CAN-3R3RAJN9BY,T1,,,,,
CAN-2JQGF26XA7,T0,,,,,
CAN-2JQGF26XA7,T1,,,,,
CAN-6JFP34RIT1,T0,,,,,
CAN-6JFP34RIT1,T1,,,,,
CAN-KN7ALLYH7U,T0,,,,,
CAN-KN7ALLYH7U,T1,,,,,
CAN-SBFPSP1MZA,T0,,,,,
CAN-SBFPSP1MZA,T1,,,,,
CAN-3T0IOF38LH,T0,,,,,
CAN-3T0IOF38LH,T1,,,,,
CAN-T39DROMWDA,T0,,,,,
CAN-T39DROMWDA,T1,,,,,
CAN-NDVG9T6GVC,T0,,,,,
CAN-NDVG9T6GVC,T1,,,,,
CAN-8DR0HKOJEV,T0,,,,,
CAN-8DR0HKOJEV,T1,,,,,
CAN-EBNCCF9WVB,T0,,,,,
CAN-EBNCCF9WVB,T1,,,,,
CAN-NM7PT4SHMT,T0,,,,,
CAN-NM7PT4SHMT,T1,,,,,
CAN-5IOC5JZIIP,T0,,,,,
CAN-5IOC5JZIIP,T1,,,,,
CAN-H2OM1ON12K,T0,,,,,
CAN-H2OM1ON12K,T1,,,,,
CAN-8KG24WFJIV,T0,,,,,
CAN-8KG24WFJIV,T1,,,,,
CAN-6UKR8YZ4GT,T0,,,,,
CAN-6UKR8YZ4GT,T1,,,,,
CAN-1HB6JUPDHK,T0,,,,,
CAN-1HB6JUPDHK,T1,,,,,
CAN-IHGVEFD56U,T0,,,,,
CAN-IHGVEFD56U,T1,,,,,
CAN-7N7M8X7ZHC,T0,,,,,
CAN-7N7M8X7ZHC,T1,,,,,
CAN-NRINO2QY45,T0,,,,,
CAN-NRINO2QY45,T1,,,,,
CAN-Y4T0MR6RA2,T0,,,,,
CAN-Y4T0MR6RA2,T1,,,,,
CAN-CMDQKDOCSP,T0,,,,,
CAN-CMDQKDOCSP,T1,,,,,
CAN-Q7PERRPY64,T0,,,,,
CAN-Q7PERRPY64,T1,,,,,
CAN-IAURK7AHY3,T0,,,,,
CAN-IAURK7AHY3,T1,,,,,
CAN-8M9FV7G0CF,T0,,,,,
CAN-8M9FV7G0CF,T1,,,,,
CAN-EEMQYBE6QZ,T0,,,,,
CAN-EEMQYBE6QZ,T1,,,,,
CAN-6TMFZABDTH,T0,,,,,
CAN-6TMFZABDTH,T1,,,,,
CAN-RVU16RVI7G,T0,,,,,
CAN-RVU16RVI7G,T1,,,,,
CAN-YCGH1PA4IR,T0,,,,,
CAN-YCGH1PA4IR,T1,,,,,
CAN-NLKMFT40KT,T0,,,,,
CAN-NLKMFT40KT,T1,,,,,
CAN-1TB9DCAL4N,T0,,,,,
CAN-1TB9DCAL4N,T1,,,,,
CAN-SERAOKERWA,T0,,,,,
CAN-SERAOKERWA,T1,,,,,
CAN-LWWDF3WF6A,T0,,,,,
CAN-LWWDF3WF6A,T1,,,,,
CAN-Y82GCQR2UD,T0,,,,,
CAN-Y82GCQR2UD,T1,,,,,
CAN-831EODFVP8,T0,,,,,
CAN-831EODFVP8,T1,,,,,
CAN-AY5NDLO838,T0,,,,,
CAN-AY5NDLO838,T1,,,,,
CAN-Q1OX9CWLGR,T0,,,,,
CAN-Q1OX9CWLGR,T1,,,,,
CAN-J87TUAAPCV,T0,,,,,
CAN-J87TUAAPCV,T1,,,,,
CAN-60JYA58E8X,T0,,,,,
CAN-60JYA58E8X,T1,,,,,
CAN-51X57K9DC2,T0,,,,,
CAN-51X57K9DC2,T1,,,,,
CAN-VKVY1SM75M,T0,,,,,
CAN-VKVY1SM75M,T1,,,,,
CAN-TMNCTNMCJQ,T0,,,,,
CAN-TMNCTNMCJQ,T1,,,,,
CAN-XT4FMR796D,T0,,,,,
CAN-XT4FMR796D,T1,,,,,
CAN-TGZONW9PBU,T0,,,,,
CAN-TGZONW9PBU,T1,,,,,
CAN-DX3MJKAGYL,T0,,,,,
CAN-DX3MJKAGYL,T1,,,,,
CAN-R3OS8BVXSC,T0,,,,,
CAN-R3OS8BVXSC,T1,,,,,
CAN-VHIJVPARK8,T0,,,,,
CAN-VHIJVPARK8,T1,,,,,
CAN-DW0W3WAAQG,T0,,,,,
CAN-DW0W3WAAQG,T1,,,,,
CAN-JCHQFKG3EH,T0,,,,,
CAN-JCHQFKG3EH,T1,,,,,
CAN-TD6NRWHU2N,T0,,,,,
CAN-TD6NRWHU2N,T1,,,,,
CAN-YUF1UIU4UE,T0,,,,,
CAN-YUF1UIU4UE,T1,,,,,
CAN-IH8QA2MYJE,T0,,,,,
CAN-IH8QA2MYJE,T1,,,,,
CAN-GIJKY035A6,T0,,,,,
CAN-GIJKY035A6,T1,,,,,
CAN-4UV0B00BCF,T0,,,,,
CAN-4UV0B00BCF,T1,,,,,
CAN-2PDY8M81H6,T0,,,,,
CAN-2PDY8M81H6,T1,,,,,
CAN-JGF98EYLRG,T0,,,,,
CAN-JGF98EYLRG,T1,,,,,
CAN-VPA4T6Q883,T0,,,,,
CAN-VPA4T6Q883,T1,,,,,
CAN-8V7I31ESQI,T0,,,,,
CAN-8V7I31ESQI,T1,,,,,
CAN-GWM8NFJJKC,T0,,,,,
CAN-GWM8NFJJKC,T1,,,,,
CAN-DK9LDA7HFP,T0,,,,,
CAN-DK9LDA7HFP,T1,,,,,
CAN-0B2FWIGWXI,T0,,,,,
CAN-0B2FWIGWXI,T1,,,,,
CAN-7TCVJX174C,T0,,,,,
CAN-7TCVJX174C,T1,,,,,
CAN-0SRT8FDJI7,T0,,,,,
CAN-0SRT8FDJI7,T1,,,,,
CAN-3RXEZN4P80,T0,,,,,
CAN-3RXEZN4P80,T1,,,,,
CAN-3CBR1QRAPC,T0,,,,,
CAN-3CBR1QRAPC,T1,,,,,
CAN-WL2TD9031W,T0,,,,,
CAN-WL2TD9031W,T1,,,,,
CAN-MIFJTFPC7C,T0,,,,,
CAN-MIFJTFPC7C,T1,,,,,
CAN-0A6MHA2NM2,T0,,,,,
CAN-0A6MHA2NM2,T1,,,,,
CAN-CTFK1EI7YG,T0,,,,,
CAN-CTFK1EI7YG,T1,,,,,
CAN-FVPXP9IPUU,T0,,,,,
CAN-FVPXP9IPUU,T1,,,,,
CAN-C59KG1UJJL,T0,,,,,
CAN-C59KG1UJJL,T1,,,,,
CAN-W41T478D04,T0,,,,,
CAN-W41T478D04,T1,,,,,
CAN-VXK1I1UMT4,T0,,,,,
CAN-VXK1I1UMT4,T1,,,,,
CAN-SSNNKJ5JOM,T0,,,,,
CAN-SSNNKJ5JOM,T1,,,,,
CAN-S6NMA1DJN5,T0,,,,,
CAN-S6NMA1DJN5,T1,,,,,
CAN-FTKCMP8J58,T0,,,,,
CAN-FTKCMP8J58,T1,,,,,
CAN-13P9GPN8BQ,T0,,,,,
CAN-13P9GPN8BQ,T1,,,,,
CAN-FW25LT47Z3,T0,,,,,
CAN-FW25LT47Z3,T1,,,,,
CAN-BT2OFRNY3S,T0,,,,,
CAN-BT2OFRNY3S,T1,,,,,
CAN-H4GUO3MTJY,T0,,,,,
CAN-H4GUO3MTJY,T1,,,,,
CAN-W30OMN27D2,T0,,,,,
CAN-W30OMN27D2,T1,,,,,
CAN-4GJ9VLJ8FO,T0,,,,,
CAN-4GJ9VLJ8FO,T1,,,,,
CAN-M4WSJ3708R,T0,,,,,
CAN-M4WSJ3708R,T1,,,,,
CAN-C42EDU8FUO,T0,,,,,
CAN-C42EDU8FUO,T1,,,,,
CAN-DHVN5O35AD,T0,,,,,
CAN-DHVN5O35AD,T1,,,,,
CAN-HI89X98432,T0,,,,,
CAN-HI89X98432,T1,,,,,
CAN-N694WGEFWE,T0,,,,,
CAN-N694WGEFWE,T1,,,,,
CAN-3XL8NIN53A,T0,,,,,
CAN-3XL8NIN53A,T1,,,,,
CAN-RQIV1Z3E8K,T0,,,,,
CAN-RQIV1Z3E8K,T1,,,,,
CAN-AG9ELCJZ3F,T0,,,,,
CAN-AG9ELCJZ3F,T1,,,,,
CAN-QWYNVVUN24,T0,,,,,
CAN-QWYNVVUN24,T1,,,,,
CAN-T8A9PGNQAP,T0,,,,,
CAN-T8A9PGNQAP,T1,,,,,
CAN-8WRGK4D798,T0,,,,,
CAN-8WRGK4D798,T1,,,,,
CAN-PIZ1XF2H6R,T0,,,,,
CAN-PIZ1XF2H6R,T1,,,,,
CAN-9U4FTJYV59,T0,,,,,
CAN-9U4FTJYV59,T1,,,,,
CAN-NGG95OLIVE,T0,,,,,
CAN-NGG95OLIVE,T1,,,,,
CAN-53RZDSNBGS,T0,,,,,
CAN-53RZDSNBGS,T1,,,,,
CAN-PJ4F0ZD7B8,T0,,,,,
CAN-PJ4F0ZD7B8,T1,,,,,
CAN-CTC8N00USX,T0,,,,,
CAN-CTC8N00USX,T1,,,,,
CAN-L532M3XW3A,T0,,,,,
CAN-L532M3XW3A,T1,,,,,
CAN-S7WMSZWVWY,T0,,,,,
CAN-S7WMSZWVWY,T1,,,,,
CAN-3AGBP1GDD7,T0,,,,,
CAN-3AGBP1GDD7,T1,,,,,
CAN-QS3C23F1XB,T0,,,,,
CAN-QS3C23F1XB,T1,,,,,
CAN-DVESHRR0BP,T0,,,,,
CAN-DVESHRR0BP,T1,,,,,
CAN-24PAQG8S3U,T0,,,,,
CAN-24PAQG8S3U,T1,,,,,
CAN-VRWO5JUET3,T0,,,,,
CAN-VRWO5JUET3,T1,,,,,
CAN-PILEAIYFOE,T0,,,,,
CAN-PILEAIYFOE,T1,,,,,
CAN-6O8KE7NLYD,T0,,,,,
CAN-6O8KE7NLYD,T1,,,,,
CAN-U1WEHJJBY6,T0,,,,,
CAN-U1WEHJJBY6,T1,,,,,
CAN-TORHGX5SIV,T0,,,,,
CAN-TORHGX5SIV,T1,,,,,
CAN-3J3PKVYEAA,T0,,,,,
CAN-3J3PKVYEAA,T1,,,,,
CAN-91JK9C5RTE,T0,,,,,
CAN-91JK9C5RTE,T1,,,,,
CAN-FG1IDH9MVH,T0,,,,,
CAN-FG1IDH9MVH,T1,,,,,
CAN-PMS3IB3O45,T0,,,,,
CAN-PMS3IB3O45,T1,,,,,
CAN-J6O6MCZ4XD,T0,,,,,
CAN-J6O6MCZ4XD,T1,,,,,
CAN-CQ5C04IBN3,T0,,,,,
CAN-CQ5C04IBN3,T1,,,,,
CAN-0BVTPMSGJM,T0,,,,,
CAN-0BVTPMSGJM,T1,,,,,
CAN-N8280KMNPH,T0,,,,,
CAN-N8280KMNPH,T1,,,,,
CAN-VLSU4JQ96Y,T0,,,,,
CAN-VLSU4JQ96Y,T1,,,,,
CAN-9VK3SDVKWW,T0,,,,,
CAN-9VK3SDVKWW,T1,,,,,
CAN-T3JMMHE7AU,T0,,,,,
CAN-T3JMMHE7AU,T1,,,,,
CAN-JNI34N6HJZ,T0,,,,,
CAN-JNI34N6HJZ,T1,,,,,
CAN-1EBYS5QJJD,T0,,,,,
CAN-1EBYS5QJJD,T1,,,,,
CAN-O6D1Z58F1X,T0,,,,,
CAN-O6D1Z58F1X,T1,,,,,
CAN-A3O99S9PE2,T0,,,,,
CAN-A3O99S9PE2,T1,,,,,
CAN-9XCJ3GNW5X,T0,,,,,
CAN-9XCJ3GNW5X,T1,,,,,
CAN-6EP6GXXTK9,T0,,,,,
CAN-6EP6GXXTK9,T1,,,,,
CAN-9KMUPMRK9B,T0,,,,,
CAN-9KMUPMRK9B,T1,,,,,
CAN-CXB2IX1KCG,T0,,,,,
CAN-CXB2IX1KCG,T1,,,,,
CAN-RTL68CCUZW,T0,,,,,
CAN-RTL68CCUZW,T1,,,,,
CAN-HGWH94XUXH,T0,,,,,
CAN-HGWH94XUXH,T1,,,,,
CAN-50SM4RMNCN,T0,,,,,
CAN-50SM4RMNCN,T1,,,,,
CAN-IMIT2CO25Q,T0,,,,,
CAN-IMIT2CO25Q,T1,,,,,
CAN-25XRXJR3GX,T0,,,,,
CAN-25XRXJR3GX,T1,,,,,
CAN-8C28P89HPG,T0,,,,,
CAN-8C28P89HPG,T1,,,,,
CAN-PHSBVVY4GH,T0,,,,,
CAN-PHSBVVY4GH,T1,,,,,
CAN-W0RZN5FFNF,T0,,,,,
CAN-W0RZN5FFNF,T1,,,,,
CAN-ZRADB0J8PE,T0,,,,,
CAN-ZRADB0J8PE,T1,,,,,
CAN-D95REYQJ30,T0,,,,,
CAN-D95REYQJ30,T1,,,,,
CAN-NFDPTCTTOB,T0,,,,,
CAN-NFDPTCTTOB,T1,,,,,
CAN-Z23AAAYQ0X,T0,,,,,
CAN-Z23AAAYQ0X,T1,,,,,
CAN-6OSZ3M3AF7,T0,,,,,
CAN-6OSZ3M3AF7,T1,,,,,
CAN-I3S3MM49KH,T0,,,,,
CAN-I3S3MM49KH,T1,,,,,
CAN-PXJQWGDOXL,T0,,,,,
CAN-PXJQWGDOXL,T1,,,,,
CAN-O0PVXA60VN,T0,,,,,
CAN-O0PVXA60VN,T1,,,,,
CAN-ICAOZ3XA2W,T0,,,,,
CAN-ICAOZ3XA2W,T1,,,,,
CAN-NB1RD67A2M,T0,,,,,
CAN-NB1RD67A2M,T1,,,,,
CAN-BB7JWHE4DH,T0,,,,,
CAN-BB7JWHE4DH,T1,,,,,
CAN-PLZBE7I52R,T0,,,,,
CAN-PLZBE7I52R,T1,,,,,
CAN-FJX6K7ZX6A,T0,,,,,
CAN-FJX6K7ZX6A,T1,,,,,
CAN-22NDGCYZK1,T0,,,,,
CAN-22NDGCYZK1,T1,,,,,
CAN-9VWYM7PGG8,T0,,,,,
CAN-9VWYM7PGG8,T1,,,,,
CAN-N0NIOLJ8PO,T0,,,,,
CAN-N0NIOLJ8PO,T1,,,,,
CAN-JR75FSAO9V,T0,,,,,
CAN-JR75FSAO9V,T1,,,,,
CAN-80E2HCAKL6,T0,,,,,
CAN-80E2HCAKL6,T1,,,,,
CAN-F4YDY4WJUA,T0,,,,,
CAN-F4YDY4WJUA,T1,,,,,
CAN-M36HQB8MV0,T0,,,,,
CAN-M36HQB8MV0,T1,,,,,
CAN-F7IAHLL9U3,T0,,,,,
CAN-F7IAHLL9U3,T1,,,,,
CAN-2U4S16F4B1,T0,,,,,
CAN-2U4S16F4B1,T1,,,,,
CAN-HKBISJ3M2E,T0,,,,,
CAN-HKBISJ3M2E,T1,,,,,
CAN-OG5WPGF41U,T0,,,,,
CAN-OG5WPGF41U,T1,,,,,
CAN-PUQY8OOMBJ,T0,,,,,
CAN-PUQY8OOMBJ,T1,,,,,
CAN-CSO2QIXY0M,T0,,,,,
CAN-CSO2QIXY0M,T1,,,,,
CAN-8QJRS9XA7B,T0,,,,,
CAN-8QJRS9XA7B,T1,,,,,
CAN-D6PFJX4155,T0,,,,,
CAN-D6PFJX4155,T1,,,,,
CAN-U7HHINHO0Z,T0,,,,,
CAN-U7HHINHO0Z,T1,,,,,
CAN-P51W28GC46,T0,,,,,
CAN-P51W28GC46,T1,,,,,
CAN-9MU9515INR,T0,,,,,
CAN-9MU9515INR,T1,,,,,
CAN-TRCFNYU011,T0,,,,,
CAN-TRCFNYU011,T1,,,,,
CAN-6Y27W9MNSZ,T0,,,,,
CAN-6Y27W9MNSZ,T1,,,,,
CAN-M1MMXUK1KJ,T0,,,,,
CAN-M1MMXUK1KJ,T1,,,,,
CAN-O1TM2I2A35,T0,,,,,
CAN-O1TM2I2A35,T1,,,,,
CAN-NQTGMDLIXU,T0,,,,,
CAN-NQTGMDLIXU,T1,,,,,
CAN-P5P7OS016N,T0,,,,,
CAN-P5P7OS016N,T1,,,,,
CAN-BEN9ZI9CC5,T0,,,,,
CAN-BEN9ZI9CC5,T1,,,,,
CAN-A2D7N0G72Y,T0,,,,,
CAN-A2D7N0G72Y,T1,,,,,
CAN-1JYMVIHT5V,T0,,,,,
CAN-1JYMVIHT5V,T1,,,,,
CAN-CTJOXE5PDV,T0,,,,,
CAN-CTJOXE5PDV,T1,,,,,
CAN-WQAF7KRZ8O,T0,,,,,
CAN-WQAF7KRZ8O,T1,,,,,
CAN-AZ319O073B,T0,,,,,
CAN-AZ319O073B,T1,,,,,
CAN-SMSVUFDDAQ,T0,,,,,
CAN-SMSVUFDDAQ,T1,,,,,
CAN-T9GCQYCRCV,T0,,,,,
CAN-T9GCQYCRCV,T1,,,,,
CAN-07K7VDEEMK,T0,,,,,
CAN-07K7VDEEMK,T1,,,,,
CAN-579EF5E0ZJ,T0,,,,,
CAN-579EF5E0ZJ,T1,,,,,
CAN-76S5RMK4Q9,T0,,,,,
CAN-76S5RMK4Q9,T1,,,,,
CAN-IG5ALQTLV0,T0,,,,,
CAN-IG5ALQTLV0,T1,,,,,
CAN-3AOODVIAIP,T0,,,,,
CAN-3AOODVIAIP,T1,,,,,
CAN-P47CFZEM7G,T0,,,,,
CAN-P47CFZEM7G,T1,,,,,
CAN-92MPE6TE6I,T0,,,,,
CAN-92MPE6TE6I,T1,,,,,
CAN-64XP8MAILJ,T0,,,,,
CAN-64XP8MAILJ,T1,,,,,
CAN-AAWKZLJ2RU,T0,,,,,
CAN-AAWKZLJ2RU,T1,,,,,
CAN-QSS2812YIF,T0,,,,,
CAN-QSS2812YIF,T1,,,,,
CAN-7FWWPUMZVA,T0,,,,,
CAN-7FWWPUMZVA,T1,,,,,
CAN-4D44BAHSHC,T0,,,,,
CAN-4D44BAHSHC,T1,,,,,
CAN-SH1S2U73U5,T0,,,,,
CAN-SH1S2U73U5,T1,,,,,
CAN-FEKPB2NDCA,T0,,,,,
CAN-FEKPB2NDCA,T1,,,,,
CAN-UCXFAOX0SH,T0,,,,,
CAN-UCXFAOX0SH,T1,,,,,
CAN-JA5539X0LS,T0,,,,,
CAN-JA5539X0LS,T1,,,,,
CAN-STP1ADML7G,T0,,,,,
CAN-STP1ADML7G,T1,,,,,
CAN-EC3ZL0A605,T0,,,,,
CAN-EC3ZL0A605,T1,,,,,
CAN-6O3A3SKULY,T0,,,,,
CAN-6O3A3SKULY,T1,,,,,
CAN-DDABBMED94,T0,,,,,
CAN-DDABBMED94,T1,,,,,
CAN-62BI9K0TGT,T0,,,,,
CAN-62BI9K0TGT,T1,,,,,
CAN-DK64NTY51Y,T0,,,,,
CAN-DK64NTY51Y,T1,,,,,
CAN-CHUD2NIUA2,T0,,,,,
CAN-CHUD2NIUA2,T1,,,,,
CAN-IO5DSSRMI3,T0,,,,,
CAN-IO5DSSRMI3,T1,,,,,
CAN-8I5W4T0CXY,T0,,,,,
CAN-8I5W4T0CXY,T1,,,,,
CAN-QED96GR9K7,T0,,,,,
CAN-QED96GR9K7,T1,,,,,
CAN-CBZX1RH5KI,T0,,,,,
CAN-CBZX1RH5KI,T1,,,,,
CAN-5C69PICT2D,T0,,,,,
CAN-5C69PICT2D,T1,,,,,
CAN-CZJSF3LU9G,T0,,,,,
CAN-CZJSF3LU9G,T1,,,,,
CAN-2DDH3J8DFT,T0,,,,,
CAN-2DDH3J8DFT,T1,,,,,
CAN-PL8UW4OZIF,T0,,,,,
CAN-PL8UW4OZIF,T1,,,,,
CAN-X83JEQTGZH,T0,,,,,
CAN-X83JEQTGZH,T1,,,,,
CAN-ZTPLM5AKDE,T0,,,,,
CAN-ZTPLM5AKDE,T1,,,,,
CAN-NC7MTVF3ED,T0,,,,,
CAN-NC7MTVF3ED,T1,,,,,
CAN-E23AZRFUG2,T0,,,,,
CAN-E23AZRFUG2,T1,,,,,
CAN-UFU3ZLUEYI,T0,,,,,
CAN-UFU3ZLUEYI,T1,,,,,
CAN-4K6LGXF9OF,T0,,,,,
CAN-4K6LGXF9OF,T1,,,,,
CAN-JT1UR7D7E0,T0,,,,,
CAN-JT1UR7D7E0,T1,,,,,
CAN-P6OVMXLYOQ,T0,,,,,
CAN-P6OVMXLYOQ,T1,,,,,
CAN-74IUE5R7LK,T0,,,,,
CAN-74IUE5R7LK,T1,,,,,
CAN-KRXE2HZ7CE,T0,,,,,
CAN-KRXE2HZ7CE,T1,,,,,
CAN-YMERZ7WFMP,T0,,,,,
CAN-YMERZ7WFMP,T1,,,,,
CAN-5EAPU6HM4Q,T0,,,,,
CAN-5EAPU6HM4Q,T1,,,,,
CAN-DXL8QFZZGA,T0,,,,,
CAN-DXL8QFZZGA,T1,,,,,
CAN-OBUQMLVE0V,T0,,,,,
CAN-OBUQMLVE0V,T1,,,,,
CAN-KF2IPJAR9D,T0,,,,,
CAN-KF2IPJAR9D,T1,,,,,
CAN-U31M2LWIG4,T0,,,,,
CAN-U31M2LWIG4,T1,,,,,
CAN-TQIERDX649,T0,,,,,
CAN-TQIERDX649,T1,,,,,
CAN-BM4DV8NJQS,T0,,,,,
CAN-BM4DV8NJQS,T1,,,,,
CAN-BHONYFN914,T0,,,,,
CAN-BHONYFN914,T1,,,,,
CAN-92RFLSSA0S,T0,,,,,
CAN-92RFLSSA0S,T1,,,,,
CAN-KCKSKT6GY3,T0,,,,,
CAN-KCKSKT6GY3,T1,,,,,
CAN-K8OTMRYC2N,T0,,,,,
CAN-K8OTMRYC2N,T1,,,,,
CAN-KK3I7ER77V,T0,,,,,
CAN-KK3I7ER77V,T1,,,,,
CAN-SA1UCHKTQK,T0,,,,,
CAN-SA1UCHKTQK,T1,,,,,
CAN-3NB4K4P67N,T0,,,,,
CAN-3NB4K4P67N,T1,,,,,
CAN-0T7YR4W2OW,T0,,,,,
CAN-0T7YR4W2OW,T1,,,,,
CAN-QUYQWBR2B9,T0,,,,,
CAN-QUYQWBR2B9,T1,,,,,
CAN-XM0DQ41KD8,T0,,,,,
CAN-XM0DQ41KD8,T1,,,,,
CAN-SECAQPGP77,T0,,,,,
CAN-SECAQPGP77,T1,,,,,
CAN-FWXFBEFNS9,T0,,,,,
CAN-FWXFBEFNS9,T1,,,,,
CAN-8D65DEGNMT,T0,,,,,
CAN-8D65DEGNMT,T1,,,,,
CAN-O97G4ILV8T,T0,,,,,
CAN-O97G4ILV8T,T1,,,,,
CAN-3TO8K1GYWO,T0,,,,,
CAN-3TO8K1GYWO,T1,,,,,
CAN-P9Y3D0CPN3,T0,,,,,
CAN-P9Y3D0CPN3,T1,,,,,
CAN-TBKCQDKOKG,T0,,,,,
CAN-TBKCQDKOKG,T1,,,,,
CAN-EC9IG4PC8V,T0,,,,,
CAN-EC9IG4PC8V,T1,,,,,
CAN-L33R3W3R3R,T0,,,,,
CAN-L33R3W3R3R,T1,,,,,
CAN-S9WGZSZUDM,T0,,,,,
CAN-S9WGZSZUDM,T1,,,,,
CAN-KN25OTT9X1,T0,,,,,
CAN-KN25OTT9X1,T1,,,,,
CAN-5X86STPIQ4,T0,,,,,
CAN-5X86STPIQ4,T1,,,,,
CAN-JOTHCN4278,T0,,,,,
CAN-JOTHCN4278,T1,,,,,
CAN-HQ3K1FGKFC,T0,,,,,
CAN-HQ3K1FGKFC,T1,,,,,
CAN-LNM5YR0YQY,T0,,,,,
CAN-LNM5YR0YQY,T1,,,,,
CAN-CM7DYFBA7J,T0,,,,,
CAN-CM7DYFBA7J,T1,,,,,
CAN-RZ2DB6J18N,T0,,,,,
CAN-RZ2DB6J18N,T1,,,,,
CAN-C2CYEZP3YP,T0,,,,,
CAN-C2CYEZP3YP,T1,,,,,
CAN-U7YFEMAOIR,T0,,,,,
CAN-U7YFEMAOIR,T1,,,,,
CAN-5N3RUX7YHN,T0,,,,,
CAN-5N3RUX7YHN,T1,,,,,
CAN-ME1AMRSXF2,T0,,,,,
CAN-ME1AMRSXF2,T1,,,,,
CAN-9RNOR5Y0MN,T0,,,,,
CAN-9RNOR5Y0MN,T1,,,,,
CAN-48AYYZE91Y,T0,,,,,
CAN-48AYYZE91Y,T1,,,,,
CAN-DMA9OMZ8BU,T0,,,,,
CAN-DMA9OMZ8BU,T1,,,,,
CAN-ESDFET9CF9,T0,,,,,
CAN-ESDFET9CF9,T1,,,,,
CAN-2JZ7Q9T1TR,T0,,,,,
CAN-2JZ7Q9T1TR,T1,,,,,
CAN-Z95QPONBCM,T0,,,,,
CAN-Z95QPONBCM,T1,,,,,
CAN-R18R0Y2KT1,T0,,,,,
CAN-R18R0Y2KT1,T1,,,,,
CAN-Q3JVSZWOD3,T0,,,,,
CAN-Q3JVSZWOD3,T1,,,,,
CAN-A8NK7O6B11,T0,,,,,
CAN-A8NK7O6B11,T1,,,,,
CAN-HWA25Z2MI4,T0,,,,,
CAN-HWA25Z2MI4,T1,,,,,
CAN-1N51Y44HFZ,T0,,,,,
CAN-1N51Y44HFZ,T1,,,,,
CAN-VD8OCEUOX8,T0,,,,,
CAN-VD8OCEUOX8,T1,,,,,
CAN-HR0NURNAEV,T0,,,,,
CAN-HR0NURNAEV,T1,,,,,
CAN-8H3R67K4Q8,T0,,,,,
CAN-8H3R67K4Q8,T1,,,,,
CAN-40PE5943EN,T0,,,,,
CAN-40PE5943EN,T1,,,,,
CAN-0O4AH77TRO,T0,,,,,
CAN-0O4AH77TRO,T1,,,,,
CAN-Y3WUPP3ZCZ,T0,,,,,
CAN-Y3WUPP3ZCZ,T1,,,,,
CAN-NLZ9EMCUO7,T0,,,,,
CAN-NLZ9EMCUO7,T1,,,,,
CAN-2S199QL1ZD,T0,,,,,
CAN-2S199QL1ZD,T1,,,,,
CAN-OHA8ZD95AL,T0,,,,,
CAN-OHA8ZD95AL,T1,,,,,
CAN-TZ4SKOO696,T0,,,,,
CAN-TZ4SKOO696,T1,,,,,
CAN-ZNVRR9SGRZ,T0,,,,,
CAN-ZNVRR9SGRZ,T1,,,,,
CAN-1UULA5D03L,T0,,,,,
CAN-1UULA5D03L,T1,,,,,
CAN-MKP2V46UCL,T0,,,,,
CAN-MKP2V46UCL,T1,,,,,
CAN-WT83YVPPYC,T0,,,,,
CAN-WT83YVPPYC,T1,,,,,
CAN-2MMOEDQKML,T0,,,,,
CAN-2MMOEDQKML,T1,,,,,
CAN-GH90DBJJ0V,T0,,,,,
CAN-GH90DBJJ0V,T1,,,,,
CAN-9I1L5P8P16,T0,,,,,
CAN-9I1L5P8P16,T1,,,,,
CAN-YKCR0KS1QN,T0,,,,,
CAN-YKCR0KS1QN,T1,,,,,
CAN-NTSQMGCGFU,T0,,,,,
CAN-NTSQMGCGFU,T1,,,,,
CAN-RW896NBG8L,T0,,,,,
CAN-RW896NBG8L,T1,,,,,
CAN-OPEAD20Z1X,T0,,,,,
CAN-OPEAD20Z1X,T1,,,,,
CAN-U8UKGB6UGR,T0,,,,,
CAN-U8UKGB6UGR,T1,,,,,
CAN-H0E8AMPNXP,T0,,,,,
CAN-H0E8AMPNXP,T1,,,,,
CAN-6HAJKBW1PZ,T0,,,,,
CAN-6HAJKBW1PZ,T1,,,,,
CAN-K7NTMISJJM,T0,,,,,
CAN-K7NTMISJJM,T1,,,,,
CAN-CAIODKNI4V,T0,,,,,
CAN-CAIODKNI4V,T1,,,,,
CAN-A7EMZSPRNO,T0,,,,,
CAN-A7EMZSPRNO,T1,,,,,
CAN-V3GRLPJ3NI,T0,,,,,
CAN-V3GRLPJ3NI,T1,,,,,
CAN-46RZOCBGPR,T0,,,,,
CAN-46RZOCBGPR,T1,,,,,
CAN-VGP3NUR17X,T0,,,,,
CAN-VGP3NUR17X,T1,,,,,
CAN-N84T99AXJD,T0,,,,,
CAN-N84T99AXJD,T1,,,,,
CAN-9KGTX4XTPU,T0,,,,,
CAN-9KGTX4XTPU,T1,,,,,
CAN-RSFTYEBD1L,T0,,,,,
CAN-RSFTYEBD1L,T1,,,,,
CAN-UVGZXOP7WW,T0,,,,,
CAN-UVGZXOP7WW,T1,,,,,
CAN-U2ZK33NF6L,T0,,,,,
CAN-U2ZK33NF6L,T1,,,,,
CAN-VEKSTSVFZF,T0,,,,,
CAN-VEKSTSVFZF,T1,,,,,
CAN-01RQV8GJVO,T0,,,,,
CAN-01RQV8GJVO,T1,,,,,
CAN-PM693Z78RT,T0,,,,,
CAN-PM693Z78RT,T1,,,,,
CAN-RDMBVUEQFQ,T0,,,,,
CAN-RDMBVUEQFQ,T1,,,,,
CAN-HXY2F904DR,T0,,,,,
CAN-HXY2F904DR,T1,,,,,
CAN-MRKN082QW8,T0,,,,,
CAN-MRKN082QW8,T1,,,,,
CAN-EX28SOAIGX,T0,,,,,
CAN-EX28SOAIGX,T1,,,,,
CAN-7NETXW4QWY,T0,,,,,
CAN-7NETXW4QWY,T1,,,,,
CAN-NOPYQXM1YS,T0,,,,,
CAN-NOPYQXM1YS,T1,,,,,
CAN-3D4AFGPD8X,T0,,,,,
CAN-3D4AFGPD8X,T1,,,,,
CAN-4DUULVKZCQ,T0,,,,,
CAN-4DUULVKZCQ,T1,,,,,
CAN-M35DYWGI8F,T0,,,,,
CAN-M35DYWGI8F,T1,,,,,
CAN-SJXG0QUFOB,T0,,,,,
CAN-SJXG0QUFOB,T1,,,,,
CAN-6JKCCZ2L4X,T0,,,,,
CAN-6JKCCZ2L4X,T1,,,,,
CAN-9OGN8W9O8B,T0,,,,,
CAN-9OGN8W9O8B,T1,,,,,
CAN-AQBS1T85D0,T0,,,,,
CAN-AQBS1T85D0,T1,,,,,
CAN-AUHE529DEL,T0,,,,,
CAN-AUHE529DEL,T1,,,,,
CAN-RB7I4QYEUI,T0,,,,,
CAN-RB7I4QYEUI,T1,,,,,
CAN-YEA4WUJGEO,T0,,,,,
CAN-YEA4WUJGEO,T1,,,,,
CAN-A6RI0VKRFC,T0,,,,,
CAN-A6RI0VKRFC,T1,,,,,
CAN-XR0KN3ZAG1,T0,,,,,
CAN-XR0KN3ZAG1,T1,,,,,
CAN-WTNXN2T8G4,T0,,,,,
CAN-WTNXN2T8G4,T1,,,,,
CAN-ABTJ3UNKQU,T0,,,,,
CAN-ABTJ3UNKQU,T1,,,,,
CAN-WLBGC43SGX,T0,,,,,
CAN-WLBGC43SGX,T1,,,,,
CAN-4YBH2M8QST,T0,,,,,
CAN-4YBH2M8QST,T1,,,,,
CAN-0YTC0Q2BWJ,T0,,,,,
CAN-0YTC0Q2BWJ,T1,,,,,
CAN-OMS0T8OU5Y,T0,,,,,
CAN-OMS0T8OU5Y,T1,,,,,
CAN-YNIIBSRTEW,T0,,,,,
CAN-YNIIBSRTEW,T1,,,,,
CAN-YG4RL42O8N,T0,,,,,
CAN-YG4RL42O8N,T1,,,,,
CAN-9VJNUY58RL,T0,,,,,
CAN-9VJNUY58RL,T1,,,,,
CAN-J0PGQFNYHL,T0,,,,,
CAN-J0PGQFNYHL,T1,,,,,
CAN-N2UJ4HVN9I,T0,,,,,
CAN-N2UJ4HVN9I,T1,,,,,
CAN-QRROSCDQAY,T0,,,,,
CAN-QRROSCDQAY,T1,,,,,
CAN-OWZEXI1KK0,T0,,,,,
CAN-OWZEXI1KK0,T1,,,,,
CAN-WZUM68PJ61,T0,,,,,
CAN-WZUM68PJ61,T1,,,,,
CAN-SXMV25BTG4,T0,,,,,
CAN-SXMV25BTG4,T1,,,,,
CAN-MQ1OMCE0PZ,T0,,,,,
CAN-MQ1OMCE0PZ,T1,,,,,
CAN-NGO0WU23HD,T0,,,,,
CAN-NGO0WU23HD,T1,,,,,
CAN-WYBY0OJPKA,T0,,,,,
CAN-WYBY0OJPKA,T1,,,,,
CAN-JLIAHFCLIH,T0,,,,,
CAN-JLIAHFCLIH,T1,,,,,
CAN-MGNV24MGVP,T0,,,,,
CAN-MGNV24MGVP,T1,,,,,
CAN-E8FCHUY8YU,T0,,,,,
CAN-E8FCHUY8YU,T1,,,,,
CAN-3DN0YOO7JT,T0,,,,,
CAN-3DN0YOO7JT,T1,,,,,
CAN-AGJ3G5DG9G,T0,,,,,
CAN-AGJ3G5DG9G,T1,,,,,
CAN-ZZ11PCTYJB,T0,,,,,
CAN-ZZ11PCTYJB,T1,,,,,
CAN-1ZYHWLLU2J,T0,,,,,
CAN-1ZYHWLLU2J,T1,,,,,
CAN-AF0U42UVK8,T0,,,,,
CAN-AF0U42UVK8,T1,,,,,
CAN-4M7LCVYCFT,T0,,,,,
CAN-4M7LCVYCFT,T1,,,,,
CAN-B63F5CFEXX,T0,,,,,
CAN-B63F5CFEXX,T1,,,,,
CAN-KCKJJJ775X,T0,,,,,
CAN-KCKJJJ775X,T1,,,,,
CAN-N3794BZDYD,T0,,,,,
CAN-N3794BZDYD,T1,,,,,
CAN-LC7U0MDO3W,T0,,,,,
CAN-LC7U0MDO3W,T1,,,,,
CAN-ZA2CTAINAC,T0,,,,,
CAN-ZA2CTAINAC,T1,,,,,
CAN-2NE5L42QZI,T0,,,,,
CAN-2NE5L42QZI,T1,,,,,
CAN-AHCRLLKH5P,T0,,,,,
CAN-AHCRLLKH5P,T1,,,,,
CAN-QB65U8KOCQ,T0,,,,,
CAN-QB65U8KOCQ,T1,,,,,
CAN-3OWVT78K2Y,T0,,,,,
CAN-3OWVT78K2Y,T1,,,,,
CAN-R5JL4C7C6O,T0,,,,,
CAN-R5JL4C7C6O,T1,,,,,
CAN-OQYI0K6XRM,T0,,,,,
CAN-OQYI0K6XRM,T1,,,,,
CAN-HJI2LU2680,T0,,,,,
CAN-HJI2LU2680,T1,,,,,
CAN-VR2JD9LT1S,T0,,,,,
CAN-VR2JD9LT1S,T1,,,,,
CAN-NT48RKUEKE,T0,,,,,
CAN-NT48RKUEKE,T1,,,,,
CAN-3YANO4ELSH,T0,,,,,
CAN-3YANO4ELSH,T1,,,,,
CAN-7XYIHUWESC,T0,,,,,
CAN-7XYIHUWESC,T1,,,,,
CAN-NRAOUS3BQW,T0,,,,,
CAN-NRAOUS3BQW,T1,,,,,
CAN-4OJ1JPAUHO,T0,,,,,
CAN-4OJ1JPAUHO,T1,,,,,
CAN-UGRCQ8UR4R,T0,,,,,
CAN-UGRCQ8UR4R,T1,,,,,
CAN-MOEZ03BN0I,T0,,,,,
CAN-MOEZ03BN0I,T1,,,,,
CAN-CD2P4JLVL5,T0,,,,,
CAN-CD2P4JLVL5,T1,,,,,
CAN-NEPW78YIRQ,T0,,,,,
CAN-NEPW78YIRQ,T1,,,,,
CAN-MO4YZBSIPS,T0,,,,,
CAN-MO4YZBSIPS,T1,,,,,
CAN-H1L4Z7UI2X,T0,,,,,
CAN-H1L4Z7UI2X,T1,,,,,
CAN-0R2G3NUIKR,T0,,,,,
CAN-0R2G3NUIKR,T1,,,,,
CAN-CDU694YU7R,T0,,,,,
CAN-CDU694YU7R,T1,,,,,
CAN-3ZRP0SF28U,T0,,,,,
CAN-3ZRP0SF28U,T1,,,,,
CAN-0BGHS81MI1,T0,,,,,
CAN-0BGHS81MI1,T1,,,,,
CAN-0PKHP2MCU6,T0,,,,,
CAN-0PKHP2MCU6,T1,,,,,
CAN-W5CT00EKRV,T0,,,,,
CAN-W5CT00EKRV,T1,,,,,
CAN-LO0UK4018D,T0,,,,,
CAN-LO0UK4018D,T1,,,,,
CAN-YDIHLKI465,T0,,,,,
CAN-YDIHLKI465,T1,,,,,
CAN-4K9130ZM95,T0,,,,,
CAN-4K9130ZM95,T1,,,,,
CAN-EP358LA1YT,T0,,,,,
CAN-EP358LA1YT,T1,,,,,
CAN-4VO5CIWL5A,T0,,,,,
CAN-4VO5CIWL5A,T1,,,,,
CAN-JK2ZK6TIQF,T0,,,,,
CAN-JK2ZK6TIQF,T1,,,,,
CAN-0XF52ZVHF7,T0,,,,,
CAN-0XF52ZVHF7,T1,,,,,
CAN-79E69V8ACG,T0,,,,,
CAN-79E69V8ACG,T1,,,,,
CAN-2Q6L3L1YZ7,T0,,,,,
CAN-2Q6L3L1YZ7,T1,,,,,
CAN-73CVSAKFE0,T0,,,,,
CAN-73CVSAKFE0,T1,,,,,
CAN-O5TN5U15PO,T0,,,,,
CAN-O5TN5U15PO,T1,,,,,
CAN-5P2LFUZOFI,T0,,,,,
CAN-5P2LFUZOFI,T1,,,,,
CAN-VUXSKPD74N,T0,,,,,
CAN-VUXSKPD74N,T1,,,,,
CAN-5B5O625BWH,T0,,,,,
CAN-5B5O625BWH,T1,,,,,
CAN-T5RQ9KGTLA,T0,,,,,
CAN-T5RQ9KGTLA,T1,,,,,
CAN-XWLDEV515A,T0,,,,,
CAN-XWLDEV515A,T1,,,,,
CAN-CB9X9PAZYJ,T0,,,,,
CAN-CB9X9PAZYJ,T1,,,,,
CAN-39QWGXGOYY,T0,,,,,
CAN-39QWGXGOYY,T1,,,,,
CAN-SXJVHTTNUA,T0,,,,,
CAN-SXJVHTTNUA,T1,,,,,
CAN-MQCGTRDMRD,T0,,,,,
CAN-MQCGTRDMRD,T1,,,,,
CAN-FUZN962D03,T0,,,,,
CAN-FUZN962D03,T1,,,,,
CAN-MQ2EHQX28J,T0,,,,,
CAN-MQ2EHQX28J,T1,,,,,
CAN-L1Z5N61E3K,T0,,,,,
CAN-L1Z5N61E3K,T1,,,,,
CAN-GHDIY74V85,T0,,,,,
CAN-GHDIY74V85,T1,,,,,
CAN-4OHNPNUH42,T0,,,,,
CAN-4OHNPNUH42,T1,,,,,
CAN-IA0X50DZ2H,T0,,,,,
CAN-IA0X50DZ2H,T1,,,,,
CAN-FTE9U57RLP,T0,,,,,
CAN-FTE9U57RLP,T1,,,,,
CAN-H1EC09I9JM,T0,,,,,
CAN-H1EC09I9JM,T1,,,,,
CAN-DO3R3FHNR0,T0,,,,,
CAN-DO3R3FHNR0,T1,,,,,
CAN-QUQOLS2HT8,T0,,,,,
CAN-QUQOLS2HT8,T1,,,,,
CAN-TMEAWIWLL7,T0,,,,,
CAN-TMEAWIWLL7,T1,,,,,
CAN-8Z7CKA32BS,T0,,,,,
CAN-8Z7CKA32BS,T1,,,,,
CAN-OY03KXEUUH,T0,,,,,
CAN-OY03KXEUUH,T1,,,,,
CAN-WH6F0TR5HG,T0,,,,,
CAN-WH6F0TR5HG,T1,,,,,
CAN-CFSATV9CF6,T0,,,,,
CAN-CFSATV9CF6,T1,,,,,
CAN-KC5XZXH806,T0,,,,,
CAN-KC5XZXH806,T1,,,,,
CAN-O8F3WZUS9T,T0,,,,,
CAN-O8F3WZUS9T,T1,,,,,
CAN-V8XNPJ3HBV,T0,,,,,
CAN-V8XNPJ3HBV,T1,,,,,
CAN-5RHIPY9YWU,T0,,,,,
CAN-5RHIPY9YWU,T1,,,,,
CAN-V161V11I9G,T0,,,,,
CAN-V161V11I9G,T1,,,,,
CAN-FYB1NK6CM2,T0,,,,,
CAN-FYB1NK6CM2,T1,,,,,
CAN-GNSQOPD19W,T0,,,,,
CAN-GNSQOPD19W,T1,,,,,
CAN-PDMQPYTF2N,T0,,,,,
CAN-PDMQPYTF2N,T1,,,,,
CAN-UUH0T5T979,T0,,,,,
CAN-UUH0T5T979,T1,,,,,
CAN-FXHGSH68ZC,T0,,,,,
CAN-FXHGSH68ZC,T1,,,,,
CAN-J9DW7V0B0M,T0,,,,,
CAN-J9DW7V0B0M,T1,,,,,
CAN-F7XGMI651S,T0,,,,,
CAN-F7XGMI651S,T1,,,,,
CAN-KA3XOFPL60,T0,,,,,
CAN-KA3XOFPL60,T1,,,,,
CAN-CPKAOQVXGO,T0,,,,,
CAN-CPKAOQVXGO,T1,,,,,
CAN-AIDRL6HGJW,T0,,,,,
CAN-AIDRL6HGJW,T1,,,,,
CAN-CJ664O2JS3,T0,,,,,
CAN-CJ664O2JS3,T1,,,,,
CAN-3KI7A0IGZT,T0,,,,,
CAN-3KI7A0IGZT,T1,,,,,
CAN-31RL60DSPJ,T0,,,,,
CAN-31RL60DSPJ,T1,,,,,
CAN-QH2GUNDKQQ,T0,,,,,
CAN-QH2GUNDKQQ,T1,,,,,
CAN-4BWEBBUM5T,T0,,,,,
CAN-4BWEBBUM5T,T1,,,,,
CAN-HG3QH9TTD0,T0,,,,,
CAN-HG3QH9TTD0,T1,,,,,
CAN-RLFQJ3REMK,T0,,,,,
CAN-RLFQJ3REMK,T1,,,,,
CAN-GHWSP53RNK,T0,,,,,
CAN-GHWSP53RNK,T1,,,,,
CAN-FH9JHS373B,T0,,,,,
CAN-FH9JHS373B,T1,,,,,
CAN-TJVSA5TC9W,T0,,,,,
CAN-TJVSA5TC9W,T1,,,,,
CAN-FRQXLF48VI,T0,,,,,
CAN-FRQXLF48VI,T1,,,,,
CAN-MF4TZQKUQ7,T0,,,,,
CAN-MF4TZQKUQ7,T1,,,,,
CAN-HX3T10LVUM,T0,,,,,
CAN-HX3T10LVUM,T1,,,,,
CAN-WN0I0S9RHO,T0,,,,,
CAN-WN0I0S9RHO,T1,,,,,
CAN-TIO74CZNRO,T0,,,,,
CAN-TIO74CZNRO,T1,,,,,
CAN-JPAEG1CACE,T0,,,,,
CAN-JPAEG1CACE,T1,,,,,
CAN-FWB2OVG4F9,T0,,,,,
CAN-FWB2OVG4F9,T1,,,,,
CAN-PXVABWPDWL,T0,,,,,
CAN-PXVABWPDWL,T1,,,,,
CAN-4XWQONJH67,T0,,,,,
CAN-4XWQONJH67,T1,,,,,
CAN-0BHX7FG9Z2,T0,,,,,
CAN-0BHX7FG9Z2,T1,,,,,
CAN-X6NM4GWZF9,T0,,,,,
CAN-X6NM4GWZF9,T1,,,,,
CAN-WSD2Z24LGI,T0,,,,,
CAN-WSD2Z24LGI,T1,,,,,
CAN-9ZIX2F8FBO,T0,,,,,
CAN-9ZIX2F8FBO,T1,,,,,
CAN-ZNDS99EKOE,T0,,,,,
CAN-ZNDS99EKOE,T1,,,,,
CAN-DAVCLO5EP4,T0,,,,,
CAN-DAVCLO5EP4,T1,,,,,
CAN-PGC6BWYR6M,T0,,,,,
CAN-PGC6BWYR6M,T1,,,,,
CAN-TUFUT4CPSC,T0,,,,,
CAN-TUFUT4CPSC,T1,,,,,
CAN-TK446J4F51,T0,,,,,
CAN-TK446J4F51,T1,,,,,
CAN-QQ534MXDFZ,T0,,,,,
CAN-QQ534MXDFZ,T1,,,,,
CAN-RUDDI9IQA4,T0,,,,,
CAN-RUDDI9IQA4,T1,,,,,
CAN-6CYWO5S16Q,T0,,,,,
CAN-6CYWO5S16Q,T1,,,,,
CAN-5N0QO44KXV,T0,,,,,
CAN-5N0QO44KXV,T1,,,,,
CAN-P9ZH1OPPY7,T0,,,,,
CAN-P9ZH1OPPY7,T1,,,,,
CAN-56UVWKVXJU,T0,,,,,
CAN-56UVWKVXJU,T1,,,,,
CAN-BMLJLWJGVD,T0,,,,,
CAN-BMLJLWJGVD,T1,,,,,
CAN-FRD17071G3,T0,,,,,
CAN-FRD17071G3,T1,,,,,
CAN-P4POSFZ4UZ,T0,,,,,
CAN-P4POSFZ4UZ,T1,,,,,
CAN-DJ6MXI3ECK,T0,,,,,
CAN-DJ6MXI3ECK,T1,,,,,
CAN-AJ1KXAJIY5,T0,,,,,
CAN-AJ1KXAJIY5,T1,,,,,
CAN-MO8A5GJPSF,T0,,,,,
CAN-MO8A5GJPSF,T1,,,,,
CAN-OTTNFY82MO,T0,,,,,
CAN-OTTNFY82MO,T1,,,,,
CAN-P26CS27XRF,T0,,,,,
CAN-P26CS27XRF,T1,,,,,
CAN-1U7KYCHT04,T0,,,,,
CAN-1U7KYCHT04,T1,,,,,
CAN-OLPVOJSU6O,T0,,,,,
CAN-OLPVOJSU6O,T1,,,,,
CAN-JP5BTOMMLJ,T0,,,,,
CAN-JP5BTOMMLJ,T1,,,,,
CAN-CV8EQMGECC,T0,,,,,
CAN-CV8EQMGECC,T1,,,,,
CAN-MUEVUZB5ZP,T0,,,,,
CAN-MUEVUZB5ZP,T1,,,,,
CAN-E7SH4TGN7C,T0,,,,,
CAN-E7SH4TGN7C,T1,,,,,
CAN-X5S28EBBN1,T0,,,,,
CAN-X5S28EBBN1,T1,,,,,
CAN-T0HQBVLCDN,T0,,,,,
CAN-T0HQBVLCDN,T1,,,,,
CAN-NVLA4LSKLF,T0,,,,,
CAN-NVLA4LSKLF,T1,,,,,
CAN-8XSWLWU4KA,T0,,,,,
CAN-8XSWLWU4KA,T1,,,,,
CAN-DWRF1SE443,T0,,,,,
CAN-DWRF1SE443,T1,,,,,
CAN-596OD9XXRR,T0,,,,,
CAN-596OD9XXRR,T1,,,,,
CAN-ERWAKHUTTN,T0,,,,,
CAN-ERWAKHUTTN,T1,,,,,
CAN-NX4RRTU1RA,T0,,,,,
CAN-NX4RRTU1RA,T1,,,,,
CAN-W20K3Y7BHZ,T0,,,,,
CAN-W20K3Y7BHZ,T1,,,,,
CAN-D6F4DYGAXE,T0,,,,,
CAN-D6F4DYGAXE,T1,,,,,
CAN-QSH3WRK648,T0,,,,,
CAN-QSH3WRK648,T1,,,,,
CAN-EBCES7KWIU,T0,,,,,
CAN-EBCES7KWIU,T1,,,,,
CAN-ZK80MI1V4O,T0,,,,,
CAN-ZK80MI1V4O,T1,,,,,
CAN-QHY9U543TF,T0,,,,,
CAN-QHY9U543TF,T1,,,,,
CAN-8SG2AHE66P,T0,,,,,
CAN-8SG2AHE66P,T1,,,,,
CAN-NVBQA1AF5H,T0,,,,,
CAN-NVBQA1AF5H,T1,,,,,
CAN-UGNRV3OZUC,T0,,,,,
CAN-UGNRV3OZUC,T1,,,,,
CAN-4J01GAS5OV,T0,,,,,
CAN-4J01GAS5OV,T1,,,,,
CAN-SEK286KQUP,T0,,,,,
CAN-SEK286KQUP,T1,,,,,
CAN-RORAAIAC9Z,T0,,,,,
CAN-RORAAIAC9Z,T1,,,,,
CAN-52BUCGPMDT,T0,,,,,
CAN-52BUCGPMDT,T1,,,,,
CAN-9ROLT7JOTY,T0,,,,,
CAN-9ROLT7JOTY,T1,,,,,
CAN-84T6WFAX1Q,T0,,,,,
CAN-84T6WFAX1Q,T1,,,,,
CAN-NKQ8LBC4TY,T0,,,,,
CAN-NKQ8LBC4TY,T1,,,,,
CAN-A1GECALITS,T0,,,,,
CAN-A1GECALITS,T1,,,,,
CAN-5B8ADYA0QX,T0,,,,,
CAN-5B8ADYA0QX,T1,,,,,
CAN-CYCFBAABSG,T0,,,,,
CAN-CYCFBAABSG,T1,,,,,
CAN-X9CSSYDQBJ,T0,,,,,
CAN-X9CSSYDQBJ,T1,,,,,
CAN-GAPTBNAWTK,T0,,,,,
CAN-GAPTBNAWTK,T1,,,,,
CAN-S4T8BZR312,T0,,,,,
CAN-S4T8BZR312,T1,,,,,
CAN-GC3JI01DKA,T0,,,,,
CAN-GC3JI01DKA,T1,,,,,
CAN-OR1NBTLQ3C,T0,,,,,
CAN-OR1NBTLQ3C,T1,,,,,
CAN-LXN7JK8OXA,T0,,,,,
CAN-LXN7JK8OXA,T1,,,,,
CAN-YYX3VA538H,T0,,,,,
CAN-YYX3VA538H,T1,,,,,
CAN-R29WD60YZZ,T0,,,,,
CAN-R29WD60YZZ,T1,,,,,
CAN-B4TZWIHRS0,T0,,,,,
CAN-B4TZWIHRS0,T1,,,,,
CAN-Y5NHAFIXKK,T0,,,,,
CAN-Y5NHAFIXKK,T1,,,,,
CAN-4RQJPYKDVZ,T0,,,,,
CAN-4RQJPYKDVZ,T1,,,,,
CAN-94HER94FCO,T0,,,,,
CAN-94HER94FCO,T1,,,,,
CAN-LJXVDWWA00,T0,,,,,
CAN-LJXVDWWA00,T1,,,,,
CAN-8IVXRT38AV,T0,,,,,
CAN-8IVXRT38AV,T1,,,,,
CAN-0NE28VU2NQ,T0,,,,,
CAN-0NE28VU2NQ,T1,,,,,
CAN-D0CZLO02CI,T0,,,,,
CAN-D0CZLO02CI,T1,,,,,
CAN-Y6R163DTRZ,T0,,,,,
CAN-Y6R163DTRZ,T1,,,,,
CAN-YCMJ726RRA,T0,,,,,
CAN-YCMJ726RRA,T1,,,,,
CAN-UYSTD3GULD,T0,,,,,
CAN-UYSTD3GULD,T1,,,,,
CAN-ZFPCNEDVBG,T0,,,,,
CAN-ZFPCNEDVBG,T1,,,,,
CAN-HJZ4OYHG0B,T0,,,,,
CAN-HJZ4OYHG0B,T1,,,,,
CAN-02G2LL9VHV,T0,,,,,
CAN-02G2LL9VHV,T1,,,,,
CAN-UASW1ZOWAD,T0,,,,,
CAN-UASW1ZOWAD,T1,,,,,
CAN-CADHOZ6TLP,T0,,,,,
CAN-CADHOZ6TLP,T1,,,,,
CAN-DSM9RIQWBJ,T0,,,,,
CAN-DSM9RIQWBJ,T1,,,,,
CAN-GDCHEI34UR,T0,,,,,
CAN-GDCHEI34UR,T1,,,,,
CAN-UFNLKZ3H92,T0,,,,,
CAN-UFNLKZ3H92,T1,,,,,
CAN-R5YQ23JFB7,T0,,,,,
CAN-R5YQ23JFB7,T1,,,,,
CAN-F0HVK4KCOT,T0,,,,,
CAN-F0HVK4KCOT,T1,,,,,
CAN-L3Y0WCF1EH,T0,,,,,
CAN-L3Y0WCF1EH,T1,,,,,
CAN-OWYSQTTSUY,T0,,,,,
CAN-OWYSQTTSUY,T1,,,,,
CAN-QRHP3RNQ02,T0,,,,,
CAN-QRHP3RNQ02,T1,,,,,
CAN-A7MSAD46O8,T0,,,,,
CAN-A7MSAD46O8,T1,,,,,
CAN-NFO83SU1JL,T0,,,,,
CAN-NFO83SU1JL,T1,,,,,
CAN-2BWYYAAFHU,T0,,,,,
CAN-2BWYYAAFHU,T1,,,,,
CAN-EL9YKQ7N69,T0,,,,,
CAN-EL9YKQ7N69,T1,,,,,
CAN-3ETJFBD1Y9,T0,,,,,
CAN-3ETJFBD1Y9,T1,,,,,
CAN-KBCUXQFKYW,T0,,,,,
CAN-KBCUXQFKYW,T1,,,,,
CAN-ZLXYDUO7KS,T0,,,,,
CAN-ZLXYDUO7KS,T1,,,,,
CAN-XS59O20HYG,T0,,,,,
CAN-XS59O20HYG,T1,,,,,
CAN-MK92Q4URZ5,T0,,,,,
CAN-MK92Q4URZ5,T1,,,,,
CAN-857G5D6DOP,T0,,,,,
CAN-857G5D6DOP,T1,,,,,
CAN-4J2AASO03L,T0,,,,,
CAN-4J2AASO03L,T1,,,,,
CAN-U5AN7AGCHN,T0,,,,,
CAN-U5AN7AGCHN,T1,,,,,
CAN-UD3ZJJ8AGP,T0,,,,,
CAN-UD3ZJJ8AGP,T1,,,,,
CAN-ICUWKZYMN1,T0,,,,,
CAN-ICUWKZYMN1,T1,,,,,
CAN-DKV7FLIOLQ,T0,,,,,
CAN-DKV7FLIOLQ,T1,,,,,
CAN-Q68X7NSV5R,T0,,,,,
CAN-Q68X7NSV5R,T1,,,,,
CAN-UH9BGG3GPS,T0,,,,,
CAN-UH9BGG3GPS,T1,,,,,
CAN-PGQNPD0GUW,T0,,,,,
CAN-PGQNPD0GUW,T1,,,,,
CAN-23KGVT0EC9,T0,,,,,
CAN-23KGVT0EC9,T1,,,,,
CAN-6ZX9KTSI1I,T0,,,,,
CAN-6ZX9KTSI1I,T1,,,,,
CAN-3A3HDSZE1C,T0,,,,,
CAN-3A3HDSZE1C,T1,,,,,
CAN-KLJCC9BUFW,T0,,,,,
CAN-KLJCC9BUFW,T1,,,,,
CAN-O5YZGK0HOZ,T0,,,,,
CAN-O5YZGK0HOZ,T1,,,,,
CAN-P3BRFY8D77,T0,,,,,
CAN-P3BRFY8D77,T1,,,,,
CAN-A3ONKUUEK5,T0,,,,,
CAN-A3ONKUUEK5,T1,,,,,
CAN-DW8K87X4QF,T0,,,,,
CAN-DW8K87X4QF,T1,,,,,
CAN-9T4Q7NQN9N,T0,,,,,
CAN-9T4Q7NQN9N,T1,,,,,
CAN-BJGBJIC4XS,T0,,,,,
CAN-BJGBJIC4XS,T1,,,,,
CAN-0WFKIPDMU6,T0,,,,,
CAN-0WFKIPDMU6,T1,,,,,
CAN-QS4LSD8LLD,T0,,,,,
CAN-QS4LSD8LLD,T1,,,,,
CAN-DZ0HWAUFFX,T0,,,,,
CAN-DZ0HWAUFFX,T1,,,,,
CAN-2KIOMWPF36,T0,,,,,
CAN-2KIOMWPF36,T1,,,,,
CAN-8S6ARU7BKP,T0,,,,,
CAN-8S6ARU7BKP,T1,,,,,
CAN-HA0BA87B8L,T0,,,,,
CAN-HA0BA87B8L,T1,,,,,
CAN-X633FHP0OL,T0,,,,,
CAN-X633FHP0OL,T1,,,,,
CAN-7LO24MT3RQ,T0,,,,,
CAN-7LO24MT3RQ,T1,,,,,
CAN-4GZYGMUWFK,T0,,,,,
CAN-4GZYGMUWFK,T1,,,,,
CAN-BN7M6MOOE9,T0,,,,,
CAN-BN7M6MOOE9,T1,,,,,
CAN-UPIP1A9BJB,T0,,,,,
CAN-UPIP1A9BJB,T1,,,,,
CAN-AR9I5JM577,T0,,,,,
CAN-AR9I5JM577,T1,,,,,
CAN-KF9WLMBXW4,T0,,,,,
CAN-KF9WLMBXW4,T1,,,,,
CAN-OAA8F379NY,T0,,,,,
CAN-OAA8F379NY,T1,,,,,
CAN-84T4DVMUVX,T0,,,,,
CAN-84T4DVMUVX,T1,,,,,
CAN-0XENT8TOVT,T0,,,,,
CAN-0XENT8TOVT,T1,,,,,
CAN-LKPTCCJ3O4,T0,,,,,
CAN-LKPTCCJ3O4,T1,,,,,
CAN-289W1JU3X2,T0,,,,,
CAN-289W1JU3X2,T1,,,,,
CAN-TQ0C97PJ4D,T0,,,,,
CAN-TQ0C97PJ4D,T1,,,,,
CAN-38GA606Z8G,T0,,,,,
CAN-38GA606Z8G,T1,,,,,
CAN-I27JR6TP35,T0,,,,,
CAN-I27JR6TP35,T1,,,,,
CAN-TAHZYRVM14,T0,,,,,
CAN-TAHZYRVM14,T1,,,,,
CAN-URBF2DEVYN,T0,,,,,
CAN-URBF2DEVYN,T1,,,,,
CAN-NLXNMRJC14,T0,,,,,
CAN-NLXNMRJC14,T1,,,,,
CAN-NZENCD0ZNY,T0,,,,,
CAN-NZENCD0ZNY,T1,,,,,
CAN-2JTWXCZ3HQ,T0,,,,,
CAN-2JTWXCZ3HQ,T1,,,,,
CAN-7EW4T7BJH7,T0,,,,,
CAN-7EW4T7BJH7,T1,,,,,
CAN-6VD866L2N4,T0,,,,,
CAN-6VD866L2N4,T1,,,,,
CAN-FAMG7UO1HD,T0,,,,,
CAN-FAMG7UO1HD,T1,,,,,
CAN-7OKXL8OF4J,T0,,,,,
CAN-7OKXL8OF4J,T1,,,,,
CAN-FAOTKL5III,T0,,,,,
CAN-FAOTKL5III,T1,,,,,
CAN-4UQWT46IEO,T0,,,,,
CAN-4UQWT46IEO,T1,,,,,
CAN-SRDZ4295FE,T0,,,,,
CAN-SRDZ4295FE,T1,,,,,
CAN-4BRLL2DTAF,T0,,,,,
CAN-4BRLL2DTAF,T1,,,,,
CAN-F4HBUDAGZN,T0,,,,,
CAN-F4HBUDAGZN,T1,,,,,
CAN-0K7SJBRIDY,T0,,,,,
CAN-0K7SJBRIDY,T1,,,,,
CAN-TILPVC14FL,T0,,,,,
CAN-TILPVC14FL,T1,,,,,
CAN-2DZJWCFBXJ,T0,,,,,
CAN-2DZJWCFBXJ,T1,,,,,
CAN-ZLLUISEO08,T0,,,,,
CAN-ZLLUISEO08,T1,,,,,
CAN-WBJXITO0OG,T0,,,,,
CAN-WBJXITO0OG,T1,,,,,
CAN-TVQOD1D7VH,T0,,,,,
CAN-TVQOD1D7VH,T1,,,,,
CAN-FJSSWY28XO,T0,,,,,
CAN-FJSSWY28XO,T1,,,,,
CAN-GNSHRJM766,T0,,,,,
CAN-GNSHRJM766,T1,,,,,
CAN-PRG7G9XZA7,T0,,,,,
CAN-PRG7G9XZA7,T1,,,,,
CAN-W10A9RCR81,T0,,,,,
CAN-W10A9RCR81,T1,,,,,
CAN-LZ5XVTI201,T0,,,,,
CAN-LZ5XVTI201,T1,,,,,
CAN-KEBANZ64CL,T0,,,,,
CAN-KEBANZ64CL,T1,,,,,
CAN-70J3P349J0,T0,,,,,
CAN-70J3P349J0,T1,,,,,
CAN-QHEK2WONQV,T0,,,,,
CAN-QHEK2WONQV,T1,,,,,
CAN-GLDTQ5ZFUS,T0,,,,,
CAN-GLDTQ5ZFUS,T1,,,,,
CAN-F62QV07WGS,T0,,,,,
CAN-F62QV07WGS,T1,,,,,
CAN-J8XC7QDVRQ,T0,,,,,
CAN-J8XC7QDVRQ,T1,,,,,
CAN-KLCGIDKB82,T0,,,,,
CAN-KLCGIDKB82,T1,,,,,
CAN-10658KTNWW,T0,,,,,
CAN-10658KTNWW,T1,,,,,
CAN-JLLOH8FL2P,T0,,,,,
CAN-JLLOH8FL2P,T1,,,,,
CAN-CKTG4I1SU2,T0,,,,,
CAN-CKTG4I1SU2,T1,,,,,
CAN-2ELJZMMD62,T0,,,,,
CAN-2ELJZMMD62,T1,,,,,
CAN-1O50ULQHUI,T0,,,,,
CAN-1O50ULQHUI,T1,,,,,
CAN-Y3G6DUSTTZ,T0,,,,,
CAN-Y3G6DUSTTZ,T1,,,,,
CAN-DRJR4QD6PK,T0,,,,,
CAN-DRJR4QD6PK,T1,,,,,
CAN-WTOCCVYVNZ,T0,,,,,
CAN-WTOCCVYVNZ,T1,,,,,
CAN-LPIN0OB9AQ,T0,,,,,
CAN-LPIN0OB9AQ,T1,,,,,
CAN-J1M8TRKB0Z,T0,,,,,
CAN-J1M8TRKB0Z,T1,,,,,
CAN-VFYQV2UHWX,T0,,,,,
CAN-VFYQV2UHWX,T1,,,,,
CAN-12SHIK2PS5,T0,,,,,
CAN-12SHIK2PS5,T1,,,,,
CAN-WIPVGFP9R1,T0,,,,,
CAN-WIPVGFP9R1,T1,,,,,
CAN-KDP1BZDAEK,T0,,,,,
CAN-KDP1BZDAEK,T1,,,,,
CAN-R45L01TK1N,T0,,,,,
CAN-R45L01TK1N,T1,,,,,
CAN-YVMOA4ZU1T,T0,,,,,
CAN-YVMOA4ZU1T,T1,,,,,
CAN-AZNQK8ZTYT,T0,,,,,
CAN-AZNQK8ZTYT,T1,,,,,
CAN-4UAYFPY8ZU,T0,,,,,
CAN-4UAYFPY8ZU,T1,,,,,
CAN-H4VDNEW51Y,T0,,,,,
CAN-H4VDNEW51Y,T1,,,,,
CAN-JIUBO8JKYE,T0,,,,,
CAN-JIUBO8JKYE,T1,,,,,
CAN-5MHS95LVHJ,T0,,,,,
CAN-5MHS95LVHJ,T1,,,,,
CAN-NS0RHIW535,T0,,,,,
CAN-NS0RHIW535,T1,,,,,
CAN-6BAL6XHN4I,T0,,,,,
CAN-6BAL6XHN4I,T1,,,,,
CAN-G28VSI4FA5,T0,,,,,
CAN-G28VSI4FA5,T1,,,,,
CAN-D2KZ1MWYRX,T0,,,,,
CAN-D2KZ1MWYRX,T1,,,,,
CAN-D03APJOYWT,T0,,,,,
CAN-D03APJOYWT,T1,,,,,
CAN-8MA8ID247O,T0,,,,,
CAN-8MA8ID247O,T1,,,,,
CAN-HL610UJ6OE,T0,,,,,
CAN-HL610UJ6OE,T1,,,,,
CAN-VCWTSR7LUA,T0,,,,,
CAN-VCWTSR7LUA,T1,,,,,
CAN-HY7TPRV2VI,T0,,,,,
CAN-HY7TPRV2VI,T1,,,,,
CAN-OFFW52DNO5,T0,,,,,
CAN-OFFW52DNO5,T1,,,,,
CAN-X0ID55545J,T0,,,,,
CAN-X0ID55545J,T1,,,,,
CAN-FNN01R7VVD,T0,,,,,
CAN-FNN01R7VVD,T1,,,,,
CAN-RFBWS4OZF3,T0,,,,,
CAN-RFBWS4OZF3,T1,,,,,
CAN-OI93SYYQ9Y,T0,,,,,
CAN-OI93SYYQ9Y,T1,,,,,
CAN-9YVXPG85NO,T0,,,,,
CAN-9YVXPG85NO,T1,,,,,
CAN-E7VOMN37Z4,T0,,,,,
CAN-E7VOMN37Z4,T1,,,,,
CAN-7306NDLUHX,T0,,,,,
CAN-7306NDLUHX,T1,,,,,
CAN-NB6CDB07KJ,T0,,,,,
CAN-NB6CDB07KJ,T1,,,,,
CAN-QNGXUFI40V,T0,,,,,
CAN-QNGXUFI40V,T1,,,,,
CAN-ZTWH1OYRM1,T0,,,,,
CAN-ZTWH1OYRM1,T1,,,,,
CAN-MXICN8SEVV,T0,,,,,
CAN-MXICN8SEVV,T1,,,,,
CAN-7UA07C4AGJ,T0,,,,,
CAN-7UA07C4AGJ,T1,,,,,
CAN-2QTFKINYV2,T0,,,,,
CAN-2QTFKINYV2,T1,,,,,
CAN-LD32V4UP5G,T0,,,,,
CAN-LD32V4UP5G,T1,,,,,
CAN-5KE4RK4R11,T0,,,,,
CAN-5KE4RK4R11,T1,,,,,
CAN-8BZDQIB5FO,T0,,,,,
CAN-8BZDQIB5FO,T1,,,,,
CAN-2OF5KOCUB9,T0,,,,,
CAN-2OF5KOCUB9,T1,,,,,
CAN-J0L95CWABJ,T0,,,,,
CAN-J0L95CWABJ,T1,,,,,
CAN-ZQ5CVPSFXV,T0,,,,,
CAN-ZQ5CVPSFXV,T1,,,,,
CAN-AU2WNHDDIH,T0,,,,,
CAN-AU2WNHDDIH,T1,,,,,
CAN-AVL6G0MU9O,T0,,,,,
CAN-AVL6G0MU9O,T1,,,,,
CAN-184DRED2GG,T0,,,,,
CAN-184DRED2GG,T1,,,,,
CAN-KCQJSMHED6,T0,,,,,
CAN-KCQJSMHED6,T1,,,,,
CAN-47QKJBESB6,T0,,,,,
CAN-47QKJBESB6,T1,,,,,
CAN-M370OF5MA8,T0,,,,,
CAN-M370OF5MA8,T1,,,,,
CAN-3EUQ2ANL3V,T0,,,,,
CAN-3EUQ2ANL3V,T1,,,,,
CAN-LKSH8O2W6T,T0,,,,,
CAN-LKSH8O2W6T,T1,,,,,
CAN-N9IYO14LQC,T0,,,,,
CAN-N9IYO14LQC,T1,,,,,
CAN-2LJZ9QLNF6,T0,,,,,
CAN-2LJZ9QLNF6,T1,,,,,
CAN-RSORT1IQ6X,T0,,,,,
CAN-RSORT1IQ6X,T1,,,,,
CAN-XDAL70U71K,T0,,,,,
CAN-XDAL70U71K,T1,,,,,
CAN-68NID3BDD0,T0,,,,,
CAN-68NID3BDD0,T1,,,,,
CAN-54SBQJE2SD,T0,,,,,
CAN-54SBQJE2SD,T1,,,,,
CAN-C9RLSVB6R6,T0,,,,,
CAN-C9RLSVB6R6,T1,,,,,
CAN-LJ7PLRUSB1,T0,,,,,
CAN-LJ7PLRUSB1,T1,,,,,
CAN-2Y3BF57U65,T0,,,,,
CAN-2Y3BF57U65,T1,,,,,
CAN-0X572ZV1X7,T0,,,,,
CAN-0X572ZV1X7,T1,,,,,
CAN-VEF3DT9TZA,T0,,,,,
CAN-VEF3DT9TZA,T1,,,,,
CAN-L55BKTF9S0,T0,,,,,
CAN-L55BKTF9S0,T1,,,,,
CAN-WN2EWSRTTG,T0,,,,,
CAN-WN2EWSRTTG,T1,,,,,
CAN-SG80C3NFFE,T0,,,,,
CAN-SG80C3NFFE,T1,,,,,
CAN-NDM3PDMATM,T0,,,,,
CAN-NDM3PDMATM,T1,,,,,
CAN-3FUUAVZOP3,T0,,,,,
CAN-3FUUAVZOP3,T1,,,,,
CAN-0BTUYF8PCU,T0,,,,,
CAN-0BTUYF8PCU,T1,,,,,
CAN-BNL8UVI681,T0,,,,,
CAN-BNL8UVI681,T1,,,,,
CAN-OFIH7BU5LX,T0,,,,,
CAN-OFIH7BU5LX,T1,,,,,
CAN-KBAKC4EA2A,T0,,,,,
CAN-KBAKC4EA2A,T1,,,,,
CAN-MAVWUMV8NM,T0,,,,,
CAN-MAVWUMV8NM,T1,,,,,
CAN-XZ1NJVEBO5,T0,,,,,
CAN-XZ1NJVEBO5,T1,,,,,
CAN-FL8RECEMR1,T0,,,,,
CAN-FL8RECEMR1,T1,,,,,
CAN-8A10WUR1EW,T0,,,,,
CAN-8A10WUR1EW,T1,,,,,
CAN-GQD4ECTPTP,T0,,,,,
CAN-GQD4ECTPTP,T1,,,,,
CAN-VE34Z4MX12,T0,,,,,
CAN-VE34Z4MX12,T1,,,,,
CAN-NMVI10KX5G,T0,,,,,
CAN-NMVI10KX5G,T1,,,,,
CAN-804M3PJPAL,T0,,,,,
CAN-804M3PJPAL,T1,,,,,
CAN-BLSNXX6YL2,T0,,,,,
CAN-BLSNXX6YL2,T1,,,,,
CAN-7NAKEN1HF2,T0,,,,,
CAN-7NAKEN1HF2,T1,,,,,
CAN-BMLXJIAWXV,T0,,,,,
CAN-BMLXJIAWXV,T1,,,,,
CAN-D6DE4RIBPB,T0,,,,,
CAN-D6DE4RIBPB,T1,,,,,
CAN-KWA73FF8U9,T0,,,,,
CAN-KWA73FF8U9,T1,,,,,
CAN-D9Y0VJJ6VW,T0,,,,,
CAN-D9Y0VJJ6VW,T1,,,,,
CAN-O2B6CG7Q7Q,T0,,,,,
CAN-O2B6CG7Q7Q,T1,,,,,
CAN-YSRP634A95,T0,,,,,
CAN-YSRP634A95,T1,,,,,
CAN-EVLAJKXW0Y,T0,,,,,
CAN-EVLAJKXW0Y,T1,,,,,
CAN-QA9IL65TV6,T0,,,,,
CAN-QA9IL65TV6,T1,,,,,
CAN-AGE5OR3ALP,T0,,,,,
CAN-AGE5OR3ALP,T1,,,,,
CAN-8XPA6WUQIT,T0,,,,,
CAN-8XPA6WUQIT,T1,,,,,
CAN-HHRK68D0KI,T0,,,,,
CAN-HHRK68D0KI,T1,,,,,
CAN-TKKAHGIBBD,T0,,,,,
CAN-TKKAHGIBBD,T1,,,,,
CAN-WF3WQ4KB45,T0,,,,,
CAN-WF3WQ4KB45,T1,,,,,
CAN-SK35DK05O8,T0,,,,,
CAN-SK35DK05O8,T1,,,,,
CAN-02U0ML72SN,T0,,,,,
CAN-02U0ML72SN,T1,,,,,
CAN-J38R2RZ9ZG,T0,,,,,
CAN-J38R2RZ9ZG,T1,,,,,
CAN-HR5LSMPZL5,T0,,,,,
CAN-HR5LSMPZL5,T1,,,,,
CAN-1ZS1BZI6T1,T0,,,,,
CAN-1ZS1BZI6T1,T1,,,,,
CAN-CD6POV5M6B,T0,,,,,
CAN-CD6POV5M6B,T1,,,,,
CAN-0BEG9SW2FJ,T0,,,,,
CAN-0BEG9SW2FJ,T1,,,,,
CAN-3ENWIFFY95,T0,,,,,
CAN-3ENWIFFY95,T1,,,,,
CAN-8VBDPU2QVJ,T0,,,,,
CAN-8VBDPU2QVJ,T1,,,,,
CAN-FDSG28J8IK,T0,,,,,
CAN-FDSG28J8IK,T1,,,,,
CAN-OKX4XZKSDC,T0,,,,,
CAN-OKX4XZKSDC,T1,,,,,
CAN-PALCRU4499,T0,,,,,
CAN-PALCRU4499,T1,,,,,
CAN-0FSP39ARQS,T0,,,,,
CAN-0FSP39ARQS,T1,,,,,
CAN-UD1HBF4HN5,T0,,,,,
CAN-UD1HBF4HN5,T1,,,,,
CAN-CAW0RHFXOY,T0,,,,,
CAN-CAW0RHFXOY,T1,,,,,
CAN-LP1XXXASYX,T0,,,,,
CAN-LP1XXXASYX,T1,,,,,
CAN-X5U0LD8IB8,T0,,,,,
CAN-X5U0LD8IB8,T1,,,,,
CAN-R28PODNGQ5,T0,,,,,
CAN-R28PODNGQ5,T1,,,,,
CAN-B2LOZF0SEZ,T0,,,,,
CAN-B2LOZF0SEZ,T1,,,,,
CAN-76THSHMMZI,T0,,,,,
CAN-76THSHMMZI,T1,,,,,
CAN-C8A6ZPOGBC,T0,,,,,
CAN-C8A6ZPOGBC,T1,,,,,
CAN-GM3GJ64B3F,T0,,,,,
CAN-GM3GJ64B3F,T1,,,,,
CAN-DXKVQLJG3V,T0,,,,,
CAN-DXKVQLJG3V,T1,,,,,
CAN-U761DDPC9M,T0,,,,,
CAN-U761DDPC9M,T1,,,,,
CAN-Y5C7X66FZX,T0,,,,,
CAN-Y5C7X66FZX,T1,,,,,
CAN-7WXEX0IRCW,T0,,,,,
CAN-7WXEX0IRCW,T1,,,,,
CAN-BXA2VW9V1X,T0,,,,,
CAN-BXA2VW9V1X,T1,,,,,
CAN-ZNRCW4ZLE0,T0,,,,,
CAN-ZNRCW4ZLE0,T1,,,,,
CAN-1CAC5XRWBO,T0,,,,,
CAN-1CAC5XRWBO,T1,,,,,
CAN-717GMSVISM,T0,,,,,
CAN-717GMSVISM,T1,,,,,
CAN-LPCJWPG47P,T0,,,,,
CAN-LPCJWPG47P,T1,,,,,
CAN-R59D8GNWOE,T0,,,,,
CAN-R59D8GNWOE,T1,,,,,
CAN-6UTT5R6N78,T0,,,,,
CAN-6UTT5R6N78,T1,,,,,
CAN-CV51ARYEGU,T0,,,,,
CAN-CV51ARYEGU,T1,,,,,
CAN-09O4XO0HE4,T0,,,,,
CAN-09O4XO0HE4,T1,,,,,
CAN-Q7YYRTEBKH,T0,,,,,
CAN-Q7YYRTEBKH,T1,,,,,
CAN-C5KTDXA3A8,T0,,,,,
CAN-C5KTDXA3A8,T1,,,,,
CAN-CHEKYQ4TYR,T0,,,,,
CAN-CHEKYQ4TYR,T1,,,,,
CAN-8YK3ZVXCDC,T0,,,,,
CAN-8YK3ZVXCDC,T1,,,,,
CAN-LFPLXLORND,T0,,,,,
CAN-LFPLXLORND,T1,,,,,
CAN-WWINA8WLQA,T0,,,,,
CAN-WWINA8WLQA,T1,,,,,
CAN-CHTHPFU4M1,T0,,,,,
CAN-CHTHPFU4M1,T1,,,,,
CAN-M560YNHLK9,T0,,,,,
CAN-M560YNHLK9,T1,,,,,
CAN-1X8R7NH6IO,T0,,,,,
CAN-1X8R7NH6IO,T1,,,,,
CAN-S5XSU9S2TY,T0,,,,,
CAN-S5XSU9S2TY,T1,,,,,
CAN-T0577MIYSG,T0,,,,,
CAN-T0577MIYSG,T1,,,,,
CAN-4O434V2WXQ,T0,,,,,
CAN-4O434V2WXQ,T1,,,,,
CAN-7C62HKJWTZ,T0,,,,,
CAN-7C62HKJWTZ,T1,,,,,
CAN-WLXMNFT5B4,T0,,,,,
CAN-WLXMNFT5B4,T1,,,,,
CAN-UO1S6TF75F,T0,,,,,
CAN-UO1S6TF75F,T1,,,,,
CAN-N76RQECA0L,T0,,,,,
CAN-N76RQECA0L,T1,,,,,
CAN-EZLH6J4D5W,T0,,,,,
CAN-EZLH6J4D5W,T1,,,,,
CAN-S6AP255DGV,T0,,,,,
CAN-S6AP255DGV,T1,,,,,
CAN-4Q6Q5104TC,T0,,,,,
CAN-4Q6Q5104TC,T1,,,,,
CAN-LBFMDNYDZP,T0,,,,,
CAN-LBFMDNYDZP,T1,,,,,
CAN-HOXW72L6WU,T0,,,,,
CAN-HOXW72L6WU,T1,,,,,
CAN-8H4RF27AXF,T0,,,,,
CAN-8H4RF27AXF,T1,,,,,
CAN-63Z2JHSEAF,T0,,,,,
CAN-63Z2JHSEAF,T1,,,,,
CAN-HZ9PQU9LY3,T0,,,,,
CAN-HZ9PQU9LY3,T1,,,,,
CAN-H46T3T8FGO,T0,,,,,
CAN-H46T3T8FGO,T1,,,,,
CAN-9UUBHA4GI3,T0,,,,,
CAN-9UUBHA4GI3,T1,,,,,
CAN-Q13X4JFX9C,T0,,,,,
CAN-Q13X4JFX9C,T1,,,,,
CAN-2J13022SMA,T0,,,,,
CAN-2J13022SMA,T1,,,,,
CAN-A2OQ2O57VC,T0,,,,,
CAN-A2OQ2O57VC,T1,,,,,
CAN-ACMLFKYPWE,T0,,,,,
CAN-ACMLFKYPWE,T1,,,,,
CAN-B8S4MD598O,T0,,,,,
CAN-B8S4MD598O,T1,,,,,
CAN-GCL6NU6BAL,T0,,,,,
CAN-GCL6NU6BAL,T1,,,,,
CAN-S3MG5B3WOL,T0,,,,,
CAN-S3MG5B3WOL,T1,,,,,
CAN-M74Y5MKIRQ,T0,,,,,
CAN-M74Y5MKIRQ,T1,,,,,
CAN-E2Y7QNR516,T0,,,,,
CAN-E2Y7QNR516,T1,,,,,
CAN-9HVC75LVSJ,T0,,,,,
CAN-9HVC75LVSJ,T1,,,,,
CAN-YOP4YGCYNW,T0,,,,,
CAN-YOP4YGCYNW,T1,,,,,
CAN-7B1IIWLLQC,T0,,,,,
CAN-7B1IIWLLQC,T1,,,,,
CAN-61VAL41PGI,T0,,,,,
CAN-61VAL41PGI,T1,,,,,
CAN-95VNWFVV26,T0,,,,,
CAN-95VNWFVV26,T1,,,,,
CAN-X13I9H83NU,T0,,,,,
CAN-X13I9H83NU,T1,,,,,
CAN-G4STYK9Z80,T0,,,,,
CAN-G4STYK9Z80,T1,,,,,
CAN-SNHV4C37CR,T0,,,,,
CAN-SNHV4C37CR,T1,,,,,
CAN-0ZYO7VHJ38,T0,,,,,
CAN-0ZYO7VHJ38,T1,,,,,
CAN-5DJOT3MF4Z,T0,,,,,
CAN-5DJOT3MF4Z,T1,,,,,
CAN-WRB1VF94U7,T0,,,,,
CAN-WRB1VF94U7,T1,,,,,
CAN-DMDINGPAYC,T0,,,,,
CAN-DMDINGPAYC,T1,,,,,
CAN-TAUCKEN1IQ,T0,,,,,
CAN-TAUCKEN1IQ,T1,,,,,
CAN-23R8EY04FG,T0,,,,,
CAN-23R8EY04FG,T1,,,,,
CAN-J2N0V23ISE,T0,,,,,
CAN-J2N0V23ISE,T1,,,,,
CAN-7EKHA77NI9,T0,,,,,
CAN-7EKHA77NI9,T1,,,,,
CAN-913GLU7NP7,T0,,,,,
CAN-913GLU7NP7,T1,,,,,
CAN-TK3VT5PJ5T,T0,,,,,
CAN-TK3VT5PJ5T,T1,,,,,
CAN-FBJ909A402,T0,,,,,
CAN-FBJ909A402,T1,,,,,
CAN-7EDSAZSSO7,T0,,,,,
CAN-7EDSAZSSO7,T1,,,,,
CAN-PKCU0BF096,T0,,,,,
CAN-PKCU0BF096,T1,,,,,
CAN-0OMSZ4BRTA,T0,,,,,
CAN-0OMSZ4BRTA,T1,,,,,
CAN-ZFR92NSD62,T0,,,,,
CAN-ZFR92NSD62,T1,,,,,
CAN-GYBTGJPL21,T0,,,,,
CAN-GYBTGJPL21,T1,,,,,
CAN-APXVYOAUV4,T0,,,,,
CAN-APXVYOAUV4,T1,,,,,
CAN-3HJJPZDZY0,T0,,,,,
CAN-3HJJPZDZY0,T1,,,,,
CAN-61FWH0FVXS,T0,,,,,
CAN-61FWH0FVXS,T1,,,,,
CAN-6PJXM6RRO8,T0,,,,,
CAN-6PJXM6RRO8,T1,,,,,
CAN-ODZW56QS1Y,T0,,,,,
CAN-ODZW56QS1Y,T1,,,,,
CAN-1U7WXEEBGP,T0,,,,,
CAN-1U7WXEEBGP,T1,,,,,
CAN-0IM4FTR3I2,T0,,,,,
CAN-0IM4FTR3I2,T1,,,,,
CAN-9TAIPXIH08,T0,,,,,
CAN-9TAIPXIH08,T1,,,,,
CAN-W1RUMBL2TA,T0,,,,,
CAN-W1RUMBL2TA,T1,,,,,
CAN-1D3CMD7OK3,T0,,,,,
CAN-1D3CMD7OK3,T1,,,,,
CAN-KG3AP5H6WJ,T0,,,,,
CAN-KG3AP5H6WJ,T1,,,,,
CAN-UXFO101MSB,T0,,,,,
CAN-UXFO101MSB,T1,,,,,
CAN-RJUMMFKTBH,T0,,,,,
CAN-RJUMMFKTBH,T1,,,,,
CAN-RSAGRRSRCU,T0,,,,,
CAN-RSAGRRSRCU,T1,,,,,
CAN-DL39346TQJ,T0,,,,,
CAN-DL39346TQJ,T1,,,,,
CAN-Q7BCQ6EPGF,T0,,,,,
CAN-Q7BCQ6EPGF,T1,,,,,
CAN-JHAJ4QBO96,T0,,,,,
CAN-JHAJ4QBO96,T1,,,,,
CAN-OGS207J3VW,T0,,,,,
CAN-OGS207J3VW,T1,,,,,
CAN-CYGE8E8WAA,T0,,,,,
CAN-CYGE8E8WAA,T1,,,,,
CAN-6QDPSBRK6Y,T0,,,,,
CAN-6QDPSBRK6Y,T1,,,,,
CAN-FK7919UOLP,T0,,,,,
CAN-FK7919UOLP,T1,,,,,
CAN-2RVJID8UJ4,T0,,,,,
CAN-2RVJID8UJ4,T1,,,,,
CAN-M1Y0XK2F78,T0,,,,,
CAN-M1Y0XK2F78,T1,,,,,
CAN-9NQUQNU8B4,T0,,,,,
CAN-9NQUQNU8B4,T1,,,,,
CAN-Q21V9RJJLI,T0,,,,,
CAN-Q21V9RJJLI,T1,,,,,
CAN-4CQSW8OR4M,T0,,,,,
CAN-4CQSW8OR4M,T1,,,,,
CAN-5187H7G9S8,T0,,,,,
CAN-5187H7G9S8,T1,,,,,
CAN-DRBC281CDG,T0,,,,,
CAN-DRBC281CDG,T1,,,,,
CAN-39DKBDRX81,T0,,,,,
CAN-39DKBDRX81,T1,,,,,
CAN-75YWHLHCFB,T0,,,,,
CAN-75YWHLHCFB,T1,,,,,
CAN-HDJ7FTX7Y0,T0,,,,,
CAN-HDJ7FTX7Y0,T1,,,,,
CAN-GQF657UU2Z,T0,,,,,
CAN-GQF657UU2Z,T1,,,,,
CAN-X6WK1EK5V0,T0,,,,,
CAN-X6WK1EK5V0,T1,,,,,
CAN-8AJK7QHGYP,T0,,,,,
CAN-8AJK7QHGYP,T1,,,,,
CAN-WHQRSADLDN,T0,,,,,
CAN-WHQRSADLDN,T1,,,,,
CAN-KN173L8LFZ,T0,,,,,
CAN-KN173L8LFZ,T1,,,,,
CAN-XYLYF3IBG0,T0,,,,,
CAN-XYLYF3IBG0,T1,,,,,
CAN-O7LXBO7BV7,T0,,,,,
CAN-O7LXBO7BV7,T1,,,,,
CAN-2VWVHAAWUR,T0,,,,,
CAN-2VWVHAAWUR,T1,,,,,
CAN-G3WOCLZKGX,T0,,,,,
CAN-G3WOCLZKGX,T1,,,,,
CAN-MJJ9ANIVLV,T0,,,,,
CAN-MJJ9ANIVLV,T1,,,,,
CAN-Q4NOKJ4YMN,T0,,,,,
CAN-Q4NOKJ4YMN,T1,,,,,
CAN-N1HPJGR09T,T0,,,,,
CAN-N1HPJGR09T,T1,,,,,
CAN-VJW9OCKBE2,T0,,,,,
CAN-VJW9OCKBE2,T1,,,,,
CAN-3XRYIC737Y,T0,,,,,
CAN-3XRYIC737Y,T1,,,,,
CAN-SOWZPGEAZY,T0,,,,,
CAN-SOWZPGEAZY,T1,,,,,
CAN-WQZEKU1PBN,T0,,,,,
CAN-WQZEKU1PBN,T1,,,,,
CAN-224CYGA3SE,T0,,,,,
CAN-224CYGA3SE,T1,,,,,
CAN-HXHB235WJH,T0,,,,,
CAN-HXHB235WJH,T1,,,,,
CAN-KMTOM87AUR,T0,,,,,
CAN-KMTOM87AUR,T1,,,,,
CAN-SURYGYPU77,T0,,,,,
CAN-SURYGYPU77,T1,,,,,
CAN-LZ54BSK3KU,T0,,,,,
CAN-LZ54BSK3KU,T1,,,,,
CAN-ZS8L9PQQGH,T0,,,,,
CAN-ZS8L9PQQGH,T1,,,,,
CAN-FDI0GD2SRY,T0,,,,,
CAN-FDI0GD2SRY,T1,,,,,
CAN-KP1SCD1FKP,T0,,,,,
CAN-KP1SCD1FKP,T1,,,,,
CAN-GZYAEP8PCK,T0,,,,,
CAN-GZYAEP8PCK,T1,,,,,
CAN-TY89O0PJY3,T0,,,,,
CAN-TY89O0PJY3,T1,,,,,
CAN-2E4NOE5RMV,T0,,,,,
CAN-2E4NOE5RMV,T1,,,,,
CAN-QUK2UCJ5SC,T0,,,,,
CAN-QUK2UCJ5SC,T1,,,,,
CAN-S6D0KF4M62,T0,,,,,
CAN-S6D0KF4M62,T1,,,,,
CAN-30L6Q7VO03,T0,,,,,
CAN-30L6Q7VO03,T1,,,,,
CAN-PGWAF76857,T0,,,,,
CAN-PGWAF76857,T1,,,,,
CAN-C0ZHP13XCE,T0,,,,,
CAN-C0ZHP13XCE,T1,,,,,
CAN-8A9SCP7EN4,T0,,,,,
CAN-8A9SCP7EN4,T1,,,,,
CAN-918ID4VG5O,T0,,,,,
CAN-918ID4VG5O,T1,,,,,
CAN-BNZPF3F0B4,T0,,,,,
CAN-BNZPF3F0B4,T1,,,,,
CAN-9VTJR1XPR2,T0,,,,,
CAN-9VTJR1XPR2,T1,,,,,
CAN-QI93QZ5BGX,T0,,,,,
CAN-QI93QZ5BGX,T1,,,,,
CAN-MZCNHVIHD4,T0,,,,,
CAN-MZCNHVIHD4,T1,,,,,
CAN-YNM7X67HKE,T0,,,,,
CAN-YNM7X67HKE,T1,,,,,
CAN-1G1GQWQHKW,T0,,,,,
CAN-1G1GQWQHKW,T1,,,,,
CAN-HYSYSJQSIV,T0,,,,,
CAN-HYSYSJQSIV,T1,,,,,
CAN-F4EFE3PZ8W,T0,,,,,
CAN-F4EFE3PZ8W,T1,,,,,
CAN-5NC4EE2RKE,T0,,,,,
CAN-5NC4EE2RKE,T1,,,,,
CAN-JPAOYTP9DH,T0,,,,,
CAN-JPAOYTP9DH,T1,,,,,
CAN-9VA3BEHUWJ,T0,,,,,
CAN-9VA3BEHUWJ,T1,,,,,
CAN-96UYBJ44A8,T0,,,,,
CAN-96UYBJ44A8,T1,,,,,
CAN-YR88SKTGNG,T0,,,,,
CAN-YR88SKTGNG,T1,,,,,
CAN-URQUFYC412,T0,,,,,
CAN-URQUFYC412,T1,,,,,
CAN-R6K1OAWQXX,T0,,,,,
CAN-R6K1OAWQXX,T1,,,,,
CAN-SMHOAT44T6,T0,,,,,
CAN-SMHOAT44T6,T1,,,,,
CAN-YW2RERFEI5,T0,,,,,
CAN-YW2RERFEI5,T1,,,,,
CAN-Q1GKAT78VN,T0,,,,,
CAN-Q1GKAT78VN,T1,,,,,
CAN-XJ0ETDNW4D,T0,,,,,
CAN-XJ0ETDNW4D,T1,,,,,
CAN-7NFKGKQWGT,T0,,,,,
CAN-7NFKGKQWGT,T1,,,,,
CAN-QEFFPZMDKM,T0,,,,,
CAN-QEFFPZMDKM,T1,,,,,
CAN-WT9S4F77RI,T0,,,,,
CAN-WT9S4F77RI,T1,,,,,
CAN-979FB70OWM,T0,,,,,
CAN-979FB70OWM,T1,,,,,
CAN-J046F21J25,T0,,,,,
CAN-J046F21J25,T1,,,,,
CAN-TLVR8Y2L8B,T0,,,,,
CAN-TLVR8Y2L8B,T1,,,,,
CAN-Z7DTNNTRZA,T0,,,,,
CAN-Z7DTNNTRZA,T1,,,,,
CAN-DZPUV80XUF,T0,,,,,
CAN-DZPUV80XUF,T1,,,,,
CAN-IE79M2WS6E,T0,,,,,
CAN-IE79M2WS6E,T1,,,,,
CAN-ZDMX47870D,T0,,,,,
CAN-ZDMX47870D,T1,,,,,
CAN-PQ7VB073VQ,T0,,,,,
CAN-PQ7VB073VQ,T1,,,,,
CAN-C49I987GLP,T0,,,,,
CAN-C49I987GLP,T1,,,,,
CAN-AFCXOCTCWQ,T0,,,,,
CAN-AFCXOCTCWQ,T1,,,,,
CAN-ROJYMZEK4B,T0,,,,,
CAN-ROJYMZEK4B,T1,,,,,
CAN-GL9B088HOB,T0,,,,,
CAN-GL9B088HOB,T1,,,,,
CAN-T1UD06X80R,T0,,,,,
CAN-T1UD06X80R,T1,,,,,
CAN-XSVWPCK3UR,T0,,,,,
CAN-XSVWPCK3UR,T1,,,,,
CAN-0WO0VMSEUC,T0,,,,,
CAN-0WO0VMSEUC,T1,,,,,
CAN-SPU4MJOQTM,T0,,,,,
CAN-SPU4MJOQTM,T1,,,,,
CAN-MB76CJQP8F,T0,,,,,
CAN-MB76CJQP8F,T1,,,,,
CAN-36QAYDXFSL,T0,,,,,
CAN-36QAYDXFSL,T1,,,,,
CAN-O5YSO27SVZ,T0,,,,,
CAN-O5YSO27SVZ,T1,,,,,
CAN-KF9X8A0L79,T0,,,,,
CAN-KF9X8A0L79,T1,,,,,
CAN-LZWH724ITE,T0,,,,,
CAN-LZWH724ITE,T1,,,,,
CAN-AH7GJOO13J,T0,,,,,
CAN-AH7GJOO13J,T1,,,,,
CAN-8RJBIC0M8B,T0,,,,,
CAN-8RJBIC0M8B,T1,,,,,
CAN-LJX9268Q2E,T0,,,,,
CAN-LJX9268Q2E,T1,,,,,
CAN-DUOD6SB44V,T0,,,,,
CAN-DUOD6SB44V,T1,,,,,
CAN-3J7VMXFCM5,T0,,,,,
CAN-3J7VMXFCM5,T1,,,,,
CAN-IJYL3UOJPH,T0,,,,,
CAN-IJYL3UOJPH,T1,,,,,
CAN-6M94S05NW2,T0,,,,,
CAN-6M94S05NW2,T1,,,,,
CAN-5DM6J53LWA,T0,,,,,
CAN-5DM6J53LWA,T1,,,,,
CAN-40AK6CSHQB,T0,,,,,
CAN-40AK6CSHQB,T1,,,,,
CAN-243AUUB6YN,T0,,,,,
CAN-243AUUB6YN,T1,,,,,
CAN-J83AQR9SBP,T0,,,,,
CAN-J83AQR9SBP,T1,,,,,
CAN-D7X2QJV1VB,T0,,,,,
CAN-D7X2QJV1VB,T1,,,,,
CAN-9KMQ9E4X76,T0,,,,,
CAN-9KMQ9E4X76,T1,,,,,
CAN-XK8ZY54ZY0,T0,,,,,
CAN-XK8ZY54ZY0,T1,,,,,
CAN-I6ADVUALPU,T0,,,,,
CAN-I6ADVUALPU,T1,,,,,
CAN-MOYX3ZH9CP,T0,,,,,
CAN-MOYX3ZH9CP,T1,,,,,
CAN-2TK5SSS515,T0,,,,,
CAN-2TK5SSS515,T1,,,,,
CAN-P73ZA64LFT,T0,,,,,
CAN-P73ZA64LFT,T1,,,,,
CAN-Y0JF7GYOXF,T0,,,,,
CAN-Y0JF7GYOXF,T1,,,,,
CAN-1DBTBXYPQV,T0,,,,,
CAN-1DBTBXYPQV,T1,,,,,
CAN-NEGZWXWDQW,T0,,,,,
CAN-NEGZWXWDQW,T1,,,,,
CAN-YES0A7YJMF,T0,,,,,
CAN-YES0A7YJMF,T1,,,,,
CAN-UKG5ONV388,T0,,,,,
CAN-UKG5ONV388,T1,,,,,
CAN-1V2DP6AFUM,T0,,,,,
CAN-1V2DP6AFUM,T1,,,,,
CAN-X434TZW7EO,T0,,,,,
CAN-X434TZW7EO,T1,,,,,
CAN-EKE0RRP8DB,T0,,,,,
CAN-EKE0RRP8DB,T1,,,,,
CAN-BCJW89VFKE,T0,,,,,
CAN-BCJW89VFKE,T1,,,,,
CAN-KJ7OGVQTCZ,T0,,,,,
CAN-KJ7OGVQTCZ,T1,,,,,
CAN-R5N72GGMQX,T0,,,,,
CAN-R5N72GGMQX,T1,,,,,
CAN-J60Z2DID9E,T0,,,,,
CAN-J60Z2DID9E,T1,,,,,
CAN-SJ6MOX8OAU,T0,,,,,
CAN-SJ6MOX8OAU,T1,,,,,
CAN-4XGVE1GMW6,T0,,,,,
CAN-4XGVE1GMW6,T1,,,,,
CAN-60NVW1L1LG,T0,,,,,
CAN-60NVW1L1LG,T1,,,,,
CAN-XX52P6524N,T0,,,,,
CAN-XX52P6524N,T1,,,,,
CAN-3NGAVCZ7OM,T0,,,,,
CAN-3NGAVCZ7OM,T1,,,,,
CAN-WBWMXC49UE,T0,,,,,
CAN-WBWMXC49UE,T1,,,,,
CAN-BIV784SAOU,T0,,,,,
CAN-BIV784SAOU,T1,,,,,
CAN-MS75246EN8,T0,,,,,
CAN-MS75246EN8,T1,,,,,
CAN-77U35P98QK,T0,,,,,
CAN-77U35P98QK,T1,,,,,
CAN-F69JAWB2WD,T0,,,,,
CAN-F69JAWB2WD,T1,,,,,
CAN-W1X4L8US0Q,T0,,,,,
CAN-W1X4L8US0Q,T1,,,,,
CAN-QG37C0ZAWR,T0,,,,,
CAN-QG37C0ZAWR,T1,,,,,
CAN-KBNRY7AM6A,T0,,,,,
CAN-KBNRY7AM6A,T1,,,,,
CAN-QSKWTOM11J,T0,,,,,
CAN-QSKWTOM11J,T1,,,,,
CAN-Z0N2SPTZLG,T0,,,,,
CAN-Z0N2SPTZLG,T1,,,,,
CAN-SLM96LS6L0,T0,,,,,
CAN-SLM96LS6L0,T1,,,,,
CAN-GP3R1BKFVB,T0,,,,,
CAN-GP3R1BKFVB,T1,,,,,
CAN-OCBRA1Z55P,T0,,,,,
CAN-OCBRA1Z55P,T1,,,,,
CAN-AGCBPTVRRX,T0,,,,,
CAN-AGCBPTVRRX,T1,,,,,
CAN-J39NE4TVLT,T0,,,,,
CAN-J39NE4TVLT,T1,,,,,
CAN-64XFO3D515,T0,,,,,
CAN-64XFO3D515,T1,,,,,
CAN-GKSJXIMF6V,T0,,,,,
CAN-GKSJXIMF6V,T1,,,,,
CAN-MGCSHHDB73,T0,,,,,
CAN-MGCSHHDB73,T1,,,,,
CAN-HDVTDFP6H0,T0,,,,,
CAN-HDVTDFP6H0,T1,,,,,
CAN-K4FZA2SAUC,T0,,,,,
CAN-K4FZA2SAUC,T1,,,,,
CAN-85RE0CTJZ5,T0,,,,,
CAN-85RE0CTJZ5,T1,,,,,
CAN-P7TREID04N,T0,,,,,
CAN-P7TREID04N,T1,,,,,
CAN-7R8W91LI6C,T0,,,,,
CAN-7R8W91LI6C,T1,,,,,
CAN-YFPHHBE4QW,T0,,,,,
CAN-YFPHHBE4QW,T1,,,,,
CAN-OIOBY31775,T0,,,,,
CAN-OIOBY31775,T1,,,,,
CAN-F91AYRTC79,T0,,,,,
CAN-F91AYRTC79,T1,,,,,
CAN-L25XYC5LOC,T0,,,,,
CAN-L25XYC5LOC,T1,,,,,
CAN-O304RUP2SH,T0,,,,,
CAN-O304RUP2SH,T1,,,,,
CAN-E81X8AWSI0,T0,,,,,
CAN-E81X8AWSI0,T1,,,,,
CAN-F43SU6NXS1,T0,,,,,
CAN-F43SU6NXS1,T1,,,,,
CAN-W8YUESLOIH,T0,,,,,
CAN-W8YUESLOIH,T1,,,,,
CAN-B7JR1M0RFY,T0,,,,,
CAN-B7JR1M0RFY,T1,,,,,
CAN-FAPI9RDT4F,T0,,,,,
CAN-FAPI9RDT4F,T1,,,,,
CAN-6A28ZWC8EZ,T0,,,,,
CAN-6A28ZWC8EZ,T1,,,,,
CAN-87RHSWMJA1,T0,,,,,
CAN-87RHSWMJA1,T1,,,,,
CAN-O42PCWCBC3,T0,,,,,
CAN-O42PCWCBC3,T1,,,,,
CAN-C2CTXOCJIX,T0,,,,,
CAN-C2CTXOCJIX,T1,,,,,
CAN-WOZJEIRFTO,T0,,,,,
CAN-WOZJEIRFTO,T1,,,,,
CAN-3ROAFXXAJF,T0,,,,,
CAN-3ROAFXXAJF,T1,,,,,
CAN-CUQN5YJ0OA,T0,,,,,
CAN-CUQN5YJ0OA,T1,,,,,
CAN-SENL44LEIT,T0,,,,,
CAN-SENL44LEIT,T1,,,,,
CAN-Q1TIVR2XRL,T0,,,,,
CAN-Q1TIVR2XRL,T1,,,,,
CAN-WAWH8BLR5K,T0,,,,,
CAN-WAWH8BLR5K,T1,,,,,
CAN-Y0A5VOBUIG,T0,,,,,
CAN-Y0A5VOBUIG,T1,,,,,
CAN-LWP2ZJ20QE,T0,,,,,
CAN-LWP2ZJ20QE,T1,,,,,
CAN-A6RB17U22K,T0,,,,,
CAN-A6RB17U22K,T1,,,,,
CAN-9VA9V9GB4Y,T0,,,,,
CAN-9VA9V9GB4Y,T1,,,,,
CAN-ZUC41D21E3,T0,,,,,
CAN-ZUC41D21E3,T1,,,,,
CAN-0C6P9PX804,T0,,,,,
CAN-0C6P9PX804,T1,,,,,
CAN-A0DJD7I16Q,T0,,,,,
CAN-A0DJD7I16Q,T1,,,,,
CAN-HQ48H4B1VU,T0,,,,,
CAN-HQ48H4B1VU,T1,,,,,
CAN-86ZTM8WPF5,T0,,,,,
CAN-86ZTM8WPF5,T1,,,,,
CAN-HMZDFVOEOD,T0,,,,,
CAN-HMZDFVOEOD,T1,,,,,
CAN-HJ68ZSV20D,T0,,,,,
CAN-HJ68ZSV20D,T1,,,,,
CAN-15UTLH0I8E,T0,,,,,
CAN-15UTLH0I8E,T1,,,,,
CAN-A9EU43PP41,T0,,,,,
CAN-A9EU43PP41,T1,,,,,
CAN-OG2TIEA3AS,T0,,,,,
CAN-OG2TIEA3AS,T1,,,,,
CAN-C6V2UNRSE2,T0,,,,,
CAN-C6V2UNRSE2,T1,,,,,
CAN-ARR9V5K47U,T0,,,,,
CAN-ARR9V5K47U,T1,,,,,
CAN-UYEJNPO694,T0,,,,,
CAN-UYEJNPO694,T1,,,,,
CAN-NMB5EZHJ18,T0,,,,,
CAN-NMB5EZHJ18,T1,,,,,
CAN-DXZWNEDREM,T0,,,,,
CAN-DXZWNEDREM,T1,,,,,
CAN-IGE9WA3RCK,T0,,,,,
CAN-IGE9WA3RCK,T1,,,,,
CAN-AX8X8VO9JH,T0,,,,,
CAN-AX8X8VO9JH,T1,,,,,
CAN-BHI8NOYCA9,T0,,,,,
CAN-BHI8NOYCA9,T1,,,,,
CAN-UZUU8EC7YC,T0,,,,,
CAN-UZUU8EC7YC,T1,,,,,
CAN-MXJ714K67N,T0,,,,,
CAN-MXJ714K67N,T1,,,,,
CAN-0JA7J7G8SJ,T0,,,,,
CAN-0JA7J7G8SJ,T1,,,,,
CAN-4TUFO406AL,T0,,,,,
CAN-4TUFO406AL,T1,,,,,
CAN-5QC6WK5UHR,T0,,,,,
CAN-5QC6WK5UHR,T1,,,,,
CAN-E3XW0S3SEO,T0,,,,,
CAN-E3XW0S3SEO,T1,,,,,
CAN-R40JHW4ASP,T0,,,,,
CAN-R40JHW4ASP,T1,,,,,
CAN-U3Y2RJCIA5,T0,,,,,
CAN-U3Y2RJCIA5,T1,,,,,
CAN-8F9DNTGGHO,T0,,,,,
CAN-8F9DNTGGHO,T1,,,,,
CAN-NVQ9BYM63X,T0,,,,,
CAN-NVQ9BYM63X,T1,,,,,
CAN-QFYCIE5JUE,T0,,,,,
CAN-QFYCIE5JUE,T1,,,,,
CAN-328OO3YR6S,T0,,,,,
CAN-328OO3YR6S,T1,,,,,
CAN-7X88DUFZ7I,T0,,,,,
CAN-7X88DUFZ7I,T1,,,,,
CAN-V5YRJX64J3,T0,,,,,
CAN-V5YRJX64J3,T1,,,,,
CAN-RQK7LQ6MY6,T0,,,,,
CAN-RQK7LQ6MY6,T1,,,,,
CAN-P2IVFACTOD,T0,,,,,
CAN-P2IVFACTOD,T1,,,,,
CAN-2CUAYNZGSZ,T0,,,,,
CAN-2CUAYNZGSZ,T1,,,,,
CAN-9LIW9RWMX4,T0,,,,,
CAN-9LIW9RWMX4,T1,,,,,
CAN-2YV6E221CB,T0,,,,,
CAN-2YV6E221CB,T1,,,,,
CAN-Q2YCVH4BL2,T0,,,,,
CAN-Q2YCVH4BL2,T1,,,,,
CAN-BD961AWJB0,T0,,,,,
CAN-BD961AWJB0,T1,,,,,
CAN-FELCLXUUWV,T0,,,,,
CAN-FELCLXUUWV,T1,,,,,
CAN-3BRZ15T3WC,T0,,,,,
CAN-3BRZ15T3WC,T1,,,,,
CAN-ANU5C4I53L,T0,,,,,
CAN-ANU5C4I53L,T1,,,,,
CAN-UWOG8Q1NVL,T0,,,,,
CAN-UWOG8Q1NVL,T1,,,,,
CAN-EYZDJXGVIA,T0,,,,,
CAN-EYZDJXGVIA,T1,,,,,
CAN-77RN994PJJ,T0,,,,,
CAN-77RN994PJJ,T1,,,,,
CAN-1B3BZE2J3S,T0,,,,,
CAN-1B3BZE2J3S,T1,,,,,
CAN-ADOF3P33HR,T0,,,,,
CAN-ADOF3P33HR,T1,,,,,
CAN-O3GESMU74Q,T0,,,,,
CAN-O3GESMU74Q,T1,,,,,
CAN-93XG9GKNPO,T0,,,,,
CAN-93XG9GKNPO,T1,,,,,
CAN-GRVEPW7LMW,T0,,,,,
CAN-GRVEPW7LMW,T1,,,,,
CAN-NOUXNFF93E,T0,,,,,
CAN-NOUXNFF93E,T1,,,,,
CAN-97LOSWNCA3,T0,,,,,
CAN-97LOSWNCA3,T1,,,,,
CAN-G25SBWOKNF,T0,,,,,
CAN-G25SBWOKNF,T1,,,,,
CAN-FNJU6H5GAL,T0,,,,,
CAN-FNJU6H5GAL,T1,,,,,
CAN-26BV7L23R8,T0,,,,,
CAN-26BV7L23R8,T1,,,,,
CAN-62YX5HYKO3,T0,,,,,
CAN-62YX5HYKO3,T1,,,,,
CAN-HZNWWRRHJA,T0,,,,,
CAN-HZNWWRRHJA,T1,,,,,
CAN-VRIBNOWC9W,T0,,,,,
CAN-VRIBNOWC9W,T1,,,,,
CAN-QVQUKSQYL7,T0,,,,,
CAN-QVQUKSQYL7,T1,,,,,
CAN-E05CXJCK5I,T0,,,,,
CAN-E05CXJCK5I,T1,,,,,
CAN-1762YBADEK,T0,,,,,
CAN-1762YBADEK,T1,,,,,
CAN-1PJ4POBCD7,T0,,,,,
CAN-1PJ4POBCD7,T1,,,,,
CAN-0CM1UQ1QW1,T0,,,,,
CAN-0CM1UQ1QW1,T1,,,,,
CAN-0TP45H9S38,T0,,,,,
CAN-0TP45H9S38,T1,,,,,
CAN-DZPHRVT3HB,T0,,,,,
CAN-DZPHRVT3HB,T1,,,,,
CAN-FEAWB7ONQV,T0,,,,,
CAN-FEAWB7ONQV,T1,,,,,
CAN-EGPPDJ5IDZ,T0,,,,,
CAN-EGPPDJ5IDZ,T1,,,,,
CAN-H46C7T3BR8,T0,,,,,
CAN-H46C7T3BR8,T1,,,,,
CAN-WR2FCR3Q77,T0,,,,,
CAN-WR2FCR3Q77,T1,,,,,
CAN-LYBTQOMFMP,T0,,,,,
CAN-LYBTQOMFMP,T1,,,,,
CAN-QBPA9CG28G,T0,,,,,
CAN-QBPA9CG28G,T1,,,,,
CAN-MQGS93WAPW,T0,,,,,
CAN-MQGS93WAPW,T1,,,,,
CAN-N810UARKVF,T0,,,,,
CAN-N810UARKVF,T1,,,,,
CAN-IKBIHQSXSE,T0,,,,,
CAN-IKBIHQSXSE,T1,,,,,
CAN-VGKESJDRBE,T0,,,,,
CAN-VGKESJDRBE,T1,,,,,
CAN-7H55R5RZM3,T0,,,,,
CAN-7H55R5RZM3,T1,,,,,
CAN-BDRMHEOOSN,T0,,,,,
CAN-BDRMHEOOSN,T1,,,,,
CAN-0WQNKIF87U,T0,,,,,
CAN-0WQNKIF87U,T1,,,,,
CAN-G0932SX0D0,T0,,,,,
CAN-G0932SX0D0,T1,,,,,
CAN-HMPC28DWWW,T0,,,,,
CAN-HMPC28DWWW,T1,,,,,
CAN-MK0GQ4Q6MD,T0,,,,,
CAN-MK0GQ4Q6MD,T1,,,,,
CAN-B8J1K8NGAG,T0,,,,,
CAN-B8J1K8NGAG,T1,,,,,
CAN-I2WYWGLRQV,T0,,,,,
CAN-I2WYWGLRQV,T1,,,,,
CAN-E1NJJVI2S1,T0,,,,,
CAN-E1NJJVI2S1,T1,,,,,
CAN-LYXMBEKC4Y,T0,,,,,
CAN-LYXMBEKC4Y,T1,,,,,
CAN-AY663309WZ,T0,,,,,
CAN-AY663309WZ,T1,,,,,
CAN-THP30Y4BPA,T0,,,,,
CAN-THP30Y4BPA,T1,,,,,
CAN-KT4PN9UNWU,T0,,,,,
CAN-KT4PN9UNWU,T1,,,,,
CAN-G4XAKUSF7K,T0,,,,,
CAN-G4XAKUSF7K,T1,,,,,
CAN-L3T86QJ1F0,T0,,,,,
CAN-L3T86QJ1F0,T1,,,,,
CAN-F435MXN2SU,T0,,,,,
CAN-F435MXN2SU,T1,,,,,
CAN-BMJBLKNLIX,T0,,,,,
CAN-BMJBLKNLIX,T1,,,,,
CAN-UUGM7Y30ZP,T0,,,,,
CAN-UUGM7Y30ZP,T1,,,,,
CAN-0TDE004J06,T0,,,,,
CAN-0TDE004J06,T1,,,,,
CAN-6LDU4A9GGO,T0,,,,,
CAN-6LDU4A9GGO,T1,,,,,
CAN-WQF45JHMEJ,T0,,,,,
CAN-WQF45JHMEJ,T1,,,,,
CAN-NXRDGD44D0,T0,,,,,
CAN-NXRDGD44D0,T1,,,,,
CAN-EXTVUQJV7O,T0,,,,,
CAN-EXTVUQJV7O,T1,,,,,
CAN-5R2MXEBIN1,T0,,,,,
CAN-5R2MXEBIN1,T1,,,,,
CAN-EO08J24ITW,T0,,,,,
CAN-EO08J24ITW,T1,,,,,
CAN-EWRNZRLBTQ,T0,,,,,
CAN-EWRNZRLBTQ,T1,,,,,
CAN-XK2NI3YTSN,T0,,,,,
CAN-XK2NI3YTSN,T1,,,,,
CAN-1FR7LKOOWB,T0,,,,,
CAN-1FR7LKOOWB,T1,,,,,
CAN-G2PS5HZ3YT,T0,,,,,
CAN-G2PS5HZ3YT,T1,,,,,
CAN-AF2FBI8U5C,T0,,,,,
CAN-AF2FBI8U5C,T1,,,,,
CAN-Y8Q8ME534V,T0,,,,,
CAN-Y8Q8ME534V,T1,,,,,
CAN-YF57KZ4JSI,T0,,,,,
CAN-YF57KZ4JSI,T1,,,,,
CAN-E14LYCOIQ5,T0,,,,,
CAN-E14LYCOIQ5,T1,,,,,
CAN-T6XR510S63,T0,,,,,
CAN-T6XR510S63,T1,,,,,
CAN-SBLZP7ATKZ,T0,,,,,
CAN-SBLZP7ATKZ,T1,,,,,
CAN-MRSGDRWCBO,T0,,,,,
CAN-MRSGDRWCBO,T1,,,,,
CAN-W9U2PBZIDT,T0,,,,,
CAN-W9U2PBZIDT,T1,,,,,
CAN-DRXQ1EM1EY,T0,,,,,
CAN-DRXQ1EM1EY,T1,,,,,
CAN-BO7R2WOA9X,T0,,,,,
CAN-BO7R2WOA9X,T1,,,,,
CAN-JMCQ659MFH,T0,,,,,
CAN-JMCQ659MFH,T1,,,,,
CAN-LBDHHZ971U,T0,,,,,
CAN-LBDHHZ971U,T1,,,,,
CAN-EVNH34OZJY,T0,,,,,
CAN-EVNH34OZJY,T1,,,,,
CAN-HVTOECXVAR,T0,,,,,
CAN-HVTOECXVAR,T1,,,,,
CAN-TBKIA8P0MX,T0,,,,,
CAN-TBKIA8P0MX,T1,,,,,
CAN-8G19BQK1MC,T0,,,,,
CAN-8G19BQK1MC,T1,,,,,
CAN-GHJZRZD7AK,T0,,,,,
CAN-GHJZRZD7AK,T1,,,,,
CAN-5UDVIEVTOK,T0,,,,,
CAN-5UDVIEVTOK,T1,,,,,
CAN-GJMME5RVTK,T0,,,,,
CAN-GJMME5RVTK,T1,,,,,
CAN-L3ELPAPX1K,T0,,,,,
CAN-L3ELPAPX1K,T1,,,,,
CAN-3YLE3IJVM1,T0,,,,,
CAN-3YLE3IJVM1,T1,,,,,
CAN-HJTLADGPPR,T0,,,,,
CAN-HJTLADGPPR,T1,,,,,
CAN-6PYPJRFIOF,T0,,,,,
CAN-6PYPJRFIOF,T1,,,,,
CAN-MRWS8I6T9J,T0,,,,,
CAN-MRWS8I6T9J,T1,,,,,
CAN-U9E6CMKWBN,T0,,,,,
CAN-U9E6CMKWBN,T1,,,,,
CAN-UIWF4CSQY3,T0,,,,,
CAN-UIWF4CSQY3,T1,,,,,
CAN-JAC9C5ZY2J,T0,,,,,
CAN-JAC9C5ZY2J,T1,,,,,
CAN-JB1K7MMII6,T0,,,,,
CAN-JB1K7MMII6,T1,,,,,
CAN-1ZAB0O2VWE,T0,,,,,
CAN-1ZAB0O2VWE,T1,,,,,
CAN-H2YA0UCF5R,T0,,,,,
CAN-H2YA0UCF5R,T1,,,,,
CAN-DHR2S83U0D,T0,,,,,
CAN-DHR2S83U0D,T1,,,,,
CAN-09NED98GPP,T0,,,,,
CAN-09NED98GPP,T1,,,,,
CAN-0LQJ9IGFOA,T0,,,,,
CAN-0LQJ9IGFOA,T1,,,,,
CAN-7DOHKNC3XE,T0,,,,,
CAN-7DOHKNC3XE,T1,,,,,
CAN-FP1XB8GYRC,T0,,,,,
CAN-FP1XB8GYRC,T1,,,,,
CAN-ZU9GXZR76N,T0,,,,,
CAN-ZU9GXZR76N,T1,,,,,
CAN-MSCGAVNZTS,T0,,,,,
CAN-MSCGAVNZTS,T1,,,,,
CAN-O73AKE6KNW,T0,,,,,
CAN-O73AKE6KNW,T1,,,,,
CAN-HI3WFIAGI7,T0,,,,,
CAN-HI3WFIAGI7,T1,,,,,
CAN-HCT8ZCURBA,T0,,,,,
CAN-HCT8ZCURBA,T1,,,,,
CAN-9EYBLPJ2EV,T0,,,,,
CAN-9EYBLPJ2EV,T1,,,,,
CAN-NPXES1B6S3,T0,,,,,
CAN-NPXES1B6S3,T1,,,,,
CAN-5EZS1T1ELJ,T0,,,,,
CAN-5EZS1T1ELJ,T1,,,,,
CAN-3T23NZ449Z,T0,,,,,
CAN-3T23NZ449Z,T1,,,,,
CAN-0HK5VGJZ0N,T0,,,,,
CAN-0HK5VGJZ0N,T1,,,,,
CAN-NA74WK7EHE,T0,,,,,
CAN-NA74WK7EHE,T1,,,,,
CAN-QNMDTA4OKN,T0,,,,,
CAN-QNMDTA4OKN,T1,,,,,
CAN-65AFLS2WAW,T0,,,,,
CAN-65AFLS2WAW,T1,,,,,
CAN-L5T854J6GO,T0,,,,,
CAN-L5T854J6GO,T1,,,,,
CAN-JR8H3UO2I6,T0,,,,,
CAN-JR8H3UO2I6,T1,,,,,
CAN-03FM9IPX5B,T0,,,,,
CAN-03FM9IPX5B,T1,,,,,
CAN-DYZ6KWICER,T0,,,,,
CAN-DYZ6KWICER,T1,,,,,
CAN-OWK42G043V,T0,,,,,
CAN-OWK42G043V,T1,,,,,
CAN-ZP27QVGON2,T0,,,,,
CAN-ZP27QVGON2,T1,,,,,
CAN-XQYRGR03WX,T0,,,,,
CAN-XQYRGR03WX,T1,,,,,
CAN-BEFRR2AABK,T0,,,,,
CAN-BEFRR2AABK,T1,,,,,
CAN-T8Y5PXTTSA,T0,,,,,
CAN-T8Y5PXTTSA,T1,,,,,
CAN-NL7EAFAJX9,T0,,,,,
CAN-NL7EAFAJX9,T1,,,,,
CAN-B2KDD3WO4V,T0,,,,,
CAN-B2KDD3WO4V,T1,,,,,
CAN-1GRA8RZHQZ,T0,,,,,
CAN-1GRA8RZHQZ,T1,,,,,
CAN-8H09J8FHUU,T0,,,,,
CAN-8H09J8FHUU,T1,,,,,
CAN-Z483KDS56B,T0,,,,,
CAN-Z483KDS56B,T1,,,,,
CAN-AS4GF18RSY,T0,,,,,
CAN-AS4GF18RSY,T1,,,,,
CAN-VKML0VJPYM,T0,,,,,
CAN-VKML0VJPYM,T1,,,,,
CAN-8U90QQKNIR,T0,,,,,
CAN-8U90QQKNIR,T1,,,,,
CAN-O40K860AQ2,T0,,,,,
CAN-O40K860AQ2,T1,,,,,
CAN-LMRIWPRVWC,T0,,,,,
CAN-LMRIWPRVWC,T1,,,,,
CAN-M4RRHTKBA3,T0,,,,,
CAN-M4RRHTKBA3,T1,,,,,
CAN-V4UGENVPPE,T0,,,,,
CAN-V4UGENVPPE,T1,,,,,
CAN-UPVUJ9T4UA,T0,,,,,
CAN-UPVUJ9T4UA,T1,,,,,
CAN-CH18WR12SO,T0,,,,,
CAN-CH18WR12SO,T1,,,,,
CAN-65LQ6WJRDP,T0,,,,,
CAN-65LQ6WJRDP,T1,,,,,
CAN-XPBXQBKEB8,T0,,,,,
CAN-XPBXQBKEB8,T1,,,,,
CAN-16LL783QTG,T0,,,,,
CAN-16LL783QTG,T1,,,,,
CAN-5LPJAED2JZ,T0,,,,,
CAN-5LPJAED2JZ,T1,,,,,
CAN-PUKC1YBHPU,T0,,,,,
CAN-PUKC1YBHPU,T1,,,,,
CAN-O1DFSGTCT3,T0,,,,,
CAN-O1DFSGTCT3,T1,,,,,
CAN-3E64V1XYL9,T0,,,,,
CAN-3E64V1XYL9,T1,,,,,
CAN-ED0DZXW7Q0,T0,,,,,
CAN-ED0DZXW7Q0,T1,,,,,
CAN-7WJP1XSHSC,T0,,,,,
CAN-7WJP1XSHSC,T1,,,,,
CAN-8MP66WGWW6,T0,,,,,
CAN-8MP66WGWW6,T1,,,,,
CAN-KGISATLS8X,T0,,,,,
CAN-KGISATLS8X,T1,,,,,
CAN-IZYOLSIRU1,T0,,,,,
CAN-IZYOLSIRU1,T1,,,,,
CAN-EXC4Z0M0W5,T0,,,,,
CAN-EXC4Z0M0W5,T1,,,,,
CAN-5ML0LNL4PM,T0,,,,,
CAN-5ML0LNL4PM,T1,,,,,
CAN-9B0QV4LXZQ,T0,,,,,
CAN-9B0QV4LXZQ,T1,,,,,
CAN-VNCSR7WZDC,T0,,,,,
CAN-VNCSR7WZDC,T1,,,,,
CAN-FAAB2PU5GE,T0,,,,,
CAN-FAAB2PU5GE,T1,,,,,
CAN-GBBEJRLMZ1,T0,,,,,
CAN-GBBEJRLMZ1,T1,,,,,
CAN-BBYUK6GMRM,T0,,,,,
CAN-BBYUK6GMRM,T1,,,,,
CAN-UGODO5EI4O,T0,,,,,
CAN-UGODO5EI4O,T1,,,,,
CAN-VGSWGDUSZC,T0,,,,,
CAN-VGSWGDUSZC,T1,,,,,
CAN-62IAXE1GVQ,T0,,,,,
CAN-62IAXE1GVQ,T1,,,,,
CAN-ARL7SXSAIW,T0,,,,,
CAN-ARL7SXSAIW,T1,,,,,
CAN-5SDM2BB0WO,T0,,,,,
CAN-5SDM2BB0WO,T1,,,,,
CAN-IKUJLML320,T0,,,,,
CAN-IKUJLML320,T1,,,,,
CAN-QDAYJPW5TS,T0,,,,,
CAN-QDAYJPW5TS,T1,,,,,
CAN-DNC3FLO3K9,T0,,,,,
CAN-DNC3FLO3K9,T1,,,,,
CAN-JNQM14HF8M,T0,,,,,
CAN-JNQM14HF8M,T1,,,,,
CAN-OWESZDU44L,T0,,,,,
CAN-OWESZDU44L,T1,,,,,
CAN-F2NBBJQYMK,T0,,,,,
CAN-F2NBBJQYMK,T1,,,,,
CAN-UZEEFG2N2R,T0,,,,,
CAN-UZEEFG2N2R,T1,,,,,
CAN-1H65YWKQ0H,T0,,,,,
CAN-1H65YWKQ0H,T1,,,,,
CAN-U83UGN6VH9,T0,,,,,
CAN-U83UGN6VH9,T1,,,,,
CAN-3RXG40MCUZ,T0,,,,,
CAN-3RXG40MCUZ,T1,,,,,
CAN-FCJXRJ14F9,T0,,,,,
CAN-FCJXRJ14F9,T1,,,,,
CAN-O1MRKVSM26,T0,,,,,
CAN-O1MRKVSM26,T1,,,,,
CAN-WAAJEWNY9G,T0,,,,,
CAN-WAAJEWNY9G,T1,,,,,
CAN-ZC8SAQDM1Z,T0,,,,,
CAN-ZC8SAQDM1Z,T1,,,,,
CAN-6BVLQ4HP5W,T0,,,,,
CAN-6BVLQ4HP5W,T1,,,,,
CAN-VIYZ36BREN,T0,,,,,
CAN-VIYZ36BREN,T1,,,,,
CAN-ND0NS4WZKQ,T0,,,,,
CAN-ND0NS4WZKQ,T1,,,,,
CAN-2GA0TDBUZU,T0,,,,,
CAN-2GA0TDBUZU,T1,,,,,
CAN-8TWZVN4E5G,T0,,,,,
CAN-8TWZVN4E5G,T1,,,,,
CAN-TDU42ULL76,T0,,,,,
CAN-TDU42ULL76,T1,,,,,
CAN-Q0VG7NCDFO,T0,,,,,
CAN-Q0VG7NCDFO,T1,,,,,
CAN-3GLFQCK34W,T0,,,,,
CAN-3GLFQCK34W,T1,,,,,
CAN-JY1ZP46KMR,T0,,,,,
CAN-JY1ZP46KMR,T1,,,,,
CAN-YTKN2VJ2MW,T0,,,,,
CAN-YTKN2VJ2MW,T1,,,,,
CAN-YE7PYEG66J,T0,,,,,
CAN-YE7PYEG66J,T1,,,,,
CAN-E3ZW8A4FKP,T0,,,,,
CAN-E3ZW8A4FKP,T1,,,,,
CAN-X66MH81ST3,T0,,,,,
CAN-X66MH81ST3,T1,,,,,
CAN-0OSSCKC4V5,T0,,,,,
CAN-0OSSCKC4V5,T1,,,,,
CAN-UY3J2KPJM3,T0,,,,,
CAN-UY3J2KPJM3,T1,,,,,
CAN-TL4GLKFWI2,T0,,,,,
CAN-TL4GLKFWI2,T1,,,,,
CAN-75O1PJIO9M,T0,,,,,
CAN-75O1PJIO9M,T1,,,,,
CAN-P5R36GWKXO,T0,,,,,
CAN-P5R36GWKXO,T1,,,,,
CAN-WQZOEIUQ35,T0,,,,,
CAN-WQZOEIUQ35,T1,,,,,
CAN-3DAUSDR8ZB,T0,,,,,
CAN-3DAUSDR8ZB,T1,,,,,
CAN-YKU2V6I729,T0,,,,,
CAN-YKU2V6I729,T1,,,,,
CAN-4PMSGFF7BI,T0,,,,,
CAN-4PMSGFF7BI,T1,,,,,
CAN-N0WA0AK8LR,T0,,,,,
CAN-N0WA0AK8LR,T1,,,,,
CAN-SV2Q51A95B,T0,,,,,
CAN-SV2Q51A95B,T1,,,,,
CAN-BT3739TTEX,T0,,,,,
CAN-BT3739TTEX,T1,,,,,
CAN-1WC4QQBH8Q,T0,,,,,
CAN-1WC4QQBH8Q,T1,,,,,
CAN-32Z32Y2IFS,T0,,,,,
CAN-32Z32Y2IFS,T1,,,,,
CAN-H0WOLKGQ6S,T0,,,,,
CAN-H0WOLKGQ6S,T1,,,,,
CAN-WRVCG187EK,T0,,,,,
CAN-WRVCG187EK,T1,,,,,
CAN-NYQESM84KN,T0,,,,,
CAN-NYQESM84KN,T1,,,,,
CAN-D1FVE146ZJ,T0,,,,,
CAN-D1FVE146ZJ,T1,,,,,
CAN-PG32J7WXRM,T0,,,,,
CAN-PG32J7WXRM,T1,,,,,
CAN-GWHYMFDTKS,T0,,,,,
CAN-GWHYMFDTKS,T1,,,,,
CAN-H1UD9AWW1I,T0,,,,,
CAN-H1UD9AWW1I,T1,,,,,
CAN-SSYS5O4NI7,T0,,,,,
CAN-SSYS5O4NI7,T1,,,,,
CAN-5H9CWNKTH9,T0,,,,,
CAN-5H9CWNKTH9,T1,,,,,
CAN-G6UQUJ60AV,T0,,,,,
CAN-G6UQUJ60AV,T1,,,,,
CAN-14ALQEX1XM,T0,,,,,
CAN-14ALQEX1XM,T1,,,,,
CAN-ALRLH10QZN,T0,,,,,
CAN-ALRLH10QZN,T1,,,,,
CAN-1EJG48ZE8B,T0,,,,,
CAN-1EJG48ZE8B,T1,,,,,
CAN-OGRYXHEEMD,T0,,,,,
CAN-OGRYXHEEMD,T1,,,,,
CAN-MZIJIDA02N,T0,,,,,
CAN-MZIJIDA02N,T1,,,,,
CAN-VOH9ZPC8Q8,T0,,,,,
CAN-VOH9ZPC8Q8,T1,,,,,
CAN-46ZIKPB5M8,T0,,,,,
CAN-46ZIKPB5M8,T1,,,,,
CAN-UGS2C7DVSR,T0,,,,,
CAN-UGS2C7DVSR,T1,,,,,
CAN-X45GETVUA2,T0,,,,,
CAN-X45GETVUA2,T1,,,,,
CAN-YZD2P8OK0D,T0,,,,,
CAN-YZD2P8OK0D,T1,,,,,
CAN-2JAJL4H48B,T0,,,,,
CAN-2JAJL4H48B,T1,,,,,
CAN-A4RR0QTJ5J,T0,,,,,
CAN-A4RR0QTJ5J,T1,,,,,
CAN-MH91XIYF8J,T0,,,,,
CAN-MH91XIYF8J,T1,,,,,
CAN-TP5ZOGJILD,T0,,,,,
CAN-TP5ZOGJILD,T1,,,,,
CAN-AMBM2RCIK4,T0,,,,,
CAN-AMBM2RCIK4,T1,,,,,
CAN-ITW4U5W0O0,T0,,,,,
CAN-ITW4U5W0O0,T1,,,,,
CAN-FGIYPDWJBZ,T0,,,,,
CAN-FGIYPDWJBZ,T1,,,,,
CAN-IQUQ0M8QVY,T0,,,,,
CAN-IQUQ0M8QVY,T1,,,,,
CAN-G0PEWORUBG,T0,,,,,
CAN-G0PEWORUBG,T1,,,,,
CAN-K83N3BIBJ0,T0,,,,,
CAN-K83N3BIBJ0,T1,,,,,
CAN-Z6HPOKEUP4,T0,,,,,
CAN-Z6HPOKEUP4,T1,,,,,
CAN-VPMUUKHCD7,T0,,,,,
CAN-VPMUUKHCD7,T1,,,,,
CAN-CMSKQ3FW3E,T0,,,,,
CAN-CMSKQ3FW3E,T1,,,,,
CAN-1DEJZZ22OT,T0,,,,,
CAN-1DEJZZ22OT,T1,,,,,
CAN-20VLSGWAAV,T0,,,,,
CAN-20VLSGWAAV,T1,,,,,
CAN-WYBGSUAAQN,T0,,,,,
CAN-WYBGSUAAQN,T1,,,,,
CAN-VTP0FNT3LR,T0,,,,,
CAN-VTP0FNT3LR,T1,,,,,
CAN-H2A3O54MI0,T0,,,,,
CAN-H2A3O54MI0,T1,,,,,
CAN-YDY8U7GKCV,T0,,,,,
CAN-YDY8U7GKCV,T1,,,,,
CAN-PU14ROOOZO,T0,,,,,
CAN-PU14ROOOZO,T1,,,,,
CAN-9LD6K2IPRE,T0,,,,,
CAN-9LD6K2IPRE,T1,,,,,
CAN-EAUKJD160C,T0,,,,,
CAN-EAUKJD160C,T1,,,,,
CAN-FH0XN4YMHH,T0,,,,,
CAN-FH0XN4YMHH,T1,,,,,
CAN-1MQEFISB24,T0,,,,,
CAN-1MQEFISB24,T1,,,,,
CAN-GICNELYD6R,T0,,,,,
CAN-GICNELYD6R,T1,,,,,
CAN-WE8C3IA52F,T0,,,,,
CAN-WE8C3IA52F,T1,,,,,
CAN-9FSI1GMUYO,T0,,,,,
CAN-9FSI1GMUYO,T1,,,,,
CAN-GDVEZJQTKD,T0,,,,,
CAN-GDVEZJQTKD,T1,,,,,
CAN-55EFT0SLAN,T0,,,,,
CAN-55EFT0SLAN,T1,,,,,
CAN-M3DJU06UDA,T0,,,,,
CAN-M3DJU06UDA,T1,,,,,
CAN-1M3PHSB5IX,T0,,,,,
CAN-1M3PHSB5IX,T1,,,,,
CAN-7L2Q4D4CU1,T0,,,,,
CAN-7L2Q4D4CU1,T1,,,,,
CAN-1JOOUEX1NL,T0,,,,,
CAN-1JOOUEX1NL,T1,,,,,
CAN-YARF5CJZZS,T0,,,,,
CAN-YARF5CJZZS,T1,,,,,
CAN-SQF5P6YDFO,T0,,,,,
CAN-SQF5P6YDFO,T1,,,,,
CAN-BBFTG3RGIU,T0,,,,,
CAN-BBFTG3RGIU,T1,,,,,
CAN-DX24NSEIWM,T0,,,,,
CAN-DX24NSEIWM,T1,,,,,
CAN-BK003AZ0B3,T0,,,,,
CAN-BK003AZ0B3,T1,,,,,
CAN-JI71XZKYXG,T0,,,,,
CAN-JI71XZKYXG,T1,,,,,
CAN-0YF0YTA43N,T0,,,,,
CAN-0YF0YTA43N,T1,,,,,
CAN-D06AJ9FJDO,T0,,,,,
CAN-D06AJ9FJDO,T1,,,,,
CAN-UMHBGEAW83,T0,,,,,
CAN-UMHBGEAW83,T1,,,,,
CAN-J474KSJQ98,T0,,,,,
CAN-J474KSJQ98,T1,,,,,
CAN-IW9KSR88MV,T0,,,,,
CAN-IW9KSR88MV,T1,,,,,
CAN-0251GU77IX,T0,,,,,
CAN-0251GU77IX,T1,,,,,
CAN-EMQJ7V5PE6,T0,,,,,
CAN-EMQJ7V5PE6,T1,,,,,
CAN-1L4A0QM7G3,T0,,,,,
CAN-1L4A0QM7G3,T1,,,,,
CAN-24942E3RA1,T0,,,,,
CAN-24942E3RA1,T1,,,,,
CAN-XLDW9N9FLF,T0,,,,,
CAN-XLDW9N9FLF,T1,,,,,
CAN-CFKYSEHL26,T0,,,,,
CAN-CFKYSEHL26,T1,,,,,
CAN-0OYV3LTA7S,T0,,,,,
CAN-0OYV3LTA7S,T1,,,,,
CAN-4M58YUN8E4,T0,,,,,
CAN-4M58YUN8E4,T1,,,,,
CAN-1QCTNOLKV9,T0,,,,,
CAN-1QCTNOLKV9,T1,,,,,
CAN-DX8H61MKA6,T0,,,,,
CAN-DX8H61MKA6,T1,,,,,
CAN-A6RC9O9JGY,T0,,,,,
CAN-A6RC9O9JGY,T1,,,,,
CAN-UKNYHVQUAV,T0,,,,,
CAN-UKNYHVQUAV,T1,,,,,
CAN-O1KC8PVU78,T0,,,,,
CAN-O1KC8PVU78,T1,,,,,
CAN-7IM125ES87,T0,,,,,
CAN-7IM125ES87,T1,,,,,
CAN-J9DTPLCA8T,T0,,,,,
CAN-J9DTPLCA8T,T1,,,,,
CAN-C4NQJJBLEW,T0,,,,,
CAN-C4NQJJBLEW,T1,,,,,
CAN-NBZCKW4WES,T0,,,,,
CAN-NBZCKW4WES,T1,,,,,
CAN-WSW3STUTLN,T0,,,,,
CAN-WSW3STUTLN,T1,,,,,
CAN-7S47HAX8B5,T0,,,,,
CAN-7S47HAX8B5,T1,,,,,
CAN-LQYOAEONVO,T0,,,,,
CAN-LQYOAEONVO,T1,,,,,
CAN-EKN8FR3TNX,T0,,,,,
CAN-EKN8FR3TNX,T1,,,,,
CAN-X4S72IK16I,T0,,,,,
CAN-X4S72IK16I,T1,,,,,
CAN-96TR62PP58,T0,,,,,
CAN-96TR62PP58,T1,,,,,
CAN-MACWLUVOZC,T0,,,,,
CAN-MACWLUVOZC,T1,,,,,
CAN-2WTC2N3XKJ,T0,,,,,
CAN-2WTC2N3XKJ,T1,,,,,
CAN-WI2BTEVXZS,T0,,,,,
CAN-WI2BTEVXZS,T1,,,,,
CAN-SP3PNSMO37,T0,,,,,
CAN-SP3PNSMO37,T1,,,,,
CAN-6M9PF8WFEH,T0,,,,,
CAN-6M9PF8WFEH,T1,,,,,
CAN-G14OXMVHKQ,T0,,,,,
CAN-G14OXMVHKQ,T1,,,,,
CAN-LXF4ZQ1D6L,T0,,,,,
CAN-LXF4ZQ1D6L,T1,,,,,
CAN-OYQM0WXQSR,T0,,,,,
CAN-OYQM0WXQSR,T1,,,,,
CAN-VM9O8LB5B1,T0,,,,,
CAN-VM9O8LB5B1,T1,,,,,
CAN-8VIVBGRGXC,T0,,,,,
CAN-8VIVBGRGXC,T1,,,,,
CAN-2TPRIL6N65,T0,,,,,
CAN-2TPRIL6N65,T1,,,,,
CAN-QHI6CQHMA5,T0,,,,,
CAN-QHI6CQHMA5,T1,,,,,
CAN-HY5Z7G3D2Z,T0,,,,,
CAN-HY5Z7G3D2Z,T1,,,,,
CAN-TA5LYDM72A,T0,,,,,
CAN-TA5LYDM72A,T1,,,,,
CAN-ZE2M8F4HUH,T0,,,,,
CAN-ZE2M8F4HUH,T1,,,,,
CAN-OIXGK6QB1L,T0,,,,,
CAN-OIXGK6QB1L,T1,,,,,
CAN-20FWZE5LWU,T0,,,,,
CAN-20FWZE5LWU,T1,,,,,
CAN-1J3P87WS6F,T0,,,,,
CAN-1J3P87WS6F,T1,,,,,
CAN-T2LRD06CAA,T0,,,,,
CAN-T2LRD06CAA,T1,,,,,
CAN-0U4ZKHEM5Z,T0,,,,,
CAN-0U4ZKHEM5Z,T1,,,,,
CAN-IGAWON9AXE,T0,,,,,
CAN-IGAWON9AXE,T1,,,,,
CAN-MZGUAOPRCA,T0,,,,,
CAN-MZGUAOPRCA,T1,,,,,
CAN-YZABD3CJ8Z,T0,,,,,
CAN-YZABD3CJ8Z,T1,,,,,
CAN-10BW0ASJM5,T0,,,,,
CAN-10BW0ASJM5,T1,,,,,
CAN-YBKZI35L6K,T0,,,,,
CAN-YBKZI35L6K,T1,,,,,
CAN-DXW7UXPIS3,T0,,,,,
CAN-DXW7UXPIS3,T1,,,,,
CAN-KTMNPTUF0I,T0,,,,,
CAN-KTMNPTUF0I,T1,,,,,
CAN-6O3OPIPO8O,T0,,,,,
CAN-6O3OPIPO8O,T1,,,,,
CAN-XVEK1B956D,T0,,,,,
CAN-XVEK1B956D,T1,,,,,
CAN-ND0FPWOL0R,T0,,,,,
CAN-ND0FPWOL0R,T1,,,,,
CAN-ZE71I80NMB,T0,,,,,
CAN-ZE71I80NMB,T1,,,,,
CAN-XGEIZBS7TX,T0,,,,,
CAN-XGEIZBS7TX,T1,,,,,
CAN-P0B6IQ2XUC,T0,,,,,
CAN-P0B6IQ2XUC,T1,,,,,
CAN-C1L14MJCZ3,T0,,,,,
CAN-C1L14MJCZ3,T1,,,,,
CAN-6UM0JRPV9V,T0,,,,,
CAN-6UM0JRPV9V,T1,,,,,
CAN-9SI6F1MK7W,T0,,,,,
CAN-9SI6F1MK7W,T1,,,,,
CAN-J3FPL3EFEH,T0,,,,,
CAN-J3FPL3EFEH,T1,,,,,
CAN-GZ687KUPTA,T0,,,,,
CAN-GZ687KUPTA,T1,,,,,
CAN-TXM023LUFS,T0,,,,,
CAN-TXM023LUFS,T1,,,,,
CAN-IFC4DTHM2O,T0,,,,,
CAN-IFC4DTHM2O,T1,,,,,
CAN-TJR4PM410N,T0,,,,,
CAN-TJR4PM410N,T1,,,,,
CAN-PKI1CLD6B3,T0,,,,,
CAN-PKI1CLD6B3,T1,,,,,
CAN-Y81J0J6X6P,T0,,,,,
CAN-Y81J0J6X6P,T1,,,,,
CAN-AYDC8VW67U,T0,,,,,
CAN-AYDC8VW67U,T1,,,,,
CAN-496HZC0X62,T0,,,,,
CAN-496HZC0X62,T1,,,,,
CAN-3FVAVYQJKE,T0,,,,,
CAN-3FVAVYQJKE,T1,,,,,
CAN-LI3UI4JY6R,T0,,,,,
CAN-LI3UI4JY6R,T1,,,,,
CAN-Q9XHTAU8RM,T0,,,,,
CAN-Q9XHTAU8RM,T1,,,,,
CAN-B1UXUZSRRE,T0,,,,,
CAN-B1UXUZSRRE,T1,,,,,
CAN-H0AQ721PJI,T0,,,,,
CAN-H0AQ721PJI,T1,,,,,
CAN-4F5F7KSY36,T0,,,,,
CAN-4F5F7KSY36,T1,,,,,
CAN-DG0ABPBNQM,T0,,,,,
CAN-DG0ABPBNQM,T1,,,,,
CAN-TL4N4HN4AB,T0,,,,,
CAN-TL4N4HN4AB,T1,,,,,
CAN-D8W669AP1U,T0,,,,,
CAN-D8W669AP1U,T1,,,,,
CAN-HZ5O0QKNQC,T0,,,,,
CAN-HZ5O0QKNQC,T1,,,,,
CAN-Q7RFRQTAQZ,T0,,,,,
CAN-Q7RFRQTAQZ,T1,,,,,
CAN-LY4S9HJ5W6,T0,,,,,
CAN-LY4S9HJ5W6,T1,,,,,
CAN-7YFUNREI85,T0,,,,,
CAN-7YFUNREI85,T1,,,,,
CAN-9NTC08KVE7,T0,,,,,
CAN-9NTC08KVE7,T1,,,,,
CAN-Y5CAWTIGA9,T0,,,,,
CAN-Y5CAWTIGA9,T1,,,,,
CAN-VIR9BDG154,T0,,,,,
CAN-VIR9BDG154,T1,,,,,
CAN-L0OVL84541,T0,,,,,
CAN-L0OVL84541,T1,,,,,
CAN-7ZDF4KAYF8,T0,,,,,
CAN-7ZDF4KAYF8,T1,,,,,
CAN-Y29UPW3ZG0,T0,,,,,
CAN-Y29UPW3ZG0,T1,,,,,
CAN-J6BH3V8XZ5,T0,,,,,
CAN-J6BH3V8XZ5,T1,,,,,
CAN-C0P9BD8720,T0,,,,,
CAN-C0P9BD8720,T1,,,,,
CAN-OXBE959LDF,T0,,,,,
CAN-OXBE959LDF,T1,,,,,
CAN-81I8E8GVFP,T0,,,,,
CAN-81I8E8GVFP,T1,,,,,
CAN-NH7D80O5ON,T0,,,,,
CAN-NH7D80O5ON,T1,,,,,
CAN-KPS5WHZ3BL,T0,,,,,
CAN-KPS5WHZ3BL,T1,,,,,
CAN-L1YP5DGF3W,T0,,,,,
CAN-L1YP5DGF3W,T1,,,,,
CAN-OQWFO87FVF,T0,,,,,
CAN-OQWFO87FVF,T1,,,,,
CAN-XWQH2DI115,T0,,,,,
CAN-XWQH2DI115,T1,,,,,
CAN-8IAZKASL56,T0,,,,,
CAN-8IAZKASL56,T1,,,,,
CAN-LXYGB2FXPR,T0,,,,,
CAN-LXYGB2FXPR,T1,,,,,
CAN-RGHGR8EH9S,T0,,,,,
CAN-RGHGR8EH9S,T1,,,,,
CAN-Z5AAUTGDBR,T0,,,,,
CAN-Z5AAUTGDBR,T1,,,,,
CAN-UKCA9JODQF,T0,,,,,
CAN-UKCA9JODQF,T1,,,,,
CAN-T9XIY71JJC,T0,,,,,
CAN-T9XIY71JJC,T1,,,,,
CAN-QVA0POZ89R,T0,,,,,
CAN-QVA0POZ89R,T1,,,,,
CAN-CHRJNHZ8NI,T0,,,,,
CAN-CHRJNHZ8NI,T1,,,,,
CAN-YZ8DKD2ZCC,T0,,,,,
CAN-YZ8DKD2ZCC,T1,,,,,
CAN-52A71VLWKP,T0,,,,,
CAN-52A71VLWKP,T1,,,,,
CAN-IIOH9AO38L,T0,,,,,
CAN-IIOH9AO38L,T1,,,,,
CAN-DIQIQDTFE4,T0,,,,,
CAN-DIQIQDTFE4,T1,,,,,
CAN-N4Y1ED41ZA,T0,,,,,
CAN-N4Y1ED41ZA,T1,,,,,
CAN-6CDMK85JRY,T0,,,,,
CAN-6CDMK85JRY,T1,,,,,
CAN-4T6V8BFZB9,T0,,,,,
CAN-4T6V8BFZB9,T1,,,,,
CAN-U4K42QEMZ0,T0,,,,,
CAN-U4K42QEMZ0,T1,,,,,
CAN-9PODG8JQ7P,T0,,,,,
CAN-9PODG8JQ7P,T1,,,,,
CAN-GO65RB31HW,T0,,,,,
CAN-GO65RB31HW,T1,,,,,
CAN-CLJ1CGHGPF,T0,,,,,
CAN-CLJ1CGHGPF,T1,,,,,
CAN-JK7KFPW2TQ,T0,,,,,
CAN-JK7KFPW2TQ,T1,,,,,
CAN-OFGYNI8X8A,T0,,,,,
CAN-OFGYNI8X8A,T1,,,,,
CAN-WRKLRMQIOB,T0,,,,,
CAN-WRKLRMQIOB,T1,,,,,
CAN-S3ONKE7NZD,T0,,,,,
CAN-S3ONKE7NZD,T1,,,,,
CAN-213QKVJAPW,T0,,,,,
CAN-213QKVJAPW,T1,,,,,
CAN-P0IOAIR361,T0,,,,,
CAN-P0IOAIR361,T1,,,,,
CAN-5CKFRFTEQY,T0,,,,,
CAN-5CKFRFTEQY,T1,,,,,
CAN-QIG65VFEPU,T0,,,,,
CAN-QIG65VFEPU,T1,,,,,
CAN-LX6SHINFPZ,T0,,,,,
CAN-LX6SHINFPZ,T1,,,,,
CAN-GCDDE6A55N,T0,,,,,
CAN-GCDDE6A55N,T1,,,,,
CAN-FPWBB4KLHW,T0,,,,,
CAN-FPWBB4KLHW,T1,,,,,
CAN-LGEMS17GG7,T0,,,,,
CAN-LGEMS17GG7,T1,,,,,
CAN-2RZV3SD76H,T0,,,,,
CAN-2RZV3SD76H,T1,,,,,
CAN-5QJ7R2SJCB,T0,,,,,
CAN-5QJ7R2SJCB,T1,,,,,
CAN-0KPORLRRD1,T0,,,,,
CAN-0KPORLRRD1,T1,,,,,
CAN-6AKJWZDCZV,T0,,,,,
CAN-6AKJWZDCZV,T1,,,,,
CAN-36KOTS7SIJ,T0,,,,,
CAN-36KOTS7SIJ,T1,,,,,
CAN-24X5ZEE0N8,T0,,,,,
CAN-24X5ZEE0N8,T1,,,,,
CAN-VXYOH96Z1K,T0,,,,,
CAN-VXYOH96Z1K,T1,,,,,
CAN-XXKEU0WM4X,T0,,,,,
CAN-XXKEU0WM4X,T1,,,,,
CAN-Q6O3L50GZK,T0,,,,,
CAN-Q6O3L50GZK,T1,,,,,
CAN-VQ1TLTWNMF,T0,,,,,
CAN-VQ1TLTWNMF,T1,,,,,
CAN-IU0QUSQ145,T0,,,,,
CAN-IU0QUSQ145,T1,,,,,
CAN-MGOLO2MZ3L,T0,,,,,
CAN-MGOLO2MZ3L,T1,,,,,
CAN-WV61FO6H2E,T0,,,,,
CAN-WV61FO6H2E,T1,,,,,
CAN-AN4XZBAQVO,T0,,,,,
CAN-AN4XZBAQVO,T1,,,,,
CAN-7OS0KGY5UP,T0,,,,,
CAN-7OS0KGY5UP,T1,,,,,
CAN-DSGCS370KK,T0,,,,,
CAN-DSGCS370KK,T1,,,,,
CAN-7J6D0X3KMA,T0,,,,,
CAN-7J6D0X3KMA,T1,,,,,
CAN-FHFLIILTMZ,T0,,,,,
CAN-FHFLIILTMZ,T1,,,,,
CAN-773ASFFBU3,T0,,,,,
CAN-773ASFFBU3,T1,,,,,
CAN-99PN9BLV3E,T0,,,,,
CAN-99PN9BLV3E,T1,,,,,
CAN-X5CIKO4KSX,T0,,,,,
CAN-X5CIKO4KSX,T1,,,,,
CAN-IPVTBRRPHR,T0,,,,,
CAN-IPVTBRRPHR,T1,,,,,
CAN-9IWRVN9LGQ,T0,,,,,
CAN-9IWRVN9LGQ,T1,,,,,
CAN-BT70BNGCCY,T0,,,,,
CAN-BT70BNGCCY,T1,,,,,
CAN-DEPQ10UF27,T0,,,,,
CAN-DEPQ10UF27,T1,,,,,
CAN-H5CWQC9Y2R,T0,,,,,
CAN-H5CWQC9Y2R,T1,,,,,
CAN-XMF00ZOTO7,T0,,,,,
CAN-XMF00ZOTO7,T1,,,,,
CAN-1MPP3AELT6,T0,,,,,
CAN-1MPP3AELT6,T1,,,,,
CAN-EMPYFWQB93,T0,,,,,
CAN-EMPYFWQB93,T1,,,,,
CAN-OXN0M57N4J,T0,,,,,
CAN-OXN0M57N4J,T1,,,,,
CAN-QD6VS123Z5,T0,,,,,
CAN-QD6VS123Z5,T1,,,,,
CAN-6DW1CIOY3F,T0,,,,,
CAN-6DW1CIOY3F,T1,,,,,
CAN-3SK938BW1Y,T0,,,,,
CAN-3SK938BW1Y,T1,,,,,
CAN-38F5NJ24ZQ,T0,,,,,
CAN-38F5NJ24ZQ,T1,,,,,
CAN-9WRWJNOJPI,T0,,,,,
CAN-9WRWJNOJPI,T1,,,,,
CAN-CQLO2KVJFO,T0,,,,,
CAN-CQLO2KVJFO,T1,,,,,
CAN-GDT8WOTZQ5,T0,,,,,
CAN-GDT8WOTZQ5,T1,,,,,
CAN-X8RL87T17R,T0,,,,,
CAN-X8RL87T17R,T1,,,,,
CAN-T7A0JRMGLR,T0,,,,,
CAN-T7A0JRMGLR,T1,,,,,
CAN-T0WWMLD3G3,T0,,,,,
CAN-T0WWMLD3G3,T1,,,,,
CAN-O1FNTJB2W7,T0,,,,,
CAN-O1FNTJB2W7,T1,,,,,
CAN-DKMP7OUFK5,T0,,,,,
CAN-DKMP7OUFK5,T1,,,,,
CAN-ACKGRTTZ0Q,T0,,,,,
CAN-ACKGRTTZ0Q,T1,,,,,
CAN-7IDOXJQOFS,T0,,,,,
CAN-7IDOXJQOFS,T1,,,,,
CAN-VWBRD3WWI6,T0,,,,,
CAN-VWBRD3WWI6,T1,,,,,
CAN-LNUVVT5CZH,T0,,,,,
CAN-LNUVVT5CZH,T1,,,,,
CAN-PF0SQO9TG1,T0,,,,,
CAN-PF0SQO9TG1,T1,,,,,
CAN-1A960G9XA6,T0,,,,,
CAN-1A960G9XA6,T1,,,,,
CAN-W9KOATUQ40,T0,,,,,
CAN-W9KOATUQ40,T1,,,,,
CAN-NNLS9NBE4D,T0,,,,,
CAN-NNLS9NBE4D,T1,,,,,
CAN-0ND8K10G3Q,T0,,,,,
CAN-0ND8K10G3Q,T1,,,,,
CAN-2V0D61OSOH,T0,,,,,
CAN-2V0D61OSOH,T1,,,,,
CAN-JKM1R1FTW5,T0,,,,,
CAN-JKM1R1FTW5,T1,,,,,
CAN-QZUDR0Q4EE,T0,,,,,
CAN-QZUDR0Q4EE,T1,,,,,
CAN-W5T1ST7VXS,T0,,,,,
CAN-W5T1ST7VXS,T1,,,,,
CAN-OGU1BPKGVB,T0,,,,,
CAN-OGU1BPKGVB,T1,,,,,
CAN-56VT8RNOIH,T0,,,,,
CAN-56VT8RNOIH,T1,,,,,
CAN-SPQ79EG0TE,T0,,,,,
CAN-SPQ79EG0TE,T1,,,,,
CAN-2CNGOVIFYX,T0,,,,,
CAN-2CNGOVIFYX,T1,,,,,
CAN-MBXVFHQF7K,T0,,,,,
CAN-MBXVFHQF7K,T1,,,,,
CAN-H55J4XTIQQ,T0,,,,,
CAN-H55J4XTIQQ,T1,,,,,
CAN-8EKITT0X3B,T0,,,,,
CAN-8EKITT0X3B,T1,,,,,
CAN-F2M194L1XZ,T0,,,,,
CAN-F2M194L1XZ,T1,,,,,
CAN-KTVDI59FBC,T0,,,,,
CAN-KTVDI59FBC,T1,,,,,
CAN-G71FYKTZN6,T0,,,,,
CAN-G71FYKTZN6,T1,,,,,
CAN-R7I4YFQBM8,T0,,,,,
CAN-R7I4YFQBM8,T1,,,,,
CAN-IXX5GLN338,T0,,,,,
CAN-IXX5GLN338,T1,,,,,
CAN-UK30UMAGCN,T0,,,,,
CAN-UK30UMAGCN,T1,,,,,
CAN-QRFIX9X9Y9,T0,,,,,
CAN-QRFIX9X9Y9,T1,,,,,
CAN-1VCESY8F3C,T0,,,,,
CAN-1VCESY8F3C,T1,,,,,
CAN-6KBXYCJR0U,T0,,,,,
CAN-6KBXYCJR0U,T1,,,,,
CAN-NQGDO6PK4P,T0,,,,,
CAN-NQGDO6PK4P,T1,,,,,
CAN-LRFQ0R04OZ,T0,,,,,
CAN-LRFQ0R04OZ,T1,,,,,
CAN-WGRPISSB3E,T0,,,,,
CAN-WGRPISSB3E,T1,,,,,
CAN-5LJPVLH7NI,T0,,,,,
CAN-5LJPVLH7NI,T1,,,,,
CAN-05RF1HZKDF,T0,,,,,
CAN-05RF1HZKDF,T1,,,,,
CAN-JS06U1QRTH,T0,,,,,
CAN-JS06U1QRTH,T1,,,,,
CAN-3NQHIGTI36,T0,,,,,
CAN-3NQHIGTI36,T1,,,,,
CAN-037HIVEFXK,T0,,,,,
CAN-037HIVEFXK,T1,,,,,
CAN-8UMLBL16PI,T0,,,,,
CAN-8UMLBL16PI,T1,,,,,
CAN-6QY8Z7X4ZO,T0,,,,,
CAN-6QY8Z7X4ZO,T1,,,,,
CAN-2GVKV7THGO,T0,,,,,
CAN-2GVKV7THGO,T1,,,,,
CAN-S2CEE7UBIP,T0,,,,,
CAN-S2CEE7UBIP,T1,,,,,
CAN-61PQACNCDJ,T0,,,,,
CAN-61PQACNCDJ,T1,,,,,
CAN-DFN4KFYXTT,T0,,,,,
CAN-DFN4KFYXTT,T1,,,,,
CAN-ZIRTEATDXG,T0,,,,,
CAN-ZIRTEATDXG,T1,,,,,
CAN-MH2ABXSEWO,T0,,,,,
CAN-MH2ABXSEWO,T1,,,,,
CAN-EEGIT2AGYM,T0,,,,,
CAN-EEGIT2AGYM,T1,,,,,
CAN-SNQLT68EA5,T0,,,,,
CAN-SNQLT68EA5,T1,,,,,
CAN-JWTLGRA7OK,T0,,,,,
CAN-JWTLGRA7OK,T1,,,,,
CAN-H5DS6BIL1D,T0,,,,,
CAN-H5DS6BIL1D,T1,,,,,
CAN-RXHR2HKHL4,T0,,,,,
CAN-RXHR2HKHL4,T1,,,,,
CAN-LVVV91NCEN,T0,,,,,
CAN-LVVV91NCEN,T1,,,,,
CAN-UCCHYI31JZ,T0,,,,,
CAN-UCCHYI31JZ,T1,,,,,
CAN-0I6HZ6HS3P,T0,,,,,
CAN-0I6HZ6HS3P,T1,,,,,
CAN-LN9IXJ3IJA,T0,,,,,
CAN-LN9IXJ3IJA,T1,,,,,
CAN-AGAIXCJN8A,T0,,,,,
CAN-AGAIXCJN8A,T1,,,,,
CAN-HX35MZLAO2,T0,,,,,
CAN-HX35MZLAO2,T1,,,,,
CAN-VZEFNMQSRU,T0,,,,,
CAN-VZEFNMQSRU,T1,,,,,
CAN-BZ229Y5E6X,T0,,,,,
CAN-BZ229Y5E6X,T1,,,,,
CAN-JZNKXUVVB5,T0,,,,,
CAN-JZNKXUVVB5,T1,,,,,
CAN-DCP057K002,T0,,,,,
CAN-DCP057K002,T1,,,,,
CAN-60DSZ81F6W,T0,,,,,
CAN-60DSZ81F6W,T1,,,,,
CAN-FGLM4I0J47,T0,,,,,
CAN-FGLM4I0J47,T1,,,,,
CAN-CDE9RWYKK3,T0,,,,,
CAN-CDE9RWYKK3,T1,,,,,
CAN-52N2CZCYUC,T0,,,,,
CAN-52N2CZCYUC,T1,,,,,
CAN-6Q1NL34KKQ,T0,,,,,
CAN-6Q1NL34KKQ,T1,,,,,
CAN-KV5S34IMNE,T0,,,,,
CAN-KV5S34IMNE,T1,,,,,
CAN-P94TLFGLXD,T0,,,,,
CAN-P94TLFGLXD,T1,,,,,
CAN-XWD4QMSEII,T0,,,,,
CAN-XWD4QMSEII,T1,,,,,
CAN-OUQS0PPRXH,T0,,,,,
CAN-OUQS0PPRXH,T1,,,,,
CAN-SJU4EAL128,T0,,,,,
CAN-SJU4EAL128,T1,,,,,
CAN-N98U0SIH1B,T0,,,,,
CAN-N98U0SIH1B,T1,,,,,
CAN-BFUTF5X2KF,T0,,,,,
CAN-BFUTF5X2KF,T1,,,,,
CAN-L9UKJTMNEZ,T0,,,,,
CAN-L9UKJTMNEZ,T1,,,,,
CAN-V53UD0LSNC,T0,,,,,
CAN-V53UD0LSNC,T1,,,,,
CAN-IYWH2G74QF,T0,,,,,
CAN-IYWH2G74QF,T1,,,,,
CAN-ZJLHRW8829,T0,,,,,
CAN-ZJLHRW8829,T1,,,,,
CAN-MIRIOPTBSF,T0,,,,,
CAN-MIRIOPTBSF,T1,,,,,
CAN-3VE5NB8T03,T0,,,,,
CAN-3VE5NB8T03,T1,,,,,
CAN-69D2YL084I,T0,,,,,
CAN-69D2YL084I,T1,,,,,
CAN-0GX4GB2CR2,T0,,,,,
CAN-0GX4GB2CR2,T1,,,,,
CAN-2RIT3B765W,T0,,,,,
CAN-2RIT3B765W,T1,,,,,
CAN-DZJ8BKH33S,T0,,,,,
CAN-DZJ8BKH33S,T1,,,,,
CAN-W93LQ9Z8ZR,T0,,,,,
CAN-W93LQ9Z8ZR,T1,,,,,
CAN-0H1TC469WF,T0,,,,,
CAN-0H1TC469WF,T1,,,,,
CAN-VFQII8IR6L,T0,,,,,
CAN-VFQII8IR6L,T1,,,,,
CAN-UAORLT45ZV,T0,,,,,
CAN-UAORLT45ZV,T1,,,,,
CAN-7HYVO9GJ4E,T0,,,,,
CAN-7HYVO9GJ4E,T1,,,,,
CAN-E1V7RI4R1W,T0,,,,,
CAN-E1V7RI4R1W,T1,,,,,
CAN-P2LM92QS6W,T0,,,,,
CAN-P2LM92QS6W,T1,,,,,
CAN-MQIVOP9HWQ,T0,,,,,
CAN-MQIVOP9HWQ,T1,,,,,
CAN-1M30K0FQQB,T0,,,,,
CAN-1M30K0FQQB,T1,,,,,
CAN-MV7ZFERA3Y,T0,,,,,
CAN-MV7ZFERA3Y,T1,,,,,
CAN-Q9P423LUV4,T0,,,,,
CAN-Q9P423LUV4,T1,,,,,
CAN-FUPXP67I4Y,T0,,,,,
CAN-FUPXP67I4Y,T1,,,,,
CAN-NR04AI9Z4J,T0,,,,,
CAN-NR04AI9Z4J,T1,,,,,
CAN-D4UF0M2YMI,T0,,,,,
CAN-D4UF0M2YMI,T1,,,,,
CAN-ATCJCD6L4R,T0,,,,,
CAN-ATCJCD6L4R,T1,,,,,
CAN-JZTVQSMVVL,T0,,,,,
CAN-JZTVQSMVVL,T1,,,,,
CAN-S59OSRHOSV,T0,,,,,
CAN-S59OSRHOSV,T1,,,,,
CAN-QG6XGCSX2B,T0,,,,,
CAN-QG6XGCSX2B,T1,,,,,
CAN-MPPXFYUQUN,T0,,,,,
CAN-MPPXFYUQUN,T1,,,,,
CAN-PLTP75TE1G,T0,,,,,
CAN-PLTP75TE1G,T1,,,,,
CAN-65VKHH4JWV,T0,,,,,
CAN-65VKHH4JWV,T1,,,,,
CAN-6MNMP1TXJQ,T0,,,,,
CAN-6MNMP1TXJQ,T1,,,,,
CAN-0LYMV41BOA,T0,,,,,
CAN-0LYMV41BOA,T1,,,,,
CAN-8HE7NLFAIN,T0,,,,,
CAN-8HE7NLFAIN,T1,,,,,
CAN-SVVIJ0FLFC,T0,,,,,
CAN-SVVIJ0FLFC,T1,,,,,
CAN-QB7HF95MEH,T0,,,,,
CAN-QB7HF95MEH,T1,,,,,
CAN-7LYL3QJIT7,T0,,,,,
CAN-7LYL3QJIT7,T1,,,,,
CAN-UUWJANYUG0,T0,,,,,
CAN-UUWJANYUG0,T1,,,,,
CAN-3OJTQI9REK,T0,,,,,
CAN-3OJTQI9REK,T1,,,,,
CAN-1SEDUJD4OC,T0,,,,,
CAN-1SEDUJD4OC,T1,,,,,
CAN-K0TA3D81D1,T0,,,,,
CAN-K0TA3D81D1,T1,,,,,
CAN-M6PYS0ETAP,T0,,,,,
CAN-M6PYS0ETAP,T1,,,,,
CAN-2OK3K9KSQL,T0,,,,,
CAN-2OK3K9KSQL,T1,,,,,
CAN-P2AK4AENXS,T0,,,,,
CAN-P2AK4AENXS,T1,,,,,
CAN-7TK63B7RHG,T0,,,,,
CAN-7TK63B7RHG,T1,,,,,
CAN-PXU86BSUPJ,T0,,,,,
CAN-PXU86BSUPJ,T1,,,,,
CAN-I3JHHBBI66,T0,,,,,
CAN-I3JHHBBI66,T1,,,,,
CAN-KQR9CQNRBU,T0,,,,,
CAN-KQR9CQNRBU,T1,,,,,
CAN-5WP5UNS4ZI,T0,,,,,
CAN-5WP5UNS4ZI,T1,,,,,
CAN-6K987KBKP6,T0,,,,,
CAN-6K987KBKP6,T1,,,,,
CAN-RFSZMBFDB2,T0,,,,,
CAN-RFSZMBFDB2,T1,,,,,
CAN-D25OYZU7XH,T0,,,,,
CAN-D25OYZU7XH,T1,,,,,
CAN-BH8M8X539Y,T0,,,,,
CAN-BH8M8X539Y,T1,,,,,
CAN-FGC0MYCL31,T0,,,,,
CAN-FGC0MYCL31,T1,,,,,
CAN-H8VI3VUNIQ,T0,,,,,
CAN-H8VI3VUNIQ,T1,,,,,
CAN-BD7LO5JCYR,T0,,,,,
CAN-BD7LO5JCYR,T1,,,,,
CAN-CA8OCT88IB,T0,,,,,
CAN-CA8OCT88IB,T1,,,,,
CAN-0EEV2PAF0Q,T0,,,,,
CAN-0EEV2PAF0Q,T1,,,,,
CAN-7IIFSRTU0R,T0,,,,,
CAN-7IIFSRTU0R,T1,,,,,
CAN-SXWO2AR9FF,T0,,,,,
CAN-SXWO2AR9FF,T1,,,,,
CAN-V9RIZ5HK0I,T0,,,,,
CAN-V9RIZ5HK0I,T1,,,,,
CAN-LYULNSGJT7,T0,,,,,
CAN-LYULNSGJT7,T1,,,,,
CAN-D357IY7WHG,T0,,,,,
CAN-D357IY7WHG,T1,,,,,
CAN-JTHCOI9I6P,T0,,,,,
CAN-JTHCOI9I6P,T1,,,,,
CAN-DAGAWMBMNT,T0,,,,,
CAN-DAGAWMBMNT,T1,,,,,
CAN-B7EOFYC7SH,T0,,,,,
CAN-B7EOFYC7SH,T1,,,,,
CAN-NW6VNY9IZC,T0,,,,,
CAN-NW6VNY9IZC,T1,,,,,
CAN-9IP763G5KJ,T0,,,,,
CAN-9IP763G5KJ,T1,,,,,
CAN-LJFA6N2XM3,T0,,,,,
CAN-LJFA6N2XM3,T1,,,,,
CAN-P84N27M0AA,T0,,,,,
CAN-P84N27M0AA,T1,,,,,
CAN-49AUJL963N,T0,,,,,
CAN-49AUJL963N,T1,,,,,
CAN-RZT8FTG22B,T0,,,,,
CAN-RZT8FTG22B,T1,,,,,
CAN-1WAC1GMO3C,T0,,,,,
CAN-1WAC1GMO3C,T1,,,,,
CAN-8IZER9PQ86,T0,,,,,
CAN-8IZER9PQ86,T1,,,,,
CAN-W05RXDTAK5,T0,,,,,
CAN-W05RXDTAK5,T1,,,,,
CAN-M7W7DIHDKR,T0,,,,,
CAN-M7W7DIHDKR,T1,,,,,
CAN-70QW2FSUGX,T0,,,,,
CAN-70QW2FSUGX,T1,,,,,
CAN-ZUZUMBQSWB,T0,,,,,
CAN-ZUZUMBQSWB,T1,,,,,
CAN-B2IRC9ESI7,T0,,,,,
CAN-B2IRC9ESI7,T1,,,,,
CAN-3PI9YE5KGJ,T0,,,,,
CAN-3PI9YE5KGJ,T1,,,,,
CAN-QNRZ3QR0TY,T0,,,,,
CAN-QNRZ3QR0TY,T1,,,,,
CAN-JI6VP255EA,T0,,,,,
CAN-JI6VP255EA,T1,,,,,
CAN-1QMYA4DXCA,T0,,,,,
CAN-1QMYA4DXCA,T1,,,,,
CAN-ZJT9RYY3PT,T0,,,,,
CAN-ZJT9RYY3PT,T1,,,,,
CAN-TM06ODXTUG,T0,,,,,
CAN-TM06ODXTUG,T1,,,,,
CAN-Z6OOPALQIP,T0,,,,,
CAN-Z6OOPALQIP,T1,,,,,
CAN-6CCW1IB7KF,T0,,,,,
CAN-6CCW1IB7KF,T1,,,,,
CAN-UN9DVXBOB1,T0,,,,,
CAN-UN9DVXBOB1,T1,,,,,
CAN-XS9MBT94MC,T0,,,,,
CAN-XS9MBT94MC,T1,,,,,
CAN-U6L89E7214,T0,,,,,
CAN-U6L89E7214,T1,,,,,
CAN-YFNHT1X275,T0,,,,,
CAN-YFNHT1X275,T1,,,,,
CAN-JENQDG3D0E,T0,,,,,
CAN-JENQDG3D0E,T1,,,,,
CAN-KX5MP800OD,T0,,,,,
CAN-KX5MP800OD,T1,,,,,
CAN-28RP6WL647,T0,,,,,
CAN-28RP6WL647,T1,,,,,
CAN-PXEULL8LNJ,T0,,,,,
CAN-PXEULL8LNJ,T1,,,,,
CAN-NHXN2U9X4H,T0,,,,,
CAN-NHXN2U9X4H,T1,,,,,
CAN-V5WV88BIPS,T0,,,,,
CAN-V5WV88BIPS,T1,,,,,
CAN-M80RV7K14I,T0,,,,,
CAN-M80RV7K14I,T1,,,,,
CAN-O0LN4V5PB8,T0,,,,,
CAN-O0LN4V5PB8,T1,,,,,
CAN-O8X9FAFT4G,T0,,,,,
CAN-O8X9FAFT4G,T1,,,,,
CAN-PJM8VJU2LU,T0,,,,,
CAN-PJM8VJU2LU,T1,,,,,
CAN-7D6GY58N8A,T0,,,,,
CAN-7D6GY58N8A,T1,,,,,
CAN-GHJWWVHZDK,T0,,,,,
CAN-GHJWWVHZDK,T1,,,,,
CAN-2Q4MK4D5D1,T0,,,,,
CAN-2Q4MK4D5D1,T1,,,,,
CAN-GQN7NKUIUO,T0,,,,,
CAN-GQN7NKUIUO,T1,,,,,
CAN-NGT7L9CW9Q,T0,,,,,
CAN-NGT7L9CW9Q,T1,,,,,
CAN-7TMP1Z9H2N,T0,,,,,
CAN-7TMP1Z9H2N,T1,,,,,
CAN-X0ZWAQJ2VC,T0,,,,,
CAN-X0ZWAQJ2VC,T1,,,,,
CAN-G77RX7718R,T0,,,,,
CAN-G77RX7718R,T1,,,,,
CAN-8IAF6IXMY8,T0,,,,,
CAN-8IAF6IXMY8,T1,,,,,
CAN-V1Y2K56S2W,T0,,,,,
CAN-V1Y2K56S2W,T1,,,,,
CAN-SKRMDXQRE4,T0,,,,,
CAN-SKRMDXQRE4,T1,,,,,
CAN-OMZO6I300Z,T0,,,,,
CAN-OMZO6I300Z,T1,,,,,
CAN-W7F6BIEDEQ,T0,,,,,
CAN-W7F6BIEDEQ,T1,,,,,
CAN-ZTX8FP2GK3,T0,,,,,
CAN-ZTX8FP2GK3,T1,,,,,
CAN-4F49K27RR6,T0,,,,,
CAN-4F49K27RR6,T1,,,,,
CAN-XX4T3BYOKB,T0,,,,,
CAN-XX4T3BYOKB,T1,,,,,
CAN-4DGEHRV5EE,T0,,,,,
CAN-4DGEHRV5EE,T1,,,,,
CAN-VOE6SBJ7AG,T0,,,,,
CAN-VOE6SBJ7AG,T1,,,,,
CAN-AR3F3M9ZMR,T0,,,,,
CAN-AR3F3M9ZMR,T1,,,,,
CAN-38M8NXNT2J,T0,,,,,
CAN-38M8NXNT2J,T1,,,,,
CAN-BSLT5ZA2K4,T0,,,,,
CAN-BSLT5ZA2K4,T1,,,,,
CAN-9FMOOHVPDG,T0,,,,,
CAN-9FMOOHVPDG,T1,,,,,
CAN-KQ6P88GX56,T0,,,,,
CAN-KQ6P88GX56,T1,,,,,
CAN-0YZ7B4134W,T0,,,,,
CAN-0YZ7B4134W,T1,,,,,
CAN-4B9ELIB6B1,T0,,,,,
CAN-4B9ELIB6B1,T1,,,,,
CAN-R3PTK9FF5B,T0,,,,,
CAN-R3PTK9FF5B,T1,,,,,
CAN-C8NNVNH4ZV,T0,,,,,
CAN-C8NNVNH4ZV,T1,,,,,
CAN-38D88SALR3,T0,,,,,
CAN-38D88SALR3,T1,,,,,
CAN-IAYPEZLKDD,T0,,,,,
CAN-IAYPEZLKDD,T1,,,,,
CAN-Y8X8EXKVGW,T0,,,,,
CAN-Y8X8EXKVGW,T1,,,,,
CAN-0310057DGQ,T0,,,,,
CAN-0310057DGQ,T1,,,,,
CAN-6QMHN8SBQ4,T0,,,,,
CAN-6QMHN8SBQ4,T1,,,,,
CAN-N7S8H5BS8X,T0,,,,,
CAN-N7S8H5BS8X,T1,,,,,
CAN-H5A2CL4F3D,T0,,,,,
CAN-H5A2CL4F3D,T1,,,,,
CAN-ERMR3316UJ,T0,,,,,
CAN-ERMR3316UJ,T1,,,,,
CAN-QXE5DAYO52,T0,,,,,
CAN-QXE5DAYO52,T1,,,,,
CAN-TTAZQ8M704,T0,,,,,
CAN-TTAZQ8M704,T1,,,,,
CAN-BM6C6KNO53,T0,,,,,
CAN-BM6C6KNO53,T1,,,,,
CAN-CPVJ9LB2XM,T0,,,,,
CAN-CPVJ9LB2XM,T1,,,,,
CAN-98OCDS2X3K,T0,,,,,
CAN-98OCDS2X3K,T1,,,,,
CAN-O6J57SQQB6,T0,,,,,
CAN-O6J57SQQB6,T1,,,,,
CAN-ZGQWRKA3XQ,T0,,,,,
CAN-ZGQWRKA3XQ,T1,,,,,
CAN-VHTI8NNQ7B,T0,,,,,
CAN-VHTI8NNQ7B,T1,,,,,
CAN-F7YIEA3U9W,T0,,,,,
CAN-F7YIEA3U9W,T1,,,,,
CAN-FWRPEB8RLU,T0,,,,,
CAN-FWRPEB8RLU,T1,,,,,
CAN-3ZSDOVM2KK,T0,,,,,
CAN-3ZSDOVM2KK,T1,,,,,
CAN-G0AFSAB5U6,T0,,,,,
CAN-G0AFSAB5U6,T1,,,,,
CAN-E02VKHNY9P,T0,,,,,
CAN-E02VKHNY9P,T1,,,,,
CAN-35JCHIRW8L,T0,,,,,
CAN-35JCHIRW8L,T1,,,,,
CAN-3OCI6YEGI1,T0,,,,,
CAN-3OCI6YEGI1,T1,,,,,
CAN-BBVCYY113C,T0,,,,,
CAN-BBVCYY113C,T1,,,,,
CAN-6T61JKNCSZ,T0,,,,,
CAN-6T61JKNCSZ,T1,,,,,
CAN-WCXDNFHQPS,T0,,,,,
CAN-WCXDNFHQPS,T1,,,,,
CAN-TGNGXGTENM,T0,,,,,
CAN-TGNGXGTENM,T1,,,,,
CAN-EFHC092N1R,T0,,,,,
CAN-EFHC092N1R,T1,,,,,
CAN-QZXXGTGM0X,T0,,,,,
CAN-QZXXGTGM0X,T1,,,,,
CAN-AK4UMWJJ1H,T0,,,,,
CAN-AK4UMWJJ1H,T1,,,,,
CAN-DLPZZSPWR4,T0,,,,,
CAN-DLPZZSPWR4,T1,,,,,
CAN-SITIJK2JYF,T0,,,,,
CAN-SITIJK2JYF,T1,,,,,
CAN-8NYISWQGO8,T0,,,,,
CAN-8NYISWQGO8,T1,,,,,
CAN-16UY8WV0J4,T0,,,,,
CAN-16UY8WV0J4,T1,,,,,
CAN-OKX1I6CA68,T0,,,,,
CAN-OKX1I6CA68,T1,,,,,
CAN-7J58BJ87YS,T0,,,,,
CAN-7J58BJ87YS,T1,,,,,
CAN-Y3GWJBF3I5,T0,,,,,
CAN-Y3GWJBF3I5,T1,,,,,
CAN-N461MWZA2Z,T0,,,,,
CAN-N461MWZA2Z,T1,,,,,
CAN-3KAHTTV9BG,T0,,,,,
CAN-3KAHTTV9BG,T1,,,,,
CAN-UKQ6C9332B,T0,,,,,
CAN-UKQ6C9332B,T1,,,,,
CAN-EP8BVV476T,T0,,,,,
CAN-EP8BVV476T,T1,,,,,
CAN-Y6K35OFQK9,T0,,,,,
CAN-Y6K35OFQK9,T1,,,,,
CAN-CLGMTAMWUE,T0,,,,,
CAN-CLGMTAMWUE,T1,,,,,
CAN-E3OJ9W3IMM,T0,,,,,
CAN-E3OJ9W3IMM,T1,,,,,
CAN-3QXWWVA8C7,T0,,,,,
CAN-3QXWWVA8C7,T1,,,,,
CAN-X3OBTE3CTM,T0,,,,,
CAN-X3OBTE3CTM,T1,,,,,
CAN-58JRRKXCV8,T0,,,,,
CAN-58JRRKXCV8,T1,,,,,
CAN-EWZOKKMNRW,T0,,,,,
CAN-EWZOKKMNRW,T1,,,,,
CAN-N25Q6A1A5Y,T0,,,,,
CAN-N25Q6A1A5Y,T1,,,,,
CAN-5ZV87GJPUV,T0,,,,,
CAN-5ZV87GJPUV,T1,,,,,
CAN-RR6K41JXNP,T0,,,,,
CAN-RR6K41JXNP,T1,,,,,
CAN-N8S7CYW8OS,T0,,,,,
CAN-N8S7CYW8OS,T1,,,,,
CAN-WW3TNLBTRM,T0,,,,,
CAN-WW3TNLBTRM,T1,,,,,
CAN-88ENP27J5Q,T0,,,,,
CAN-88ENP27J5Q,T1,,,,,
CAN-W6ELM4H2NY,T0,,,,,
CAN-W6ELM4H2NY,T1,,,,,
CAN-7VFI9YZQ8X,T0,,,,,
CAN-7VFI9YZQ8X,T1,,,,,
CAN-EGBQBQ79XO,T0,,,,,
CAN-EGBQBQ79XO,T1,,,,,
CAN-JE0P84AGCT,T0,,,,,
CAN-JE0P84AGCT,T1,,,,,
CAN-LJX9YTUEN8,T0,,,,,
CAN-LJX9YTUEN8,T1,,,,,
CAN-J5IXMKEGFR,T0,,,,,
CAN-J5IXMKEGFR,T1,,,,,
CAN-QYZ2YEJ2ZN,T0,,,,,
CAN-QYZ2YEJ2ZN,T1,,,,,
CAN-6X6CFFUUZK,T0,,,,,
CAN-6X6CFFUUZK,T1,,,,,
CAN-6BNXI4IMJS,T0,,,,,
CAN-6BNXI4IMJS,T1,,,,,
CAN-VKWODYHDUB,T0,,,,,
CAN-VKWODYHDUB,T1,,,,,
CAN-B4YKATOXCS,T0,,,,,
CAN-B4YKATOXCS,T1,,,,,
CAN-0EFCPTKPZC,T0,,,,,
CAN-0EFCPTKPZC,T1,,,,,
CAN-SGJZ0CTGRD,T0,,,,,
CAN-SGJZ0CTGRD,T1,,,,,
CAN-0FJ721FZPN,T0,,,,,
CAN-0FJ721FZPN,T1,,,,,
CAN-DUOENYZJGB,T0,,,,,
CAN-DUOENYZJGB,T1,,,,,
CAN-UOPPQWR2YN,T0,,,,,
CAN-UOPPQWR2YN,T1,,,,,
CAN-IBMVHSX8ZY,T0,,,,,
CAN-IBMVHSX8ZY,T1,,,,,
CAN-6GR59U2VZI,T0,,,,,
CAN-6GR59U2VZI,T1,,,,,
CAN-HYCN90HEBI,T0,,,,,
CAN-HYCN90HEBI,T1,,,,,
CAN-604XRUHNPO,T0,,,,,
CAN-604XRUHNPO,T1,,,,,
CAN-FD2USTG00E,T0,,,,,
CAN-FD2USTG00E,T1,,,,,
CAN-X5B5FMAI5G,T0,,,,,
CAN-X5B5FMAI5G,T1,,,,,
CAN-FW075KKKXS,T0,,,,,
CAN-FW075KKKXS,T1,,,,,
CAN-C15163XN7H,T0,,,,,
CAN-C15163XN7H,T1,,,,,
CAN-WZAZDOWTTF,T0,,,,,
CAN-WZAZDOWTTF,T1,,,,,
CAN-6KZ4T63MN5,T0,,,,,
CAN-6KZ4T63MN5,T1,,,,,
CAN-4W5FETG44J,T0,,,,,
CAN-4W5FETG44J,T1,,,,,
CAN-5SVVED93I4,T0,,,,,
CAN-5SVVED93I4,T1,,,,,
CAN-AQCQEQWCN1,T0,,,,,
CAN-AQCQEQWCN1,T1,,,,,
CAN-T39YYJEIW3,T0,,,,,
CAN-T39YYJEIW3,T1,,,,,
CAN-UGBP5FO3J2,T0,,,,,
CAN-UGBP5FO3J2,T1,,,,,
CAN-M0R4FRYLVF,T0,,,,,
CAN-M0R4FRYLVF,T1,,,,,
CAN-BI2MZKUFN4,T0,,,,,
CAN-BI2MZKUFN4,T1,,,,,
CAN-YBY5OTZSS4,T0,,,,,
CAN-YBY5OTZSS4,T1,,,,,
CAN-U1A74RTDB2,T0,,,,,
CAN-U1A74RTDB2,T1,,,,,
CAN-N937EWD03J,T0,,,,,
CAN-N937EWD03J,T1,,,,,
CAN-A5LDJSXQZQ,T0,,,,,
CAN-A5LDJSXQZQ,T1,,,,,
CAN-Q1G8222TVV,T0,,,,,
CAN-Q1G8222TVV,T1,,,,,
CAN-FY5QJUAVM7,T0,,,,,
CAN-FY5QJUAVM7,T1,,,,,
CAN-B6YJVVJDZQ,T0,,,,,
CAN-B6YJVVJDZQ,T1,,,,,
CAN-9PAW3A1RUH,T0,,,,,
CAN-9PAW3A1RUH,T1,,,,,
CAN-38TSUWU60T,T0,,,,,
CAN-38TSUWU60T,T1,,,,,
CAN-UKRK437NP6,T0,,,,,
CAN-UKRK437NP6,T1,,,,,
CAN-UALEW473E3,T0,,,,,
CAN-UALEW473E3,T1,,,,,
CAN-8LFMUHI1N7,T0,,,,,
CAN-8LFMUHI1N7,T1,,,,,
CAN-JTBFN3ZAEB,T0,,,,,
CAN-JTBFN3ZAEB,T1,,,,,
CAN-BI1G6VLLAX,T0,,,,,
CAN-BI1G6VLLAX,T1,,,,,
CAN-N8PO08NKN7,T0,,,,,
CAN-N8PO08NKN7,T1,,,,,
CAN-IU56ZSZ8L9,T0,,,,,
CAN-IU56ZSZ8L9,T1,,,,,
CAN-XF6TZVBSB6,T0,,,,,
CAN-XF6TZVBSB6,T1,,,,,
CAN-JXAWZQ1M59,T0,,,,,
CAN-JXAWZQ1M59,T1,,,,,
CAN-QVPD36DK0R,T0,,,,,
CAN-QVPD36DK0R,T1,,,,,
CAN-7I04862KST,T0,,,,,
CAN-7I04862KST,T1,,,,,
CAN-55JSAETFI4,T0,,,,,
CAN-55JSAETFI4,T1,,,,,
CAN-3N3WLTB0O2,T0,,,,,
CAN-3N3WLTB0O2,T1,,,,,
CAN-JJPDVQLBAZ,T0,,,,,
CAN-JJPDVQLBAZ,T1,,,,,
CAN-6Y99TN50Z5,T0,,,,,
CAN-6Y99TN50Z5,T1,,,,,
CAN-EO2EGA83WN,T0,,,,,
CAN-EO2EGA83WN,T1,,,,,
CAN-AYNHVH8P4Z,T0,,,,,
CAN-AYNHVH8P4Z,T1,,,,,
CAN-QL8PYHDTV7,T0,,,,,
CAN-QL8PYHDTV7,T1,,,,,
CAN-U73BW1ACRF,T0,,,,,
CAN-U73BW1ACRF,T1,,,,,
CAN-KQR77FRHP8,T0,,,,,
CAN-KQR77FRHP8,T1,,,,,
CAN-U8XSXFC51G,T0,,,,,
CAN-U8XSXFC51G,T1,,,,,
CAN-2BM54L7V9L,T0,,,,,
CAN-2BM54L7V9L,T1,,,,,
CAN-ZNTSJ8ROZJ,T0,,,,,
CAN-ZNTSJ8ROZJ,T1,,,,,
CAN-PZQK1H1FMH,T0,,,,,
CAN-PZQK1H1FMH,T1,,,,,
CAN-FTZGQNOEGM,T0,,,,,
CAN-FTZGQNOEGM,T1,,,,,
CAN-0EUESG5K2H,T0,,,,,
CAN-0EUESG5K2H,T1,,,,,
CAN-8WPLTT1AWN,T0,,,,,
CAN-8WPLTT1AWN,T1,,,,,
CAN-WLI1OKFOYH,T0,,,,,
CAN-WLI1OKFOYH,T1,,,,,
CAN-TK96SK9XHW,T0,,,,,
CAN-TK96SK9XHW,T1,,,,,
CAN-WG6ML5FXO7,T0,,,,,
CAN-WG6ML5FXO7,T1,,,,,
CAN-GXM5ROKRAM,T0,,,,,
CAN-GXM5ROKRAM,T1,,,,,
CAN-C8FLCHHOGO,T0,,,,,
CAN-C8FLCHHOGO,T1,,,,,
CAN-4N5MJ8POMX,T0,,,,,
CAN-4N5MJ8POMX,T1,,,,,
CAN-KK28LD910V,T0,,,,,
CAN-KK28LD910V,T1,,,,,
CAN-5QGAJCVEH1,T0,,,,,
CAN-5QGAJCVEH1,T1,,,,,
CAN-7DCGHB97FC,T0,,,,,
CAN-7DCGHB97FC,T1,,,,,
CAN-YQ1DH2D2BT,T0,,,,,
CAN-YQ1DH2D2BT,T1,,,,,
CAN-8JFV7FZAIE,T0,,,,,
CAN-8JFV7FZAIE,T1,,,,,
CAN-T5GBYQTPFP,T0,,,,,
CAN-T5GBYQTPFP,T1,,,,,
CAN-ZBJP7TMXMC,T0,,,,,
CAN-ZBJP7TMXMC,T1,,,,,
CAN-BKZ4IGRVBL,T0,,,,,
CAN-BKZ4IGRVBL,T1,,,,,
CAN-HB9THH1BHZ,T0,,,,,
CAN-HB9THH1BHZ,T1,,,,,
CAN-MWXCND5E18,T0,,,,,
CAN-MWXCND5E18,T1,,,,,
CAN-8JL04KR4U3,T0,,,,,
CAN-8JL04KR4U3,T1,,,,,
CAN-KEM4M9DS0Y,T0,,,,,
CAN-KEM4M9DS0Y,T1,,,,,
CAN-8OFVKRN4X7,T0,,,,,
CAN-8OFVKRN4X7,T1,,,,,
CAN-3EA4YQEIXT,T0,,,,,
CAN-3EA4YQEIXT,T1,,,,,
CAN-NOS4E8QNJV,T0,,,,,
CAN-NOS4E8QNJV,T1,,,,,
CAN-FODKT20Y7G,T0,,,,,
CAN-FODKT20Y7G,T1,,,,,
CAN-UW6PCYZA5D,T0,,,,,
CAN-UW6PCYZA5D,T1,,,,,
CAN-UZU6NUJ4DA,T0,,,,,
CAN-UZU6NUJ4DA,T1,,,,,
CAN-1FSXHNX36P,T0,,,,,
CAN-1FSXHNX36P,T1,,,,,
CAN-9JZAACI3KA,T0,,,,,
CAN-9JZAACI3KA,T1,,,,,
CAN-Q9N21I0VPB,T0,,,,,
CAN-Q9N21I0VPB,T1,,,,,
CAN-M0HXBGMS8R,T0,,,,,
CAN-M0HXBGMS8R,T1,,,,,
CAN-9YDI9JF29O,T0,,,,,
CAN-9YDI9JF29O,T1,,,,,
CAN-WR3VJ3Q1WV,T0,,,,,
CAN-WR3VJ3Q1WV,T1,,,,,
CAN-414SN99HXO,T0,,,,,
CAN-414SN99HXO,T1,,,,,
CAN-ASWBXQIDTH,T0,,,,,
CAN-ASWBXQIDTH,T1,,,,,
CAN-FNWKPTMMW8,T0,,,,,
CAN-FNWKPTMMW8,T1,,,,,
CAN-EQVV340P3O,T0,,,,,
CAN-EQVV340P3O,T1,,,,,
CAN-H4J490X225,T0,,,,,
CAN-H4J490X225,T1,,,,,
CAN-TI2VP4DM8A,T0,,,,,
CAN-TI2VP4DM8A,T1,,,,,
CAN-YONJ5WKYEY,T0,,,,,
CAN-YONJ5WKYEY,T1,,,,,
CAN-WOJNG9FY9U,T0,,,,,
CAN-WOJNG9FY9U,T1,,,,,
CAN-Y97PERX3VA,T0,,,,,
CAN-Y97PERX3VA,T1,,,,,
CAN-CRDCOIMDB9,T0,,,,,
CAN-CRDCOIMDB9,T1,,,,,
CAN-3DHRZMGIJ3,T0,,,,,
CAN-3DHRZMGIJ3,T1,,,,,
CAN-GZ1YRR6FV4,T0,,,,,
CAN-GZ1YRR6FV4,T1,,,,,
CAN-ZLGL8D5KSN,T0,,,,,
CAN-ZLGL8D5KSN,T1,,,,,
CAN-YVCFG559EJ,T0,,,,,
CAN-YVCFG559EJ,T1,,,,,
CAN-AQ2WD20TL8,T0,,,,,
CAN-AQ2WD20TL8,T1,,,,,
CAN-ILAT7OFHBZ,T0,,,,,
CAN-ILAT7OFHBZ,T1,,,,,
CAN-J2N7ZBA1PY,T0,,,,,
CAN-J2N7ZBA1PY,T1,,,,,
CAN-7EY1TZM3VV,T0,,,,,
CAN-7EY1TZM3VV,T1,,,,,
CAN-XGWZN3LK5I,T0,,,,,
CAN-XGWZN3LK5I,T1,,,,,
CAN-JMSVBKK42K,T0,,,,,
CAN-JMSVBKK42K,T1,,,,,
CAN-5EAIN3BVB1,T0,,,,,
CAN-5EAIN3BVB1,T1,,,,,
CAN-RTZOKUR4L9,T0,,,,,
CAN-RTZOKUR4L9,T1,,,,,
CAN-RQEC6BR6LF,T0,,,,,
CAN-RQEC6BR6LF,T1,,,,,
CAN-BMFFOU4F7S,T0,,,,,
CAN-BMFFOU4F7S,T1,,,,,
CAN-3SG5Z344UC,T0,,,,,
CAN-3SG5Z344UC,T1,,,,,
CAN-KWDLRIID1R,T0,,,,,
CAN-KWDLRIID1R,T1,,,,,
CAN-EDZ6OU6QQ8,T0,,,,,
CAN-EDZ6OU6QQ8,T1,,,,,
CAN-AE6HWLNY5P,T0,,,,,
CAN-AE6HWLNY5P,T1,,,,,
CAN-M53HKF7VWB,T0,,,,,
CAN-M53HKF7VWB,T1,,,,,
CAN-ZF9DQQIH8J,T0,,,,,
CAN-ZF9DQQIH8J,T1,,,,,
CAN-OHTB1Y5R2X,T0,,,,,
CAN-OHTB1Y5R2X,T1,,,,,
CAN-PA7FW78L6T,T0,,,,,
CAN-PA7FW78L6T,T1,,,,,
CAN-8CJS6XOGJB,T0,,,,,
CAN-8CJS6XOGJB,T1,,,,,
CAN-9P5FZLLL2I,T0,,,,,
CAN-9P5FZLLL2I,T1,,,,,
CAN-IY9YAZEQ4L,T0,,,,,
CAN-IY9YAZEQ4L,T1,,,,,
CAN-HL3F3U2YHL,T0,,,,,
CAN-HL3F3U2YHL,T1,,,,,
CAN-4TI2169VR1,T0,,,,,
CAN-4TI2169VR1,T1,,,,,
CAN-JPOWI08KN7,T0,,,,,
CAN-JPOWI08KN7,T1,,,,,
CAN-BSXY5T271A,T0,,,,,
CAN-BSXY5T271A,T1,,,,,
CAN-WG2OCPSD9W,T0,,,,,
CAN-WG2OCPSD9W,T1,,,,,
CAN-7M2YJFB2RX,T0,,,,,
CAN-7M2YJFB2RX,T1,,,,,
CAN-O8J5XQ1QHK,T0,,,,,
CAN-O8J5XQ1QHK,T1,,,,,
CAN-6OTB78E8N7,T0,,,,,
CAN-6OTB78E8N7,T1,,,,,
CAN-A6UCMMMOYZ,T0,,,,,
CAN-A6UCMMMOYZ,T1,,,,,
CAN-22MGRQHL00,T0,,,,,
CAN-22MGRQHL00,T1,,,,,
CAN-XP3ITLD0HQ,T0,,,,,
CAN-XP3ITLD0HQ,T1,,,,,
CAN-02CGLC0D7K,T0,,,,,
CAN-02CGLC0D7K,T1,,,,,
CAN-HLHOF7DXGU,T0,,,,,
CAN-HLHOF7DXGU,T1,,,,,
CAN-DU9V3R1CJ8,T0,,,,,
CAN-DU9V3R1CJ8,T1,,,,,
CAN-ETF7SK64XH,T0,,,,,
CAN-ETF7SK64XH,T1,,,,,
CAN-EDZ9TGNGA9,T0,,,,,
CAN-EDZ9TGNGA9,T1,,,,,
CAN-82CJHSM2LE,T0,,,,,
CAN-82CJHSM2LE,T1,,,,,
CAN-TBCKZJH7GM,T0,,,,,
CAN-TBCKZJH7GM,T1,,,,,
CAN-TQBJYIDBBT,T0,,,,,
CAN-TQBJYIDBBT,T1,,,,,
CAN-88F1OA8A5I,T0,,,,,
CAN-88F1OA8A5I,T1,,,,,
CAN-FJ5IABK86T,T0,,,,,
CAN-FJ5IABK86T,T1,,,,,
CAN-RWK9RMVYTP,T0,,,,,
CAN-RWK9RMVYTP,T1,,,,,
CAN-6P1JZ1L82M,T0,,,,,
CAN-6P1JZ1L82M,T1,,,,,
CAN-IQ3ZS8L2PN,T0,,,,,
CAN-IQ3ZS8L2PN,T1,,,,,
CAN-EGWY704TYJ,T0,,,,,
CAN-EGWY704TYJ,T1,,,,,
CAN-45S0LVUWYZ,T0,,,,,
CAN-45S0LVUWYZ,T1,,,,,
CAN-OD900SY8QU,T0,,,,,
CAN-OD900SY8QU,T1,,,,,
CAN-ZT9EWGAHIR,T0,,,,,
CAN-ZT9EWGAHIR,T1,,,,,
CAN-TGIJHE2PMX,T0,,,,,
CAN-TGIJHE2PMX,T1,,,,,
CAN-57ZZD9WE1O,T0,,,,,
CAN-57ZZD9WE1O,T1,,,,,
CAN-OIN6YWGCKB,T0,,,,,
CAN-OIN6YWGCKB,T1,,,,,
CAN-U6Y2QVC7IO,T0,,,,,
CAN-U6Y2QVC7IO,T1,,,,,
CAN-83NAJ91Q1K,T0,,,,,
CAN-83NAJ91Q1K,T1,,,,,
CAN-TQEGKECBMR,T0,,,,,
CAN-TQEGKECBMR,T1,,,,,
CAN-1SORRNL3X4,T0,,,,,
CAN-1SORRNL3X4,T1,,,,,
CAN-AS82L26FMH,T0,,,,,
CAN-AS82L26FMH,T1,,,,,
CAN-5D5TLNCL1M,T0,,,,,
CAN-5D5TLNCL1M,T1,,,,,
CAN-6HZV6T6FBO,T0,,,,,
CAN-6HZV6T6FBO,T1,,,,,
CAN-WEGSPT8IF3,T0,,,,,
CAN-WEGSPT8IF3,T1,,,,,
CAN-TDVLFSGSED,T0,,,,,
CAN-TDVLFSGSED,T1,,,,,
CAN-UZI51TJC0N,T0,,,,,
CAN-UZI51TJC0N,T1,,,,,
CAN-BF00X8J93V,T0,,,,,
CAN-BF00X8J93V,T1,,,,,
CAN-YZ87F8CLCT,T0,,,,,
CAN-YZ87F8CLCT,T1,,,,,
CAN-NPTQFNLHRF,T0,,,,,
CAN-NPTQFNLHRF,T1,,,,,
CAN-MOTR04NI57,T0,,,,,
CAN-MOTR04NI57,T1,,,,,
CAN-ZXNRIMS4YX,T0,,,,,
CAN-ZXNRIMS4YX,T1,,,,,
CAN-SVHF1LE79D,T0,,,,,
CAN-SVHF1LE79D,T1,,,,,
CAN-ZM67K1Z578,T0,,,,,
CAN-ZM67K1Z578,T1,,,,,
CAN-OFZ9O794TD,T0,,,,,
CAN-OFZ9O794TD,T1,,,,,
CAN-07LXS3D2J8,T0,,,,,
CAN-07LXS3D2J8,T1,,,,,
CAN-06VVEXLIKN,T0,,,,,
CAN-06VVEXLIKN,T1,,,,,
CAN-TVUR4RM6FU,T0,,,,,
CAN-TVUR4RM6FU,T1,,,,,
CAN-6NHOI7HD4X,T0,,,,,
CAN-6NHOI7HD4X,T1,,,,,
CAN-J0K1AQHF5Z,T0,,,,,
CAN-J0K1AQHF5Z,T1,,,,,
CAN-K6JAS98LV3,T0,,,,,
CAN-K6JAS98LV3,T1,,,,,
CAN-NLVXEKBX6W,T0,,,,,
CAN-NLVXEKBX6W,T1,,,,,
CAN-QIWW50UPFN,T0,,,,,
CAN-QIWW50UPFN,T1,,,,,
CAN-EZO5QGJCEJ,T0,,,,,
CAN-EZO5QGJCEJ,T1,,,,,
CAN-55C3NQN6M1,T0,,,,,
CAN-55C3NQN6M1,T1,,,,,
CAN-L853HDBTAG,T0,,,,,
CAN-L853HDBTAG,T1,,,,,
CAN-HCD5WHXHPL,T0,,,,,
CAN-HCD5WHXHPL,T1,,,,,
CAN-8SKCYB81S9,T0,,,,,
CAN-8SKCYB81S9,T1,,,,,
CAN-B4YBR0ED9N,T0,,,,,
CAN-B4YBR0ED9N,T1,,,,,
CAN-NPCT3NUN05,T0,,,,,
CAN-NPCT3NUN05,T1,,,,,
CAN-ST6DKXWLIC,T0,,,,,
CAN-ST6DKXWLIC,T1,,,,,
CAN-ULSN9XHA4M,T0,,,,,
CAN-ULSN9XHA4M,T1,,,,,
CAN-9UY5GF0JHA,T0,,,,,
CAN-9UY5GF0JHA,T1,,,,,
CAN-ZSI9OHWUZ0,T0,,,,,
CAN-ZSI9OHWUZ0,T1,,,,,
CAN-S0PZKVTPPJ,T0,,,,,
CAN-S0PZKVTPPJ,T1,,,,,
CAN-2OKQKA65NL,T0,,,,,
CAN-2OKQKA65NL,T1,,,,,
CAN-7Y3LRHYG2P,T0,,,,,
CAN-7Y3LRHYG2P,T1,,,,,
CAN-X3G9YIXPL6,T0,,,,,
CAN-X3G9YIXPL6,T1,,,,,
CAN-CCH09NVVZV,T0,,,,,
CAN-CCH09NVVZV,T1,,,,,
CAN-MVND4C9XVA,T0,,,,,
CAN-MVND4C9XVA,T1,,,,,
CAN-ET6MLRJTFA,T0,,,,,
CAN-ET6MLRJTFA,T1,,,,,
CAN-4223Y1PWSZ,T0,,,,,
CAN-4223Y1PWSZ,T1,,,,,
CAN-FUPAG7W4F9,T0,,,,,
CAN-FUPAG7W4F9,T1,,,,,
CAN-MPOFBU42OZ,T0,,,,,
CAN-MPOFBU42OZ,T1,,,,,
CAN-BDVFJ2WO00,T0,,,,,
CAN-BDVFJ2WO00,T1,,,,,
CAN-F98DMF9GK8,T0,,,,,
CAN-F98DMF9GK8,T1,,,,,
CAN-I8Q1TMQIYX,T0,,,,,
CAN-I8Q1TMQIYX,T1,,,,,
CAN-CGBYJWNF8P,T0,,,,,
CAN-CGBYJWNF8P,T1,,,,,
CAN-0QBKCLVXEG,T0,,,,,
CAN-0QBKCLVXEG,T1,,,,,
CAN-9IU6X2M06F,T0,,,,,
CAN-9IU6X2M06F,T1,,,,,
CAN-7752CBT0BN,T0,,,,,
CAN-7752CBT0BN,T1,,,,,
CAN-ZBHZ6FMVC2,T0,,,,,
CAN-ZBHZ6FMVC2,T1,,,,,
CAN-9YR8T1NJMI,T0,,,,,
CAN-9YR8T1NJMI,T1,,,,,
CAN-8UW7AE6YGY,T0,,,,,
CAN-8UW7AE6YGY,T1,,,,,
CAN-DE9RS3XW94,T0,,,,,
CAN-DE9RS3XW94,T1,,,,,
CAN-SA7BIZW9Z0,T0,,,,,
CAN-SA7BIZW9Z0,T1,,,,,
CAN-TJ7HE7G5DM,T0,,,,,
CAN-TJ7HE7G5DM,T1,,,,,
CAN-HVQGTA1MIU,T0,,,,,
CAN-HVQGTA1MIU,T1,,,,,
CAN-IFU77JQGK6,T0,,,,,
CAN-IFU77JQGK6,T1,,,,,
CAN-ZV6GZSTMDG,T0,,,,,
CAN-ZV6GZSTMDG,T1,,,,,
CAN-S78Z2EHNEH,T0,,,,,
CAN-S78Z2EHNEH,T1,,,,,
CAN-GZYN4I0JP9,T0,,,,,
CAN-GZYN4I0JP9,T1,,,,,
CAN-KA4X6KP8FB,T0,,,,,
CAN-KA4X6KP8FB,T1,,,,,
CAN-MV4MTLPISI,T0,,,,,
CAN-MV4MTLPISI,T1,,,,,
CAN-VIWD1ZK5TL,T0,,,,,
CAN-VIWD1ZK5TL,T1,,,,,
CAN-IWDLVT542Q,T0,,,,,
CAN-IWDLVT542Q,T1,,,,,
CAN-697B6BHXL7,T0,,,,,
CAN-697B6BHXL7,T1,,,,,
CAN-Z2FMDPQZ6U,T0,,,,,
CAN-Z2FMDPQZ6U,T1,,,,,
CAN-BBZ9D47YDZ,T0,,,,,
CAN-BBZ9D47YDZ,T1,,,,,
CAN-L70ACEG225,T0,,,,,
CAN-L70ACEG225,T1,,,,,
CAN-WZJV935BNK,T0,,,,,
CAN-WZJV935BNK,T1,,,,,
CAN-I84CNG49WE,T0,,,,,
CAN-I84CNG49WE,T1,,,,,
CAN-92UX4SWLTP,T0,,,,,
CAN-92UX4SWLTP,T1,,,,,
CAN-XI2MHDRYY4,T0,,,,,
CAN-XI2MHDRYY4,T1,,,,,
CAN-100OT2QMJG,T0,,,,,
CAN-100OT2QMJG,T1,,,,,
CAN-F4G7BQPDQG,T0,,,,,
CAN-F4G7BQPDQG,T1,,,,,
CAN-VXTDFK5HIJ,T0,,,,,
CAN-VXTDFK5HIJ,T1,,,,,
CAN-KVD026Q9O1,T0,,,,,
CAN-KVD026Q9O1,T1,,,,,
CAN-SH46A17808,T0,,,,,
CAN-SH46A17808,T1,,,,,
CAN-A0K6A3D3AN,T0,,,,,
CAN-A0K6A3D3AN,T1,,,,,
CAN-MXXYAHVE5G,T0,,,,,
CAN-MXXYAHVE5G,T1,,,,,
CAN-D7ASE1KK77,T0,,,,,
CAN-D7ASE1KK77,T1,,,,,
CAN-83US8ELNPQ,T0,,,,,
CAN-83US8ELNPQ,T1,,,,,
CAN-RMS3E77HHT,T0,,,,,
CAN-RMS3E77HHT,T1,,,,,
CAN-2POZCH38EU,T0,,,,,
CAN-2POZCH38EU,T1,,,,,
CAN-V9RMCF39PI,T0,,,,,
CAN-V9RMCF39PI,T1,,,,,
CAN-K6KHOLUJQC,T0,,,,,
CAN-K6KHOLUJQC,T1,,,,,
CAN-UVJPELKEW7,T0,,,,,
CAN-UVJPELKEW7,T1,,,,,
CAN-NDT2R6EXSR,T0,,,,,
CAN-NDT2R6EXSR,T1,,,,,
CAN-G52AIHN0D6,T0,,,,,
CAN-G52AIHN0D6,T1,,,,,
CAN-YKV42VY12H,T0,,,,,
CAN-YKV42VY12H,T1,,,,,
CAN-VVMOOPI0HL,T0,,,,,
CAN-VVMOOPI0HL,T1,,,,,
CAN-Q330N6VR9A,T0,,,,,
CAN-Q330N6VR9A,T1,,,,,
CAN-SVAZFKXXT9,T0,,,,,
CAN-SVAZFKXXT9,T1,,,,,
CAN-LXEGI36XGA,T0,,,,,
CAN-LXEGI36XGA,T1,,,,,
CAN-DYTK9WXYXK,T0,,,,,
CAN-DYTK9WXYXK,T1,,,,,
CAN-J096OS5S9I,T0,,,,,
CAN-J096OS5S9I,T1,,,,,
CAN-NZPNS8EDKV,T0,,,,,
CAN-NZPNS8EDKV,T1,,,,,
CAN-N79LWQA4AY,T0,,,,,
CAN-N79LWQA4AY,T1,,,,,
CAN-PB2ZB2KKJF,T0,,,,,
CAN-PB2ZB2KKJF,T1,,,,,
CAN-N8B4PEDSWO,T0,,,,,
CAN-N8B4PEDSWO,T1,,,,,
CAN-4R0JQ23XI7,T0,,,,,
CAN-4R0JQ23XI7,T1,,,,,
CAN-Q4NS6W7MH5,T0,,,,,
CAN-Q4NS6W7MH5,T1,,,,,
CAN-6Z24Q4QY8Y,T0,,,,,
CAN-6Z24Q4QY8Y,T1,,,,,
CAN-EN4YWZ1ME4,T0,,,,,
CAN-EN4YWZ1ME4,T1,,,,,
CAN-JKAHVIQ1U9,T0,,,,,
CAN-JKAHVIQ1U9,T1,,,,,
CAN-PMK5CLUVKS,T0,,,,,
CAN-PMK5CLUVKS,T1,,,,,
CAN-1QE1YMCJUC,T0,,,,,
CAN-1QE1YMCJUC,T1,,,,,
CAN-KI4D8H0W2K,T0,,,,,
CAN-KI4D8H0W2K,T1,,,,,
CAN-WY6D5IOC2U,T0,,,,,
CAN-WY6D5IOC2U,T1,,,,,
CAN-7DYEXDMGTZ,T0,,,,,
CAN-7DYEXDMGTZ,T1,,,,,
CAN-GVG2VR3RQZ,T0,,,,,
CAN-GVG2VR3RQZ,T1,,,,,
CAN-82SDR596O9,T0,,,,,
CAN-82SDR596O9,T1,,,,,
CAN-2ILY34ABB2,T0,,,,,
CAN-2ILY34ABB2,T1,,,,,
CAN-LSEVHXZ724,T0,,,,,
CAN-LSEVHXZ724,T1,,,,,
CAN-F5XU4JY9X0,T0,,,,,
CAN-F5XU4JY9X0,T1,,,,,
CAN-XM1033DFSU,T0,,,,,
CAN-XM1033DFSU,T1,,,,,
CAN-B53EX4Q2DS,T0,,,,,
CAN-B53EX4Q2DS,T1,,,,,
CAN-LTZEX6FLUK,T0,,,,,
CAN-LTZEX6FLUK,T1,,,,,
CAN-P08J6F3HA1,T0,,,,,
CAN-P08J6F3HA1,T1,,,,,
CAN-9KXQ5EJNPK,T0,,,,,
CAN-9KXQ5EJNPK,T1,,,,,
CAN-OHV12T7XKP,T0,,,,,
CAN-OHV12T7XKP,T1,,,,,
CAN-T2J2C72JKL,T0,,,,,
CAN-T2J2C72JKL,T1,,,,,
CAN-IOAWWYNKD5,T0,,,,,
CAN-IOAWWYNKD5,T1,,,,,
CAN-6MVAJ9Q4V1,T0,,,,,
CAN-6MVAJ9Q4V1,T1,,,,,
CAN-REZR5C3OAV,T0,,,,,
CAN-REZR5C3OAV,T1,,,,,
CAN-BCME4GZMWN,T0,,,,,
CAN-BCME4GZMWN,T1,,,,,
CAN-FVJ2RDCKQ1,T0,,,,,
CAN-FVJ2RDCKQ1,T1,,,,,
CAN-YPY46FBMCC,T0,,,,,
CAN-YPY46FBMCC,T1,,,,,
CAN-61KXI5FXDX,T0,,,,,
CAN-61KXI5FXDX,T1,,,,,
CAN-SRGSZNKKMB,T0,,,,,
CAN-SRGSZNKKMB,T1,,,,,
CAN-M6I6ONFLH6,T0,,,,,
CAN-M6I6ONFLH6,T1,,,,,
CAN-6WFKDE6ZKK,T0,,,,,
CAN-6WFKDE6ZKK,T1,,,,,
CAN-V23OOC8HU7,T0,,,,,
CAN-V23OOC8HU7,T1,,,,,
CAN-TI05ZUF10E,T0,,,,,
CAN-TI05ZUF10E,T1,,,,,
CAN-C9G52GTHZY,T0,,,,,
CAN-C9G52GTHZY,T1,,,,,
CAN-UTZF5XWAMP,T0,,,,,
CAN-UTZF5XWAMP,T1,,,,,
CAN-MPESVDVF55,T0,,,,,
CAN-MPESVDVF55,T1,,,,,
CAN-MD6HSPZNPH,T0,,,,,
CAN-MD6HSPZNPH,T1,,,,,
CAN-K0D095GVK5,T0,,,,,
CAN-K0D095GVK5,T1,,,,,
CAN-HSDU3KWUNZ,T0,,,,,
CAN-HSDU3KWUNZ,T1,,,,,
CAN-6BD3PFQF28,T0,,,,,
CAN-6BD3PFQF28,T1,,,,,
CAN-1LSMY0ZLFQ,T0,,,,,
CAN-1LSMY0ZLFQ,T1,,,,,
CAN-XYUM8TWAO8,T0,,,,,
CAN-XYUM8TWAO8,T1,,,,,
CAN-O8S8KPCUIX,T0,,,,,
CAN-O8S8KPCUIX,T1,,,,,
CAN-ROTUH4IHJT,T0,,,,,
CAN-ROTUH4IHJT,T1,,,,,
CAN-C6VE6MY586,T0,,,,,
CAN-C6VE6MY586,T1,,,,,
CAN-Q2ZQY1IULW,T0,,,,,
CAN-Q2ZQY1IULW,T1,,,,,
CAN-M60Q4N3346,T0,,,,,
CAN-M60Q4N3346,T1,,,,,
CAN-VI0ZJV8C62,T0,,,,,
CAN-VI0ZJV8C62,T1,,,,,
CAN-WNGOBOGPZG,T0,,,,,
CAN-WNGOBOGPZG,T1,,,,,
CAN-VYW3DH0M5Z,T0,,,,,
CAN-VYW3DH0M5Z,T1,,,,,
CAN-ZIKLTOOBC1,T0,,,,,
CAN-ZIKLTOOBC1,T1,,,,,
CAN-F0ND67NLR9,T0,,,,,
CAN-F0ND67NLR9,T1,,,,,
CAN-NNCWUJDKZO,T0,,,,,
CAN-NNCWUJDKZO,T1,,,,,
CAN-0KV9NVPAC4,T0,,,,,
CAN-0KV9NVPAC4,T1,,,,,
CAN-564ICB36W4,T0,,,,,
CAN-564ICB36W4,T1,,,,,
CAN-1H7WHJWXH9,T0,,,,,
CAN-1H7WHJWXH9,T1,,,,,
CAN-KDWCIXD4YZ,T0,,,,,
CAN-KDWCIXD4YZ,T1,,,,,
CAN-K7TP1MSJGJ,T0,,,,,
CAN-K7TP1MSJGJ,T1,,,,,
CAN-7OY100UDQW,T0,,,,,
CAN-7OY100UDQW,T1,,,,,
CAN-2HDFMCZWT1,T0,,,,,
CAN-2HDFMCZWT1,T1,,,,,
CAN-8IRS1XQLMO,T0,,,,,
CAN-8IRS1XQLMO,T1,,,,,
CAN-9NMO0LDIPH,T0,,,,,
CAN-9NMO0LDIPH,T1,,,,,
CAN-S2IDP6Y8DQ,T0,,,,,
CAN-S2IDP6Y8DQ,T1,,,,,
CAN-V479HNJTK3,T0,,,,,
CAN-V479HNJTK3,T1,,,,,
CAN-U2FO8XUOJ6,T0,,,,,
CAN-U2FO8XUOJ6,T1,,,,,
CAN-GEZEKFZ5KT,T0,,,,,
CAN-GEZEKFZ5KT,T1,,,,,
CAN-L6T7DVQUBF,T0,,,,,
CAN-L6T7DVQUBF,T1,,,,,
CAN-G3OS3FZSN6,T0,,,,,
CAN-G3OS3FZSN6,T1,,,,,
CAN-3UY7RT95PC,T0,,,,,
CAN-3UY7RT95PC,T1,,,,,
CAN-N295H28Z0G,T0,,,,,
CAN-N295H28Z0G,T1,,,,,
CAN-5THP6TFMJP,T0,,,,,
CAN-5THP6TFMJP,T1,,,,,
CAN-1JJHHXXSRH,T0,,,,,
CAN-1JJHHXXSRH,T1,,,,,
CAN-H33SRJ8WFK,T0,,,,,
CAN-H33SRJ8WFK,T1,,,,,
CAN-7QJZANN5WS,T0,,,,,
CAN-7QJZANN5WS,T1,,,,,
CAN-P81FJPVDVO,T0,,,,,
CAN-P81FJPVDVO,T1,,,,,
CAN-2ZRG6AOCMD,T0,,,,,
CAN-2ZRG6AOCMD,T1,,,,,
CAN-0YHKSFO1CJ,T0,,,,,
CAN-0YHKSFO1CJ,T1,,,,,
CAN-I2IX9Z1TW1,T0,,,,,
CAN-I2IX9Z1TW1,T1,,,,,
CAN-ZH31X5AC09,T0,,,,,
CAN-ZH31X5AC09,T1,,,,,
CAN-0JCUWEANC5,T0,,,,,
CAN-0JCUWEANC5,T1,,,,,
CAN-G9R2V60AVY,T0,,,,,
CAN-G9R2V60AVY,T1,,,,,
CAN-IZNBQNDIOO,T0,,,,,
CAN-IZNBQNDIOO,T1,,,,,
CAN-WDONBRE4TZ,T0,,,,,
CAN-WDONBRE4TZ,T1,,,,,
CAN-4D4P5H422D,T0,,,,,
CAN-4D4P5H422D,T1,,,,,
CAN-5MSTE6PV3D,T0,,,,,
CAN-5MSTE6PV3D,T1,,,,,
CAN-KBCO5N0I2M,T0,,,,,
CAN-KBCO5N0I2M,T1,,,,,
CAN-81PNVKGP5E,T0,,,,,
CAN-81PNVKGP5E,T1,,,,,
CAN-X30HY8O6E3,T0,,,,,
CAN-X30HY8O6E3,T1,,,,,
CAN-NHASKUIL8X,T0,,,,,
CAN-NHASKUIL8X,T1,,,,,
CAN-XNA5OY8J1X,T0,,,,,
CAN-XNA5OY8J1X,T1,,,,,
CAN-917Q10FXLU,T0,,,,,
CAN-917Q10FXLU,T1,,,,,
CAN-1BSTC23SKX,T0,,,,,
CAN-1BSTC23SKX,T1,,,,,
CAN-03BGDG4C0H,T0,,,,,
CAN-03BGDG4C0H,T1,,,,,
CAN-Z16LCZMME0,T0,,,,,
CAN-Z16LCZMME0,T1,,,,,
CAN-QYA01QVH6H,T0,,,,,
CAN-QYA01QVH6H,T1,,,,,
CAN-8ETMV6K0D4,T0,,,,,
CAN-8ETMV6K0D4,T1,,,,,
CAN-DGPJZ0NZDP,T0,,,,,
CAN-DGPJZ0NZDP,T1,,,,,
CAN-H39EMGH6WS,T0,,,,,
CAN-H39EMGH6WS,T1,,,,,
CAN-AY0Q12K334,T0,,,,,
CAN-AY0Q12K334,T1,,,,,
CAN-N7Z1UYVR5E,T0,,,,,
CAN-N7Z1UYVR5E,T1,,,,,
CAN-MFLCE343M4,T0,,,,,
CAN-MFLCE343M4,T1,,,,,
CAN-OY0GZCJ9CA,T0,,,,,
CAN-OY0GZCJ9CA,T1,,,,,
CAN-6NQ6NPYB6Z,T0,,,,,
CAN-6NQ6NPYB6Z,T1,,,,,
CAN-984C0P2W0N,T0,,,,,
CAN-984C0P2W0N,T1,,,,,
CAN-EXQXGUIYET,T0,,,,,
CAN-EXQXGUIYET,T1,,,,,
CAN-FMXQMMIPKV,T0,,,,,
CAN-FMXQMMIPKV,T1,,,,,
CAN-G13OXX04FU,T0,,,,,
CAN-G13OXX04FU,T1,,,,,
CAN-RRH6CK6LQG,T0,,,,,
CAN-RRH6CK6LQG,T1,,,,,
CAN-2XN9XWI6F5,T0,,,,,
CAN-2XN9XWI6F5,T1,,,,,
CAN-RPDOVGW3BB,T0,,,,,
CAN-RPDOVGW3BB,T1,,,,,
CAN-KXM5EVL9WL,T0,,,,,
CAN-KXM5EVL9WL,T1,,,,,
CAN-3DITXG5Y9A,T0,,,,,
CAN-3DITXG5Y9A,T1,,,,,
CAN-1ML98COPQP,T0,,,,,
CAN-1ML98COPQP,T1,,,,,
CAN-VQFZ1ND86N,T0,,,,,
CAN-VQFZ1ND86N,T1,,,,,
CAN-UJCH86I0L3,T0,,,,,
CAN-UJCH86I0L3,T1,,,,,
CAN-RGY8BKPLOJ,T0,,,,,
CAN-RGY8BKPLOJ,T1,,,,,
CAN-75RC4NBYND,T0,,,,,
CAN-75RC4NBYND,T1,,,,,
CAN-4707SF6ORA,T0,,,,,
CAN-4707SF6ORA,T1,,,,,
CAN-DEL9UKNVBU,T0,,,,,
CAN-DEL9UKNVBU,T1,,,,,
CAN-F92ZM84SNH,T0,,,,,
CAN-F92ZM84SNH,T1,,,,,
CAN-1FK34F7AXU,T0,,,,,
CAN-1FK34F7AXU,T1,,,,,
CAN-BAM1LUPNB9,T0,,,,,
CAN-BAM1LUPNB9,T1,,,,,
CAN-BLJZ8WC5UH,T0,,,,,
CAN-BLJZ8WC5UH,T1,,,,,
CAN-923DKIQ7NR,T0,,,,,
CAN-923DKIQ7NR,T1,,,,,
CAN-H5GPTAPOY1,T0,,,,,
CAN-H5GPTAPOY1,T1,,,,,
CAN-13202SSNII,T0,,,,,
CAN-13202SSNII,T1,,,,,
CAN-92C5EQ2UJ3,T0,,,,,
CAN-92C5EQ2UJ3,T1,,,,,
CAN-4S955KWR67,T0,,,,,
CAN-4S955KWR67,T1,,,,,
CAN-QIOZD08L1C,T0,,,,,
CAN-QIOZD08L1C,T1,,,,,
CAN-AK6I5KU0XJ,T0,,,,,
CAN-AK6I5KU0XJ,T1,,,,,
CAN-W0ZJE2FWEK,T0,,,,,
CAN-W0ZJE2FWEK,T1,,,,,
CAN-2YWHKOJV1L,T0,,,,,
CAN-2YWHKOJV1L,T1,,,,,
CAN-HK7N961DX8,T0,,,,,
CAN-HK7N961DX8,T1,,,,,
CAN-RKLTF4Z3HX,T0,,,,,
CAN-RKLTF4Z3HX,T1,,,,,
CAN-UI1YJ3Z6DX,T0,,,,,
CAN-UI1YJ3Z6DX,T1,,,,,
CAN-EOIU1NQ1SL,T0,,,,,
CAN-EOIU1NQ1SL,T1,,,,,
CAN-AZLYANMAWC,T0,,,,,
CAN-AZLYANMAWC,T1,,,,,
CAN-BG2JQTKE9R,T0,,,,,
CAN-BG2JQTKE9R,T1,,,,,
CAN-BVHTHDHCTP,T0,,,,,
CAN-BVHTHDHCTP,T1,,,,,
CAN-LFJAYG78QN,T0,,,,,
CAN-LFJAYG78QN,T1,,,,,
CAN-VR6N0MO0OT,T0,,,,,
CAN-VR6N0MO0OT,T1,,,,,
CAN-9MEBZ005CK,T0,,,,,
CAN-9MEBZ005CK,T1,,,,,
CAN-W986LE9HW8,T0,,,,,
CAN-W986LE9HW8,T1,,,,,
CAN-RN1A8MI9Q4,T0,,,,,
CAN-RN1A8MI9Q4,T1,,,,,
CAN-W7Q174D362,T0,,,,,
CAN-W7Q174D362,T1,,,,,
CAN-WFWU21XVQ6,T0,,,,,
CAN-WFWU21XVQ6,T1,,,,,
CAN-XZGXN530VO,T0,,,,,
CAN-XZGXN530VO,T1,,,,,
CAN-AMSCV4X2FE,T0,,,,,
CAN-AMSCV4X2FE,T1,,,,,
CAN-5F6A2RFHOD,T0,,,,,
CAN-5F6A2RFHOD,T1,,,,,
CAN-P6SVJ9599M,T0,,,,,
CAN-P6SVJ9599M,T1,,,,,
CAN-CKU8MWGL99,T0,,,,,
CAN-CKU8MWGL99,T1,,,,,
CAN-29TABVQKBT,T0,,,,,
CAN-29TABVQKBT,T1,,,,,
CAN-27KAXPL36V,T0,,,,,
CAN-27KAXPL36V,T1,,,,,
CAN-WB9EBLQ11E,T0,,,,,
CAN-WB9EBLQ11E,T1,,,,,
CAN-TB4X8S7DPC,T0,,,,,
CAN-TB4X8S7DPC,T1,,,,,
CAN-Q0GP8X9FXA,T0,,,,,
CAN-Q0GP8X9FXA,T1,,,,,
CAN-YC9TLRJ1WT,T0,,,,,
CAN-YC9TLRJ1WT,T1,,,,,
CAN-K0ETSVRRWD,T0,,,,,
CAN-K0ETSVRRWD,T1,,,,,
CAN-S16CLISL10,T0,,,,,
CAN-S16CLISL10,T1,,,,,
CAN-A75XS74SWK,T0,,,,,
CAN-A75XS74SWK,T1,,,,,
CAN-CEDJOACHM4,T0,,,,,
CAN-CEDJOACHM4,T1,,,,,
CAN-9ABCUQY1YD,T0,,,,,
CAN-9ABCUQY1YD,T1,,,,,
CAN-FMI1COJ62N,T0,,,,,
CAN-FMI1COJ62N,T1,,,,,
CAN-4P7W0A6T4N,T0,,,,,
CAN-4P7W0A6T4N,T1,,,,,
CAN-WN9ONFEAX4,T0,,,,,
CAN-WN9ONFEAX4,T1,,,,,
CAN-6JOETWLDUV,T0,,,,,
CAN-6JOETWLDUV,T1,,,,,
CAN-N26IEVEH1W,T0,,,,,
CAN-N26IEVEH1W,T1,,,,,
CAN-C03BJ8K270,T0,,,,,
CAN-C03BJ8K270,T1,,,,,
CAN-M69NJ1KP3R,T0,,,,,
CAN-M69NJ1KP3R,T1,,,,,
CAN-QXPENPF3LL,T0,,,,,
CAN-QXPENPF3LL,T1,,,,,
CAN-WZRPBB1IYX,T0,,,,,
CAN-WZRPBB1IYX,T1,,,,,
CAN-NTEE7B2VM1,T0,,,,,
CAN-NTEE7B2VM1,T1,,,,,
CAN-IPOO7MGJLX,T0,,,,,
CAN-IPOO7MGJLX,T1,,,,,
CAN-NNVP6ORXNC,T0,,,,,
CAN-NNVP6ORXNC,T1,,,,,
CAN-BTLCBUNRSG,T0,,,,,
CAN-BTLCBUNRSG,T1,,,,,
CAN-NCXNTFT47I,T0,,,,,
CAN-NCXNTFT47I,T1,,,,,
CAN-BFLM6JJTFC,T0,,,,,
CAN-BFLM6JJTFC,T1,,,,,
CAN-XVL1SNE30S,T0,,,,,
CAN-XVL1SNE30S,T1,,,,,
CAN-NZ60ITUAMZ,T0,,,,,
CAN-NZ60ITUAMZ,T1,,,,,
CAN-FYUEW2VH6Q,T0,,,,,
CAN-FYUEW2VH6Q,T1,,,,,
CAN-1F0ARDP8K8,T0,,,,,
CAN-1F0ARDP8K8,T1,,,,,
CAN-9PLQRNRBRK,T0,,,,,
CAN-9PLQRNRBRK,T1,,,,,
CAN-H7UJHJ5PME,T0,,,,,
CAN-H7UJHJ5PME,T1,,,,,
CAN-VHC7V83AWQ,T0,,,,,
CAN-VHC7V83AWQ,T1,,,,,
CAN-LRAX80KPT0,T0,,,,,
CAN-LRAX80KPT0,T1,,,,,
CAN-YGST5GFERA,T0,,,,,
CAN-YGST5GFERA,T1,,,,,
CAN-XHZSSX9IN3,T0,,,,,
CAN-XHZSSX9IN3,T1,,,,,
CAN-2DBOFB2HIP,T0,,,,,
CAN-2DBOFB2HIP,T1,,,,,
CAN-KZJR530OUQ,T0,,,,,
CAN-KZJR530OUQ,T1,,,,,
CAN-9P9LGPRI5O,T0,,,,,
CAN-9P9LGPRI5O,T1,,,,,
CAN-HJZZXXBZ14,T0,,,,,
CAN-HJZZXXBZ14,T1,,,,,
CAN-Y3M5O706D7,T0,,,,,
CAN-Y3M5O706D7,T1,,,,,
CAN-P5X77VF5NS,T0,,,,,
CAN-P5X77VF5NS,T1,,,,,
CAN-MYXYCIQ9RZ,T0,,,,,
CAN-MYXYCIQ9RZ,T1,,,,,
CAN-D15P6GKKKR,T0,,,,,
CAN-D15P6GKKKR,T1,,,,,
CAN-7Z0C417ZDP,T0,,,,,
CAN-7Z0C417ZDP,T1,,,,,
CAN-4CJU809Z0D,T0,,,,,
CAN-4CJU809Z0D,T1,,,,,
CAN-UO7KV7PBPW,T0,,,,,
CAN-UO7KV7PBPW,T1,,,,,
CAN-VYF4245RGN,T0,,,,,
CAN-VYF4245RGN,T1,,,,,
CAN-ROOHXIJ7P4,T0,,,,,
CAN-ROOHXIJ7P4,T1,,,,,
CAN-T6SD2WI35H,T0,,,,,
CAN-T6SD2WI35H,T1,,,,,
CAN-MOG0T1D6BV,T0,,,,,
CAN-MOG0T1D6BV,T1,,,,,
CAN-9PT7WIE7GM,T0,,,,,
CAN-9PT7WIE7GM,T1,,,,,
CAN-7U9FMFL23I,T0,,,,,
CAN-7U9FMFL23I,T1,,,,,
CAN-FE9BE1FVSX,T0,,,,,
CAN-FE9BE1FVSX,T1,,,,,
CAN-ILUQNI9GGI,T0,,,,,
CAN-ILUQNI9GGI,T1,,,,,
CAN-3E88BL7X8N,T0,,,,,
CAN-3E88BL7X8N,T1,,,,,
CAN-8FMXXW6VC4,T0,,,,,
CAN-8FMXXW6VC4,T1,,,,,
CAN-2G1W3PPJMM,T0,,,,,
CAN-2G1W3PPJMM,T1,,,,,
CAN-EQEDCPXOLW,T0,,,,,
CAN-EQEDCPXOLW,T1,,,,,
CAN-9GCZARDNAC,T0,,,,,
CAN-9GCZARDNAC,T1,,,,,
CAN-Y90RI3HH8U,T0,,,,,
CAN-Y90RI3HH8U,T1,,,,,
CAN-CBZ8HNZJO1,T0,,,,,
CAN-CBZ8HNZJO1,T1,,,,,
CAN-21ZL852N1Z,T0,,,,,
CAN-21ZL852N1Z,T1,,,,,
CAN-54FJ3LNRIX,T0,,,,,
CAN-54FJ3LNRIX,T1,,,,,
CAN-X0AH8LX0Q5,T0,,,,,
CAN-X0AH8LX0Q5,T1,,,,,
CAN-6HDTUWSC0N,T0,,,,,
CAN-6HDTUWSC0N,T1,,,,,
CAN-VPVPK0HY3T,T0,,,,,
CAN-VPVPK0HY3T,T1,,,,,
CAN-ESR7XHLGJZ,T0,,,,,
CAN-ESR7XHLGJZ,T1,,,,,
CAN-8VV5Z1LA0M,T0,,,,,
CAN-8VV5Z1LA0M,T1,,,,,
CAN-WRYT3JA62H,T0,,,,,
CAN-WRYT3JA62H,T1,,,,,
CAN-6WA7X7ZUPB,T0,,,,,
CAN-6WA7X7ZUPB,T1,,,,,
CAN-9OGE7ZJAPZ,T0,,,,,
CAN-9OGE7ZJAPZ,T1,,,,,
CAN-EKGEZ2T1P6,T0,,,,,
CAN-EKGEZ2T1P6,T1,,,,,
CAN-4C1IKQVO5U,T0,,,,,
CAN-4C1IKQVO5U,T1,,,,,
CAN-EIVJUWEH41,T0,,,,,
CAN-EIVJUWEH41,T1,,,,,
CAN-VG34N2E8XG,T0,,,,,
CAN-VG34N2E8XG,T1,,,,,
CAN-PEH0PR290Y,T0,,,,,
CAN-PEH0PR290Y,T1,,,,,
CAN-NFV22N9141,T0,,,,,
CAN-NFV22N9141,T1,,,,,
CAN-PYJZVYXN5L,T0,,,,,
CAN-PYJZVYXN5L,T1,,,,,
CAN-L7DO3CEWM6,T0,,,,,
CAN-L7DO3CEWM6,T1,,,,,
CAN-IVAIG69ZJW,T0,,,,,
CAN-IVAIG69ZJW,T1,,,,,
CAN-QME4S6QZVD,T0,,,,,
CAN-QME4S6QZVD,T1,,,,,
CAN-64WMF6JWLF,T0,,,,,
CAN-64WMF6JWLF,T1,,,,,
CAN-RT5XIUSLVV,T0,,,,,
CAN-RT5XIUSLVV,T1,,,,,
CAN-OS9CZ0GQRX,T0,,,,,
CAN-OS9CZ0GQRX,T1,,,,,
CAN-6C5FMS6X05,T0,,,,,
CAN-6C5FMS6X05,T1,,,,,
CAN-309JHWPRCR,T0,,,,,
CAN-309JHWPRCR,T1,,,,,
CAN-140B5KNVFC,T0,,,,,
CAN-140B5KNVFC,T1,,,,,
CAN-YFMXJLOTUM,T0,,,,,
CAN-YFMXJLOTUM,T1,,,,,
CAN-UC1GUSFB8Y,T0,,,,,
CAN-UC1GUSFB8Y,T1,,,,,
CAN-359X0HM19J,T0,,,,,
CAN-359X0HM19J,T1,,,,,
CAN-WTPIRL9Q5Z,T0,,,,,
CAN-WTPIRL9Q5Z,T1,,,,,
CAN-JQP28IHCCE,T0,,,,,
CAN-JQP28IHCCE,T1,,,,,
CAN-K1BUOIDD26,T0,,,,,
CAN-K1BUOIDD26,T1,,,,,
CAN-P3QMA1ID2Y,T0,,,,,
CAN-P3QMA1ID2Y,T1,,,,,
CAN-2ZBZZ89QME,T0,,,,,
CAN-2ZBZZ89QME,T1,,,,,
CAN-5MVSWWO2D5,T0,,,,,
CAN-5MVSWWO2D5,T1,,,,,
CAN-G1U6R4SRP9,T0,,,,,
CAN-G1U6R4SRP9,T1,,,,,
CAN-HPS7ZW6BUR,T0,,,,,
CAN-HPS7ZW6BUR,T1,,,,,
CAN-VZRQ7NZ3DU,T0,,,,,
CAN-VZRQ7NZ3DU,T1,,,,,
CAN-1RFZ6LV26Z,T0,,,,,
CAN-1RFZ6LV26Z,T1,,,,,
CAN-0N2V2QJ0LP,T0,,,,,
CAN-0N2V2QJ0LP,T1,,,,,
CAN-MR5BAMCACC,T0,,,,,
CAN-MR5BAMCACC,T1,,,,,
CAN-GDWCSRFTDT,T0,,,,,
CAN-GDWCSRFTDT,T1,,,,,
CAN-U04NBURKNI,T0,,,,,
CAN-U04NBURKNI,T1,,,,,
CAN-LK41TP8GY4,T0,,,,,
CAN-LK41TP8GY4,T1,,,,,
CAN-8OWW6O69JS,T0,,,,,
CAN-8OWW6O69JS,T1,,,,,
CAN-WWW5FIOSG7,T0,,,,,
CAN-WWW5FIOSG7,T1,,,,,
CAN-811OJEAPZE,T0,,,,,
CAN-811OJEAPZE,T1,,,,,
CAN-3CK0QFL4AF,T0,,,,,
CAN-3CK0QFL4AF,T1,,,,,
CAN-DF27ZPCH96,T0,,,,,
CAN-DF27ZPCH96,T1,,,,,
CAN-UN8228G1WO,T0,,,,,
CAN-UN8228G1WO,T1,,,,,
CAN-3IK6ZJ1FVN,T0,,,,,
CAN-3IK6ZJ1FVN,T1,,,,,
CAN-HVPJWMTPWK,T0,,,,,
CAN-HVPJWMTPWK,T1,,,,,
CAN-13HD6K30KZ,T0,,,,,
CAN-13HD6K30KZ,T1,,,,,
CAN-KAEH77AZL2,T0,,,,,
CAN-KAEH77AZL2,T1,,,,,
CAN-Q9VDYHQSTY,T0,,,,,
CAN-Q9VDYHQSTY,T1,,,,,
CAN-I8FXXXZERP,T0,,,,,
CAN-I8FXXXZERP,T1,,,,,
CAN-9RK5B2G389,T0,,,,,
CAN-9RK5B2G389,T1,,,,,
CAN-NTB96ZANW9,T0,,,,,
CAN-NTB96ZANW9,T1,,,,,
CAN-VW0ASIVSXL,T0,,,,,
CAN-VW0ASIVSXL,T1,,,,,
CAN-O9DV1H2N7P,T0,,,,,
CAN-O9DV1H2N7P,T1,,,,,
CAN-2DE86PXELM,T0,,,,,
CAN-2DE86PXELM,T1,,,,,
CAN-5QBE7AOUKG,T0,,,,,
CAN-5QBE7AOUKG,T1,,,,,
CAN-7KQQI04XJQ,T0,,,,,
CAN-7KQQI04XJQ,T1,,,,,
CAN-YUYFXDLWL8,T0,,,,,
CAN-YUYFXDLWL8,T1,,,,,
CAN-JUCT41NVA5,T0,,,,,
CAN-JUCT41NVA5,T1,,,,,
CAN-CHEPGEX4TH,T0,,,,,
CAN-CHEPGEX4TH,T1,,,,,
CAN-A7IEE0SJQ2,T0,,,,,
CAN-A7IEE0SJQ2,T1,,,,,
CAN-KEXPKZUHVO,T0,,,,,
CAN-KEXPKZUHVO,T1,,,,,
CAN-EW227J0CZD,T0,,,,,
CAN-EW227J0CZD,T1,,,,,
CAN-RJUB09MEJK,T0,,,,,
CAN-RJUB09MEJK,T1,,,,,
CAN-HFPM39CVEX,T0,,,,,
CAN-HFPM39CVEX,T1,,,,,
CAN-S9LGE21HHA,T0,,,,,
CAN-S9LGE21HHA,T1,,,,,
CAN-J6TTPXGGL1,T0,,,,,
CAN-J6TTPXGGL1,T1,,,,,
CAN-P0141A40U6,T0,,,,,
CAN-P0141A40U6,T1,,,,,
CAN-D3ZAXUU9FU,T0,,,,,
CAN-D3ZAXUU9FU,T1,,,,,
CAN-JSJ2IRRJIT,T0,,,,,
CAN-JSJ2IRRJIT,T1,,,,,
CAN-WQIHFV119V,T0,,,,,
CAN-WQIHFV119V,T1,,,,,
CAN-KFKNQZ87QG,T0,,,,,
CAN-KFKNQZ87QG,T1,,,,,
CAN-83IH5N1XRT,T0,,,,,
CAN-83IH5N1XRT,T1,,,,,
CAN-62RT441ZML,T0,,,,,
CAN-62RT441ZML,T1,,,,,
CAN-04L90C4DVX,T0,,,,,
CAN-04L90C4DVX,T1,,,,,
CAN-ONAIJ8SSVE,T0,,,,,
CAN-ONAIJ8SSVE,T1,,,,,
CAN-O9HNA4UXMF,T0,,,,,
CAN-O9HNA4UXMF,T1,,,,,
CAN-HQCT1FL4XO,T0,,,,,
CAN-HQCT1FL4XO,T1,,,,,
CAN-PDIC8RUKEF,T0,,,,,
CAN-PDIC8RUKEF,T1,,,,,
CAN-C6S9U8NUNW,T0,,,,,
CAN-C6S9U8NUNW,T1,,,,,
CAN-2AXDVROPZI,T0,,,,,
CAN-2AXDVROPZI,T1,,,,,
CAN-BPGRQAS63G,T0,,,,,
CAN-BPGRQAS63G,T1,,,,,
CAN-NJIWES3CMC,T0,,,,,
CAN-NJIWES3CMC,T1,,,,,
CAN-96K62XQ18N,T0,,,,,
CAN-96K62XQ18N,T1,,,,,
CAN-IS5WC5FE17,T0,,,,,
CAN-IS5WC5FE17,T1,,,,,
CAN-DBWCJSSNLB,T0,,,,,
CAN-DBWCJSSNLB,T1,,,,,
CAN-KWYHNIZKW0,T0,,,,,
CAN-KWYHNIZKW0,T1,,,,,
CAN-MG207RG017,T0,,,,,
CAN-MG207RG017,T1,,,,,
CAN-HOWZHGLS21,T0,,,,,
CAN-HOWZHGLS21,T1,,,,,
CAN-C9O7FVXS8Q,T0,,,,,
CAN-C9O7FVXS8Q,T1,,,,,
CAN-7EKCQZ8LOJ,T0,,,,,
CAN-7EKCQZ8LOJ,T1,,,,,
CAN-0IIR6D1LTE,T0,,,,,
CAN-0IIR6D1LTE,T1,,,,,
CAN-50E93XECKG,T0,,,,,
CAN-50E93XECKG,T1,,,,,
CAN-1JRQWPMKM5,T0,,,,,
CAN-1JRQWPMKM5,T1,,,,,
CAN-GB638ZIQ6V,T0,,,,,
CAN-GB638ZIQ6V,T1,,,,,
CAN-5MC3Q34DT3,T0,,,,,
CAN-5MC3Q34DT3,T1,,,,,
CAN-V7I3FLID8N,T0,,,,,
CAN-V7I3FLID8N,T1,,,,,
CAN-JR0868JS2L,T0,,,,,
CAN-JR0868JS2L,T1,,,,,
CAN-8X4RFEV5HW,T0,,,,,
CAN-8X4RFEV5HW,T1,,,,,
CAN-43F3XYBAPZ,T0,,,,,
CAN-43F3XYBAPZ,T1,,,,,
CAN-ZRFMVQRZZO,T0,,,,,
CAN-ZRFMVQRZZO,T1,,,,,
CAN-XRT72EFLSG,T0,,,,,
CAN-XRT72EFLSG,T1,,,,,
CAN-FIJW15F072,T0,,,,,
CAN-FIJW15F072,T1,,,,,
CAN-N9NVWWVKYK,T0,,,,,
CAN-N9NVWWVKYK,T1,,,,,
CAN-Q8XIXM26IT,T0,,,,,
CAN-Q8XIXM26IT,T1,,,,,
CAN-8EMS5765G3,T0,,,,,
CAN-8EMS5765G3,T1,,,,,
CAN-4I5S06SRRH,T0,,,,,
CAN-4I5S06SRRH,T1,,,,,
CAN-2YKWL8TFAT,T0,,,,,
CAN-2YKWL8TFAT,T1,,,,,
CAN-9PIB5P6HOX,T0,,,,,
CAN-9PIB5P6HOX,T1,,,,,
CAN-1PNIXHHFMS,T0,,,,,
CAN-1PNIXHHFMS,T1,,,,,
CAN-CV1BL2AQNX,T0,,,,,
CAN-CV1BL2AQNX,T1,,,,,
CAN-00BT3190WN,T0,,,,,
CAN-00BT3190WN,T1,,,,,
CAN-5DDAUMZ5CE,T0,,,,,
CAN-5DDAUMZ5CE,T1,,,,,
CAN-EFLLA4IBHK,T0,,,,,
CAN-EFLLA4IBHK,T1,,,,,
CAN-RYDGLZKUCP,T0,,,,,
CAN-RYDGLZKUCP,T1,,,,,
CAN-0ZBFW8GBAA,T0,,,,,
CAN-0ZBFW8GBAA,T1,,,,,
CAN-4J8F5Q359W,T0,,,,,
CAN-4J8F5Q359W,T1,,,,,
CAN-7V9KOOQOFH,T0,,,,,
CAN-7V9KOOQOFH,T1,,,,,
CAN-KSY8L3P9EG,T0,,,,,
CAN-KSY8L3P9EG,T1,,,,,
CAN-PHYXLCZPC1,T0,,,,,
CAN-PHYXLCZPC1,T1,,,,,
CAN-LZYU966U27,T0,,,,,
CAN-LZYU966U27,T1,,,,,
CAN-BM7SLVGG6W,T0,,,,,
CAN-BM7SLVGG6W,T1,,,,,
CAN-A6CZZSXYG2,T0,,,,,
CAN-A6CZZSXYG2,T1,,,,,
CAN-499J2LII3O,T0,,,,,
CAN-499J2LII3O,T1,,,,,
CAN-SLGJFN9RLX,T0,,,,,
CAN-SLGJFN9RLX,T1,,,,,
CAN-XXVUZ34A9Q,T0,,,,,
CAN-XXVUZ34A9Q,T1,,,,,
CAN-3V6T3OMBHW,T0,,,,,
CAN-3V6T3OMBHW,T1,,,,,
CAN-X2FNPM5JPP,T0,,,,,
CAN-X2FNPM5JPP,T1,,,,,
CAN-APVA8HB62V,T0,,,,,
CAN-APVA8HB62V,T1,,,,,
CAN-HAMMDZDJPL,T0,,,,,
CAN-HAMMDZDJPL,T1,,,,,
CAN-KGIMEIU178,T0,,,,,
CAN-KGIMEIU178,T1,,,,,
CAN-2GI8AAYAEP,T0,,,,,
CAN-2GI8AAYAEP,T1,,,,,
CAN-JJ6IHEE13S,T0,,,,,
CAN-JJ6IHEE13S,T1,,,,,
CAN-RBSRZ40BCI,T0,,,,,
CAN-RBSRZ40BCI,T1,,,,,
CAN-8SETXTYFQI,T0,,,,,
CAN-8SETXTYFQI,T1,,,,,
CAN-BZ5NI2U0UG,T0,,,,,
CAN-BZ5NI2U0UG,T1,,,,,
CAN-6UOBA32KB9,T0,,,,,
CAN-6UOBA32KB9,T1,,,,,
CAN-ZNN25PG9EK,T0,,,,,
CAN-ZNN25PG9EK,T1,,,,,
CAN-JOAG3O7JLO,T0,,,,,
CAN-JOAG3O7JLO,T1,,,,,
CAN-L1UD2I6BZF,T0,,,,,
CAN-L1UD2I6BZF,T1,,,,,
CAN-JR9B6VBEK0,T0,,,,,
CAN-JR9B6VBEK0,T1,,,,,
CAN-IEJURYFL3E,T0,,,,,
CAN-IEJURYFL3E,T1,,,,,
CAN-WV5DXVMCL0,T0,,,,,
CAN-WV5DXVMCL0,T1,,,,,
CAN-1C7B4BG3DK,T0,,,,,
CAN-1C7B4BG3DK,T1,,,,,
CAN-Z8NR3FTQPA,T0,,,,,
CAN-Z8NR3FTQPA,T1,,,,,
CAN-W75Z2Y1LOK,T0,,,,,
CAN-W75Z2Y1LOK,T1,,,,,
CAN-21HE1S66B9,T0,,,,,
CAN-21HE1S66B9,T1,,,,,
CAN-NGIKR896R1,T0,,,,,
CAN-NGIKR896R1,T1,,,,,
CAN-9ASI1MRLI8,T0,,,,,
CAN-9ASI1MRLI8,T1,,,,,
CAN-KHXFZJN4QC,T0,,,,,
CAN-KHXFZJN4QC,T1,,,,,
CAN-Z40V86LXXZ,T0,,,,,
CAN-Z40V86LXXZ,T1,,,,,
CAN-TRE6QCHMG4,T0,,,,,
CAN-TRE6QCHMG4,T1,,,,,
CAN-VNKWF4A7BF,T0,,,,,
CAN-VNKWF4A7BF,T1,,,,,
CAN-HUDF70R3IF,T0,,,,,
CAN-HUDF70R3IF,T1,,,,,
CAN-1QM4PMUXLB,T0,,,,,
CAN-1QM4PMUXLB,T1,,,,,
CAN-TY6ZQ10QMF,T0,,,,,
CAN-TY6ZQ10QMF,T1,,,,,
CAN-2UC1S4T61R,T0,,,,,
CAN-2UC1S4T61R,T1,,,,,
CAN-XSB1CDQY5U,T0,,,,,
CAN-XSB1CDQY5U,T1,,,,,
CAN-BLZXVD18AI,T0,,,,,
CAN-BLZXVD18AI,T1,,,,,
CAN-LGA0XUDNG9,T0,,,,,
CAN-LGA0XUDNG9,T1,,,,,
CAN-2MZAOEZKG9,T0,,,,,
CAN-2MZAOEZKG9,T1,,,,,
CAN-84QF2MGB9T,T0,,,,,
CAN-84QF2MGB9T,T1,,,,,
CAN-K0OS7PBL35,T0,,,,,
CAN-K0OS7PBL35,T1,,,,,
CAN-RV85O79X3S,T0,,,,,
CAN-RV85O79X3S,T1,,,,,
CAN-1CFC0MA0UM,T0,,,,,
CAN-1CFC0MA0UM,T1,,,,,
CAN-SL72IRO8DW,T0,,,,,
CAN-SL72IRO8DW,T1,,,,,
CAN-RTV4GNV2HV,T0,,,,,
CAN-RTV4GNV2HV,T1,,,,,
CAN-QU7Z01L8GD,T0,,,,,
CAN-QU7Z01L8GD,T1,,,,,
CAN-CD69KRGZBV,T0,,,,,
CAN-CD69KRGZBV,T1,,,,,
CAN-QAUD4ILOEJ,T0,,,,,
CAN-QAUD4ILOEJ,T1,,,,,
CAN-5SJM4EM9WL,T0,,,,,
CAN-5SJM4EM9WL,T1,,,,,
CAN-ZIHNWT03V6,T0,,,,,
CAN-ZIHNWT03V6,T1,,,,,
CAN-CBHHMIY8EB,T0,,,,,
CAN-CBHHMIY8EB,T1,,,,,
CAN-MUVVVZBJZQ,T0,,,,,
CAN-MUVVVZBJZQ,T1,,,,,
CAN-2FN81FQF57,T0,,,,,
CAN-2FN81FQF57,T1,,,,,
CAN-HPNL0VBRZT,T0,,,,,
CAN-HPNL0VBRZT,T1,,,,,
CAN-OV2OP0BPC2,T0,,,,,
CAN-OV2OP0BPC2,T1,,,,,
CAN-J78NJ2AHT5,T0,,,,,
CAN-J78NJ2AHT5,T1,,,,,
CAN-2KA31FPATP,T0,,,,,
CAN-2KA31FPATP,T1,,,,,
CAN-XHDRZM7Y9U,T0,,,,,
CAN-XHDRZM7Y9U,T1,,,,,
CAN-L35FPSYBS9,T0,,,,,
CAN-L35FPSYBS9,T1,,,,,
CAN-5A4YPDFGU4,T0,,,,,
CAN-5A4YPDFGU4,T1,,,,,
CAN-IX5IA5JADP,T0,,,,,
CAN-IX5IA5JADP,T1,,,,,
CAN-WOZ3N0UTWX,T0,,,,,
CAN-WOZ3N0UTWX,T1,,,,,
CAN-F7NOKFVVYP,T0,,,,,
CAN-F7NOKFVVYP,T1,,,,,
CAN-CEFAIKRM4H,T0,,,,,
CAN-CEFAIKRM4H,T1,,,,,
CAN-1UULE9Q86K,T0,,,,,
CAN-1UULE9Q86K,T1,,,,,
CAN-1HHL9UQ4P9,T0,,,,,
CAN-1HHL9UQ4P9,T1,,,,,
CAN-I3WY1YN5MM,T0,,,,,
CAN-I3WY1YN5MM,T1,,,,,
CAN-DNFNFD4KXH,T0,,,,,
CAN-DNFNFD4KXH,T1,,,,,
CAN-1WPWIHSONZ,T0,,,,,
CAN-1WPWIHSONZ,T1,,,,,
CAN-8XIHSUEAA6,T0,,,,,
CAN-8XIHSUEAA6,T1,,,,,
CAN-YS54SF0OUX,T0,,,,,
CAN-YS54SF0OUX,T1,,,,,
CAN-GBR2O4TCRW,T0,,,,,
CAN-GBR2O4TCRW,T1,,,,,
CAN-3SZEYSBW8U,T0,,,,,
CAN-3SZEYSBW8U,T1,,,,,
CAN-O0K6PH4XDY,T0,,,,,
CAN-O0K6PH4XDY,T1,,,,,
CAN-3GFI11EZZX,T0,,,,,
CAN-3GFI11EZZX,T1,,,,,
CAN-25PZV3HTDW,T0,,,,,
CAN-25PZV3HTDW,T1,,,,,
CAN-TG18E6LGJB,T0,,,,,
CAN-TG18E6LGJB,T1,,,,,
CAN-62Y4IXVB9L,T0,,,,,
CAN-62Y4IXVB9L,T1,,,,,
CAN-5FOL71ZS6J,T0,,,,,
CAN-5FOL71ZS6J,T1,,,,,
CAN-8465UB8VHY,T0,,,,,
CAN-8465UB8VHY,T1,,,,,
CAN-080KS9QESC,T0,,,,,
CAN-080KS9QESC,T1,,,,,
CAN-Y5LNZ2QQRV,T0,,,,,
CAN-Y5LNZ2QQRV,T1,,,,,
CAN-Z8G0I9IEIO,T0,,,,,
CAN-Z8G0I9IEIO,T1,,,,,
CAN-8BR6ZCR6C5,T0,,,,,
CAN-8BR6ZCR6C5,T1,,,,,
CAN-HK7CJJ6YQS,T0,,,,,
CAN-HK7CJJ6YQS,T1,,,,,
CAN-7E3JDL4KLT,T0,,,,,
CAN-7E3JDL4KLT,T1,,,,,
CAN-M5PX3JZR1B,T0,,,,,
CAN-M5PX3JZR1B,T1,,,,,
CAN-C32YV5AU96,T0,,,,,
CAN-C32YV5AU96,T1,,,,,
CAN-MBW8WBYWFG,T0,,,,,
CAN-MBW8WBYWFG,T1,,,,,
CAN-8HZINOIFJ2,T0,,,,,
CAN-8HZINOIFJ2,T1,,,,,
CAN-CG2A61INXT,T0,,,,,
CAN-CG2A61INXT,T1,,,,,
CAN-8XKUV0MZRM,T0,,,,,
CAN-8XKUV0MZRM,T1,,,,,
CAN-N7VNTG4VE7,T0,,,,,
CAN-N7VNTG4VE7,T1,,,,,
CAN-G8WNEGXUR6,T0,,,,,
CAN-G8WNEGXUR6,T1,,,,,
CAN-KQNSWJPUXZ,T0,,,,,
CAN-KQNSWJPUXZ,T1,,,,,
CAN-ILQHWNFY1X,T0,,,,,
CAN-ILQHWNFY1X,T1,,,,,
CAN-K2NWEFTQFG,T0,,,,,
CAN-K2NWEFTQFG,T1,,,,,
CAN-LVU99IQKI3,T0,,,,,
CAN-LVU99IQKI3,T1,,,,,
CAN-EJPJFXGXE5,T0,,,,,
CAN-EJPJFXGXE5,T1,,,,,
CAN-I64GC1F73O,T0,,,,,
CAN-I64GC1F73O,T1,,,,,
CAN-0US491WXTV,T0,,,,,
CAN-0US491WXTV,T1,,,,,
CAN-WQQAVM6KJ0,T0,,,,,
CAN-WQQAVM6KJ0,T1,,,,,
CAN-N5AXIPSRC1,T0,,,,,
CAN-N5AXIPSRC1,T1,,,,,
CAN-TIKTV8FFXI,T0,,,,,
CAN-TIKTV8FFXI,T1,,,,,
CAN-XY0O7LG86Z,T0,,,,,
CAN-XY0O7LG86Z,T1,,,,,
CAN-XPOV43KRPJ,T0,,,,,
CAN-XPOV43KRPJ,T1,,,,,
CAN-QOZNNY3XOS,T0,,,,,
CAN-QOZNNY3XOS,T1,,,,,
CAN-F102SVS6S0,T0,,,,,
CAN-F102SVS6S0,T1,,,,,
CAN-PKKYF4LJQN,T0,,,,,
CAN-PKKYF4LJQN,T1,,,,,
CAN-VRR5TXWLM2,T0,,,,,
CAN-VRR5TXWLM2,T1,,,,,
CAN-LVM3G1ENCA,T0,,,,,
CAN-LVM3G1ENCA,T1,,,,,
CAN-5ZRFL67M04,T0,,,,,
CAN-5ZRFL67M04,T1,,,,,
CAN-SCIH4OCEWX,T0,,,,,
CAN-SCIH4OCEWX,T1,,,,,
CAN-6PNSYH2K6Q,T0,,,,,
CAN-6PNSYH2K6Q,T1,,,,,
CAN-IDDAQ1XAR5,T0,,,,,
CAN-IDDAQ1XAR5,T1,,,,,
CAN-WFEJAHA4KJ,T0,,,,,
CAN-WFEJAHA4KJ,T1,,,,,
CAN-7IB2XRK8UK,T0,,,,,
CAN-7IB2XRK8UK,T1,,,,,
CAN-B3QI1D6V07,T0,,,,,
CAN-B3QI1D6V07,T1,,,,,
CAN-UI9LP06WKT,T0,,,,,
CAN-UI9LP06WKT,T1,,,,,
CAN-GXTMUF9MJ2,T0,,,,,
CAN-GXTMUF9MJ2,T1,,,,,
CAN-IMC1NN34G5,T0,,,,,
CAN-IMC1NN34G5,T1,,,,,
CAN-1L4D38HZJM,T0,,,,,
CAN-1L4D38HZJM,T1,,,,,
CAN-9TD1AMCR28,T0,,,,,
CAN-9TD1AMCR28,T1,,,,,
CAN-XHTD9G07HA,T0,,,,,
CAN-XHTD9G07HA,T1,,,,,
CAN-W7WMLA59ID,T0,,,,,
CAN-W7WMLA59ID,T1,,,,,
CAN-NGXBC56SDK,T0,,,,,
CAN-NGXBC56SDK,T1,,,,,
CAN-5RPHT5Z5E7,T0,,,,,
CAN-5RPHT5Z5E7,T1,,,,,
CAN-U6ZRK60961,T0,,,,,
CAN-U6ZRK60961,T1,,,,,
CAN-6TT1MJ89A2,T0,,,,,
CAN-6TT1MJ89A2,T1,,,,,
CAN-CLS969XCYT,T0,,,,,
CAN-CLS969XCYT,T1,,,,,
CAN-X66G0DQZY1,T0,,,,,
CAN-X66G0DQZY1,T1,,,,,
CAN-2YRGQCJE0E,T0,,,,,
CAN-2YRGQCJE0E,T1,,,,,
CAN-9E9GN8J9TO,T0,,,,,
CAN-9E9GN8J9TO,T1,,,,,
CAN-U79ZNXBNVQ,T0,,,,,
CAN-U79ZNXBNVQ,T1,,,,,
CAN-X58X5JQINC,T0,,,,,
CAN-X58X5JQINC,T1,,,,,
CAN-KWP1997X87,T0,,,,,
CAN-KWP1997X87,T1,,,,,
CAN-8G6HTDW3TS,T0,,,,,
CAN-8G6HTDW3TS,T1,,,,,
CAN-QLPFPO5OLD,T0,,,,,
CAN-QLPFPO5OLD,T1,,,,,
CAN-JJ95M9863N,T0,,,,,
CAN-JJ95M9863N,T1,,,,,
CAN-488ZQMJUIO,T0,,,,,
CAN-488ZQMJUIO,T1,,,,,
CAN-CC1516YZ47,T0,,,,,
CAN-CC1516YZ47,T1,,,,,
CAN-GH7D4D514K,T0,,,,,
CAN-GH7D4D514K,T1,,,,,
CAN-RIG27I4PY5,T0,,,,,
CAN-RIG27I4PY5,T1,,,,,
CAN-IX71UNKLCC,T0,,,,,
CAN-IX71UNKLCC,T1,,,,,
CAN-A80B8BWYTA,T0,,,,,
CAN-A80B8BWYTA,T1,,,,,
CAN-1E45WZY43D,T0,,,,,
CAN-1E45WZY43D,T1,,,,,
CAN-7CVLBD738V,T0,,,,,
CAN-7CVLBD738V,T1,,,,,
CAN-4S4D0383VK,T0,,,,,
CAN-4S4D0383VK,T1,,,,,
CAN-UCE4G3CNP9,T0,,,,,
CAN-UCE4G3CNP9,T1,,,,,
CAN-6MK64XUAXF,T0,,,,,
CAN-6MK64XUAXF,T1,,,,,
CAN-27YWM1IRR1,T0,,,,,
CAN-27YWM1IRR1,T1,,,,,
CAN-J54ARAPJC7,T0,,,,,
CAN-J54ARAPJC7,T1,,,,,
CAN-N173K08RKT,T0,,,,,
CAN-N173K08RKT,T1,,,,,
CAN-GD4B5D13OH,T0,,,,,
CAN-GD4B5D13OH,T1,,,,,
CAN-FZZQVJEZSA,T0,,,,,
CAN-FZZQVJEZSA,T1,,,,,
CAN-I2CVJM8PJW,T0,,,,,
CAN-I2CVJM8PJW,T1,,,,,
CAN-UH5R088C8K,T0,,,,,
CAN-UH5R088C8K,T1,,,,,
CAN-LXYLRL6MJ2,T0,,,,,
CAN-LXYLRL6MJ2,T1,,,,,
CAN-NPJBBTGHAX,T0,,,,,
CAN-NPJBBTGHAX,T1,,,,,
CAN-PKZ6W4GT5P,T0,,,,,
CAN-PKZ6W4GT5P,T1,,,,,
CAN-1Z0OG9C3TF,T0,,,,,
CAN-1Z0OG9C3TF,T1,,,,,
CAN-MP734TY95Y,T0,,,,,
CAN-MP734TY95Y,T1,,,,,
CAN-UAQJ9DF4RS,T0,,,,,
CAN-UAQJ9DF4RS,T1,,,,,
CAN-PEJWN6CP0I,T0,,,,,
CAN-PEJWN6CP0I,T1,,,,,
CAN-9F616ETT88,T0,,,,,
CAN-9F616ETT88,T1,,,,,
CAN-LDLXA7UGZE,T0,,,,,
CAN-LDLXA7UGZE,T1,,,,,
CAN-VPRHAUUYMV,T0,,,,,
CAN-VPRHAUUYMV,T1,,,,,
CAN-8D9020AF7D,T0,,,,,
CAN-8D9020AF7D,T1,,,,,
CAN-L6JR386TAR,T0,,,,,
CAN-L6JR386TAR,T1,,,,,
CAN-2N9I7A84OI,T0,,,,,
CAN-2N9I7A84OI,T1,,,,,
CAN-2ED9JBIFB3,T0,,,,,
CAN-2ED9JBIFB3,T1,,,,,
CAN-6Y93CLAE2C,T0,,,,,
CAN-6Y93CLAE2C,T1,,,,,
CAN-JDUDM5GWWV,T0,,,,,
CAN-JDUDM5GWWV,T1,,,,,
CAN-BO253PSTSZ,T0,,,,,
CAN-BO253PSTSZ,T1,,,,,
CAN-BQ2E1CA8JA,T0,,,,,
CAN-BQ2E1CA8JA,T1,,,,,
CAN-C6JQXV1H28,T0,,,,,
CAN-C6JQXV1H28,T1,,,,,
CAN-KFG9FWRCTM,T0,,,,,
CAN-KFG9FWRCTM,T1,,,,,
CAN-KU36S1J0NR,T0,,,,,
CAN-KU36S1J0NR,T1,,,,,
CAN-Z0FD21257G,T0,,,,,
CAN-Z0FD21257G,T1,,,,,
CAN-XN1VY03MT9,T0,,,,,
CAN-XN1VY03MT9,T1,,,,,
CAN-MKMYP0AXKD,T0,,,,,
CAN-MKMYP0AXKD,T1,,,,,
CAN-36ES5F5MIS,T0,,,,,
CAN-36ES5F5MIS,T1,,,,,
CAN-1RGPT3AZY3,T0,,,,,
CAN-1RGPT3AZY3,T1,,,,,
CAN-X2VG0ZIVDY,T0,,,,,
CAN-X2VG0ZIVDY,T1,,,,,
CAN-PU7MLLXY3I,T0,,,,,
CAN-PU7MLLXY3I,T1,,,,,
CAN-WTLISF84SF,T0,,,,,
CAN-WTLISF84SF,T1,,,,,
CAN-3IP2RGXD1E,T0,,,,,
CAN-3IP2RGXD1E,T1,,,,,
CAN-FWVARAKN5X,T0,,,,,
CAN-FWVARAKN5X,T1,,,,,
CAN-7Z4I6X76ZY,T0,,,,,
CAN-7Z4I6X76ZY,T1,,,,,
CAN-X60E0PZP7G,T0,,,,,
CAN-X60E0PZP7G,T1,,,,,
CAN-4DQEX1DFLP,T0,,,,,
CAN-4DQEX1DFLP,T1,,,,,
CAN-P8LGLZ1UJT,T0,,,,,
CAN-P8LGLZ1UJT,T1,,,,,
CAN-71FHD9MXYM,T0,,,,,
CAN-71FHD9MXYM,T1,,,,,
CAN-IZDW24DNJP,T0,,,,,
CAN-IZDW24DNJP,T1,,,,,
CAN-HQ5CIZUDEH,T0,,,,,
CAN-HQ5CIZUDEH,T1,,,,,
CAN-1XZWGFWQZE,T0,,,,,
CAN-1XZWGFWQZE,T1,,,,,
CAN-P1XE1ZZYBQ,T0,,,,,
CAN-P1XE1ZZYBQ,T1,,,,,
CAN-101FE75TKM,T0,,,,,
CAN-101FE75TKM,T1,,,,,
CAN-BC336PGI90,T0,,,,,
CAN-BC336PGI90,T1,,,,,
CAN-ECPL4T6C8Y,T0,,,,,
CAN-ECPL4T6C8Y,T1,,,,,
CAN-RWMYHQSX0S,T0,,,,,
CAN-RWMYHQSX0S,T1,,,,,
CAN-P5JD4KLID6,T0,,,,,
CAN-P5JD4KLID6,T1,,,,,
CAN-OBPVJ18GSS,T0,,,,,
CAN-OBPVJ18GSS,T1,,,,,
CAN-R0P86GFWPR,T0,,,,,
CAN-R0P86GFWPR,T1,,,,,
CAN-VWM3SI5X46,T0,,,,,
CAN-VWM3SI5X46,T1,,,,,
CAN-6US4XAE8JS,T0,,,,,
CAN-6US4XAE8JS,T1,,,,,
CAN-6860C0OOGW,T0,,,,,
CAN-6860C0OOGW,T1,,,,,
CAN-P1Z9MNXF91,T0,,,,,
CAN-P1Z9MNXF91,T1,,,,,
CAN-CZM5PEVNQ6,T0,,,,,
CAN-CZM5PEVNQ6,T1,,,,,
CAN-IPQBUFFA7S,T0,,,,,
CAN-IPQBUFFA7S,T1,,,,,
CAN-Z0QGHEHD6O,T0,,,,,
CAN-Z0QGHEHD6O,T1,,,,,
CAN-TDJP1I41NA,T0,,,,,
CAN-TDJP1I41NA,T1,,,,,
CAN-R0PIGPLMPB,T0,,,,,
CAN-R0PIGPLMPB,T1,,,,,
CAN-7E682N7FZH,T0,,,,,
CAN-7E682N7FZH,T1,,,,,
CAN-RHF8XN5P9S,T0,,,,,
CAN-RHF8XN5P9S,T1,,,,,
CAN-I8YMVQ0V2C,T0,,,,,
CAN-I8YMVQ0V2C,T1,,,,,
CAN-QUA493P943,T0,,,,,
CAN-QUA493P943,T1,,,,,
CAN-1RHY4XZFGR,T0,,,,,
CAN-1RHY4XZFGR,T1,,,,,
CAN-ZG72R63IV4,T0,,,,,
CAN-ZG72R63IV4,T1,,,,,
CAN-PJ5N0BB82P,T0,,,,,
CAN-PJ5N0BB82P,T1,,,,,
CAN-26Q0QTVVCQ,T0,,,,,
CAN-26Q0QTVVCQ,T1,,,,,
CAN-EHFHJIF452,T0,,,,,
CAN-EHFHJIF452,T1,,,,,
CAN-5HIC6KT8VM,T0,,,,,
CAN-5HIC6KT8VM,T1,,,,,
CAN-Z52NIBEBB6,T0,,,,,
CAN-Z52NIBEBB6,T1,,,,,
CAN-KYNUOKTIIJ,T0,,,,,
CAN-KYNUOKTIIJ,T1,,,,,
CAN-BWTX1USE5Z,T0,,,,,
CAN-BWTX1USE5Z,T1,,,,,
CAN-FG8BVUJIL4,T0,,,,,
CAN-FG8BVUJIL4,T1,,,,,
CAN-FCMG0L7A87,T0,,,,,
CAN-FCMG0L7A87,T1,,,,,
CAN-EA5PODN9M5,T0,,,,,
CAN-EA5PODN9M5,T1,,,,,
CAN-0GUKUDDD2O,T0,,,,,
CAN-0GUKUDDD2O,T1,,,,,
CAN-VX1CJ9WG1D,T0,,,,,
CAN-VX1CJ9WG1D,T1,,,,,
CAN-ZH34ZVG2Z7,T0,,,,,
CAN-ZH34ZVG2Z7,T1,,,,,
CAN-8FR51ZL55T,T0,,,,,
CAN-8FR51ZL55T,T1,,,,,
CAN-D5Q0PT8VQY,T0,,,,,
CAN-D5Q0PT8VQY,T1,,,,,
CAN-0HLYE2H0TN,T0,,,,,
CAN-0HLYE2H0TN,T1,,,,,
CAN-ZYUV662WKM,T0,,,,,
CAN-ZYUV662WKM,T1,,,,,
CAN-WOS1FRIWHU,T0,,,,,
CAN-WOS1FRIWHU,T1,,,,,
CAN-JV4WC2QWJG,T0,,,,,
CAN-JV4WC2QWJG,T1,,,,,
CAN-QVM4RVFBHO,T0,,,,,
CAN-QVM4RVFBHO,T1,,,,,
CAN-YF2X5CG43X,T0,,,,,
CAN-YF2X5CG43X,T1,,,,,
CAN-GTRZMV90GK,T0,,,,,
CAN-GTRZMV90GK,T1,,,,,
CAN-VYA1YG3SVV,T0,,,,,
CAN-VYA1YG3SVV,T1,,,,,
CAN-ZY11U6QKDR,T0,,,,,
CAN-ZY11U6QKDR,T1,,,,,
CAN-Y5M2PI53HR,T0,,,,,
CAN-Y5M2PI53HR,T1,,,,,
CAN-9KJGDRQ3DO,T0,,,,,
CAN-9KJGDRQ3DO,T1,,,,,
CAN-AQ7SQ8BCYU,T0,,,,,
CAN-AQ7SQ8BCYU,T1,,,,,
CAN-28HOG1H1PI,T0,,,,,
CAN-28HOG1H1PI,T1,,,,,
CAN-HOS3TOXVMG,T0,,,,,
CAN-HOS3TOXVMG,T1,,,,,
CAN-70XY0TEUWP,T0,,,,,
CAN-70XY0TEUWP,T1,,,,,
CAN-J477L1NDZT,T0,,,,,
CAN-J477L1NDZT,T1,,,,,
CAN-9Y537L4WN7,T0,,,,,
CAN-9Y537L4WN7,T1,,,,,
CAN-ZFM58SH2WK,T0,,,,,
CAN-ZFM58SH2WK,T1,,,,,
CAN-GIGVAFU07O,T0,,,,,
CAN-GIGVAFU07O,T1,,,,,
CAN-QK55RMY34K,T0,,,,,
CAN-QK55RMY34K,T1,,,,,
CAN-J0YDPYCGXW,T0,,,,,
CAN-J0YDPYCGXW,T1,,,,,
CAN-3HVWTE0LJH,T0,,,,,
CAN-3HVWTE0LJH,T1,,,,,
CAN-SF9Z9SI7SE,T0,,,,,
CAN-SF9Z9SI7SE,T1,,,,,
CAN-M73WIKZ1NQ,T0,,,,,
CAN-M73WIKZ1NQ,T1,,,,,
CAN-0K1X49WOQ6,T0,,,,,
CAN-0K1X49WOQ6,T1,,,,,
CAN-DINSAL0ZOO,T0,,,,,
CAN-DINSAL0ZOO,T1,,,,,
CAN-NCTJEAZDCI,T0,,,,,
CAN-NCTJEAZDCI,T1,,,,,
CAN-N6MB5JMR23,T0,,,,,
CAN-N6MB5JMR23,T1,,,,,
CAN-4CIVOPZ6FI,T0,,,,,
CAN-4CIVOPZ6FI,T1,,,,,
CAN-4ASICCO3U7,T0,,,,,
CAN-4ASICCO3U7,T1,,,,,
CAN-FZR5U4N6JG,T0,,,,,
CAN-FZR5U4N6JG,T1,,,,,
CAN-MCLTNEFPWN,T0,,,,,
CAN-MCLTNEFPWN,T1,,,,,
CAN-6CUOJO3IWF,T0,,,,,
CAN-6CUOJO3IWF,T1,,,,,
CAN-AI7QWEPZJG,T0,,,,,
CAN-AI7QWEPZJG,T1,,,,,
CAN-W3GHHSX31U,T0,,,,,
CAN-W3GHHSX31U,T1,,,,,
CAN-ML3KOAUISZ,T0,,,,,
CAN-ML3KOAUISZ,T1,,,,,
CAN-SNVE4KI9V1,T0,,,,,
CAN-SNVE4KI9V1,T1,,,,,
CAN-VTKA4UKRE5,T0,,,,,
CAN-VTKA4UKRE5,T1,,,,,
CAN-KW96JAFLM0,T0,,,,,
CAN-KW96JAFLM0,T1,,,,,
CAN-YCVK0JCYLE,T0,,,,,
CAN-YCVK0JCYLE,T1,,,,,
CAN-U49YVQ0Y22,T0,,,,,
CAN-U49YVQ0Y22,T1,,,,,
CAN-UFGA7A431E,T0,,,,,
CAN-UFGA7A431E,T1,,,,,
CAN-G4VWZEZE2A,T0,,,,,
CAN-G4VWZEZE2A,T1,,,,,
CAN-Z19AG9AOM8,T0,,,,,
CAN-Z19AG9AOM8,T1,,,,,
CAN-TGZI10D7MT,T0,,,,,
CAN-TGZI10D7MT,T1,,,,,
CAN-S2C4OC883V,T0,,,,,
CAN-S2C4OC883V,T1,,,,,
CAN-UXN3POM7C3,T0,,,,,
CAN-UXN3POM7C3,T1,,,,,
CAN-TIZW6C1EMA,T0,,,,,
CAN-TIZW6C1EMA,T1,,,,,
CAN-DUFIJ59SRI,T0,,,,,
CAN-DUFIJ59SRI,T1,,,,,
CAN-6PNBRMQ3EV,T0,,,,,
CAN-6PNBRMQ3EV,T1,,,,,
CAN-2QLPQ3FXQW,T0,,,,,
CAN-2QLPQ3FXQW,T1,,,,,
CAN-NGQ1IY08Z8,T0,,,,,
CAN-NGQ1IY08Z8,T1,,,,,
CAN-4WDL3XVT4E,T0,,,,,
CAN-4WDL3XVT4E,T1,,,,,
CAN-TRN7OFGD0J,T0,,,,,
CAN-TRN7OFGD0J,T1,,,,,
CAN-RWSBAODM0I,T0,,,,,
CAN-RWSBAODM0I,T1,,,,,
CAN-2J6DKBMHRR,T0,,,,,
CAN-2J6DKBMHRR,T1,,,,,
CAN-08QEU4BAML,T0,,,,,
CAN-08QEU4BAML,T1,,,,,
CAN-RLQHKQQST9,T0,,,,,
CAN-RLQHKQQST9,T1,,,,,
CAN-X02IZ2D16Y,T0,,,,,
CAN-X02IZ2D16Y,T1,,,,,
CAN-LT1FZJP48I,T0,,,,,
CAN-LT1FZJP48I,T1,,,,,
CAN-IQXXNR7JXF,T0,,,,,
CAN-IQXXNR7JXF,T1,,,,,
CAN-J7C3PW4MDD,T0,,,,,
CAN-J7C3PW4MDD,T1,,,,,
CAN-6ZVPSI8O93,T0,,,,,
CAN-6ZVPSI8O93,T1,,,,,
CAN-0FEIQNB3SA,T0,,,,,
CAN-0FEIQNB3SA,T1,,,,,
CAN-TDW8X226WX,T0,,,,,
CAN-TDW8X226WX,T1,,,,,
CAN-B7I0ZY2FZT,T0,,,,,
CAN-B7I0ZY2FZT,T1,,,,,
CAN-8NVF5MBIQB,T0,,,,,
CAN-8NVF5MBIQB,T1,,,,,
CAN-YOE5B69H00,T0,,,,,
CAN-YOE5B69H00,T1,,,,,
CAN-31MUZ1H0K7,T0,,,,,
CAN-31MUZ1H0K7,T1,,,,,
CAN-Q25OHIFYW6,T0,,,,,
CAN-Q25OHIFYW6,T1,,,,,
CAN-TLIZCIV2DC,T0,,,,,
CAN-TLIZCIV2DC,T1,,,,,
CAN-UWSHNU3MMX,T0,,,,,
CAN-UWSHNU3MMX,T1,,,,,
CAN-A71C7L5EIY,T0,,,,,
CAN-A71C7L5EIY,T1,,,,,
CAN-VECS372APN,T0,,,,,
CAN-VECS372APN,T1,,,,,
CAN-J4ETG9SDXN,T0,,,,,
CAN-J4ETG9SDXN,T1,,,,,
CAN-SRKZ33WHYT,T0,,,,,
CAN-SRKZ33WHYT,T1,,,,,
CAN-Y1IZN6L1ZV,T0,,,,,
CAN-Y1IZN6L1ZV,T1,,,,,
CAN-MK4T15AH7A,T0,,,,,
CAN-MK4T15AH7A,T1,,,,,
CAN-MA1Z0HZB4Z,T0,,,,,
CAN-MA1Z0HZB4Z,T1,,,,,
CAN-J2WE7JK933,T0,,,,,
CAN-J2WE7JK933,T1,,,,,
CAN-AG0FAJKMGM,T0,,,,,
CAN-AG0FAJKMGM,T1,,,,,
CAN-HJH9P9V2ZS,T0,,,,,
CAN-HJH9P9V2ZS,T1,,,,,
CAN-8467CAI41V,T0,,,,,
CAN-8467CAI41V,T1,,,,,
CAN-UW3XAH0FKA,T0,,,,,
CAN-UW3XAH0FKA,T1,,,,,
CAN-SC4NBNQOEY,T0,,,,,
CAN-SC4NBNQOEY,T1,,,,,
CAN-KKKH6CL5ZG,T0,,,,,
CAN-KKKH6CL5ZG,T1,,,,,
CAN-A8RUHP98S6,T0,,,,,
CAN-A8RUHP98S6,T1,,,,,
CAN-7ITIRBP2SX,T0,,,,,
CAN-7ITIRBP2SX,T1,,,,,
CAN-DEFCQ46ANJ,T0,,,,,
CAN-DEFCQ46ANJ,T1,,,,,
CAN-QM2JTRXQVZ,T0,,,,,
CAN-QM2JTRXQVZ,T1,,,,,
CAN-D4Z32118CP,T0,,,,,
CAN-D4Z32118CP,T1,,,,,
CAN-LPOEU0T8L8,T0,,,,,
CAN-LPOEU0T8L8,T1,,,,,
CAN-IR89KQAPNH,T0,,,,,
CAN-IR89KQAPNH,T1,,,,,
CAN-CZ94GT8AIS,T0,,,,,
CAN-CZ94GT8AIS,T1,,,,,
CAN-4RRD71B38E,T0,,,,,
CAN-4RRD71B38E,T1,,,,,
CAN-SDLIZ8KRN1,T0,,,,,
CAN-SDLIZ8KRN1,T1,,,,,
CAN-ZGZK972HIC,T0,,,,,
CAN-ZGZK972HIC,T1,,,,,
CAN-FHE8ROV90X,T0,,,,,
CAN-FHE8ROV90X,T1,,,,,
CAN-I75H5I3TAW,T0,,,,,
CAN-I75H5I3TAW,T1,,,,,
CAN-EYRNA4SVLL,T0,,,,,
CAN-EYRNA4SVLL,T1,,,,,
CAN-6V62FSKT6K,T0,,,,,
CAN-6V62FSKT6K,T1,,,,,
CAN-SAC7HWNBF8,T0,,,,,
CAN-SAC7HWNBF8,T1,,,,,
CAN-O1UJ5ZE9G8,T0,,,,,
CAN-O1UJ5ZE9G8,T1,,,,,
CAN-97GYMH2W98,T0,,,,,
CAN-97GYMH2W98,T1,,,,,
CAN-LNKYRNWEBT,T0,,,,,
CAN-LNKYRNWEBT,T1,,,,,
CAN-G8Y57LP84G,T0,,,,,
CAN-G8Y57LP84G,T1,,,,,
CAN-Z71UP542XS,T0,,,,,
CAN-Z71UP542XS,T1,,,,,
CAN-4JWPB1NS8O,T0,,,,,
CAN-4JWPB1NS8O,T1,,,,,
CAN-P09I5QXWAL,T0,,,,,
CAN-P09I5QXWAL,T1,,,,,
CAN-N3Z0C6YMT2,T0,,,,,
CAN-N3Z0C6YMT2,T1,,,,,
CAN-6OUG9A8BMO,T0,,,,,
CAN-6OUG9A8BMO,T1,,,,,
CAN-V42T2ZVPT5,T0,,,,,
CAN-V42T2ZVPT5,T1,,,,,
CAN-82H4VKFG3O,T0,,,,,
CAN-82H4VKFG3O,T1,,,,,
CAN-P7DDCGCOG1,T0,,,,,
CAN-P7DDCGCOG1,T1,,,,,
CAN-GZUB0H45I3,T0,,,,,
CAN-GZUB0H45I3,T1,,,,,
CAN-BH54HUUYCY,T0,,,,,
CAN-BH54HUUYCY,T1,,,,,
CAN-OT4XREA68P,T0,,,,,
CAN-OT4XREA68P,T1,,,,,
CAN-3WSM8WDYEO,T0,,,,,
CAN-3WSM8WDYEO,T1,,,,,
CAN-31IUZGGVJ9,T0,,,,,
CAN-31IUZGGVJ9,T1,,,,,
CAN-NBO5OG9TWM,T0,,,,,
CAN-NBO5OG9TWM,T1,,,,,
CAN-MJN2OR273J,T0,,,,,
CAN-MJN2OR273J,T1,,,,,
CAN-HCWEEY3YDU,T0,,,,,
CAN-HCWEEY3YDU,T1,,,,,
CAN-N8I41Q3CSD,T0,,,,,
CAN-N8I41Q3CSD,T1,,,,,
CAN-MYGUUC14FW,T0,,,,,
CAN-MYGUUC14FW,T1,,,,,
CAN-8J88ZSUDYF,T0,,,,,
CAN-8J88ZSUDYF,T1,,,,,
CAN-5AITIRYJOV,T0,,,,,
CAN-5AITIRYJOV,T1,,,,,
CAN-48C2D4O5DX,T0,,,,,
CAN-48C2D4O5DX,T1,,,,,
CAN-XJPA2ROKKS,T0,,,,,
CAN-XJPA2ROKKS,T1,,,,,
CAN-FNRLYWFM6B,T0,,,,,
CAN-FNRLYWFM6B,T1,,,,,
CAN-RED0F809QB,T0,,,,,
CAN-RED0F809QB,T1,,,,,
CAN-MKMQ1XEC1C,T0,,,,,
CAN-MKMQ1XEC1C,T1,,,,,
CAN-TIPOLC684X,T0,,,,,
CAN-TIPOLC684X,T1,,,,,
CAN-D95VGR4ESJ,T0,,,,,
CAN-D95VGR4ESJ,T1,,,,,
CAN-9PKMYV93GO,T0,,,,,
CAN-9PKMYV93GO,T1,,,,,
CAN-T0CGHDSTEG,T0,,,,,
CAN-T0CGHDSTEG,T1,,,,,
CAN-74AL3B9H6M,T0,,,,,
CAN-74AL3B9H6M,T1,,,,,
CAN-E3SLY07F7C,T0,,,,,
CAN-E3SLY07F7C,T1,,,,,
CAN-IX3NJYMYMG,T0,,,,,
CAN-IX3NJYMYMG,T1,,,,,
CAN-HW442XS312,T0,,,,,
CAN-HW442XS312,T1,,,,,
CAN-5S5OOMKX7X,T0,,,,,
CAN-5S5OOMKX7X,T1,,,,,
CAN-7EQMMMLPZI,T0,,,,,
CAN-7EQMMMLPZI,T1,,,,,
CAN-HMDGX8OXCP,T0,,,,,
CAN-HMDGX8OXCP,T1,,,,,
CAN-NIGIZJMUU6,T0,,,,,
CAN-NIGIZJMUU6,T1,,,,,
CAN-Y0F08BD3RJ,T0,,,,,
CAN-Y0F08BD3RJ,T1,,,,,
CAN-Q9B2XEA0GM,T0,,,,,
CAN-Q9B2XEA0GM,T1,,,,,
CAN-4ZYHTUBMRG,T0,,,,,
CAN-4ZYHTUBMRG,T1,,,,,
CAN-JB37DNW0NX,T0,,,,,
CAN-JB37DNW0NX,T1,,,,,
CAN-UT5RW1KFOB,T0,,,,,
CAN-UT5RW1KFOB,T1,,,,,
CAN-K4RDFO707V,T0,,,,,
CAN-K4RDFO707V,T1,,,,,
CAN-4WW8JRNEU9,T0,,,,,
CAN-4WW8JRNEU9,T1,,,,,
CAN-PZEI55M0T2,T0,,,,,
CAN-PZEI55M0T2,T1,,,,,
CAN-115E6R0TVA,T0,,,,,
CAN-115E6R0TVA,T1,,,,,
CAN-J0DPR4NDSO,T0,,,,,
CAN-J0DPR4NDSO,T1,,,,,
CAN-2ZZ9CVQ4BB,T0,,,,,
CAN-2ZZ9CVQ4BB,T1,,,,,
CAN-AZVGB4JZT3,T0,,,,,
CAN-AZVGB4JZT3,T1,,,,,
CAN-3Y9K6Y4VVS,T0,,,,,
CAN-3Y9K6Y4VVS,T1,,,,,
CAN-OWS3QWL0GW,T0,,,,,
CAN-OWS3QWL0GW,T1,,,,,
CAN-QXZLSQC85G,T0,,,,,
CAN-QXZLSQC85G,T1,,,,,
CAN-RJTOS8HMPW,T0,,,,,
CAN-RJTOS8HMPW,T1,,,,,
CAN-QARVV3J0GP,T0,,,,,
CAN-QARVV3J0GP,T1,,,,,
CAN-4KNMD4UME8,T0,,,,,
CAN-4KNMD4UME8,T1,,,,,
CAN-KSO64N1VQ4,T0,,,,,
CAN-KSO64N1VQ4,T1,,,,,
CAN-GKIY8211G3,T0,,,,,
CAN-GKIY8211G3,T1,,,,,
CAN-59HB4659T8,T0,,,,,
CAN-59HB4659T8,T1,,,,,
CAN-GWAEVOUXZH,T0,,,,,
CAN-GWAEVOUXZH,T1,,,,,
CAN-T0O6IL9QTB,T0,,,,,
CAN-T0O6IL9QTB,T1,,,,,
CAN-Q1MGLC2BHN,T0,,,,,
CAN-Q1MGLC2BHN,T1,,,,,
CAN-CDO93JBDPP,T0,,,,,
CAN-CDO93JBDPP,T1,,,,,
CAN-4C9A1LJYCO,T0,,,,,
CAN-4C9A1LJYCO,T1,,,,,
CAN-2WY3QK5N4V,T0,,,,,
CAN-2WY3QK5N4V,T1,,,,,
CAN-IUHXBH8HR7,T0,,,,,
CAN-IUHXBH8HR7,T1,,,,,
CAN-0K9ZMGMVXU,T0,,,,,
CAN-0K9ZMGMVXU,T1,,,,,
CAN-6QLZ0SPYFK,T0,,,,,
CAN-6QLZ0SPYFK,T1,,,,,
CAN-CSIU24JP7R,T0,,,,,
CAN-CSIU24JP7R,T1,,,,,
CAN-5U5IK8VVCA,T0,,,,,
CAN-5U5IK8VVCA,T1,,,,,
CAN-J8HBTS5APO,T0,,,,,
CAN-J8HBTS5APO,T1,,,,,
CAN-QTZTO1EZQY,T0,,,,,
CAN-QTZTO1EZQY,T1,,,,,
CAN-RPE1594X08,T0,,,,,
CAN-RPE1594X08,T1,,,,,
CAN-N23HJAQNSV,T0,,,,,
CAN-N23HJAQNSV,T1,,,,,
CAN-TKNECBPKQV,T0,,,,,
CAN-TKNECBPKQV,T1,,,,,
CAN-RHVAHA78QC,T0,,,,,
CAN-RHVAHA78QC,T1,,,,,
CAN-QRFUZUTBGB,T0,,,,,
CAN-QRFUZUTBGB,T1,,,,,
CAN-SPWV3AT6QE,T0,,,,,
CAN-SPWV3AT6QE,T1,,,,,
CAN-NQ010MEBQA,T0,,,,,
CAN-NQ010MEBQA,T1,,,,,
CAN-WXMOJJ9BA0,T0,,,,,
CAN-WXMOJJ9BA0,T1,,,,,
CAN-XN7O7TQV5Q,T0,,,,,
CAN-XN7O7TQV5Q,T1,,,,,
CAN-YK2N80NUMI,T0,,,,,
CAN-YK2N80NUMI,T1,,,,,
CAN-J06RKTPZYF,T0,,,,,
CAN-J06RKTPZYF,T1,,,,,
CAN-UU4RE1OE9O,T0,,,,,
CAN-UU4RE1OE9O,T1,,,,,
CAN-3YJFR1B3T0,T0,,,,,
CAN-3YJFR1B3T0,T1,,,,,
CAN-2E4PYIM0N9,T0,,,,,
CAN-2E4PYIM0N9,T1,,,,,
CAN-3EWL5E7AF9,T0,,,,,
CAN-3EWL5E7AF9,T1,,,,,
CAN-EWINGK5GFQ,T0,,,,,
CAN-EWINGK5GFQ,T1,,,,,
CAN-MGZUY7ZT7Y,T0,,,,,
CAN-MGZUY7ZT7Y,T1,,,,,
CAN-MUQQFLP9RC,T0,,,,,
CAN-MUQQFLP9RC,T1,,,,,
CAN-BZ6HY38742,T0,,,,,
CAN-BZ6HY38742,T1,,,,,
CAN-K27NGN0466,T0,,,,,
CAN-K27NGN0466,T1,,,,,
CAN-7P7VRCSYMF,T0,,,,,
CAN-7P7VRCSYMF,T1,,,,,
CAN-OPOUSJ7BKW,T0,,,,,
CAN-OPOUSJ7BKW,T1,,,,,
CAN-O9JJKU2OC6,T0,,,,,
CAN-O9JJKU2OC6,T1,,,,,
CAN-F9Z65E9BNP,T0,,,,,
CAN-F9Z65E9BNP,T1,,,,,
CAN-QIGO7R4L93,T0,,,,,
CAN-QIGO7R4L93,T1,,,,,
CAN-SNURRYY21D,T0,,,,,
CAN-SNURRYY21D,T1,,,,,
CAN-FLL9D2QEOV,T0,,,,,
CAN-FLL9D2QEOV,T1,,,,,
CAN-5YUGOYBYGN,T0,,,,,
CAN-5YUGOYBYGN,T1,,,,,
CAN-OYKE1NRFQF,T0,,,,,
CAN-OYKE1NRFQF,T1,,,,,
CAN-V4BN8OG63U,T0,,,,,
CAN-V4BN8OG63U,T1,,,,,
CAN-PN8CXSA4UY,T0,,,,,
CAN-PN8CXSA4UY,T1,,,,,
CAN-WM27G4N7RI,T0,,,,,
CAN-WM27G4N7RI,T1,,,,,
CAN-X00JLUGSHG,T0,,,,,
CAN-X00JLUGSHG,T1,,,,,
CAN-98HG5SXLQ2,T0,,,,,
CAN-98HG5SXLQ2,T1,,,,,
CAN-S1P1G57QU1,T0,,,,,
CAN-S1P1G57QU1,T1,,,,,
CAN-JFUC8HQZ9P,T0,,,,,
CAN-JFUC8HQZ9P,T1,,,,,
CAN-D0WRPIQR1S,T0,,,,,
CAN-D0WRPIQR1S,T1,,,,,
CAN-B1NTZ8CSZC,T0,,,,,
CAN-B1NTZ8CSZC,T1,,,,,
CAN-4IYKTVD0Y2,T0,,,,,
CAN-4IYKTVD0Y2,T1,,,,,
CAN-V55HNR1FB6,T0,,,,,
CAN-V55HNR1FB6,T1,,,,,
CAN-WQUXEUDWH8,T0,,,,,
CAN-WQUXEUDWH8,T1,,,,,
CAN-WB4ZPM5PTW,T0,,,,,
CAN-WB4ZPM5PTW,T1,,,,,
CAN-NSK4OV97DW,T0,,,,,
CAN-NSK4OV97DW,T1,,,,,
CAN-V9C13UU7X4,T0,,,,,
CAN-V9C13UU7X4,T1,,,,,
CAN-1AMMUCF5R6,T0,,,,,
CAN-1AMMUCF5R6,T1,,,,,
CAN-QKWVWNU62J,T0,,,,,
CAN-QKWVWNU62J,T1,,,,,
CAN-IY693SK5SX,T0,,,,,
CAN-IY693SK5SX,T1,,,,,
CAN-5HZLMG9DM2,T0,,,,,
CAN-5HZLMG9DM2,T1,,,,,
CAN-Y6F2JFCLDF,T0,,,,,
CAN-Y6F2JFCLDF,T1,,,,,
CAN-Y20TQB3TS5,T0,,,,,
CAN-Y20TQB3TS5,T1,,,,,
CAN-6FIO389AU7,T0,,,,,
CAN-6FIO389AU7,T1,,,,,
CAN-GRA38D14NY,T0,,,,,
CAN-GRA38D14NY,T1,,,,,
CAN-8GA93H6KIG,T0,,,,,
CAN-8GA93H6KIG,T1,,,,,
CAN-B59SITVGUU,T0,,,,,
CAN-B59SITVGUU,T1,,,,,
CAN-EB58KEL4UN,T0,,,,,
CAN-EB58KEL4UN,T1,,,,,
CAN-PPYZ15G93Y,T0,,,,,
CAN-PPYZ15G93Y,T1,,,,,
CAN-14KOFXWOII,T0,,,,,
CAN-14KOFXWOII,T1,,,,,
CAN-CKLXPC2OP3,T0,,,,,
CAN-CKLXPC2OP3,T1,,,,,
CAN-XZTOPHGQLA,T0,,,,,
CAN-XZTOPHGQLA,T1,,,,,
CAN-IX8Y3DKM80,T0,,,,,
CAN-IX8Y3DKM80,T1,,,,,
CAN-5AVZEGFE2H,T0,,,,,
CAN-5AVZEGFE2H,T1,,,,,
CAN-V8CINKV6MD,T0,,,,,
CAN-V8CINKV6MD,T1,,,,,
CAN-VTT1P0TVT3,T0,,,,,
CAN-VTT1P0TVT3,T1,,,,,
CAN-F9ZSNIC7ZF,T0,,,,,
CAN-F9ZSNIC7ZF,T1,,,,,
CAN-8G8DNC475G,T0,,,,,
CAN-8G8DNC475G,T1,,,,,
CAN-DC1GA9MDH1,T0,,,,,
CAN-DC1GA9MDH1,T1,,,,,
CAN-KTHXUQ2414,T0,,,,,
CAN-KTHXUQ2414,T1,,,,,
CAN-TK9TB1S19Y,T0,,,,,
CAN-TK9TB1S19Y,T1,,,,,
CAN-FKLYJ7U1YS,T0,,,,,
CAN-FKLYJ7U1YS,T1,,,,,
CAN-AZ16WO3HMM,T0,,,,,
CAN-AZ16WO3HMM,T1,,,,,
CAN-D6X2W1YHOP,T0,,,,,
CAN-D6X2W1YHOP,T1,,,,,
CAN-QMY2HW9Z2L,T0,,,,,
CAN-QMY2HW9Z2L,T1,,,,,
CAN-NBY8LIJY2H,T0,,,,,
CAN-NBY8LIJY2H,T1,,,,,
CAN-RLYHGGB812,T0,,,,,
CAN-RLYHGGB812,T1,,,,,
CAN-1VI3VJALX0,T0,,,,,
CAN-1VI3VJALX0,T1,,,,,
CAN-LDZLCJBUXC,T0,,,,,
CAN-LDZLCJBUXC,T1,,,,,
CAN-XQB0VYH16Q,T0,,,,,
CAN-XQB0VYH16Q,T1,,,,,
CAN-C0IOUR82A9,T0,,,,,
CAN-C0IOUR82A9,T1,,,,,
CAN-O9USYJHQMC,T0,,,,,
CAN-O9USYJHQMC,T1,,,,,
CAN-IT144LSF3N,T0,,,,,
CAN-IT144LSF3N,T1,,,,,
CAN-25Z0WY8KD6,T0,,,,,
CAN-25Z0WY8KD6,T1,,,,,
CAN-FIZHRZAR05,T0,,,,,
CAN-FIZHRZAR05,T1,,,,,
CAN-GILJ7LILF0,T0,,,,,
CAN-GILJ7LILF0,T1,,,,,
CAN-8KKC5F5AQD,T0,,,,,
CAN-8KKC5F5AQD,T1,,,,,
CAN-ZFXYQS3LE0,T0,,,,,
CAN-ZFXYQS3LE0,T1,,,,,
CAN-YXK9SET97I,T0,,,,,
CAN-YXK9SET97I,T1,,,,,
CAN-2PCC3NOW4K,T0,,,,,
CAN-2PCC3NOW4K,T1,,,,,
CAN-YJ8LGGS30N,T0,,,,,
CAN-YJ8LGGS30N,T1,,,,,
CAN-QXMH7RZQL4,T0,,,,,
CAN-QXMH7RZQL4,T1,,,,,
CAN-ZKQBFUAFRU,T0,,,,,
CAN-ZKQBFUAFRU,T1,,,,,
CAN-N16LL8NXK4,T0,,,,,
CAN-N16LL8NXK4,T1,,,,,
CAN-3NXAVY8SDC,T0,,,,,
CAN-3NXAVY8SDC,T1,,,,,
CAN-VRA3QD4LKN,T0,,,,,
CAN-VRA3QD4LKN,T1,,,,,
CAN-BQIQJRH9EA,T0,,,,,
CAN-BQIQJRH9EA,T1,,,,,
CAN-HM7OL3T2UR,T0,,,,,
CAN-HM7OL3T2UR,T1,,,,,
CAN-PGKS43FOZA,T0,,,,,
CAN-PGKS43FOZA,T1,,,,,
CAN-D2PFDQ12NJ,T0,,,,,
CAN-D2PFDQ12NJ,T1,,,,,
CAN-FQM2P9C434,T0,,,,,
CAN-FQM2P9C434,T1,,,,,
CAN-H9S24QT57H,T0,,,,,
CAN-H9S24QT57H,T1,,,,,
CAN-JNL2Y64NDE,T0,,,,,
CAN-JNL2Y64NDE,T1,,,,,
CAN-NHYBV973VF,T0,,,,,
CAN-NHYBV973VF,T1,,,,,
CAN-VV8EGL3P7J,T0,,,,,
CAN-VV8EGL3P7J,T1,,,,,
CAN-6045ADGW9W,T0,,,,,
CAN-6045ADGW9W,T1,,,,,
CAN-7V5BRMWDYN,T0,,,,,
CAN-7V5BRMWDYN,T1,,,,,
CAN-0LXDBUWLQ7,T0,,,,,
CAN-0LXDBUWLQ7,T1,,,,,
CAN-2B6CKB4AM3,T0,,,,,
CAN-2B6CKB4AM3,T1,,,,,
CAN-IB1UKY7N49,T0,,,,,
CAN-IB1UKY7N49,T1,,,,,
CAN-62QUHP68MF,T0,,,,,
CAN-62QUHP68MF,T1,,,,,
CAN-V8HPD7A03Y,T0,,,,,
CAN-V8HPD7A03Y,T1,,,,,
CAN-YVRMB50LXO,T0,,,,,
CAN-YVRMB50LXO,T1,,,,,
CAN-VEK7XHPIZ6,T0,,,,,
CAN-VEK7XHPIZ6,T1,,,,,
CAN-3MZEWJWVQV,T0,,,,,
CAN-3MZEWJWVQV,T1,,,,,
CAN-XYEX43VOYI,T0,,,,,
CAN-XYEX43VOYI,T1,,,,,
CAN-X79KUGCGXF,T0,,,,,
CAN-X79KUGCGXF,T1,,,,,
CAN-MABXUV3TAL,T0,,,,,
CAN-MABXUV3TAL,T1,,,,,
CAN-7D5DQF7XL8,T0,,,,,
CAN-7D5DQF7XL8,T1,,,,,
CAN-7N1QIS1P0T,T0,,,,,
CAN-7N1QIS1P0T,T1,,,,,
CAN-Q6MZ6ATUA3,T0,,,,,
CAN-Q6MZ6ATUA3,T1,,,,,
CAN-22C0KBIBGX,T0,,,,,
CAN-22C0KBIBGX,T1,,,,,
CAN-QXSZDS1R7A,T0,,,,,
CAN-QXSZDS1R7A,T1,,,,,
CAN-QER84ULG9Y,T0,,,,,
CAN-QER84ULG9Y,T1,,,,,
CAN-4ITWAMFK9B,T0,,,,,
CAN-4ITWAMFK9B,T1,,,,,
CAN-VJ1ATXQ4KR,T0,,,,,
CAN-VJ1ATXQ4KR,T1,,,,,
CAN-SAG6OOLHJ4,T0,,,,,
CAN-SAG6OOLHJ4,T1,,,,,
CAN-NEE7OHMDBH,T0,,,,,
CAN-NEE7OHMDBH,T1,,,,,
CAN-VSJ3C41K8Q,T0,,,,,
CAN-VSJ3C41K8Q,T1,,,,,
CAN-OA6NKRF6V4,T0,,,,,
CAN-OA6NKRF6V4,T1,,,,,
CAN-D5NC4Z9MRT,T0,,,,,
CAN-D5NC4Z9MRT,T1,,,,,
CAN-OEHFM0HS62,T0,,,,,
CAN-OEHFM0HS62,T1,,,,,
CAN-BKC59F5ISB,T0,,,,,
CAN-BKC59F5ISB,T1,,,,,
CAN-23GYE6HE20,T0,,,,,
CAN-23GYE6HE20,T1,,,,,
CAN-VDCOXWSZXH,T0,,,,,
CAN-VDCOXWSZXH,T1,,,,,
CAN-8OR3H1DVKB,T0,,,,,
CAN-8OR3H1DVKB,T1,,,,,
CAN-G3H2H70T1A,T0,,,,,
CAN-G3H2H70T1A,T1,,,,,
CAN-A2RLXDB62M,T0,,,,,
CAN-A2RLXDB62M,T1,,,,,
CAN-TFIY9NVZ36,T0,,,,,
CAN-TFIY9NVZ36,T1,,,,,
CAN-REDCIZDXQE,T0,,,,,
CAN-REDCIZDXQE,T1,,,,,
CAN-AMCMM74SFC,T0,,,,,
CAN-AMCMM74SFC,T1,,,,,
CAN-5EJMGHC7OC,T0,,,,,
CAN-5EJMGHC7OC,T1,,,,,
CAN-UI1U043NP9,T0,,,,,
CAN-UI1U043NP9,T1,,,,,
CAN-89FRT03JTJ,T0,,,,,
CAN-89FRT03JTJ,T1,,,,,
CAN-UAQ6A2MRLN,T0,,,,,
CAN-UAQ6A2MRLN,T1,,,,,
CAN-ECUKBF2RLK,T0,,,,,
CAN-ECUKBF2RLK,T1,,,,,
CAN-KW0T6CZF0L,T0,,,,,
CAN-KW0T6CZF0L,T1,,,,,
CAN-7ORK8UDKVH,T0,,,,,
CAN-7ORK8UDKVH,T1,,,,,
CAN-4ZGH2F12FP,T0,,,,,
CAN-4ZGH2F12FP,T1,,,,,
CAN-54KWA4BNP7,T0,,,,,
CAN-54KWA4BNP7,T1,,,,,
CAN-SG5U028016,T0,,,,,
CAN-SG5U028016,T1,,,,,
CAN-HJS5W082N0,T0,,,,,
CAN-HJS5W082N0,T1,,,,,
CAN-QEGWAHB7RD,T0,,,,,
CAN-QEGWAHB7RD,T1,,,,,
CAN-8TJHW4WBK3,T0,,,,,
CAN-8TJHW4WBK3,T1,,,,,
CAN-VYOKKOADRW,T0,,,,,
CAN-VYOKKOADRW,T1,,,,,
CAN-SDM4G1BDLU,T0,,,,,
CAN-SDM4G1BDLU,T1,,,,,
CAN-Y1Y3LQ7S0L,T0,,,,,
CAN-Y1Y3LQ7S0L,T1,,,,,
CAN-Y7RX7KEVXX,T0,,,,,
CAN-Y7RX7KEVXX,T1,,,,,
CAN-2DW9MSYMJQ,T0,,,,,
CAN-2DW9MSYMJQ,T1,,,,,
CAN-AITYIWW83A,T0,,,,,
CAN-AITYIWW83A,T1,,,,,
CAN-BJTZ2DB4B3,T0,,,,,
CAN-BJTZ2DB4B3,T1,,,,,
CAN-3Q3YHKOENF,T0,,,,,
CAN-3Q3YHKOENF,T1,,,,,
CAN-GJSIBIEMVI,T0,,,,,
CAN-GJSIBIEMVI,T1,,,,,
CAN-NNRES5LUF3,T0,,,,,
CAN-NNRES5LUF3,T1,,,,,
CAN-NLMN0T07BP,T0,,,,,
CAN-NLMN0T07BP,T1,,,,,
CAN-ESMS79TW4C,T0,,,,,
CAN-ESMS79TW4C,T1,,,,,
CAN-EFMLH4AZ8C,T0,,,,,
CAN-EFMLH4AZ8C,T1,,,,,
CAN-8ACIB3TIXZ,T0,,,,,
CAN-8ACIB3TIXZ,T1,,,,,
CAN-3NCAYDN8CP,T0,,,,,
CAN-3NCAYDN8CP,T1,,,,,
CAN-PKIE7Q0H3U,T0,,,,,
CAN-PKIE7Q0H3U,T1,,,,,
CAN-QQD7AB5NP9,T0,,,,,
CAN-QQD7AB5NP9,T1,,,,,
CAN-IS90B3HO56,T0,,,,,
CAN-IS90B3HO56,T1,,,,,
CAN-0L3CPINI4S,T0,,,,,
CAN-0L3CPINI4S,T1,,,,,
CAN-VJN7UPSHOJ,T0,,,,,
CAN-VJN7UPSHOJ,T1,,,,,
CAN-8KGWUW4SKS,T0,,,,,
CAN-8KGWUW4SKS,T1,,,,,
CAN-EAIKZUPUCZ,T0,,,,,
CAN-EAIKZUPUCZ,T1,,,,,
CAN-BTEY34OLQN,T0,,,,,
CAN-BTEY34OLQN,T1,,,,,
CAN-6YFVP55M71,T0,,,,,
CAN-6YFVP55M71,T1,,,,,
CAN-DUM3MGSSVO,T0,,,,,
CAN-DUM3MGSSVO,T1,,,,,
CAN-1EQ7SMS5JH,T0,,,,,
CAN-1EQ7SMS5JH,T1,,,,,
CAN-BKOQVVDXUK,T0,,,,,
CAN-BKOQVVDXUK,T1,,,,,
CAN-31V14CVNRN,T0,,,,,
CAN-31V14CVNRN,T1,,,,,
CAN-YRN7H93CAX,T0,,,,,
CAN-YRN7H93CAX,T1,,,,,
CAN-LEAVRTKVKC,T0,,,,,
CAN-LEAVRTKVKC,T1,,,,,
CAN-PN9BSQN8BF,T0,,,,,
CAN-PN9BSQN8BF,T1,,,,,
CAN-HCGEAS3XIO,T0,,,,,
CAN-HCGEAS3XIO,T1,,,,,
CAN-801W1A4WEY,T0,,,,,
CAN-801W1A4WEY,T1,,,,,
CAN-9CWVT8WCDN,T0,,,,,
CAN-9CWVT8WCDN,T1,,,,,
CAN-TXTL7SNHZM,T0,,,,,
CAN-TXTL7SNHZM,T1,,,,,
CAN-8QXJ8716JA,T0,,,,,
CAN-8QXJ8716JA,T1,,,,,
CAN-WW2REK6C37,T0,,,,,
CAN-WW2REK6C37,T1,,,,,
CAN-GSA1V1C5XY,T0,,,,,
CAN-GSA1V1C5XY,T1,,,,,
CAN-J0TRN9J5WF,T0,,,,,
CAN-J0TRN9J5WF,T1,,,,,
CAN-4R3PLMWKWY,T0,,,,,
CAN-4R3PLMWKWY,T1,,,,,
CAN-PWCBV4LX81,T0,,,,,
CAN-PWCBV4LX81,T1,,,,,
CAN-BORYXXCWLN,T0,,,,,
CAN-BORYXXCWLN,T1,,,,,
CAN-K2A4JNVXUW,T0,,,,,
CAN-K2A4JNVXUW,T1,,,,,
CAN-M51UR78723,T0,,,,,
CAN-M51UR78723,T1,,,,,
CAN-8YA7HMZ3G4,T0,,,,,
CAN-8YA7HMZ3G4,T1,,,,,
CAN-YDF3FMFDY1,T0,,,,,
CAN-YDF3FMFDY1,T1,,,,,
CAN-TQB2ZHM7AW,T0,,,,,
CAN-TQB2ZHM7AW,T1,,,,,
CAN-06KQJT3GYE,T0,,,,,
CAN-06KQJT3GYE,T1,,,,,
CAN-RYU04TI8VK,T0,,,,,
CAN-RYU04TI8VK,T1,,,,,
CAN-GZEALX7JNA,T0,,,,,
CAN-GZEALX7JNA,T1,,,,,
CAN-U1FVNAE86G,T0,,,,,
CAN-U1FVNAE86G,T1,,,,,
CAN-693NHGTCCO,T0,,,,,
CAN-693NHGTCCO,T1,,,,,
CAN-SERRXL90E8,T0,,,,,
CAN-SERRXL90E8,T1,,,,,
CAN-296OQT3940,T0,,,,,
CAN-296OQT3940,T1,,,,,
CAN-7U9I4X4FVY,T0,,,,,
CAN-7U9I4X4FVY,T1,,,,,
CAN-JETF89TPVE,T0,,,,,
CAN-JETF89TPVE,T1,,,,,
CAN-QZE5QAIJ2T,T0,,,,,
CAN-QZE5QAIJ2T,T1,,,,,
CAN-L1EZLEJAPN,T0,,,,,
CAN-L1EZLEJAPN,T1,,,,,
CAN-AVM29L6DN0,T0,,,,,
CAN-AVM29L6DN0,T1,,,,,
CAN-U60RDCJCIF,T0,,,,,
CAN-U60RDCJCIF,T1,,,,,
CAN-ETTCRBIX78,T0,,,,,
CAN-ETTCRBIX78,T1,,,,,
CAN-L7FT92XBXZ,T0,,,,,
CAN-L7FT92XBXZ,T1,,,,,
CAN-9HFYK4ACVA,T0,,,,,
CAN-9HFYK4ACVA,T1,,,,,
CAN-9376DNJQQG,T0,,,,,
CAN-9376DNJQQG,T1,,,,,
CAN-F3ZIWGQXP8,T0,,,,,
CAN-F3ZIWGQXP8,T1,,,,,
CAN-HXRO70A82F,T0,,,,,
CAN-HXRO70A82F,T1,,,,,
CAN-7D2MPV07R1,T0,,,,,
CAN-7D2MPV07R1,T1,,,,,
CAN-Z62EUI237C,T0,,,,,
CAN-Z62EUI237C,T1,,,,,
CAN-8L34KZS6NQ,T0,,,,,
CAN-8L34KZS6NQ,T1,,,,,
CAN-YG0U7FRBGR,T0,,,,,
CAN-YG0U7FRBGR,T1,,,,,
CAN-U5Z6O3N2U3,T0,,,,,
CAN-U5Z6O3N2U3,T1,,,,,
CAN-1HCUV195DS,T0,,,,,
CAN-1HCUV195DS,T1,,,,,
CAN-S3RG8F0GRD,T0,,,,,
CAN-S3RG8F0GRD,T1,,,,,
CAN-90BWPU99GZ,T0,,,,,
CAN-90BWPU99GZ,T1,,,,,
CAN-89W39GXL5C,T0,,,,,
CAN-89W39GXL5C,T1,,,,,
CAN-XZ98GCGHCU,T0,,,,,
CAN-XZ98GCGHCU,T1,,,,,
CAN-1K57GST90P,T0,,,,,
CAN-1K57GST90P,T1,,,,,
CAN-GO5W166Q1U,T0,,,,,
CAN-GO5W166Q1U,T1,,,,,
CAN-XV4LYFVWOG,T0,,,,,
CAN-XV4LYFVWOG,T1,,,,,
CAN-6Q8N38GZS6,T0,,,,,
CAN-6Q8N38GZS6,T1,,,,,
CAN-IJ7GD6SUFL,T0,,,,,
CAN-IJ7GD6SUFL,T1,,,,,
CAN-JD5CE2WCX7,T0,,,,,
CAN-JD5CE2WCX7,T1,,,,,
CAN-1PBR359D2Y,T0,,,,,
CAN-1PBR359D2Y,T1,,,,,
CAN-JGPS9MTYOD,T0,,,,,
CAN-JGPS9MTYOD,T1,,,,,
CAN-YMZ8GXT0V7,T0,,,,,
CAN-YMZ8GXT0V7,T1,,,,,
CAN-4WHAIGCX2N,T0,,,,,
CAN-4WHAIGCX2N,T1,,,,,
CAN-M5IT4ZBOWO,T0,,,,,
CAN-M5IT4ZBOWO,T1,,,,,
CAN-NJOXYJBQD9,T0,,,,,
CAN-NJOXYJBQD9,T1,,,,,
CAN-GAX0YPE2FX,T0,,,,,
CAN-GAX0YPE2FX,T1,,,,,
CAN-DC1VLNRXPS,T0,,,,,
CAN-DC1VLNRXPS,T1,,,,,
CAN-2FXP57ARJC,T0,,,,,
CAN-2FXP57ARJC,T1,,,,,
CAN-E3LLO4UPYF,T0,,,,,
CAN-E3LLO4UPYF,T1,,,,,
CAN-09G36G25MN,T0,,,,,
CAN-09G36G25MN,T1,,,,,
CAN-TTMLCSCZNT,T0,,,,,
CAN-TTMLCSCZNT,T1,,,,,
CAN-6F53JLLC6U,T0,,,,,
CAN-6F53JLLC6U,T1,,,,,
CAN-74XUC8U3CX,T0,,,,,
CAN-74XUC8U3CX,T1,,,,,
CAN-2K94183LQ5,T0,,,,,
CAN-2K94183LQ5,T1,,,,,
CAN-VKAWM4YETJ,T0,,,,,
CAN-VKAWM4YETJ,T1,,,,,
CAN-XPVYI6742H,T0,,,,,
CAN-XPVYI6742H,T1,,,,,
CAN-5IO5CTO1JJ,T0,,,,,
CAN-5IO5CTO1JJ,T1,,,,,
CAN-Q0KKP22A95,T0,,,,,
CAN-Q0KKP22A95,T1,,,,,
CAN-ORKZN824RG,T0,,,,,
CAN-ORKZN824RG,T1,,,,,
CAN-WI78IBGSKU,T0,,,,,
CAN-WI78IBGSKU,T1,,,,,
CAN-VXBX97401O,T0,,,,,
CAN-VXBX97401O,T1,,,,,
CAN-XO1VMB981I,T0,,,,,
CAN-XO1VMB981I,T1,,,,,
CAN-LNWVJ017E1,T0,,,,,
CAN-LNWVJ017E1,T1,,,,,
CAN-WRDGX4Q3WL,T0,,,,,
CAN-WRDGX4Q3WL,T1,,,,,
CAN-Y2HUHC2X5N,T0,,,,,
CAN-Y2HUHC2X5N,T1,,,,,
CAN-548S5A0NB4,T0,,,,,
CAN-548S5A0NB4,T1,,,,,
CAN-G1VE84XEWB,T0,,,,,
CAN-G1VE84XEWB,T1,,,,,
CAN-97KW2GJO7R,T0,,,,,
CAN-97KW2GJO7R,T1,,,,,
CAN-CHAXL7M28V,T0,,,,,
CAN-CHAXL7M28V,T1,,,,,
CAN-FWJQU5U5J5,T0,,,,,
CAN-FWJQU5U5J5,T1,,,,,
CAN-83KSJN75YE,T0,,,,,
CAN-83KSJN75YE,T1,,,,,
CAN-NCOZKUNQOB,T0,,,,,
CAN-NCOZKUNQOB,T1,,,,,
CAN-KS0O4ZF6PM,T0,,,,,
CAN-KS0O4ZF6PM,T1,,,,,
CAN-V5ALQLD56F,T0,,,,,
CAN-V5ALQLD56F,T1,,,,,
CAN-OEWO6KZPSB,T0,,,,,
CAN-OEWO6KZPSB,T1,,,,,
CAN-O9KD78X3AD,T0,,,,,
CAN-O9KD78X3AD,T1,,,,,
CAN-8CUR0BA8NM,T0,,,,,
CAN-8CUR0BA8NM,T1,,,,,
CAN-UITSBC81FI,T0,,,,,
CAN-UITSBC81FI,T1,,,,,
CAN-4O6SZLDUHD,T0,,,,,
CAN-4O6SZLDUHD,T1,,,,,
CAN-AVCBZA7MBS,T0,,,,,
CAN-AVCBZA7MBS,T1,,,,,
CAN-2DCEFWCLPD,T0,,,,,
CAN-2DCEFWCLPD,T1,,,,,
CAN-WKLVROPBPC,T0,,,,,
CAN-WKLVROPBPC,T1,,,,,
CAN-ACSU8HRDEN,T0,,,,,
CAN-ACSU8HRDEN,T1,,,,,
CAN-IQQZ081V85,T0,,,,,
CAN-IQQZ081V85,T1,,,,,
CAN-Y98BA36YDB,T0,,,,,
CAN-Y98BA36YDB,T1,,,,,
CAN-8FIBOV1YMG,T0,,,,,
CAN-8FIBOV1YMG,T1,,,,,
CAN-ZF030PHF1M,T0,,,,,
CAN-ZF030PHF1M,T1,,,,,
CAN-Y3W3KA22G9,T0,,,,,
CAN-Y3W3KA22G9,T1,,,,,
CAN-CKSIE8OX85,T0,,,,,
CAN-CKSIE8OX85,T1,,,,,
CAN-2PR0HCI80H,T0,,,,,
CAN-2PR0HCI80H,T1,,,,,
CAN-R65WXKMAWY,T0,,,,,
CAN-R65WXKMAWY,T1,,,,,
CAN-YQRUKBCOZP,T0,,,,,
CAN-YQRUKBCOZP,T1,,,,,
CAN-82LO3SHCO7,T0,,,,,
CAN-82LO3SHCO7,T1,,,,,
CAN-L2O3MUZAJP,T0,,,,,
CAN-L2O3MUZAJP,T1,,,,,
CAN-TWIO5Q5WWU,T0,,,,,
CAN-TWIO5Q5WWU,T1,,,,,
CAN-66JZFYYG2J,T0,,,,,
CAN-66JZFYYG2J,T1,,,,,
CAN-J2HPSO98LK,T0,,,,,
CAN-J2HPSO98LK,T1,,,,,
CAN-ILBQL57PPN,T0,,,,,
CAN-ILBQL57PPN,T1,,,,,
CAN-SR7DX9OFT9,T0,,,,,
CAN-SR7DX9OFT9,T1,,,,,
CAN-WWFHEH59JJ,T0,,,,,
CAN-WWFHEH59JJ,T1,,,,,
CAN-LYDIHB8XH0,T0,,,,,
CAN-LYDIHB8XH0,T1,,,,,
CAN-J2926COTNB,T0,,,,,
CAN-J2926COTNB,T1,,,,,
CAN-XN7DIQYEKW,T0,,,,,
CAN-XN7DIQYEKW,T1,,,,,
CAN-6I4345GKV7,T0,,,,,
CAN-6I4345GKV7,T1,,,,,
CAN-LFGP4CL8LP,T0,,,,,
CAN-LFGP4CL8LP,T1,,,,,
CAN-ZA0BFNFP7A,T0,,,,,
CAN-ZA0BFNFP7A,T1,,,,,
CAN-PIVOP1KXYY,T0,,,,,
CAN-PIVOP1KXYY,T1,,,,,
CAN-8TEJTE9XDF,T0,,,,,
CAN-8TEJTE9XDF,T1,,,,,
CAN-JVZIZTQC52,T0,,,,,
CAN-JVZIZTQC52,T1,,,,,
CAN-JMVUB26Z57,T0,,,,,
CAN-JMVUB26Z57,T1,,,,,
CAN-OD86QDASWH,T0,,,,,
CAN-OD86QDASWH,T1,,,,,
CAN-MCFA00TFNH,T0,,,,,
CAN-MCFA00TFNH,T1,,,,,
CAN-0L38G1N75Y,T0,,,,,
CAN-0L38G1N75Y,T1,,,,,
CAN-JFZC3LI1DK,T0,,,,,
CAN-JFZC3LI1DK,T1,,,,,
CAN-ZK3IZQ6BX4,T0,,,,,
CAN-ZK3IZQ6BX4,T1,,,,,
CAN-CNXJCQGO57,T0,,,,,
CAN-CNXJCQGO57,T1,,,,,
CAN-881UVQO0EH,T0,,,,,
CAN-881UVQO0EH,T1,,,,,
CAN-JPFX6X3Y69,T0,,,,,
CAN-JPFX6X3Y69,T1,,,,,
CAN-06UWNYPQNN,T0,,,,,
CAN-06UWNYPQNN,T1,,,,,
CAN-F9UEJIEDYN,T0,,,,,
CAN-F9UEJIEDYN,T1,,,,,
CAN-SJZX3G1ZMX,T0,,,,,
CAN-SJZX3G1ZMX,T1,,,,,
CAN-Q4HF309UD0,T0,,,,,
CAN-Q4HF309UD0,T1,,,,,
CAN-SA9ZUP5KGW,T0,,,,,
CAN-SA9ZUP5KGW,T1,,,,,
CAN-HJCBJ374WI,T0,,,,,
CAN-HJCBJ374WI,T1,,,,,
CAN-ZQ71TFGBHT,T0,,,,,
CAN-ZQ71TFGBHT,T1,,,,,
CAN-RVGJUWBCI5,T0,,,,,
CAN-RVGJUWBCI5,T1,,,,,
CAN-KRR3BB9H9M,T0,,,,,
CAN-KRR3BB9H9M,T1,,,,,
CAN-FZX8UBSYU5,T0,,,,,
CAN-FZX8UBSYU5,T1,,,,,
CAN-LTLE85F8XR,T0,,,,,
CAN-LTLE85F8XR,T1,,,,,
CAN-GHPUPXQE1G,T0,,,,,
CAN-GHPUPXQE1G,T1,,,,,
CAN-ES2U390D1N,T0,,,,,
CAN-ES2U390D1N,T1,,,,,
CAN-YLEQO33HOV,T0,,,,,
CAN-YLEQO33HOV,T1,,,,,
CAN-AGPL8EXNCY,T0,,,,,
CAN-AGPL8EXNCY,T1,,,,,
CAN-U39TZS4HCR,T0,,,,,
CAN-U39TZS4HCR,T1,,,,,
CAN-WBUAYAATC5,T0,,,,,
CAN-WBUAYAATC5,T1,,,,,
CAN-0CSFV0P1SW,T0,,,,,
CAN-0CSFV0P1SW,T1,,,,,
CAN-B0LWZEV6SL,T0,,,,,
CAN-B0LWZEV6SL,T1,,,,,
CAN-ES5QWOHZTZ,T0,,,,,
CAN-ES5QWOHZTZ,T1,,,,,
CAN-JWJSPWX53O,T0,,,,,
CAN-JWJSPWX53O,T1,,,,,
CAN-SB5B6QBOOB,T0,,,,,
CAN-SB5B6QBOOB,T1,,,,,
CAN-DLWL0T4GZQ,T0,,,,,
CAN-DLWL0T4GZQ,T1,,,,,
CAN-BW6SN4EZ7A,T0,,,,,
CAN-BW6SN4EZ7A,T1,,,,,
CAN-GEAE44KQIJ,T0,,,,,
CAN-GEAE44KQIJ,T1,,,,,
CAN-VPWOPXMKUK,T0,,,,,
CAN-VPWOPXMKUK,T1,,,,,
CAN-SQWVD37T1Q,T0,,,,,
CAN-SQWVD37T1Q,T1,,,,,
CAN-2Y009WBA3R,T0,,,,,
CAN-2Y009WBA3R,T1,,,,,
CAN-V3HLLMZ9QJ,T0,,,,,
CAN-V3HLLMZ9QJ,T1,,,,,
CAN-ER2L4DZCNR,T0,,,,,
CAN-ER2L4DZCNR,T1,,,,,
CAN-CBMK5MIY2C,T0,,,,,
CAN-CBMK5MIY2C,T1,,,,,
CAN-A9ML7D9MAI,T0,,,,,
CAN-A9ML7D9MAI,T1,,,,,
CAN-U45RJTIE0D,T0,,,,,
CAN-U45RJTIE0D,T1,,,,,
CAN-GTNKMZPPU2,T0,,,,,
CAN-GTNKMZPPU2,T1,,,,,
CAN-CR05RAJKSX,T0,,,,,
CAN-CR05RAJKSX,T1,,,,,
CAN-KIJPG4YR44,T0,,,,,
CAN-KIJPG4YR44,T1,,,,,
CAN-ND9HQCBYX0,T0,,,,,
CAN-ND9HQCBYX0,T1,,,,,
CAN-H517PK20RP,T0,,,,,
CAN-H517PK20RP,T1,,,,,
CAN-NDYGDP4SE2,T0,,,,,
CAN-NDYGDP4SE2,T1,,,,,
CAN-V2LARIK6QO,T0,,,,,
CAN-V2LARIK6QO,T1,,,,,
CAN-FNG444MU0X,T0,,,,,
CAN-FNG444MU0X,T1,,,,,
CAN-93298QFQQL,T0,,,,,
CAN-93298QFQQL,T1,,,,,
CAN-JHS0ZRTM9F,T0,,,,,
CAN-JHS0ZRTM9F,T1,,,,,
CAN-0SYUSUFDHW,T0,,,,,
CAN-0SYUSUFDHW,T1,,,,,
CAN-VB1685ICUZ,T0,,,,,
CAN-VB1685ICUZ,T1,,,,,
CAN-G6VOB9WW9T,T0,,,,,
CAN-G6VOB9WW9T,T1,,,,,
CAN-HY8DSZOKBC,T0,,,,,
CAN-HY8DSZOKBC,T1,,,,,
CAN-2X4L1APEZG,T0,,,,,
CAN-2X4L1APEZG,T1,,,,,
CAN-2AZ6MY05RD,T0,,,,,
CAN-2AZ6MY05RD,T1,,,,,
CAN-V2PYKHSXHH,T0,,,,,
CAN-V2PYKHSXHH,T1,,,,,
CAN-0F9KXWTWU0,T0,,,,,
CAN-0F9KXWTWU0,T1,,,,,
CAN-N5CLO5XVZV,T0,,,,,
CAN-N5CLO5XVZV,T1,,,,,
CAN-YHLIBLHM5B,T0,,,,,
CAN-YHLIBLHM5B,T1,,,,,
CAN-Q2L71B0VME,T0,,,,,
CAN-Q2L71B0VME,T1,,,,,
CAN-D2VKHW2SOC,T0,,,,,
CAN-D2VKHW2SOC,T1,,,,,
CAN-ZM71LNU5WP,T0,,,,,
CAN-ZM71LNU5WP,T1,,,,,
CAN-LF35ACB9VV,T0,,,,,
CAN-LF35ACB9VV,T1,,,,,
CAN-3SIRI5RUX4,T0,,,,,
CAN-3SIRI5RUX4,T1,,,,,
CAN-XXAK63DUO4,T0,,,,,
CAN-XXAK63DUO4,T1,,,,,
CAN-CM79HDNKR7,T0,,,,,
CAN-CM79HDNKR7,T1,,,,,
CAN-C5XO3DHQXE,T0,,,,,
CAN-C5XO3DHQXE,T1,,,,,
CAN-9AKIDMY9KY,T0,,,,,
CAN-9AKIDMY9KY,T1,,,,,
CAN-VNPISGXD4Q,T0,,,,,
CAN-VNPISGXD4Q,T1,,,,,
CAN-U8T78OTGBW,T0,,,,,
CAN-U8T78OTGBW,T1,,,,,
CAN-9UBZRHEFMK,T0,,,,,
CAN-9UBZRHEFMK,T1,,,,,
CAN-12C1PDFYUO,T0,,,,,
CAN-12C1PDFYUO,T1,,,,,
CAN-XISCA042DN,T0,,,,,
CAN-XISCA042DN,T1,,,,,
CAN-M3ER3DGRHF,T0,,,,,
CAN-M3ER3DGRHF,T1,,,,,
CAN-480XHKWI7J,T0,,,,,
CAN-480XHKWI7J,T1,,,,,
CAN-DPOH9WQY0M,T0,,,,,
CAN-DPOH9WQY0M,T1,,,,,
CAN-4GN44TU2DL,T0,,,,,
CAN-4GN44TU2DL,T1,,,,,
CAN-77AARFYXE5,T0,,,,,
CAN-77AARFYXE5,T1,,,,,
CAN-X2WR2QC2FN,T0,,,,,
CAN-X2WR2QC2FN,T1,,,,,
CAN-RVTTN4KTXO,T0,,,,,
CAN-RVTTN4KTXO,T1,,,,,
CAN-BTN5C4QKTY,T0,,,,,
CAN-BTN5C4QKTY,T1,,,,,
CAN-941MAHPFBZ,T0,,,,,
CAN-941MAHPFBZ,T1,,,,,
CAN-TN2YSZ6FJ7,T0,,,,,
CAN-TN2YSZ6FJ7,T1,,,,,
CAN-FBIRKE769M,T0,,,,,
CAN-FBIRKE769M,T1,,,,,
CAN-SWFDWZ3YAH,T0,,,,,
CAN-SWFDWZ3YAH,T1,,,,,
CAN-E2FZJZ8WLH,T0,,,,,
CAN-E2FZJZ8WLH,T1,,,,,
CAN-K1P3DVRGW7,T0,,,,,
CAN-K1P3DVRGW7,T1,,,,,
CAN-LYJEX8CNJR,T0,,,,,
CAN-LYJEX8CNJR,T1,,,,,
CAN-KD2APTUTFT,T0,,,,,
CAN-KD2APTUTFT,T1,,,,,
CAN-FUYCR0PA0F,T0,,,,,
CAN-FUYCR0PA0F,T1,,,,,
CAN-V9QV2TXP9Z,T0,,,,,
CAN-V9QV2TXP9Z,T1,,,,,
CAN-R13A04Z967,T0,,,,,
CAN-R13A04Z967,T1,,,,,
CAN-FRK6W08HI8,T0,,,,,
CAN-FRK6W08HI8,T1,,,,,
CAN-KJF4SOHFVC,T0,,,,,
CAN-KJF4SOHFVC,T1,,,,,
CAN-MS1JDEZQEQ,T0,,,,,
CAN-MS1JDEZQEQ,T1,,,,,
CAN-PGLS2JWCPP,T0,,,,,
CAN-PGLS2JWCPP,T1,,,,,
CAN-LLUAE16P7R,T0,,,,,
CAN-LLUAE16P7R,T1,,,,,
CAN-4XHWTYGOI2,T0,,,,,
CAN-4XHWTYGOI2,T1,,,,,
CAN-S2UUCCTCKA,T0,,,,,
CAN-S2UUCCTCKA,T1,,,,,
CAN-SMFRPJRP72,T0,,,,,
CAN-SMFRPJRP72,T1,,,,,
CAN-O9QS1OM36X,T0,,,,,
CAN-O9QS1OM36X,T1,,,,,
CAN-D9MT87LQ0P,T0,,,,,
CAN-D9MT87LQ0P,T1,,,,,
CAN-OGO208KFFB,T0,,,,,
CAN-OGO208KFFB,T1,,,,,
CAN-Q0VW7ZW97L,T0,,,,,
CAN-Q0VW7ZW97L,T1,,,,,
CAN-SZVXZRTQ4Y,T0,,,,,
CAN-SZVXZRTQ4Y,T1,,,,,
CAN-LHWN3WS38J,T0,,,,,
CAN-LHWN3WS38J,T1,,,,,
CAN-PL7FMLQD69,T0,,,,,
CAN-PL7FMLQD69,T1,,,,,
CAN-5UHIUJNF37,T0,,,,,
CAN-5UHIUJNF37,T1,,,,,
CAN-BFLPDUM3F7,T0,,,,,
CAN-BFLPDUM3F7,T1,,,,,
CAN-TAJRN20Y78,T0,,,,,
CAN-TAJRN20Y78,T1,,,,,
CAN-KCTCZX29AX,T0,,,,,
CAN-KCTCZX29AX,T1,,,,,
CAN-FV2NYFB7L9,T0,,,,,
CAN-FV2NYFB7L9,T1,,,,,
CAN-LEJZ8XH8YE,T0,,,,,
CAN-LEJZ8XH8YE,T1,,,,,
CAN-HL9MLSZ0R8,T0,,,,,
CAN-HL9MLSZ0R8,T1,,,,,
CAN-YDB0LV7942,T0,,,,,
CAN-YDB0LV7942,T1,,,,,
CAN-3XBR7X617E,T0,,,,,
CAN-3XBR7X617E,T1,,,,,
CAN-OH7449Q36R,T0,,,,,
CAN-OH7449Q36R,T1,,,,,
CAN-W4OM56YFIJ,T0,,,,,
CAN-W4OM56YFIJ,T1,,,,,
CAN-6DJBIYR1BC,T0,,,,,
CAN-6DJBIYR1BC,T1,,,,,
CAN-YGKQVC9DJ8,T0,,,,,
CAN-YGKQVC9DJ8,T1,,,,,
CAN-1ISCPP5NDJ,T0,,,,,
CAN-1ISCPP5NDJ,T1,,,,,
CAN-J21ABGO3BD,T0,,,,,
CAN-J21ABGO3BD,T1,,,,,
CAN-7QQQAA6TKH,T0,,,,,
CAN-7QQQAA6TKH,T1,,,,,
CAN-A5M7Z5JX4E,T0,,,,,
CAN-A5M7Z5JX4E,T1,,,,,
CAN-J18LNRZDF3,T0,,,,,
CAN-J18LNRZDF3,T1,,,,,
CAN-PKR0WEKCF1,T0,,,,,
CAN-PKR0WEKCF1,T1,,,,,
CAN-KVT0C4WZV0,T0,,,,,
CAN-KVT0C4WZV0,T1,,,,,
CAN-U6AX4WRGZ8,T0,,,,,
CAN-U6AX4WRGZ8,T1,,,,,
CAN-4ONDS3W7FN,T0,,,,,
CAN-4ONDS3W7FN,T1,,,,,
CAN-8YW24TKYFS,T0,,,,,
CAN-8YW24TKYFS,T1,,,,,
CAN-P57CE060Z1,T0,,,,,
CAN-P57CE060Z1,T1,,,,,
CAN-FVVYVC97VN,T0,,,,,
CAN-FVVYVC97VN,T1,,,,,
CAN-HZD33GJHAZ,T0,,,,,
CAN-HZD33GJHAZ,T1,,,,,
CAN-HI0DNIUPRV,T0,,,,,
CAN-HI0DNIUPRV,T1,,,,,
CAN-FIT5D5AN7R,T0,,,,,
CAN-FIT5D5AN7R,T1,,,,,
CAN-WHNUQNQ0VY,T0,,,,,
CAN-WHNUQNQ0VY,T1,,,,,
CAN-HDRLBAMXUN,T0,,,,,
CAN-HDRLBAMXUN,T1,,,,,
CAN-DLVLGTNYBC,T0,,,,,
CAN-DLVLGTNYBC,T1,,,,,
CAN-F69IVYX6K1,T0,,,,,
CAN-F69IVYX6K1,T1,,,,,
CAN-3MJD8YUA9H,T0,,,,,
CAN-3MJD8YUA9H,T1,,,,,
CAN-M5N8BNU639,T0,,,,,
CAN-M5N8BNU639,T1,,,,,
CAN-48NP6SHH30,T0,,,,,
CAN-48NP6SHH30,T1,,,,,
CAN-BZ9X81PUD3,T0,,,,,
CAN-BZ9X81PUD3,T1,,,,,
CAN-15ZSD2DFHS,T0,,,,,
CAN-15ZSD2DFHS,T1,,,,,
CAN-ASFMO2KY4Z,T0,,,,,
CAN-ASFMO2KY4Z,T1,,,,,
CAN-VLNJK0IBJX,T0,,,,,
CAN-VLNJK0IBJX,T1,,,,,
CAN-CSI83IL92R,T0,,,,,
CAN-CSI83IL92R,T1,,,,,
CAN-2FXR65IB6I,T0,,,,,
CAN-2FXR65IB6I,T1,,,,,
CAN-PHYVHWFBW1,T0,,,,,
CAN-PHYVHWFBW1,T1,,,,,
CAN-7OBBCBSVZA,T0,,,,,
CAN-7OBBCBSVZA,T1,,,,,
CAN-6F642M29TQ,T0,,,,,
CAN-6F642M29TQ,T1,,,,,
CAN-S8263KQSGO,T0,,,,,
CAN-S8263KQSGO,T1,,,,,
CAN-OKQVMADTMW,T0,,,,,
CAN-OKQVMADTMW,T1,,,,,
CAN-SFBGOZR2HS,T0,,,,,
CAN-SFBGOZR2HS,T1,,,,,
CAN-U87XFGJEB8,T0,,,,,
CAN-U87XFGJEB8,T1,,,,,
CAN-S05AQGQOU0,T0,,,,,
CAN-S05AQGQOU0,T1,,,,,
CAN-M31HZE9ZQ6,T0,,,,,
CAN-M31HZE9ZQ6,T1,,,,,
CAN-6B8V8CMILH,T0,,,,,
CAN-6B8V8CMILH,T1,,,,,
CAN-U1GLI5BTMU,T0,,,,,
CAN-U1GLI5BTMU,T1,,,,,
CAN-9LCBHQJMC0,T0,,,,,
CAN-9LCBHQJMC0,T1,,,,,
CAN-UXNEQD7CFR,T0,,,,,
CAN-UXNEQD7CFR,T1,,,,,
CAN-ZOBA0DMMJC,T0,,,,,
CAN-ZOBA0DMMJC,T1,,,,,
CAN-T440345RIA,T0,,,,,
CAN-T440345RIA,T1,,,,,
CAN-RCEJI5FSAL,T0,,,,,
CAN-RCEJI5FSAL,T1,,,,,
CAN-QPM5PJVU7F,T0,,,,,
CAN-QPM5PJVU7F,T1,,,,,
CAN-SJ3A0N6BU7,T0,,,,,
CAN-SJ3A0N6BU7,T1,,,,,
CAN-PQ0OITI6G6,T0,,,,,
CAN-PQ0OITI6G6,T1,,,,,
CAN-L5VCMM3YPM,T0,,,,,
CAN-L5VCMM3YPM,T1,,,,,
CAN-Z3FAQI2G04,T0,,,,,
CAN-Z3FAQI2G04,T1,,,,,
CAN-UQWPKEHZVE,T0,,,,,
CAN-UQWPKEHZVE,T1,,,,,
CAN-ZZS70HW3P0,T0,,,,,
CAN-ZZS70HW3P0,T1,,,,,
CAN-9JL0KHJ0TH,T0,,,,,
CAN-9JL0KHJ0TH,T1,,,,,
CAN-QZY3CND33K,T0,,,,,
CAN-QZY3CND33K,T1,,,,,
CAN-X9J4O4E4JJ,T0,,,,,
CAN-X9J4O4E4JJ,T1,,,,,
CAN-H56AL0TYGO,T0,,,,,
CAN-H56AL0TYGO,T1,,,,,
CAN-7K57HWNVOY,T0,,,,,
CAN-7K57HWNVOY,T1,,,,,
CAN-MFZGKRSN27,T0,,,,,
CAN-MFZGKRSN27,T1,,,,,
CAN-4EVC59MBZC,T0,,,,,
CAN-4EVC59MBZC,T1,,,,,
CAN-GVX2JHU3F1,T0,,,,,
CAN-GVX2JHU3F1,T1,,,,,
CAN-VW440D673W,T0,,,,,
CAN-VW440D673W,T1,,,,,
CAN-9Y19JYHQY6,T0,,,,,
CAN-9Y19JYHQY6,T1,,,,,
CAN-R7PA6BQXB9,T0,,,,,
CAN-R7PA6BQXB9,T1,,,,,
CAN-V3SRU8CLPU,T0,,,,,
CAN-V3SRU8CLPU,T1,,,,,
CAN-8K8404EXI4,T0,,,,,
CAN-8K8404EXI4,T1,,,,,
CAN-XPCXXOXPRA,T0,,,,,
CAN-XPCXXOXPRA,T1,,,,,
CAN-4P5Z1XL05J,T0,,,,,
CAN-4P5Z1XL05J,T1,,,,,
CAN-X7J8JBBLTB,T0,,,,,
CAN-X7J8JBBLTB,T1,,,,,
CAN-SHRRQNVCIC,T0,,,,,
CAN-SHRRQNVCIC,T1,,,,,
CAN-QVZVPPNFZD,T0,,,,,
CAN-QVZVPPNFZD,T1,,,,,
CAN-M6TBJ4FUOH,T0,,,,,
CAN-M6TBJ4FUOH,T1,,,,,
CAN-8QZLRIJ81M,T0,,,,,
CAN-8QZLRIJ81M,T1,,,,,
CAN-T2LQ6VGYAR,T0,,,,,
CAN-T2LQ6VGYAR,T1,,,,,
CAN-K6CM1XZ5FG,T0,,,,,
CAN-K6CM1XZ5FG,T1,,,,,
CAN-WVISC7WXD1,T0,,,,,
CAN-WVISC7WXD1,T1,,,,,
CAN-9E7I39WGCF,T0,,,,,
CAN-9E7I39WGCF,T1,,,,,
CAN-QMIFBZB7X0,T0,,,,,
CAN-QMIFBZB7X0,T1,,,,,
CAN-3T6RZQGFVF,T0,,,,,
CAN-3T6RZQGFVF,T1,,,,,
CAN-M7YXSUDQCQ,T0,,,,,
CAN-M7YXSUDQCQ,T1,,,,,
CAN-2P8J585DQF,T0,,,,,
CAN-2P8J585DQF,T1,,,,,
CAN-G86JAE8X7Q,T0,,,,,
CAN-G86JAE8X7Q,T1,,,,,
CAN-Z0QWTO0INO,T0,,,,,
CAN-Z0QWTO0INO,T1,,,,,
CAN-GBTCFZKNTE,T0,,,,,
CAN-GBTCFZKNTE,T1,,,,,
CAN-QUT1NMMA7W,T0,,,,,
CAN-QUT1NMMA7W,T1,,,,,
CAN-N0RPUET8UF,T0,,,,,
CAN-N0RPUET8UF,T1,,,,,
CAN-7DPBF8N3A1,T0,,,,,
CAN-7DPBF8N3A1,T1,,,,,
CAN-VA0554TE4T,T0,,,,,
CAN-VA0554TE4T,T1,,,,,
CAN-59JF498R8J,T0,,,,,
CAN-59JF498R8J,T1,,,,,
CAN-44XCXC5238,T0,,,,,
CAN-44XCXC5238,T1,,,,,
CAN-CKRN2XCC6D,T0,,,,,
CAN-CKRN2XCC6D,T1,,,,,
CAN-ZVCVSTTM8X,T0,,,,,
CAN-ZVCVSTTM8X,T1,,,,,
CAN-C7EOK39PRW,T0,,,,,
CAN-C7EOK39PRW,T1,,,,,
CAN-ZB2VCUSHNC,T0,,,,,
CAN-ZB2VCUSHNC,T1,,,,,
CAN-6WRH2LTW8B,T0,,,,,
CAN-6WRH2LTW8B,T1,,,,,
CAN-6XLMFO2XRG,T0,,,,,
CAN-6XLMFO2XRG,T1,,,,,
CAN-T3M2YNZFVF,T0,,,,,
CAN-T3M2YNZFVF,T1,,,,,
CAN-D1USQKM3G9,T0,,,,,
CAN-D1USQKM3G9,T1,,,,,
CAN-RT2EV5PN6Y,T0,,,,,
CAN-RT2EV5PN6Y,T1,,,,,
CAN-3RAJMKTTGU,T0,,,,,
CAN-3RAJMKTTGU,T1,,,,,
CAN-BQW2ZUD313,T0,,,,,
CAN-BQW2ZUD313,T1,,,,,
CAN-8LF2PPDABK,T0,,,,,
CAN-8LF2PPDABK,T1,,,,,
CAN-91DSB67355,T0,,,,,
CAN-91DSB67355,T1,,,,,
CAN-ZVSY4BPXXZ,T0,,,,,
CAN-ZVSY4BPXXZ,T1,,,,,
CAN-4FUY16ARU2,T0,,,,,
CAN-4FUY16ARU2,T1,,,,,
CAN-DYZQIXF421,T0,,,,,
CAN-DYZQIXF421,T1,,,,,
CAN-H87CPEU86B,T0,,,,,
CAN-H87CPEU86B,T1,,,,,
CAN-DKCXLRRJQ3,T0,,,,,
CAN-DKCXLRRJQ3,T1,,,,,
CAN-4AFUTYX804,T0,,,,,
CAN-4AFUTYX804,T1,,,,,
CAN-TOAZKGIKZF,T0,,,,,
CAN-TOAZKGIKZF,T1,,,,,
CAN-B04CPDRBCN,T0,,,,,
CAN-B04CPDRBCN,T1,,,,,
CAN-Q5DLT1TF8N,T0,,,,,
CAN-Q5DLT1TF8N,T1,,,,,
CAN-BR6DFDQVHI,T0,,,,,
CAN-BR6DFDQVHI,T1,,,,,
CAN-0WR4HBR5PP,T0,,,,,
CAN-0WR4HBR5PP,T1,,,,,
CAN-T06TS53MSZ,T0,,,,,
CAN-T06TS53MSZ,T1,,,,,
CAN-W2GIXX7WLD,T0,,,,,
CAN-W2GIXX7WLD,T1,,,,,
CAN-O49RZ4RZTF,T0,,,,,
CAN-O49RZ4RZTF,T1,,,,,
CAN-3UEV3USNXZ,T0,,,,,
CAN-3UEV3USNXZ,T1,,,,,
CAN-S5AS20Z1SY,T0,,,,,
CAN-S5AS20Z1SY,T1,,,,,
CAN-M98SHUTI2G,T0,,,,,
CAN-M98SHUTI2G,T1,,,,,
CAN-VMOGJ0DUM9,T0,,,,,
CAN-VMOGJ0DUM9,T1,,,,,
CAN-KRSWFLRHRA,T0,,,,,
CAN-KRSWFLRHRA,T1,,,,,
CAN-8MG6WDM3P5,T0,,,,,
CAN-8MG6WDM3P5,T1,,,,,
CAN-02L2R6GT3U,T0,,,,,
CAN-02L2R6GT3U,T1,,,,,
CAN-EXOTEAF4LL,T0,,,,,
CAN-EXOTEAF4LL,T1,,,,,
CAN-8MT15132MW,T0,,,,,
CAN-8MT15132MW,T1,,,,,
CAN-KZ3Y3MKVXX,T0,,,,,
CAN-KZ3Y3MKVXX,T1,,,,,
CAN-918CF5TCBA,T0,,,,,
CAN-918CF5TCBA,T1,,,,,
CAN-FVIE85V2BK,T0,,,,,
CAN-FVIE85V2BK,T1,,,,,
CAN-QMIRAVS1HV,T0,,,,,
CAN-QMIRAVS1HV,T1,,,,,
CAN-ONHTDF249M,T0,,,,,
CAN-ONHTDF249M,T1,,,,,
CAN-5SI4K0TZWA,T0,,,,,
CAN-5SI4K0TZWA,T1,,,,,
CAN-TCP2AQ2MPB,T0,,,,,
CAN-TCP2AQ2MPB,T1,,,,,
CAN-QGBNNBL10L,T0,,,,,
CAN-QGBNNBL10L,T1,,,,,
CAN-WZ4PDX546V,T0,,,,,
CAN-WZ4PDX546V,T1,,,,,
CAN-JBY9O96IVU,T0,,,,,
CAN-JBY9O96IVU,T1,,,,,
CAN-M4DK5Q51YA,T0,,,,,
CAN-M4DK5Q51YA,T1,,,,,
CAN-RFKRLTGBDO,T0,,,,,
CAN-RFKRLTGBDO,T1,,,,,
CAN-T49ZVE0JPA,T0,,,,,
CAN-T49ZVE0JPA,T1,,,,,
CAN-LEU1R1M1DA,T0,,,,,
CAN-LEU1R1M1DA,T1,,,,,
CAN-9NGE37O4S1,T0,,,,,
CAN-9NGE37O4S1,T1,,,,,
CAN-A0NEAP9FUE,T0,,,,,
CAN-A0NEAP9FUE,T1,,,,,
CAN-OG8X9KPTCY,T0,,,,,
CAN-OG8X9KPTCY,T1,,,,,
CAN-3KBYP8DLG3,T0,,,,,
CAN-3KBYP8DLG3,T1,,,,,
CAN-KV00QPIWWX,T0,,,,,
CAN-KV00QPIWWX,T1,,,,,
CAN-W47LC4HEXK,T0,,,,,
CAN-W47LC4HEXK,T1,,,,,
CAN-NQ68UD86BY,T0,,,,,
CAN-NQ68UD86BY,T1,,,,,
CAN-9FWTB76OAZ,T0,,,,,
CAN-9FWTB76OAZ,T1,,,,,
CAN-CUQRTWQD1E,T0,,,,,
CAN-CUQRTWQD1E,T1,,,,,
CAN-PDNOQLBPQ7,T0,,,,,
CAN-PDNOQLBPQ7,T1,,,,,
CAN-HNVBKNMAQL,T0,,,,,
CAN-HNVBKNMAQL,T1,,,,,
CAN-SA6IJDUDAN,T0,,,,,
CAN-SA6IJDUDAN,T1,,,,,
CAN-1NGTII9KQH,T0,,,,,
CAN-1NGTII9KQH,T1,,,,,
CAN-ABFF1IHEL2,T0,,,,,
CAN-ABFF1IHEL2,T1,,,,,
CAN-AF3CWVHP59,T0,,,,,
CAN-AF3CWVHP59,T1,,,,,
CAN-RYM6NK7V5O,T0,,,,,
CAN-RYM6NK7V5O,T1,,,,,
CAN-YARW9LH5NX,T0,,,,,
CAN-YARW9LH5NX,T1,,,,,
CAN-9FQW8NK029,T0,,,,,
CAN-9FQW8NK029,T1,,,,,
CAN-JIU1SQN3OI,T0,,,,,
CAN-JIU1SQN3OI,T1,,,,,
CAN-8S8S93FX4B,T0,,,,,
CAN-8S8S93FX4B,T1,,,,,
CAN-8V486RKQDJ,T0,,,,,
CAN-8V486RKQDJ,T1,,,,,
CAN-KNOZLG3838,T0,,,,,
CAN-KNOZLG3838,T1,,,,,
CAN-HLUF8UHZ87,T0,,,,,
CAN-HLUF8UHZ87,T1,,,,,
CAN-1CVFSSZSCM,T0,,,,,
CAN-1CVFSSZSCM,T1,,,,,
CAN-VU7XMSEPF1,T0,,,,,
CAN-VU7XMSEPF1,T1,,,,,
CAN-1TEDNYJKP3,T0,,,,,
CAN-1TEDNYJKP3,T1,,,,,
CAN-Q139BOHFZF,T0,,,,,
CAN-Q139BOHFZF,T1,,,,,
CAN-KPSGVBSM57,T0,,,,,
CAN-KPSGVBSM57,T1,,,,,
CAN-JIDHGRRQCZ,T0,,,,,
CAN-JIDHGRRQCZ,T1,,,,,
CAN-9BM7I4LOBM,T0,,,,,
CAN-9BM7I4LOBM,T1,,,,,
CAN-U8577Q4HMF,T0,,,,,
CAN-U8577Q4HMF,T1,,,,,
CAN-9YEWS6XRPL,T0,,,,,
CAN-9YEWS6XRPL,T1,,,,,
CAN-IZS3H7D47K,T0,,,,,
CAN-IZS3H7D47K,T1,,,,,
CAN-TTMFEJ9YKT,T0,,,,,
CAN-TTMFEJ9YKT,T1,,,,,
CAN-W9D3ENL8OC,T0,,,,,
CAN-W9D3ENL8OC,T1,,,,,
CAN-YKXIDGE9PM,T0,,,,,
CAN-YKXIDGE9PM,T1,,,,,
CAN-KTNR7Q8B0H,T0,,,,,
CAN-KTNR7Q8B0H,T1,,,,,
CAN-6FJ4LQQNT7,T0,,,,,
CAN-6FJ4LQQNT7,T1,,,,,
CAN-8WBU0YZEJ0,T0,,,,,
CAN-8WBU0YZEJ0,T1,,,,,
CAN-UVY7MS3TYZ,T0,,,,,
CAN-UVY7MS3TYZ,T1,,,,,
CAN-EAYND5V55B,T0,,,,,
CAN-EAYND5V55B,T1,,,,,
CAN-ZA0NA5T8A3,T0,,,,,
CAN-ZA0NA5T8A3,T1,,,,,
CAN-1JYTU9DS21,T0,,,,,
CAN-1JYTU9DS21,T1,,,,,
CAN-3T7W6Z3JCW,T0,,,,,
CAN-3T7W6Z3JCW,T1,,,,,
CAN-TGLQK41QER,T0,,,,,
CAN-TGLQK41QER,T1,,,,,
CAN-7TA2J05H73,T0,,,,,
CAN-7TA2J05H73,T1,,,,,
CAN-ZD08OV0SMJ,T0,,,,,
CAN-ZD08OV0SMJ,T1,,,,,
CAN-X7NHOPR4D9,T0,,,,,
CAN-X7NHOPR4D9,T1,,,,,
CAN-ZZ6GZAQWCS,T0,,,,,
CAN-ZZ6GZAQWCS,T1,,,,,
CAN-1G4R18EVYQ,T0,,,,,
CAN-1G4R18EVYQ,T1,,,,,
CAN-ZWF0AYKB18,T0,,,,,
CAN-ZWF0AYKB18,T1,,,,,
CAN-3LLTUIMPAE,T0,,,,,
CAN-3LLTUIMPAE,T1,,,,,
CAN-N0VJ7C53P5,T0,,,,,
CAN-N0VJ7C53P5,T1,,,,,
CAN-TDXLZPY2XI,T0,,,,,
CAN-TDXLZPY2XI,T1,,,,,
CAN-HC7VWRKBC4,T0,,,,,
CAN-HC7VWRKBC4,T1,,,,,
CAN-YK377ONC0W,T0,,,,,
CAN-YK377ONC0W,T1,,,,,
CAN-HGDSEZ1NAM,T0,,,,,
CAN-HGDSEZ1NAM,T1,,,,,
CAN-1OLSOJJEVZ,T0,,,,,
CAN-1OLSOJJEVZ,T1,,,,,
CAN-EPQ9UEB40T,T0,,,,,
CAN-EPQ9UEB40T,T1,,,,,
CAN-41XBU2JZ9O,T0,,,,,
CAN-41XBU2JZ9O,T1,,,,,
CAN-6ER4R8N45Q,T0,,,,,
CAN-6ER4R8N45Q,T1,,,,,
CAN-0P7Q4TLQQ6,T0,,,,,
CAN-0P7Q4TLQQ6,T1,,,,,
CAN-2TY991V0G8,T0,,,,,
CAN-2TY991V0G8,T1,,,,,
CAN-GGL7WEFZYY,T0,,,,,
CAN-GGL7WEFZYY,T1,,,,,
CAN-9JWCAE4SJS,T0,,,,,
CAN-9JWCAE4SJS,T1,,,,,
CAN-SMXZIEWY61,T0,,,,,
CAN-SMXZIEWY61,T1,,,,,
CAN-GIEAVY780C,T0,,,,,
CAN-GIEAVY780C,T1,,,,,
CAN-JSDWLPFPCW,T0,,,,,
CAN-JSDWLPFPCW,T1,,,,,
CAN-3YNM2680ID,T0,,,,,
CAN-3YNM2680ID,T1,,,,,
CAN-IV4POVJ4G9,T0,,,,,
CAN-IV4POVJ4G9,T1,,,,,
CAN-IESTAL527F,T0,,,,,
CAN-IESTAL527F,T1,,,,,
CAN-KFTWQA0P2N,T0,,,,,
CAN-KFTWQA0P2N,T1,,,,,
CAN-GQFTJKG8AJ,T0,,,,,
CAN-GQFTJKG8AJ,T1,,,,,
CAN-L5Q5Z64RNY,T0,,,,,
CAN-L5Q5Z64RNY,T1,,,,,
CAN-TL2H0AL05Y,T0,,,,,
CAN-TL2H0AL05Y,T1,,,,,
CAN-2QCMT8HU88,T0,,,,,
CAN-2QCMT8HU88,T1,,,,,
CAN-A0IANQKCW1,T0,,,,,
CAN-A0IANQKCW1,T1,,,,,
CAN-UBPM0Q0YL5,T0,,,,,
CAN-UBPM0Q0YL5,T1,,,,,
CAN-KNNDTT48NQ,T0,,,,,
CAN-KNNDTT48NQ,T1,,,,,
CAN-708HPHZ1WT,T0,,,,,
CAN-708HPHZ1WT,T1,,,,,
CAN-JOI4TGH7RN,T0,,,,,
CAN-JOI4TGH7RN,T1,,,,,
CAN-QTMM4197LL,T0,,,,,
CAN-QTMM4197LL,T1,,,,,
CAN-FEB0SJE5HQ,T0,,,,,
CAN-FEB0SJE5HQ,T1,,,,,
CAN-87G4S3WBU4,T0,,,,,
CAN-87G4S3WBU4,T1,,,,,
CAN-N9ZQRHO6JS,T0,,,,,
CAN-N9ZQRHO6JS,T1,,,,,
CAN-HY1KDQ4FNU,T0,,,,,
CAN-HY1KDQ4FNU,T1,,,,,
CAN-KNG4PYZV0R,T0,,,,,
CAN-KNG4PYZV0R,T1,,,,,
CAN-4WZJAHZ86K,T0,,,,,
CAN-4WZJAHZ86K,T1,,,,,
CAN-6O36VBSAI9,T0,,,,,
CAN-6O36VBSAI9,T1,,,,,
CAN-ZTG7MQ3I88,T0,,,,,
CAN-ZTG7MQ3I88,T1,,,,,
CAN-YAWFQ9SR5Q,T0,,,,,
CAN-YAWFQ9SR5Q,T1,,,,,
CAN-69A3JKP15N,T0,,,,,
CAN-69A3JKP15N,T1,,,,,
CAN-21FJHWNRNM,T0,,,,,
CAN-21FJHWNRNM,T1,,,,,
CAN-D5Y52OVWYW,T0,,,,,
CAN-D5Y52OVWYW,T1,,,,,
CAN-CN3COEJD4O,T0,,,,,
CAN-CN3COEJD4O,T1,,,,,
CAN-ET88MOQGMR,T0,,,,,
CAN-ET88MOQGMR,T1,,,,,
CAN-SIXXIRSWEX,T0,,,,,
CAN-SIXXIRSWEX,T1,,,,,
CAN-8GZH6R9PVQ,T0,,,,,
CAN-8GZH6R9PVQ,T1,,,,,
CAN-SGA7WFO0IG,T0,,,,,
CAN-SGA7WFO0IG,T1,,,,,
CAN-D6LRZE9EHU,T0,,,,,
CAN-D6LRZE9EHU,T1,,,,,
CAN-J8P0074UCY,T0,,,,,
CAN-J8P0074UCY,T1,,,,,
CAN-Y2UBIJEYW1,T0,,,,,
CAN-Y2UBIJEYW1,T1,,,,,
CAN-80HVVFGU3K,T0,,,,,
CAN-80HVVFGU3K,T1,,,,,
CAN-SKSDRIIG1N,T0,,,,,
CAN-SKSDRIIG1N,T1,,,,,
CAN-MQ8IVRV6FI,T0,,,,,
CAN-MQ8IVRV6FI,T1,,,,,
CAN-9VTN5K6JQ5,T0,,,,,
CAN-9VTN5K6JQ5,T1,,,,,
CAN-DU7Y0Y4SU0,T0,,,,,
CAN-DU7Y0Y4SU0,T1,,,,,
CAN-XZEU8DSR50,T0,,,,,
CAN-XZEU8DSR50,T1,,,,,
CAN-IWZEJ17ZGE,T0,,,,,
CAN-IWZEJ17ZGE,T1,,,,,
CAN-MWH39NG1BF,T0,,,,,
CAN-MWH39NG1BF,T1,,,,,
CAN-X577EBMK6A,T0,,,,,
CAN-X577EBMK6A,T1,,,,,
CAN-GQC1GCT24L,T0,,,,,
CAN-GQC1GCT24L,T1,,,,,
CAN-2IKQAD5WG7,T0,,,,,
CAN-2IKQAD5WG7,T1,,,,,
CAN-C59XY5L3DN,T0,,,,,
CAN-C59XY5L3DN,T1,,,,,
CAN-JY2NNODKGI,T0,,,,,
CAN-JY2NNODKGI,T1,,,,,
CAN-YKYBOYEHKV,T0,,,,,
CAN-YKYBOYEHKV,T1,,,,,
CAN-CMZJ3YE93K,T0,,,,,
CAN-CMZJ3YE93K,T1,,,,,
CAN-BJ4R6OCOQB,T0,,,,,
CAN-BJ4R6OCOQB,T1,,,,,
CAN-XQGGYN1LF5,T0,,,,,
CAN-XQGGYN1LF5,T1,,,,,
CAN-73FTKG8G93,T0,,,,,
CAN-73FTKG8G93,T1,,,,,
CAN-DALWFSQUX4,T0,,,,,
CAN-DALWFSQUX4,T1,,,,,
CAN-JAZBWXMCJ6,T0,,,,,
CAN-JAZBWXMCJ6,T1,,,,,
CAN-8B4DPKOY99,T0,,,,,
CAN-8B4DPKOY99,T1,,,,,
CAN-Y6N52BHROD,T0,,,,,
CAN-Y6N52BHROD,T1,,,,,
CAN-N85JZAIT4Y,T0,,,,,
CAN-N85JZAIT4Y,T1,,,,,
CAN-8DBX98GV5U,T0,,,,,
CAN-8DBX98GV5U,T1,,,,,
CAN-DLA901K1V4,T0,,,,,
CAN-DLA901K1V4,T1,,,,,
CAN-J38TI3SNPV,T0,,,,,
CAN-J38TI3SNPV,T1,,,,,
CAN-KNT3LGRVNX,T0,,,,,
CAN-KNT3LGRVNX,T1,,,,,
CAN-YWP6QBJWKA,T0,,,,,
CAN-YWP6QBJWKA,T1,,,,,
CAN-S3D5K52T03,T0,,,,,
CAN-S3D5K52T03,T1,,,,,
CAN-PJVZZODIGU,T0,,,,,
CAN-PJVZZODIGU,T1,,,,,
CAN-8SOTXUHUH3,T0,,,,,
CAN-8SOTXUHUH3,T1,,,,,
CAN-KW8NBY0ME4,T0,,,,,
CAN-KW8NBY0ME4,T1,,,,,
CAN-3VLV5P4TAW,T0,,,,,
CAN-3VLV5P4TAW,T1,,,,,
CAN-MQT9PVFBFW,T0,,,,,
CAN-MQT9PVFBFW,T1,,,,,
CAN-VIA8PNVAA7,T0,,,,,
CAN-VIA8PNVAA7,T1,,,,,
CAN-J61NPU4T8M,T0,,,,,
CAN-J61NPU4T8M,T1,,,,,
CAN-SSXAJL3IBH,T0,,,,,
CAN-SSXAJL3IBH,T1,,,,,
CAN-6QEJHW6AIF,T0,,,,,
CAN-6QEJHW6AIF,T1,,,,,
CAN-I91HBENN2D,T0,,,,,
CAN-I91HBENN2D,T1,,,,,
CAN-UYEOYYZAIB,T0,,,,,
CAN-UYEOYYZAIB,T1,,,,,
CAN-KMWUX8QMJ0,T0,,,,,
CAN-KMWUX8QMJ0,T1,,,,,
CAN-7T4YCDNCWZ,T0,,,,,
CAN-7T4YCDNCWZ,T1,,,,,
CAN-FRDT51M65B,T0,,,,,
CAN-FRDT51M65B,T1,,,,,
CAN-3KQR4D9O8Q,T0,,,,,
CAN-3KQR4D9O8Q,T1,,,,,
CAN-W5IZ44H8YP,T0,,,,,
CAN-W5IZ44H8YP,T1,,,,,
CAN-MFEM0P1BJN,T0,,,,,
CAN-MFEM0P1BJN,T1,,,,,
CAN-01BTBMC5ZN,T0,,,,,
CAN-01BTBMC5ZN,T1,,,,,
CAN-O444PJLHDX,T0,,,,,
CAN-O444PJLHDX,T1,,,,,
CAN-0YHI13HWKO,T0,,,,,
CAN-0YHI13HWKO,T1,,,,,
CAN-1137LOL018,T0,,,,,
CAN-1137LOL018,T1,,,,,
CAN-N83M0A4FM5,T0,,,,,
CAN-N83M0A4FM5,T1,,,,,
CAN-8KCL2X0BUP,T0,,,,,
CAN-8KCL2X0BUP,T1,,,,,
CAN-2IENMVBM85,T0,,,,,
CAN-2IENMVBM85,T1,,,,,
CAN-DN56L9BVN3,T0,,,,,
CAN-DN56L9BVN3,T1,,,,,
CAN-DU2SSLAZUF,T0,,,,,
CAN-DU2SSLAZUF,T1,,,,,
CAN-OJ1M5ZWG6C,T0,,,,,
CAN-OJ1M5ZWG6C,T1,,,,,
CAN-2V99A4AMVF,T0,,,,,
CAN-2V99A4AMVF,T1,,,,,
CAN-JIS4BL2S3M,T0,,,,,
CAN-JIS4BL2S3M,T1,,,,,
CAN-FI1FJ3O62A,T0,,,,,
CAN-FI1FJ3O62A,T1,,,,,
CAN-ECHG52XPY0,T0,,,,,
CAN-ECHG52XPY0,T1,,,,,
CAN-IX6O5CSNHV,T0,,,,,
CAN-IX6O5CSNHV,T1,,,,,
CAN-RZ34BLT29T,T0,,,,,
CAN-RZ34BLT29T,T1,,,,,
CAN-BFOUW1OINR,T0,,,,,
CAN-BFOUW1OINR,T1,,,,,
CAN-Z7574XHMIS,T0,,,,,
CAN-Z7574XHMIS,T1,,,,,
CAN-N2NHMRDROK,T0,,,,,
CAN-N2NHMRDROK,T1,,,,,
CAN-F46VRCBCJ1,T0,,,,,
CAN-F46VRCBCJ1,T1,,,,,
CAN-FMUTP5KWGH,T0,,,,,
CAN-FMUTP5KWGH,T1,,,,,
CAN-IKAKWV55PQ,T0,,,,,
CAN-IKAKWV55PQ,T1,,,,,
CAN-CK5FL4BPXV,T0,,,,,
CAN-CK5FL4BPXV,T1,,,,,
CAN-VYP0TQHFVS,T0,,,,,
CAN-VYP0TQHFVS,T1,,,,,
CAN-Q74ZR1T20H,T0,,,,,
CAN-Q74ZR1T20H,T1,,,,,
CAN-845KUQN13F,T0,,,,,
CAN-845KUQN13F,T1,,,,,
CAN-LX8HR6IWF8,T0,,,,,
CAN-LX8HR6IWF8,T1,,,,,
CAN-CU7Z8XW4BY,T0,,,,,
CAN-CU7Z8XW4BY,T1,,,,,
CAN-7F7I66W3DK,T0,,,,,
CAN-7F7I66W3DK,T1,,,,,
CAN-RX62W31GXN,T0,,,,,
CAN-RX62W31GXN,T1,,,,,
CAN-ZJULU6ATS3,T0,,,,,
CAN-ZJULU6ATS3,T1,,,,,
CAN-4EK13UOVMH,T0,,,,,
CAN-4EK13UOVMH,T1,,,,,
CAN-5A6EVH95DX,T0,,,,,
CAN-5A6EVH95DX,T1,,,,,
CAN-GALQRDEWWO,T0,,,,,
CAN-GALQRDEWWO,T1,,,,,
CAN-9T8MCA7K09,T0,,,,,
CAN-9T8MCA7K09,T1,,,,,
CAN-A7H84ZC3HH,T0,,,,,
CAN-A7H84ZC3HH,T1,,,,,
CAN-6TWONLPNEL,T0,,,,,
CAN-6TWONLPNEL,T1,,,,,
CAN-AEYMRGVIX4,T0,,,,,
CAN-AEYMRGVIX4,T1,,,,,
CAN-NXH5BEWLMK,T0,,,,,
CAN-NXH5BEWLMK,T1,,,,,
CAN-MEMZOTXYET,T0,,,,,
CAN-MEMZOTXYET,T1,,,,,
CAN-EJYTTVOEZ0,T0,,,,,
CAN-EJYTTVOEZ0,T1,,,,,
CAN-2FE12S3MN1,T0,,,,,
CAN-2FE12S3MN1,T1,,,,,
CAN-5QKUHT1A9U,T0,,,,,
CAN-5QKUHT1A9U,T1,,,,,
CAN-CEJE7UUT1W,T0,,,,,
CAN-CEJE7UUT1W,T1,,,,,
CAN-EZIE0FDQZC,T0,,,,,
CAN-EZIE0FDQZC,T1,,,,,
CAN-4JML2H5550,T0,,,,,
CAN-4JML2H5550,T1,,,,,
CAN-LL62HZD0MW,T0,,,,,
CAN-LL62HZD0MW,T1,,,,,
CAN-T9AMCCOFGN,T0,,,,,
CAN-T9AMCCOFGN,T1,,,,,
CAN-OZSBG6A70H,T0,,,,,
CAN-OZSBG6A70H,T1,,,,,
CAN-UQ2V6RD19Q,T0,,,,,
CAN-UQ2V6RD19Q,T1,,,,,
CAN-F9S150V79C,T0,,,,,
CAN-F9S150V79C,T1,,,,,
CAN-NYYJF9214C,T0,,,,,
CAN-NYYJF9214C,T1,,,,,
CAN-DYP6CNQHY3,T0,,,,,
CAN-DYP6CNQHY3,T1,,,,,
CAN-UOIPPNBX0K,T0,,,,,
CAN-UOIPPNBX0K,T1,,,,,
CAN-3EH849N0SB,T0,,,,,
CAN-3EH849N0SB,T1,,,,,
CAN-PSOTXA3LJU,T0,,,,,
CAN-PSOTXA3LJU,T1,,,,,
CAN-NKIFD1D35N,T0,,,,,
CAN-NKIFD1D35N,T1,,,,,
CAN-0RQIRS621U,T0,,,,,
CAN-0RQIRS621U,T1,,,,,
CAN-YR3V13ATJR,T0,,,,,
CAN-YR3V13ATJR,T1,,,,,
CAN-G5KD7I9HNW,T0,,,,,
CAN-G5KD7I9HNW,T1,,,,,
CAN-8DQBGYQ8LC,T0,,,,,
CAN-8DQBGYQ8LC,T1,,,,,
CAN-13J0SR6O56,T0,,,,,
CAN-13J0SR6O56,T1,,,,,
CAN-0B47IE28TR,T0,,,,,
CAN-0B47IE28TR,T1,,,,,
CAN-RVHKD635ZK,T0,,,,,
CAN-RVHKD635ZK,T1,,,,,
CAN-GJT3G9RE1E,T0,,,,,
CAN-GJT3G9RE1E,T1,,,,,
CAN-7GLZGKVF9C,T0,,,,,
CAN-7GLZGKVF9C,T1,,,,,
CAN-F7T7ZOCE7K,T0,,,,,
CAN-F7T7ZOCE7K,T1,,,,,
CAN-WK1QO904VX,T0,,,,,
CAN-WK1QO904VX,T1,,,,,
CAN-XJV3ZUPY74,T0,,,,,
CAN-XJV3ZUPY74,T1,,,,,
CAN-H7XDADMFR2,T0,,,,,
CAN-H7XDADMFR2,T1,,,,,
CAN-UWJOZYBQKB,T0,,,,,
CAN-UWJOZYBQKB,T1,,,,,
CAN-IPJDDR0Q0A,T0,,,,,
CAN-IPJDDR0Q0A,T1,,,,,
CAN-2LGOQ5MPWD,T0,,,,,
CAN-2LGOQ5MPWD,T1,,,,,
CAN-W803WTVEJV,T0,,,,,
CAN-W803WTVEJV,T1,,,,,
CAN-7PX49SXKTJ,T0,,,,,
CAN-7PX49SXKTJ,T1,,,,,
CAN-R98OM6N9ZF,T0,,,,,
CAN-R98OM6N9ZF,T1,,,,,
CAN-FY6WMIVMBQ,T0,,,,,
CAN-FY6WMIVMBQ,T1,,,,,
CAN-553PFROK4Z,T0,,,,,
CAN-553PFROK4Z,T1,,,,,
CAN-2ODM2X2U43,T0,,,,,
CAN-2ODM2X2U43,T1,,,,,
CAN-PO37XAHD3U,T0,,,,,
CAN-PO37XAHD3U,T1,,,,,
CAN-864NJSVOO7,T0,,,,,
CAN-864NJSVOO7,T1,,,,,
CAN-XRHICVMZE1,T0,,,,,
CAN-XRHICVMZE1,T1,,,,,
CAN-KD7ASK3MS8,T0,,,,,
CAN-KD7ASK3MS8,T1,,,,,
CAN-5H6NTEU44Y,T0,,,,,
CAN-5H6NTEU44Y,T1,,,,,
CAN-ZSHVEIBK3N,T0,,,,,
CAN-ZSHVEIBK3N,T1,,,,,
CAN-OQYD74N928,T0,,,,,
CAN-OQYD74N928,T1,,,,,
CAN-0MG046ZIRG,T0,,,,,
CAN-0MG046ZIRG,T1,,,,,
CAN-ROCGQIBPAB,T0,,,,,
CAN-ROCGQIBPAB,T1,,,,,
CAN-IGX948MWV4,T0,,,,,
CAN-IGX948MWV4,T1,,,,,
CAN-WD6E3S5W14,T0,,,,,
CAN-WD6E3S5W14,T1,,,,,
CAN-34U34420AN,T0,,,,,
CAN-34U34420AN,T1,,,,,
CAN-7GQ6TGC3U4,T0,,,,,
CAN-7GQ6TGC3U4,T1,,,,,
CAN-YRU1S05LB8,T0,,,,,
CAN-YRU1S05LB8,T1,,,,,
CAN-NMDSAHJ8NJ,T0,,,,,
CAN-NMDSAHJ8NJ,T1,,,,,
CAN-U2OSKFV69H,T0,,,,,
CAN-U2OSKFV69H,T1,,,,,
CAN-OEN2I9HIBP,T0,,,,,
CAN-OEN2I9HIBP,T1,,,,,
CAN-A51B22TW12,T0,,,,,
CAN-A51B22TW12,T1,,,,,
CAN-2SMFCMOAJJ,T0,,,,,
CAN-2SMFCMOAJJ,T1,,,,,
CAN-IR42DFXV9H,T0,,,,,
CAN-IR42DFXV9H,T1,,,,,
CAN-HKPXELSU43,T0,,,,,
CAN-HKPXELSU43,T1,,,,,
CAN-CMA906BMBI,T0,,,,,
CAN-CMA906BMBI,T1,,,,,
CAN-4BIWNWBHVN,T0,,,,,
CAN-4BIWNWBHVN,T1,,,,,
CAN-X15P9P6SU6,T0,,,,,
CAN-X15P9P6SU6,T1,,,,,
CAN-H8DXZ0CH3P,T0,,,,,
CAN-H8DXZ0CH3P,T1,,,,,
CAN-2TB6A5H5H1,T0,,,,,
CAN-2TB6A5H5H1,T1,,,,,
CAN-J1PQCDNCX0,T0,,,,,
CAN-J1PQCDNCX0,T1,,,,,
CAN-LYD22LKJB7,T0,,,,,
CAN-LYD22LKJB7,T1,,,,,
CAN-L12X2Z3GKS,T0,,,,,
CAN-L12X2Z3GKS,T1,,,,,
CAN-AKXKAYRN3W,T0,,,,,
CAN-AKXKAYRN3W,T1,,,,,
CAN-LFHRST0WNC,T0,,,,,
CAN-LFHRST0WNC,T1,,,,,
CAN-MP5W1PZE3C,T0,,,,,
CAN-MP5W1PZE3C,T1,,,,,
CAN-7VW4WQ5M64,T0,,,,,
CAN-7VW4WQ5M64,T1,,,,,
CAN-Q128ZA041B,T0,,,,,
CAN-Q128ZA041B,T1,,,,,
CAN-VJUPT3OFE1,T0,,,,,
CAN-VJUPT3OFE1,T1,,,,,
CAN-VZDV8CP121,T0,,,,,
CAN-VZDV8CP121,T1,,,,,
CAN-PJSFTHWFCW,T0,,,,,
CAN-PJSFTHWFCW,T1,,,,,
CAN-Y5E0YD8ENG,T0,,,,,
CAN-Y5E0YD8ENG,T1,,,,,
CAN-A46GFBZVKL,T0,,,,,
CAN-A46GFBZVKL,T1,,,,,
CAN-F385NAT4XP,T0,,,,,
CAN-F385NAT4XP,T1,,,,,
CAN-84X61NBPJB,T0,,,,,
CAN-84X61NBPJB,T1,,,,,
CAN-NJ29EQYH24,T0,,,,,
CAN-NJ29EQYH24,T1,,,,,
CAN-V6H1VI9G4S,T0,,,,,
CAN-V6H1VI9G4S,T1,,,,,
CAN-PFRFLWK7FF,T0,,,,,
CAN-PFRFLWK7FF,T1,,,,,
CAN-9VRL0SCBTA,T0,,,,,
CAN-9VRL0SCBTA,T1,,,,,
CAN-GQI5U641FJ,T0,,,,,
CAN-GQI5U641FJ,T1,,,,,
CAN-ELSZ3Z32PE,T0,,,,,
CAN-ELSZ3Z32PE,T1,,,,,
CAN-51MUS6TJET,T0,,,,,
CAN-51MUS6TJET,T1,,,,,
CAN-K0WPLACUNX,T0,,,,,
CAN-K0WPLACUNX,T1,,,,,
CAN-C8FBONIN6P,T0,,,,,
CAN-C8FBONIN6P,T1,,,,,
CAN-X329AJP69T,T0,,,,,
CAN-X329AJP69T,T1,,,,,
CAN-B6WV6HQ3JW,T0,,,,,
CAN-B6WV6HQ3JW,T1,,,,,
CAN-CJKUQYBENS,T0,,,,,
CAN-CJKUQYBENS,T1,,,,,
CAN-ZYY4URV716,T0,,,,,
CAN-ZYY4URV716,T1,,,,,
CAN-ELETUJBLKO,T0,,,,,
CAN-ELETUJBLKO,T1,,,,,
CAN-3AYCNK2KL3,T0,,,,,
CAN-3AYCNK2KL3,T1,,,,,
CAN-BKKNGKF23C,T0,,,,,
CAN-BKKNGKF23C,T1,,,,,
CAN-8VGVOCXYIR,T0,,,,,
CAN-8VGVOCXYIR,T1,,,,,
CAN-U5DE3E6MP9,T0,,,,,
CAN-U5DE3E6MP9,T1,,,,,
CAN-BSD6D5GVWD,T0,,,,,
CAN-BSD6D5GVWD,T1,,,,,
CAN-ZXCDS645JP,T0,,,,,
CAN-ZXCDS645JP,T1,,,,,
CAN-DFNUJCOL1U,T0,,,,,
CAN-DFNUJCOL1U,T1,,,,,
CAN-9KZA0PD9Z6,T0,,,,,
CAN-9KZA0PD9Z6,T1,,,,,
CAN-7C6BKN8Z8W,T0,,,,,
CAN-7C6BKN8Z8W,T1,,,,,
CAN-9L66RYTA1L,T0,,,,,
CAN-9L66RYTA1L,T1,,,,,
CAN-L6U6PVU1CX,T0,,,,,
CAN-L6U6PVU1CX,T1,,,,,
CAN-6BCTMMU037,T0,,,,,
CAN-6BCTMMU037,T1,,,,,
CAN-VRYXYBBG1H,T0,,,,,
CAN-VRYXYBBG1H,T1,,,,,
CAN-CZUIQOUJB2,T0,,,,,
CAN-CZUIQOUJB2,T1,,,,,
CAN-TUKG7J2I21,T0,,,,,
CAN-TUKG7J2I21,T1,,,,,
CAN-8JB4ZXPI3P,T0,,,,,
CAN-8JB4ZXPI3P,T1,,,,,
CAN-4BTVNYNNBL,T0,,,,,
CAN-4BTVNYNNBL,T1,,,,,
CAN-50CHM1TL9Y,T0,,,,,
CAN-50CHM1TL9Y,T1,,,,,
CAN-DSODL6M0L0,T0,,,,,
CAN-DSODL6M0L0,T1,,,,,
CAN-NNFNT3P805,T0,,,,,
CAN-NNFNT3P805,T1,,,,,
CAN-Y0RJM2TL6G,T0,,,,,
CAN-Y0RJM2TL6G,T1,,,,,
CAN-P0QFZIDOBC,T0,,,,,
CAN-P0QFZIDOBC,T1,,,,,
CAN-E5CHW8JN1G,T0,,,,,
CAN-E5CHW8JN1G,T1,,,,,
CAN-O94UTNL5H6,T0,,,,,
CAN-O94UTNL5H6,T1,,,,,
CAN-8SVP8MPUEA,T0,,,,,
CAN-8SVP8MPUEA,T1,,,,,
CAN-XNEM721MCA,T0,,,,,
CAN-XNEM721MCA,T1,,,,,
CAN-9H8MQ4ROFL,T0,,,,,
CAN-9H8MQ4ROFL,T1,,,,,
CAN-CGACMVZFCV,T0,,,,,
CAN-CGACMVZFCV,T1,,,,,
CAN-I8NVUJI775,T0,,,,,
CAN-I8NVUJI775,T1,,,,,
CAN-RBCB8EQD6U,T0,,,,,
CAN-RBCB8EQD6U,T1,,,,,
CAN-R3MGMJOLZ0,T0,,,,,
CAN-R3MGMJOLZ0,T1,,,,,
CAN-OHWO4HX7UR,T0,,,,,
CAN-OHWO4HX7UR,T1,,,,,
CAN-A8CKQSMN6S,T0,,,,,
CAN-A8CKQSMN6S,T1,,,,,
CAN-T2ERL9QRO9,T0,,,,,
CAN-T2ERL9QRO9,T1,,,,,
CAN-S8RE7BQLRD,T0,,,,,
CAN-S8RE7BQLRD,T1,,,,,
CAN-1GVSRLZ6VY,T0,,,,,
CAN-1GVSRLZ6VY,T1,,,,,
CAN-Z6NM01QDA5,T0,,,,,
CAN-Z6NM01QDA5,T1,,,,,
CAN-TWJGU0IA97,T0,,,,,
CAN-TWJGU0IA97,T1,,,,,
CAN-M07Y1R8WKY,T0,,,,,
CAN-M07Y1R8WKY,T1,,,,,
CAN-O070CHPAHC,T0,,,,,
CAN-O070CHPAHC,T1,,,,,
CAN-U27ECB7EQL,T0,,,,,
CAN-U27ECB7EQL,T1,,,,,
CAN-K5YKZUAS1C,T0,,,,,
CAN-K5YKZUAS1C,T1,,,,,
CAN-Y089O6IWKJ,T0,,,,,
CAN-Y089O6IWKJ,T1,,,,,
CAN-QG3KI6D803,T0,,,,,
CAN-QG3KI6D803,T1,,,,,
CAN-TSENH46WJS,T0,,,,,
CAN-TSENH46WJS,T1,,,,,
CAN-RD8DGWK9H1,T0,,,,,
CAN-RD8DGWK9H1,T1,,,,,
CAN-Y7SKKN0DVH,T0,,,,,
CAN-Y7SKKN0DVH,T1,,,,,
CAN-XRB6CUMQEF,T0,,,,,
CAN-XRB6CUMQEF,T1,,,,,
CAN-B7466K866E,T0,,,,,
CAN-B7466K866E,T1,,,,,
CAN-NW5A0GKC83,T0,,,,,
CAN-NW5A0GKC83,T1,,,,,
CAN-61ZRXKA0LJ,T0,,,,,
CAN-61ZRXKA0LJ,T1,,,,,
CAN-ZR2AROK949,T0,,,,,
CAN-ZR2AROK949,T1,,,,,
CAN-UZP9QBCQ71,T0,,,,,
CAN-UZP9QBCQ71,T1,,,,,
CAN-ACR5OTNROS,T0,,,,,
CAN-ACR5OTNROS,T1,,,,,
CAN-5W0JXE52TZ,T0,,,,,
CAN-5W0JXE52TZ,T1,,,,,
CAN-2DL50YHVYR,T0,,,,,
CAN-2DL50YHVYR,T1,,,,,
CAN-ZBUF5E8AOD,T0,,,,,
CAN-ZBUF5E8AOD,T1,,,,,
CAN-6KUFN7RQC0,T0,,,,,
CAN-6KUFN7RQC0,T1,,,,,
CAN-5BFY9VZFSK,T0,,,,,
CAN-5BFY9VZFSK,T1,,,,,
CAN-7SQ8A3HAEA,T0,,,,,
CAN-7SQ8A3HAEA,T1,,,,,
CAN-T7569GEAIP,T0,,,,,
CAN-T7569GEAIP,T1,,,,,
CAN-JUC24LFFK0,T0,,,,,
CAN-JUC24LFFK0,T1,,,,,
CAN-GI61VUTNR4,T0,,,,,
CAN-GI61VUTNR4,T1,,,,,
CAN-N4XFL9XJES,T0,,,,,
CAN-N4XFL9XJES,T1,,,,,
CAN-7K5WMKJ0Z5,T0,,,,,
CAN-7K5WMKJ0Z5,T1,,,,,
CAN-SN95MSLLIW,T0,,,,,
CAN-SN95MSLLIW,T1,,,,,
CAN-5WLDEVG5AK,T0,,,,,
CAN-5WLDEVG5AK,T1,,,,,
CAN-L625KEA7NN,T0,,,,,
CAN-L625KEA7NN,T1,,,,,
CAN-IKJQXZWWY4,T0,,,,,
CAN-IKJQXZWWY4,T1,,,,,
CAN-ZJCTDZEWGX,T0,,,,,
CAN-ZJCTDZEWGX,T1,,,,,
CAN-0K7QH8O3CX,T0,,,,,
CAN-0K7QH8O3CX,T1,,,,,
CAN-N66VRL9EO2,T0,,,,,
CAN-N66VRL9EO2,T1,,,,,
CAN-6BQ1VS97DK,T0,,,,,
CAN-6BQ1VS97DK,T1,,,,,
CAN-6S67LM7Y0T,T0,,,,,
CAN-6S67LM7Y0T,T1,,,,,
CAN-6NVE317J7O,T0,,,,,
CAN-6NVE317J7O,T1,,,,,
CAN-9X0UIE2ZPA,T0,,,,,
CAN-9X0UIE2ZPA,T1,,,,,
CAN-Q1BYA7ORB1,T0,,,,,
CAN-Q1BYA7ORB1,T1,,,,,
CAN-SIMHCN6671,T0,,,,,
CAN-SIMHCN6671,T1,,,,,
CAN-1U73240VYC,T0,,,,,
CAN-1U73240VYC,T1,,,,,
CAN-7OPJMLI675,T0,,,,,
CAN-7OPJMLI675,T1,,,,,
CAN-FJ8AI7YCR1,T0,,,,,
CAN-FJ8AI7YCR1,T1,,,,,
CAN-YLNMGXJA2S,T0,,,,,
CAN-YLNMGXJA2S,T1,,,,,
CAN-1JQKMVCC0E,T0,,,,,
CAN-1JQKMVCC0E,T1,,,,,
CAN-4RUH8WY7PE,T0,,,,,
CAN-4RUH8WY7PE,T1,,,,,
CAN-M8DKM6TFYN,T0,,,,,
CAN-M8DKM6TFYN,T1,,,,,
CAN-DY9T94740Z,T0,,,,,
CAN-DY9T94740Z,T1,,,,,
CAN-ATLT62VDIL,T0,,,,,
CAN-ATLT62VDIL,T1,,,,,
CAN-0ZESGY72WE,T0,,,,,
CAN-0ZESGY72WE,T1,,,,,
CAN-AYQ5UN4OZQ,T0,,,,,
CAN-AYQ5UN4OZQ,T1,,,,,
CAN-RNURB6RJX4,T0,,,,,
CAN-RNURB6RJX4,T1,,,,,
CAN-INNB9CKBY1,T0,,,,,
CAN-INNB9CKBY1,T1,,,,,
CAN-G512WXR5FQ,T0,,,,,
CAN-G512WXR5FQ,T1,,,,,
CAN-THUN32DVI9,T0,,,,,
CAN-THUN32DVI9,T1,,,,,
CAN-7048BXEXNP,T0,,,,,
CAN-7048BXEXNP,T1,,,,,
CAN-04RH56AKFJ,T0,,,,,
CAN-04RH56AKFJ,T1,,,,,
CAN-RK1K3CUN6G,T0,,,,,
CAN-RK1K3CUN6G,T1,,,,,
CAN-Z9WF3ELLQH,T0,,,,,
CAN-Z9WF3ELLQH,T1,,,,,
CAN-BVU8JC7JRF,T0,,,,,
CAN-BVU8JC7JRF,T1,,,,,
CAN-SVFVY13V42,T0,,,,,
CAN-SVFVY13V42,T1,,,,,
CAN-V6K00HG656,T0,,,,,
CAN-V6K00HG656,T1,,,,,
CAN-OG91HI4LKF,T0,,,,,
CAN-OG91HI4LKF,T1,,,,,
CAN-FJ7AJX5AG0,T0,,,,,
CAN-FJ7AJX5AG0,T1,,,,,
CAN-KV96Y0ODI9,T0,,,,,
CAN-KV96Y0ODI9,T1,,,,,
CAN-273JV6RPY1,T0,,,,,
CAN-273JV6RPY1,T1,,,,,
CAN-F9FOZ91KDR,T0,,,,,
CAN-F9FOZ91KDR,T1,,,,,
CAN-2TBE5UE4ON,T0,,,,,
CAN-2TBE5UE4ON,T1,,,,,
CAN-7DH2U4BZ66,T0,,,,,
CAN-7DH2U4BZ66,T1,,,,,
CAN-UD7AS9A1NG,T0,,,,,
CAN-UD7AS9A1NG,T1,,,,,
CAN-5PB42NUKIB,T0,,,,,
CAN-5PB42NUKIB,T1,,,,,
CAN-MTSDOHUAVO,T0,,,,,
CAN-MTSDOHUAVO,T1,,,,,
CAN-L7P9EYYT6B,T0,,,,,
CAN-L7P9EYYT6B,T1,,,,,
CAN-4B4C5VBGEE,T0,,,,,
CAN-4B4C5VBGEE,T1,,,,,
CAN-2NFR2H1YEK,T0,,,,,
CAN-2NFR2H1YEK,T1,,,,,
CAN-IVBEN9S39K,T0,,,,,
CAN-IVBEN9S39K,T1,,,,,
CAN-8M14QK9NU7,T0,,,,,
CAN-8M14QK9NU7,T1,,,,,
CAN-D2D0LEC4LG,T0,,,,,
CAN-D2D0LEC4LG,T1,,,,,
CAN-YJM5FGXMR9,T0,,,,,
CAN-YJM5FGXMR9,T1,,,,,
CAN-XHOF8BIK7A,T0,,,,,
CAN-XHOF8BIK7A,T1,,,,,
CAN-4W9APN7PSA,T0,,,,,
CAN-4W9APN7PSA,T1,,,,,
CAN-2M5SXKJ89V,T0,,,,,
CAN-2M5SXKJ89V,T1,,,,,
CAN-4E6EH9OBTO,T0,,,,,
CAN-4E6EH9OBTO,T1,,,,,
CAN-SPPCWVFH0V,T0,,,,,
CAN-SPPCWVFH0V,T1,,,,,
CAN-H4U1T2TYBL,T0,,,,,
CAN-H4U1T2TYBL,T1,,,,,
CAN-6AX4TJ3T0S,T0,,,,,
CAN-6AX4TJ3T0S,T1,,,,,
CAN-UCJTKUWCZ7,T0,,,,,
CAN-UCJTKUWCZ7,T1,,,,,
CAN-I21UNSOKSW,T0,,,,,
CAN-I21UNSOKSW,T1,,,,,
CAN-BQOZJOB9PJ,T0,,,,,
CAN-BQOZJOB9PJ,T1,,,,,
CAN-DNLI47SNAV,T0,,,,,
CAN-DNLI47SNAV,T1,,,,,
CAN-MY2BLAMG2L,T0,,,,,
CAN-MY2BLAMG2L,T1,,,,,
CAN-VKN8NRWJCL,T0,,,,,
CAN-VKN8NRWJCL,T1,,,,,
CAN-UM17KR54LH,T0,,,,,
CAN-UM17KR54LH,T1,,,,,
CAN-OIRHAS1PVD,T0,,,,,
CAN-OIRHAS1PVD,T1,,,,,
CAN-CHO3YN28P9,T0,,,,,
CAN-CHO3YN28P9,T1,,,,,
CAN-N39QFRI8B0,T0,,,,,
CAN-N39QFRI8B0,T1,,,,,
CAN-0TPRJRTQ0Z,T0,,,,,
CAN-0TPRJRTQ0Z,T1,,,,,
CAN-RPKL946CD1,T0,,,,,
CAN-RPKL946CD1,T1,,,,,
CAN-SP4GNRXYI4,T0,,,,,
CAN-SP4GNRXYI4,T1,,,,,
CAN-EPCDX3XKEK,T0,,,,,
CAN-EPCDX3XKEK,T1,,,,,
CAN-NFIVSUTCZA,T0,,,,,
CAN-NFIVSUTCZA,T1,,,,,
CAN-KRN7XD2LDH,T0,,,,,
CAN-KRN7XD2LDH,T1,,,,,
CAN-JA6SW3OT3S,T0,,,,,
CAN-JA6SW3OT3S,T1,,,,,
CAN-RBEFJM47U8,T0,,,,,
CAN-RBEFJM47U8,T1,,,,,
CAN-0H44R5I7XN,T0,,,,,
CAN-0H44R5I7XN,T1,,,,,
CAN-28MMBJNJTW,T0,,,,,
CAN-28MMBJNJTW,T1,,,,,
CAN-BKBDQIQ1T3,T0,,,,,
CAN-BKBDQIQ1T3,T1,,,,,
CAN-GLWTVGJXMJ,T0,,,,,
CAN-GLWTVGJXMJ,T1,,,,,
CAN-PRTTL4FIEG,T0,,,,,
CAN-PRTTL4FIEG,T1,,,,,
CAN-46MSIUSBPJ,T0,,,,,
CAN-46MSIUSBPJ,T1,,,,,
CAN-8668F4N08A,T0,,,,,
CAN-8668F4N08A,T1,,,,,
CAN-EK1HPERFOV,T0,,,,,
CAN-EK1HPERFOV,T1,,,,,
CAN-DK7PPDL879,T0,,,,,
CAN-DK7PPDL879,T1,,,,,
CAN-8IFP2OOMAD,T0,,,,,
CAN-8IFP2OOMAD,T1,,,,,
CAN-ERE4JWXFZ4,T0,,,,,
CAN-ERE4JWXFZ4,T1,,,,,
CAN-T9D9WFJ4NQ,T0,,,,,
CAN-T9D9WFJ4NQ,T1,,,,,
CAN-ZGAVJGIF5M,T0,,,,,
CAN-ZGAVJGIF5M,T1,,,,,
CAN-38ZLZGIL10,T0,,,,,
CAN-38ZLZGIL10,T1,,,,,
CAN-DEA7OQDTZW,T0,,,,,
CAN-DEA7OQDTZW,T1,,,,,
CAN-8AGFM55G7A,T0,,,,,
CAN-8AGFM55G7A,T1,,,,,
CAN-APPF5PYH1E,T0,,,,,
CAN-APPF5PYH1E,T1,,,,,
CAN-XBJNC20RLN,T0,,,,,
CAN-XBJNC20RLN,T1,,,,,
CAN-FZOF8K3Z4I,T0,,,,,
CAN-FZOF8K3Z4I,T1,,,,,
CAN-RCCG6PPHRL,T0,,,,,
CAN-RCCG6PPHRL,T1,,,,,
CAN-OLNQC7XNS4,T0,,,,,
CAN-OLNQC7XNS4,T1,,,,,
CAN-96EFWF5YZL,T0,,,,,
CAN-96EFWF5YZL,T1,,,,,
CAN-9NSAZBVTD8,T0,,,,,
CAN-9NSAZBVTD8,T1,,,,,
CAN-RNKBDA8WE0,T0,,,,,
CAN-RNKBDA8WE0,T1,,,,,
CAN-1MTD8PQRRB,T0,,,,,
CAN-1MTD8PQRRB,T1,,,,,
CAN-C9MPSQA14U,T0,,,,,
CAN-C9MPSQA14U,T1,,,,,
CAN-0DDQ7WMHVF,T0,,,,,
CAN-0DDQ7WMHVF,T1,,,,,
CAN-8YNCD5K33F,T0,,,,,
CAN-8YNCD5K33F,T1,,,,,
CAN-YFJE0SY9BU,T0,,,,,
CAN-YFJE0SY9BU,T1,,,,,
CAN-GUCYUDDPRT,T0,,,,,
CAN-GUCYUDDPRT,T1,,,,,
CAN-DIOWK2XSTS,T0,,,,,
CAN-DIOWK2XSTS,T1,,,,,
CAN-5U0ZA2R2KZ,T0,,,,,
CAN-5U0ZA2R2KZ,T1,,,,,
CAN-Y61BUD89JM,T0,,,,,
CAN-Y61BUD89JM,T1,,,,,
CAN-1P0T5287Z5,T0,,,,,
CAN-1P0T5287Z5,T1,,,,,
CAN-BG22YXIIXX,T0,,,,,
CAN-BG22YXIIXX,T1,,,,,
CAN-PFB5DKD37Z,T0,,,,,
CAN-PFB5DKD37Z,T1,,,,,
CAN-EJJFRVK13I,T0,,,,,
CAN-EJJFRVK13I,T1,,,,,
CAN-TMGXQO8JDP,T0,,,,,
CAN-TMGXQO8JDP,T1,,,,,
CAN-11BP7WD7CL,T0,,,,,
CAN-11BP7WD7CL,T1,,,,,
CAN-MRA1VQ9ZRX,T0,,,,,
CAN-MRA1VQ9ZRX,T1,,,,,
CAN-FN7LTXIQ04,T0,,,,,
CAN-FN7LTXIQ04,T1,,,,,
CAN-88CCEHJ5VU,T0,,,,,
CAN-88CCEHJ5VU,T1,,,,,
CAN-WLX33IU152,T0,,,,,
CAN-WLX33IU152,T1,,,,,
CAN-YQ7T9U88RP,T0,,,,,
CAN-YQ7T9U88RP,T1,,,,,
CAN-KFRGVF3L4K,T0,,,,,
CAN-KFRGVF3L4K,T1,,,,,
CAN-UJG6LJNTS3,T0,,,,,
CAN-UJG6LJNTS3,T1,,,,,
CAN-6GW1ONM0DZ,T0,,,,,
CAN-6GW1ONM0DZ,T1,,,,,
CAN-XI53CHBSZB,T0,,,,,
CAN-XI53CHBSZB,T1,,,,,
CAN-GN4CG38WQP,T0,,,,,
CAN-GN4CG38WQP,T1,,,,,
CAN-9AF5UQS2XQ,T0,,,,,
CAN-9AF5UQS2XQ,T1,,,,,
CAN-P2IHKZ40W8,T0,,,,,
CAN-P2IHKZ40W8,T1,,,,,
CAN-WFV8GZCPGD,T0,,,,,
CAN-WFV8GZCPGD,T1,,,,,
CAN-ZV4U12AVUO,T0,,,,,
CAN-ZV4U12AVUO,T1,,,,,
CAN-4ZTZGGFGMG,T0,,,,,
CAN-4ZTZGGFGMG,T1,,,,,
CAN-6O77F2818H,T0,,,,,
CAN-6O77F2818H,T1,,,,,
CAN-POVEVM7RW7,T0,,,,,
CAN-POVEVM7RW7,T1,,,,,
CAN-3DQZSF6KT9,T0,,,,,
CAN-3DQZSF6KT9,T1,,,,,
CAN-IH7JJ81BIM,T0,,,,,
CAN-IH7JJ81BIM,T1,,,,,
CAN-QP4PGHWTWW,T0,,,,,
CAN-QP4PGHWTWW,T1,,,,,
CAN-ZYWWWHHYOS,T0,,,,,
CAN-ZYWWWHHYOS,T1,,,,,
CAN-QLTF7DZ5WC,T0,,,,,
CAN-QLTF7DZ5WC,T1,,,,,
CAN-36DQS51RI0,T0,,,,,
CAN-36DQS51RI0,T1,,,,,
CAN-5JDCMLEU04,T0,,,,,
CAN-5JDCMLEU04,T1,,,,,
CAN-ITXNU53MZG,T0,,,,,
CAN-ITXNU53MZG,T1,,,,,
CAN-YUL26WK29Z,T0,,,,,
CAN-YUL26WK29Z,T1,,,,,
CAN-8RTRBHEAMO,T0,,,,,
CAN-8RTRBHEAMO,T1,,,,,
CAN-TKSCEI05HW,T0,,,,,
CAN-TKSCEI05HW,T1,,,,,
CAN-72FKPUM4XH,T0,,,,,
CAN-72FKPUM4XH,T1,,,,,
CAN-6ARR91Z8VN,T0,,,,,
CAN-6ARR91Z8VN,T1,,,,,
CAN-E24J4HA5MP,T0,,,,,
CAN-E24J4HA5MP,T1,,,,,
CAN-WWNB2ZQDE7,T0,,,,,
CAN-WWNB2ZQDE7,T1,,,,,
CAN-HF5IP7YHKP,T0,,,,,
CAN-HF5IP7YHKP,T1,,,,,
CAN-81KOP4BPYO,T0,,,,,
CAN-81KOP4BPYO,T1,,,,,
CAN-IPRHKZ4ND3,T0,,,,,
CAN-IPRHKZ4ND3,T1,,,,,
CAN-J13KO0CUU5,T0,,,,,
CAN-J13KO0CUU5,T1,,,,,
CAN-9IMX6OV25Z,T0,,,,,
CAN-9IMX6OV25Z,T1,,,,,
CAN-YFEBY1CAU8,T0,,,,,
CAN-YFEBY1CAU8,T1,,,,,
CAN-BO02ARNB5P,T0,,,,,
CAN-BO02ARNB5P,T1,,,,,
CAN-IFNH9TJMCM,T0,,,,,
CAN-IFNH9TJMCM,T1,,,,,
CAN-9CRC63B07P,T0,,,,,
CAN-9CRC63B07P,T1,,,,,
CAN-CYLDKGRF42,T0,,,,,
CAN-CYLDKGRF42,T1,,,,,
CAN-LB6CRVV6HQ,T0,,,,,
CAN-LB6CRVV6HQ,T1,,,,,
CAN-00BU69PSPC,T0,,,,,
CAN-00BU69PSPC,T1,,,,,
CAN-TMX7AIWS5T,T0,,,,,
CAN-TMX7AIWS5T,T1,,,,,
CAN-3B5APIGJQB,T0,,,,,
CAN-3B5APIGJQB,T1,,,,,
CAN-30UIAZTBJQ,T0,,,,,
CAN-30UIAZTBJQ,T1,,,,,
CAN-9B4U7W1A0V,T0,,,,,
CAN-9B4U7W1A0V,T1,,,,,
CAN-ZPKNCF2FRC,T0,,,,,
CAN-ZPKNCF2FRC,T1,,,,,
CAN-MV45QL5P08,T0,,,,,
CAN-MV45QL5P08,T1,,,,,
CAN-GNESGAV7RA,T0,,,,,
CAN-GNESGAV7RA,T1,,,,,
CAN-QLBMD69NQT,T0,,,,,
CAN-QLBMD69NQT,T1,,,,,
CAN-VSKIS7N383,T0,,,,,
CAN-VSKIS7N383,T1,,,,,
CAN-2CPTU57VV1,T0,,,,,
CAN-2CPTU57VV1,T1,,,,,
CAN-HSXYMUWT4T,T0,,,,,
CAN-HSXYMUWT4T,T1,,,,,
CAN-G4MDRMOFTP,T0,,,,,
CAN-G4MDRMOFTP,T1,,,,,
CAN-HVEVY568P4,T0,,,,,
CAN-HVEVY568P4,T1,,,,,
CAN-96OZYAV9QZ,T0,,,,,
CAN-96OZYAV9QZ,T1,,,,,
CAN-DFFSU7BAIY,T0,,,,,
CAN-DFFSU7BAIY,T1,,,,,
CAN-S1DPPO2PJV,T0,,,,,
CAN-S1DPPO2PJV,T1,,,,,
CAN-UXT1FVC6K8,T0,,,,,
CAN-UXT1FVC6K8,T1,,,,,
CAN-GQ9UNC6ISZ,T0,,,,,
CAN-GQ9UNC6ISZ,T1,,,,,
CAN-VFIYE71G6N,T0,,,,,
CAN-VFIYE71G6N,T1,,,,,
CAN-665S6UGQAT,T0,,,,,
CAN-665S6UGQAT,T1,,,,,
CAN-Z5UT1XU9JA,T0,,,,,
CAN-Z5UT1XU9JA,T1,,,,,
CAN-06QYUPUDBJ,T0,,,,,
CAN-06QYUPUDBJ,T1,,,,,
CAN-63YSVMR29T,T0,,,,,
CAN-63YSVMR29T,T1,,,,,
CAN-XFQV9I6F7Q,T0,,,,,
CAN-XFQV9I6F7Q,T1,,,,,
CAN-FCBE5NO4LX,T0,,,,,
CAN-FCBE5NO4LX,T1,,,,,
CAN-0A4B725X8P,T0,,,,,
CAN-0A4B725X8P,T1,,,,,
CAN-C2IXUQFCTM,T0,,,,,
CAN-C2IXUQFCTM,T1,,,,,
CAN-D8U5ROGI97,T0,,,,,
CAN-D8U5ROGI97,T1,,,,,
CAN-61GMISV59G,T0,,,,,
CAN-61GMISV59G,T1,,,,,
CAN-UFDXUJ75EH,T0,,,,,
CAN-UFDXUJ75EH,T1,,,,,
CAN-1ZPBXVK6ZW,T0,,,,,
CAN-1ZPBXVK6ZW,T1,,,,,
CAN-DL5BCHYABQ,T0,,,,,
CAN-DL5BCHYABQ,T1,,,,,
CAN-2Q3D9PH4TH,T0,,,,,
CAN-2Q3D9PH4TH,T1,,,,,
CAN-HZTZD6SFJO,T0,,,,,
CAN-HZTZD6SFJO,T1,,,,,
CAN-VNNKA4B2KW,T0,,,,,
CAN-VNNKA4B2KW,T1,,,,,
CAN-B1EER6P27P,T0,,,,,
CAN-B1EER6P27P,T1,,,,,
CAN-PQSMJT6EP4,T0,,,,,
CAN-PQSMJT6EP4,T1,,,,,
CAN-Y9QU3B5ATF,T0,,,,,
CAN-Y9QU3B5ATF,T1,,,,,
CAN-8DETFQTDEE,T0,,,,,
CAN-8DETFQTDEE,T1,,,,,
CAN-P9G5UBJREY,T0,,,,,
CAN-P9G5UBJREY,T1,,,,,
CAN-KO00A3VXST,T0,,,,,
CAN-KO00A3VXST,T1,,,,,
CAN-UL0DHDDS5J,T0,,,,,
CAN-UL0DHDDS5J,T1,,,,,
CAN-VAY8PA7G8D,T0,,,,,
CAN-VAY8PA7G8D,T1,,,,,
CAN-O4VCSHLF6V,T0,,,,,
CAN-O4VCSHLF6V,T1,,,,,
CAN-8C0C3V9QTZ,T0,,,,,
CAN-8C0C3V9QTZ,T1,,,,,
CAN-T5GOWP68AA,T0,,,,,
CAN-T5GOWP68AA,T1,,,,,
CAN-NRFJRO397T,T0,,,,,
CAN-NRFJRO397T,T1,,,,,
CAN-2NS6BPYRTR,T0,,,,,
CAN-2NS6BPYRTR,T1,,,,,
CAN-MO5GK92X2D,T0,,,,,
CAN-MO5GK92X2D,T1,,,,,
CAN-EP5G6KKNBM,T0,,,,,
CAN-EP5G6KKNBM,T1,,,,,
CAN-5KVJWP7416,T0,,,,,
CAN-5KVJWP7416,T1,,,,,
CAN-HJUEU4HOME,T0,,,,,
CAN-HJUEU4HOME,T1,,,,,
CAN-UJOF3CT5GL,T0,,,,,
CAN-UJOF3CT5GL,T1,,,,,
CAN-XNQ76FUD2N,T0,,,,,
CAN-XNQ76FUD2N,T1,,,,,
CAN-8CTS8ZS53F,T0,,,,,
CAN-8CTS8ZS53F,T1,,,,,
CAN-91USYKXCDQ,T0,,,,,
CAN-91USYKXCDQ,T1,,,,,
CAN-PM64X93NG9,T0,,,,,
CAN-PM64X93NG9,T1,,,,,
CAN-9OM13YYF2P,T0,,,,,
CAN-9OM13YYF2P,T1,,,,,
CAN-4OCV4SSYTI,T0,,,,,
CAN-4OCV4SSYTI,T1,,,,,
CAN-GA6T2OJJH5,T0,,,,,
CAN-GA6T2OJJH5,T1,,,,,
CAN-IVS7JGM0U5,T0,,,,,
CAN-IVS7JGM0U5,T1,,,,,
CAN-LE2FQYRBNT,T0,,,,,
CAN-LE2FQYRBNT,T1,,,,,
CAN-JS0TD7RAVV,T0,,,,,
CAN-JS0TD7RAVV,T1,,,,,
CAN-7BA1JINTDP,T0,,,,,
CAN-7BA1JINTDP,T1,,,,,
CAN-6N8NUY6QNZ,T0,,,,,
CAN-6N8NUY6QNZ,T1,,,,,
CAN-SAXOB72M0H,T0,,,,,
CAN-SAXOB72M0H,T1,,,,,
CAN-9CZ35IYZNU,T0,,,,,
CAN-9CZ35IYZNU,T1,,,,,
CAN-NQHRX5RYBM,T0,,,,,
CAN-NQHRX5RYBM,T1,,,,,
CAN-E80OH5BMYI,T0,,,,,
CAN-E80OH5BMYI,T1,,,,,
CAN-QXMFWJX8HU,T0,,,,,
CAN-QXMFWJX8HU,T1,,,,,
CAN-SKOTY34HQW,T0,,,,,
CAN-SKOTY34HQW,T1,,,,,
CAN-QFAPF6L3HJ,T0,,,,,
CAN-QFAPF6L3HJ,T1,,,,,
CAN-OJH5BMQMW9,T0,,,,,
CAN-OJH5BMQMW9,T1,,,,,
CAN-IFHPBFT1DT,T0,,,,,
CAN-IFHPBFT1DT,T1,,,,,
CAN-A487SWH8IG,T0,,,,,
CAN-A487SWH8IG,T1,,,,,
CAN-HK03PURU69,T0,,,,,
CAN-HK03PURU69,T1,,,,,
CAN-OQBHFV0R54,T0,,,,,
CAN-OQBHFV0R54,T1,,,,,
CAN-E3FRL3SIF7,T0,,,,,
CAN-E3FRL3SIF7,T1,,,,,
CAN-JXJG6A56AZ,T0,,,,,
CAN-JXJG6A56AZ,T1,,,,,
CAN-S220YRACUP,T0,,,,,
CAN-S220YRACUP,T1,,,,,
CAN-ICV9EJLNDC,T0,,,,,
CAN-ICV9EJLNDC,T1,,,,,
CAN-3VH9OB1Y6I,T0,,,,,
CAN-3VH9OB1Y6I,T1,,,,,
CAN-XNVS907HHT,T0,,,,,
CAN-XNVS907HHT,T1,,,,,
CAN-HXSCGM25DZ,T0,,,,,
CAN-HXSCGM25DZ,T1,,,,,
CAN-66JQIV3ZPY,T0,,,,,
CAN-66JQIV3ZPY,T1,,,,,
CAN-E5CJUNG3O7,T0,,,,,
CAN-E5CJUNG3O7,T1,,,,,
CAN-7FIS7SLS7K,T0,,,,,
CAN-7FIS7SLS7K,T1,,,,,
CAN-G78O00NJGH,T0,,,,,
CAN-G78O00NJGH,T1,,,,,
CAN-TEGW8ULWGW,T0,,,,,
CAN-TEGW8ULWGW,T1,,,,,
CAN-TTHZ247M0K,T0,,,,,
CAN-TTHZ247M0K,T1,,,,,
CAN-V9A05RHBNZ,T0,,,,,
CAN-V9A05RHBNZ,T1,,,,,
CAN-PULPBIQC7R,T0,,,,,
CAN-PULPBIQC7R,T1,,,,,
CAN-SORBZAICPY,T0,,,,,
CAN-SORBZAICPY,T1,,,,,
CAN-XCBENVJ4WX,T0,,,,,
CAN-XCBENVJ4WX,T1,,,,,
CAN-GAYIXDP21C,T0,,,,,
CAN-GAYIXDP21C,T1,,,,,
CAN-1GSUL0RUCK,T0,,,,,
CAN-1GSUL0RUCK,T1,,,,,
CAN-YG2MTECT4P,T0,,,,,
CAN-YG2MTECT4P,T1,,,,,
CAN-RVOUK43OU4,T0,,,,,
CAN-RVOUK43OU4,T1,,,,,
CAN-T3YBHA8NB8,T0,,,,,
CAN-T3YBHA8NB8,T1,,,,,
CAN-KEDKSYGNII,T0,,,,,
CAN-KEDKSYGNII,T1,,,,,
CAN-2Y439DA81Q,T0,,,,,
CAN-2Y439DA81Q,T1,,,,,
CAN-5F2T570JMK,T0,,,,,
CAN-5F2T570JMK,T1,,,,,
CAN-0ADHJV0X8I,T0,,,,,
CAN-0ADHJV0X8I,T1,,,,,
CAN-NJ4XYUTBW4,T0,,,,,
CAN-NJ4XYUTBW4,T1,,,,,
CAN-14VGJ1DDBM,T0,,,,,
CAN-14VGJ1DDBM,T1,,,,,
CAN-QM23NX46TX,T0,,,,,
CAN-QM23NX46TX,T1,,,,,
CAN-MSUE3RKTNG,T0,,,,,
CAN-MSUE3RKTNG,T1,,,,,
CAN-7S4F71JQZJ,T0,,,,,
CAN-7S4F71JQZJ,T1,,,,,
CAN-DHGNLHHB28,T0,,,,,
CAN-DHGNLHHB28,T1,,,,,
CAN-W6XIWEIIV0,T0,,,,,
CAN-W6XIWEIIV0,T1,,,,,
CAN-7XPLJJCW50,T0,,,,,
CAN-7XPLJJCW50,T1,,,,,
CAN-AM8AOLPDZA,T0,,,,,
CAN-AM8AOLPDZA,T1,,,,,
CAN-XGACJBOABG,T0,,,,,
CAN-XGACJBOABG,T1,,,,,
CAN-MS59YQ5F2T,T0,,,,,
CAN-MS59YQ5F2T,T1,,,,,
CAN-3D4DX5VMPF,T0,,,,,
CAN-3D4DX5VMPF,T1,,,,,
CAN-9YZTXIDHHF,T0,,,,,
CAN-9YZTXIDHHF,T1,,,,,
CAN-21M25FY4UU,T0,,,,,
CAN-21M25FY4UU,T1,,,,,
CAN-815CKTQ5D9,T0,,,,,
CAN-815CKTQ5D9,T1,,,,,
CAN-TTUUVHES17,T0,,,,,
CAN-TTUUVHES17,T1,,,,,
CAN-LIC2LRK72W,T0,,,,,
CAN-LIC2LRK72W,T1,,,,,
CAN-T68WXC1JGJ,T0,,,,,
CAN-T68WXC1JGJ,T1,,,,,
CAN-HIF5I6YL3L,T0,,,,,
CAN-HIF5I6YL3L,T1,,,,,
CAN-HCIIRWWMSO,T0,,,,,
CAN-HCIIRWWMSO,T1,,,,,
CAN-HPDFJELOWJ,T0,,,,,
CAN-HPDFJELOWJ,T1,,,,,
CAN-CHNYH3UE55,T0,,,,,
CAN-CHNYH3UE55,T1,,,,,
CAN-L86WDADQ2Y,T0,,,,,
CAN-L86WDADQ2Y,T1,,,,,
CAN-DRB89GCQ3U,T0,,,,,
CAN-DRB89GCQ3U,T1,,,,,
CAN-N9ZOUIZDPW,T0,,,,,
CAN-N9ZOUIZDPW,T1,,,,,
CAN-IQWEPRYGGH,T0,,,,,
CAN-IQWEPRYGGH,T1,,,,,
CAN-PKHG4FI630,T0,,,,,
CAN-PKHG4FI630,T1,,,,,
CAN-LTZBGT14ET,T0,,,,,
CAN-LTZBGT14ET,T1,,,,,
CAN-JAF4N276EV,T0,,,,,
CAN-JAF4N276EV,T1,,,,,
CAN-0SBCFRBO0A,T0,,,,,
CAN-0SBCFRBO0A,T1,,,,,
CAN-YQ8SIVUQ6G,T0,,,,,
CAN-YQ8SIVUQ6G,T1,,,,,
CAN-YN61UWT39N,T0,,,,,
CAN-YN61UWT39N,T1,,,,,
CAN-QVT64QCDRT,T0,,,,,
CAN-QVT64QCDRT,T1,,,,,
CAN-6054381ZRN,T0,,,,,
CAN-6054381ZRN,T1,,,,,
CAN-5WYGMANFMV,T0,,,,,
CAN-5WYGMANFMV,T1,,,,,
CAN-J89759N3NE,T0,,,,,
CAN-J89759N3NE,T1,,,,,
CAN-NLMDTD9VCV,T0,,,,,
CAN-NLMDTD9VCV,T1,,,,,
CAN-QY06N4F3GF,T0,,,,,
CAN-QY06N4F3GF,T1,,,,,
CAN-K79BSPHXO3,T0,,,,,
CAN-K79BSPHXO3,T1,,,,,
CAN-I9JGDG2UCW,T0,,,,,
CAN-I9JGDG2UCW,T1,,,,,
CAN-ZELW8D5E21,T0,,,,,
CAN-ZELW8D5E21,T1,,,,,
CAN-FEHFXFG7B9,T0,,,,,
CAN-FEHFXFG7B9,T1,,,,,
CAN-EYVB8454HZ,T0,,,,,
CAN-EYVB8454HZ,T1,,,,,
CAN-N1C96CDXBQ,T0,,,,,
CAN-N1C96CDXBQ,T1,,,,,
CAN-6LTUE3XZJ4,T0,,,,,
CAN-6LTUE3XZJ4,T1,,,,,
CAN-4RKXY1JINP,T0,,,,,
CAN-4RKXY1JINP,T1,,,,,
CAN-AB9G323BJL,T0,,,,,
CAN-AB9G323BJL,T1,,,,,
CAN-WJEE6FBJQT,T0,,,,,
CAN-WJEE6FBJQT,T1,,,,,
CAN-R0F2JU1XPS,T0,,,,,
CAN-R0F2JU1XPS,T1,,,,,
CAN-36XJM7CYKW,T0,,,,,
CAN-36XJM7CYKW,T1,,,,,
CAN-EA4UOZQPCY,T0,,,,,
CAN-EA4UOZQPCY,T1,,,,,
CAN-3W1WRGSSBR,T0,,,,,
CAN-3W1WRGSSBR,T1,,,,,
CAN-QEUA4K5EGY,T0,,,,,
CAN-QEUA4K5EGY,T1,,,,,
CAN-70DV50Z989,T0,,,,,
CAN-70DV50Z989,T1,,,,,
CAN-P6QQIY7T5P,T0,,,,,
CAN-P6QQIY7T5P,T1,,,,,
CAN-H1T1T8N4KC,T0,,,,,
CAN-H1T1T8N4KC,T1,,,,,
CAN-6NBOOJ2V4L,T0,,,,,
CAN-6NBOOJ2V4L,T1,,,,,
CAN-HALZUG2QRC,T0,,,,,
CAN-HALZUG2QRC,T1,,,,,
CAN-YXQ3WUHORR,T0,,,,,
CAN-YXQ3WUHORR,T1,,,,,
CAN-E3HX59CFYH,T0,,,,,
CAN-E3HX59CFYH,T1,,,,,
CAN-3RAVTPTN6J,T0,,,,,
CAN-3RAVTPTN6J,T1,,,,,
CAN-X4MQETL184,T0,,,,,
CAN-X4MQETL184,T1,,,,,
CAN-K067ZS1HAB,T0,,,,,
CAN-K067ZS1HAB,T1,,,,,
CAN-PPLU1RUSBB,T0,,,,,
CAN-PPLU1RUSBB,T1,,,,,
CAN-74AHH6VA52,T0,,,,,
CAN-74AHH6VA52,T1,,,,,
CAN-M0V0NDR8QD,T0,,,,,
CAN-M0V0NDR8QD,T1,,,,,
CAN-REHBEFHN0X,T0,,,,,
CAN-REHBEFHN0X,T1,,,,,
CAN-2XJ478L64K,T0,,,,,
CAN-2XJ478L64K,T1,,,,,
CAN-HBNMBALFGH,T0,,,,,
CAN-HBNMBALFGH,T1,,,,,
CAN-7SEVKFP7E1,T0,,,,,
CAN-7SEVKFP7E1,T1,,,,,
CAN-000UUPHTCY,T0,,,,,
CAN-000UUPHTCY,T1,,,,,
CAN-DAXG4OGSFE,T0,,,,,
CAN-DAXG4OGSFE,T1,,,,,
CAN-YHUOWBN9L6,T0,,,,,
CAN-YHUOWBN9L6,T1,,,,,
CAN-OSVVQTWE1G,T0,,,,,
CAN-OSVVQTWE1G,T1,,,,,
CAN-8XV98GAVN8,T0,,,,,
CAN-8XV98GAVN8,T1,,,,,
CAN-Q92FQCLUFK,T0,,,,,
CAN-Q92FQCLUFK,T1,,,,,
CAN-YCHTPBG58Z,T0,,,,,
CAN-YCHTPBG58Z,T1,,,,,
CAN-TWFZKOTHEE,T0,,,,,
CAN-TWFZKOTHEE,T1,,,,,
CAN-ILI5PIGLWL,T0,,,,,
CAN-ILI5PIGLWL,T1,,,,,
CAN-1ZO27IJELZ,T0,,,,,
CAN-1ZO27IJELZ,T1,,,,,
CAN-98EZIXVSFV,T0,,,,,
CAN-98EZIXVSFV,T1,,,,,
CAN-K8JUS50M5V,T0,,,,,
CAN-K8JUS50M5V,T1,,,,,
CAN-MDE4ME05RN,T0,,,,,
CAN-MDE4ME05RN,T1,,,,,
CAN-WD445TNR4Q,T0,,,,,
CAN-WD445TNR4Q,T1,,,,,
CAN-5HM3GH9VS5,T0,,,,,
CAN-5HM3GH9VS5,T1,,,,,
CAN-1A4D4CB48Y,T0,,,,,
CAN-1A4D4CB48Y,T1,,,,,
CAN-RIUV3JR5FP,T0,,,,,
CAN-RIUV3JR5FP,T1,,,,,
CAN-LUS817N1DJ,T0,,,,,
CAN-LUS817N1DJ,T1,,,,,
CAN-Z4RQN1CCUQ,T0,,,,,
CAN-Z4RQN1CCUQ,T1,,,,,
CAN-6EOYH6P2E6,T0,,,,,
CAN-6EOYH6P2E6,T1,,,,,
CAN-PA8T3ZEHMC,T0,,,,,
CAN-PA8T3ZEHMC,T1,,,,,
CAN-UIP9ZM3XAS,T0,,,,,
CAN-UIP9ZM3XAS,T1,,,,,
CAN-PZYRM7RGN2,T0,,,,,
CAN-PZYRM7RGN2,T1,,,,,
CAN-PJFRDB346X,T0,,,,,
CAN-PJFRDB346X,T1,,,,,
CAN-Q33XD1X7U5,T0,,,,,
CAN-Q33XD1X7U5,T1,,,,,
CAN-3363JGFP2R,T0,,,,,
CAN-3363JGFP2R,T1,,,,,
CAN-LT75PQRCOT,T0,,,,,
CAN-LT75PQRCOT,T1,,,,,
CAN-PVJL9USQXF,T0,,,,,
CAN-PVJL9USQXF,T1,,,,,
CAN-FMZRJFDW70,T0,,,,,
CAN-FMZRJFDW70,T1,,,,,
CAN-HXYN2IHKXK,T0,,,,,
CAN-HXYN2IHKXK,T1,,,,,
CAN-VALPQKED92,T0,,,,,
CAN-VALPQKED92,T1,,,,,
CAN-3C7C856L53,T0,,,,,
CAN-3C7C856L53,T1,,,,,
CAN-QZ76P4Y1KN,T0,,,,,
CAN-QZ76P4Y1KN,T1,,,,,
CAN-F38K781VJU,T0,,,,,
CAN-F38K781VJU,T1,,,,,
CAN-RLFHYDAOTO,T0,,,,,
CAN-RLFHYDAOTO,T1,,,,,
CAN-LDUTSHXKY9,T0,,,,,
CAN-LDUTSHXKY9,T1,,,,,
CAN-Y1Y8P86ZLR,T0,,,,,
CAN-Y1Y8P86ZLR,T1,,,,,
CAN-6LJSSY2ARH,T0,,,,,
CAN-6LJSSY2ARH,T1,,,,,
CAN-NYKJ8MNCKV,T0,,,,,
CAN-NYKJ8MNCKV,T1,,,,,
CAN-14SRJ1L18Z,T0,,,,,
CAN-14SRJ1L18Z,T1,,,,,
CAN-6YZ2MZIFFI,T0,,,,,
CAN-6YZ2MZIFFI,T1,,,,,
CAN-GQH89H5FMT,T0,,,,,
CAN-GQH89H5FMT,T1,,,,,
CAN-SJ47LEO7I8,T0,,,,,
CAN-SJ47LEO7I8,T1,,,,,
CAN-FB3A0B626V,T0,,,,,
CAN-FB3A0B626V,T1,,,,,
CAN-74MW38G2B2,T0,,,,,
CAN-74MW38G2B2,T1,,,,,
CAN-N58Z3OD382,T0,,,,,
CAN-N58Z3OD382,T1,,,,,
CAN-7GQKP0AOM9,T0,,,,,
CAN-7GQKP0AOM9,T1,,,,,
CAN-VMJSN3VE7R,T0,,,,,
CAN-VMJSN3VE7R,T1,,,,,
CAN-XWPOGKY3HU,T0,,,,,
CAN-XWPOGKY3HU,T1,,,,,
CAN-9HORWUZIEV,T0,,,,,
CAN-9HORWUZIEV,T1,,,,,
CAN-2AY4KS0BST,T0,,,,,
CAN-2AY4KS0BST,T1,,,,,
CAN-YL8DSH1JE5,T0,,,,,
CAN-YL8DSH1JE5,T1,,,,,
CAN-C92F3VCOVI,T0,,,,,
CAN-C92F3VCOVI,T1,,,,,
CAN-SBHKC4O0P4,T0,,,,,
CAN-SBHKC4O0P4,T1,,,,,
CAN-AF5MDPLMGV,T0,,,,,
CAN-AF5MDPLMGV,T1,,,,,
CAN-88QLPCHFVU,T0,,,,,
CAN-88QLPCHFVU,T1,,,,,
CAN-USBPGXP3DA,T0,,,,,
CAN-USBPGXP3DA,T1,,,,,
CAN-PXHL2F57BV,T0,,,,,
CAN-PXHL2F57BV,T1,,,,,
CAN-V5QN569SOM,T0,,,,,
CAN-V5QN569SOM,T1,,,,,
CAN-QNOY5045NC,T0,,,,,
CAN-QNOY5045NC,T1,,,,,
CAN-UMLP3YSQW7,T0,,,,,
CAN-UMLP3YSQW7,T1,,,,,
CAN-ZV6S293UDY,T0,,,,,
CAN-ZV6S293UDY,T1,,,,,
CAN-C1LEEXSAIK,T0,,,,,
CAN-C1LEEXSAIK,T1,,,,,
CAN-PYERQ3G8AI,T0,,,,,
CAN-PYERQ3G8AI,T1,,,,,
CAN-JV5J561CM8,T0,,,,,
CAN-JV5J561CM8,T1,,,,,
CAN-INC0EVTANS,T0,,,,,
CAN-INC0EVTANS,T1,,,,,
CAN-3COLF9JBC8,T0,,,,,
CAN-3COLF9JBC8,T1,,,,,
CAN-NM7HQI8IA5,T0,,,,,
CAN-NM7HQI8IA5,T1,,,,,
CAN-MMDZ14EJ3L,T0,,,,,
CAN-MMDZ14EJ3L,T1,,,,,
CAN-7PJ2H4A2TK,T0,,,,,
CAN-7PJ2H4A2TK,T1,,,,,
CAN-HFZ1R110K3,T0,,,,,
CAN-HFZ1R110K3,T1,,,,,
CAN-GLKSSK54OR,T0,,,,,
CAN-GLKSSK54OR,T1,,,,,
CAN-F640D3DCIR,T0,,,,,
CAN-F640D3DCIR,T1,,,,,
CAN-TTGF19JN3G,T0,,,,,
CAN-TTGF19JN3G,T1,,,,,
CAN-0A77LRZ6PB,T0,,,,,
CAN-0A77LRZ6PB,T1,,,,,
CAN-JG3HUHOTT6,T0,,,,,
CAN-JG3HUHOTT6,T1,,,,,
CAN-RWR0COP7LS,T0,,,,,
CAN-RWR0COP7LS,T1,,,,,
CAN-0WDZDRPAHM,T0,,,,,
CAN-0WDZDRPAHM,T1,,,,,
CAN-SEMWY6TBUA,T0,,,,,
CAN-SEMWY6TBUA,T1,,,,,
CAN-FQ6C2CQW9I,T0,,,,,
CAN-FQ6C2CQW9I,T1,,,,,
CAN-7ANKU1TNTS,T0,,,,,
CAN-7ANKU1TNTS,T1,,,,,
CAN-8VAI7W5C0R,T0,,,,,
CAN-8VAI7W5C0R,T1,,,,,
CAN-BFONOPMEZO,T0,,,,,
CAN-BFONOPMEZO,T1,,,,,
CAN-Z1EO9FVE71,T0,,,,,
CAN-Z1EO9FVE71,T1,,,,,
CAN-8YMMPP4AUC,T0,,,,,
CAN-8YMMPP4AUC,T1,,,,,
CAN-RRVUUQIUH8,T0,,,,,
CAN-RRVUUQIUH8,T1,,,,,
CAN-3Y3TF6BIXP,T0,,,,,
CAN-3Y3TF6BIXP,T1,,,,,
CAN-8A0U0E545D,T0,,,,,
CAN-8A0U0E545D,T1,,,,,
CAN-DCP2SIPNXR,T0,,,,,
CAN-DCP2SIPNXR,T1,,,,,
CAN-3KOTZEFXJR,T0,,,,,
CAN-3KOTZEFXJR,T1,,,,,
CAN-JDQFX6EWTQ,T0,,,,,
CAN-JDQFX6EWTQ,T1,,,,,
CAN-FZN9CXQTZH,T0,,,,,
CAN-FZN9CXQTZH,T1,,,,,
CAN-D20CI00RSE,T0,,,,,
CAN-D20CI00RSE,T1,,,,,
CAN-GEMG5ZOUCP,T0,,,,,
CAN-GEMG5ZOUCP,T1,,,,,
CAN-J538MFH2RZ,T0,,,,,
CAN-J538MFH2RZ,T1,,,,,
CAN-C9VXJB2YH1,T0,,,,,
CAN-C9VXJB2YH1,T1,,,,,
CAN-G8M99BJVE9,T0,,,,,
CAN-G8M99BJVE9,T1,,,,,
CAN-YVWI4Y222D,T0,,,,,
CAN-YVWI4Y222D,T1,,,,,
CAN-7N3UP1GC6M,T0,,,,,
CAN-7N3UP1GC6M,T1,,,,,
CAN-T3BSOKDD2P,T0,,,,,
CAN-T3BSOKDD2P,T1,,,,,
CAN-C5MXVNEQIE,T0,,,,,
CAN-C5MXVNEQIE,T1,,,,,
CAN-CVLVMLSPPW,T0,,,,,
CAN-CVLVMLSPPW,T1,,,,,
CAN-TIC9NM3PS1,T0,,,,,
CAN-TIC9NM3PS1,T1,,,,,
CAN-0K8F9TKWWU,T0,,,,,
CAN-0K8F9TKWWU,T1,,,,,
CAN-87GE693SLE,T0,,,,,
CAN-87GE693SLE,T1,,,,,
CAN-57OOFQ63J2,T0,,,,,
CAN-57OOFQ63J2,T1,,,,,
CAN-LZ3YIRQJ79,T0,,,,,
CAN-LZ3YIRQJ79,T1,,,,,
CAN-DD92YFVYXO,T0,,,,,
CAN-DD92YFVYXO,T1,,,,,
CAN-64UV9WR297,T0,,,,,
CAN-64UV9WR297,T1,,,,,
CAN-GKARFIGAPI,T0,,,,,
CAN-GKARFIGAPI,T1,,,,,
CAN-W5JJROD9JX,T0,,,,,
CAN-W5JJROD9JX,T1,,,,,
CAN-97WSFQTHF5,T0,,,,,
CAN-97WSFQTHF5,T1,,,,,
CAN-55NZUZ3VR8,T0,,,,,
CAN-55NZUZ3VR8,T1,,,,,
CAN-TA661BY5LK,T0,,,,,
CAN-TA661BY5LK,T1,,,,,
CAN-LN1VMRG0Z7,T0,,,,,
CAN-LN1VMRG0Z7,T1,,,,,
CAN-3EM50WHJCL,T0,,,,,
CAN-3EM50WHJCL,T1,,,,,
CAN-USVJLIY0EB,T0,,,,,
CAN-USVJLIY0EB,T1,,,,,
CAN-ZHDQC95DYH,T0,,,,,
CAN-ZHDQC95DYH,T1,,,,,
CAN-BZ762VI3MF,T0,,,,,
CAN-BZ762VI3MF,T1,,,,,
CAN-QAGS5UIXRY,T0,,,,,
CAN-QAGS5UIXRY,T1,,,,,
CAN-YZUVZSIVT5,T0,,,,,
CAN-YZUVZSIVT5,T1,,,,,
CAN-1O3YPOAJAT,T0,,,,,
CAN-1O3YPOAJAT,T1,,,,,
CAN-DEHSRYTHG2,T0,,,,,
CAN-DEHSRYTHG2,T1,,,,,
CAN-M4M40P1Y0S,T0,,,,,
CAN-M4M40P1Y0S,T1,,,,,
CAN-R2IALNQ8H9,T0,,,,,
CAN-R2IALNQ8H9,T1,,,,,
CAN-CX8BTZ1A7O,T0,,,,,
CAN-CX8BTZ1A7O,T1,,,,,
CAN-MTYIUZ7IR0,T0,,,,,
CAN-MTYIUZ7IR0,T1,,,,,
CAN-XM21X00LKY,T0,,,,,
CAN-XM21X00LKY,T1,,,,,
CAN-ACHU1VNPAU,T0,,,,,
CAN-ACHU1VNPAU,T1,,,,,
CAN-WW1YA4KDKG,T0,,,,,
CAN-WW1YA4KDKG,T1,,,,,
CAN-ZU8QTE4XDA,T0,,,,,
CAN-ZU8QTE4XDA,T1,,,,,
CAN-5831S6Y1VZ,T0,,,,,
CAN-5831S6Y1VZ,T1,,,,,
CAN-HYMYBN588L,T0,,,,,
CAN-HYMYBN588L,T1,,,,,
CAN-6I9JYSNFHD,T0,,,,,
CAN-6I9JYSNFHD,T1,,,,,
CAN-L8NXUUA3RJ,T0,,,,,
CAN-L8NXUUA3RJ,T1,,,,,
CAN-NJBINOQ2W9,T0,,,,,
CAN-NJBINOQ2W9,T1,,,,,
CAN-FEO3GQ8XT6,T0,,,,,
CAN-FEO3GQ8XT6,T1,,,,,
CAN-F548FR1676,T0,,,,,
CAN-F548FR1676,T1,,,,,
CAN-FRIG4NTVJX,T0,,,,,
CAN-FRIG4NTVJX,T1,,,,,
CAN-2WNGH60WI9,T0,,,,,
CAN-2WNGH60WI9,T1,,,,,
CAN-8T3NNWVGPL,T0,,,,,
CAN-8T3NNWVGPL,T1,,,,,
CAN-U21L6C4Z08,T0,,,,,
CAN-U21L6C4Z08,T1,,,,,
CAN-LQJC96JQ5R,T0,,,,,
CAN-LQJC96JQ5R,T1,,,,,
CAN-19XO12WFCZ,T0,,,,,
CAN-19XO12WFCZ,T1,,,,,
CAN-RAJJHC20KR,T0,,,,,
CAN-RAJJHC20KR,T1,,,,,
CAN-LJC1GBZ1A9,T0,,,,,
CAN-LJC1GBZ1A9,T1,,,,,
CAN-5SLPV827L2,T0,,,,,
CAN-5SLPV827L2,T1,,,,,
CAN-JT2FDR3QEC,T0,,,,,
CAN-JT2FDR3QEC,T1,,,,,
CAN-IWS1F3GDUY,T0,,,,,
CAN-IWS1F3GDUY,T1,,,,,
CAN-SVE47XKJ0P,T0,,,,,
CAN-SVE47XKJ0P,T1,,,,,
CAN-1UXZVZSG4A,T0,,,,,
CAN-1UXZVZSG4A,T1,,,,,
CAN-V5109OYY1T,T0,,,,,
CAN-V5109OYY1T,T1,,,,,
CAN-RKIC97X4FK,T0,,,,,
CAN-RKIC97X4FK,T1,,,,,
CAN-VUP0QI9WY8,T0,,,,,
CAN-VUP0QI9WY8,T1,,,,,
CAN-ZLN4NDM06Y,T0,,,,,
CAN-ZLN4NDM06Y,T1,,,,,
CAN-N5E1QN73XM,T0,,,,,
CAN-N5E1QN73XM,T1,,,,,
CAN-3RU473OQA6,T0,,,,,
CAN-3RU473OQA6,T1,,,,,
CAN-5ICW8QILEP,T0,,,,,
CAN-5ICW8QILEP,T1,,,,,
CAN-CTJCWLK1Q5,T0,,,,,
CAN-CTJCWLK1Q5,T1,,,,,
CAN-EAI0FVQYN3,T0,,,,,
CAN-EAI0FVQYN3,T1,,,,,
CAN-HRB6C4QXJ1,T0,,,,,
CAN-HRB6C4QXJ1,T1,,,,,
CAN-L5HCXO0IV3,T0,,,,,
CAN-L5HCXO0IV3,T1,,,,,
CAN-XM834YHKHR,T0,,,,,
CAN-XM834YHKHR,T1,,,,,
CAN-96TZ2VAMCO,T0,,,,,
CAN-96TZ2VAMCO,T1,,,,,
CAN-XK23UIZL6J,T0,,,,,
CAN-XK23UIZL6J,T1,,,,,
CAN-3F2FJS3A1Q,T0,,,,,
CAN-3F2FJS3A1Q,T1,,,,,
CAN-TY8UJQL1X3,T0,,,,,
CAN-TY8UJQL1X3,T1,,,,,
CAN-I63QH0YDUN,T0,,,,,
CAN-I63QH0YDUN,T1,,,,,
CAN-SUSMLP6YWM,T0,,,,,
CAN-SUSMLP6YWM,T1,,,,,
CAN-5GH7YOH1Q0,T0,,,,,
CAN-5GH7YOH1Q0,T1,,,,,
CAN-AM5TTF6H9F,T0,,,,,
CAN-AM5TTF6H9F,T1,,,,,
CAN-F90ECGJD7B,T0,,,,,
CAN-F90ECGJD7B,T1,,,,,
CAN-LBSUFLZHIH,T0,,,,,
CAN-LBSUFLZHIH,T1,,,,,
CAN-VAZNR7W6ZG,T0,,,,,
CAN-VAZNR7W6ZG,T1,,,,,
CAN-ZCT4T4QW9X,T0,,,,,
CAN-ZCT4T4QW9X,T1,,,,,
CAN-F9Q4YF7KJJ,T0,,,,,
CAN-F9Q4YF7KJJ,T1,,,,,
CAN-PIAGPBOQJ8,T0,,,,,
CAN-PIAGPBOQJ8,T1,,,,,
CAN-AFE7Y28G0F,T0,,,,,
CAN-AFE7Y28G0F,T1,,,,,
CAN-C3ZIFX1I1U,T0,,,,,
CAN-C3ZIFX1I1U,T1,,,,,
CAN-7C964FIDMD,T0,,,,,
CAN-7C964FIDMD,T1,,,,,
CAN-ZH2BQ3ATUM,T0,,,,,
CAN-ZH2BQ3ATUM,T1,,,,,
CAN-LBERJDC69U,T0,,,,,
CAN-LBERJDC69U,T1,,,,,
CAN-OYXB45GKM8,T0,,,,,
CAN-OYXB45GKM8,T1,,,,,
CAN-QU6MD5TN0F,T0,,,,,
CAN-QU6MD5TN0F,T1,,,,,
CAN-W46CQP38T5,T0,,,,,
CAN-W46CQP38T5,T1,,,,,
CAN-OZBDBU2C8V,T0,,,,,
CAN-OZBDBU2C8V,T1,,,,,
CAN-1G33R5ZP33,T0,,,,,
CAN-1G33R5ZP33,T1,,,,,
CAN-FX0CXCTTT5,T0,,,,,
CAN-FX0CXCTTT5,T1,,,,,
CAN-GE1OF12M02,T0,,,,,
CAN-GE1OF12M02,T1,,,,,
CAN-S7ILK3VXLA,T0,,,,,
CAN-S7ILK3VXLA,T1,,,,,
CAN-JE50LL66V5,T0,,,,,
CAN-JE50LL66V5,T1,,,,,
CAN-AA66HFR8N1,T0,,,,,
CAN-AA66HFR8N1,T1,,,,,
CAN-L82L7C3JFH,T0,,,,,
CAN-L82L7C3JFH,T1,,,,,
CAN-31HR190D49,T0,,,,,
CAN-31HR190D49,T1,,,,,
CAN-DTKKRG4TH0,T0,,,,,
CAN-DTKKRG4TH0,T1,,,,,
CAN-27XP55ESZT,T0,,,,,
CAN-27XP55ESZT,T1,,,,,
CAN-2UKRTA000H,T0,,,,,
CAN-2UKRTA000H,T1,,,,,
CAN-KFFO1IUNQ2,T0,,,,,
CAN-KFFO1IUNQ2,T1,,,,,
CAN-66TQRR9EOU,T0,,,,,
CAN-66TQRR9EOU,T1,,,,,
CAN-XFNGVN2MK8,T0,,,,,
CAN-XFNGVN2MK8,T1,,,,,
CAN-HSAFCDVIEX,T0,,,,,
CAN-HSAFCDVIEX,T1,,,,,
CAN-134Q72471I,T0,,,,,
CAN-134Q72471I,T1,,,,,
CAN-KBTC63C8LL,T0,,,,,
CAN-KBTC63C8LL,T1,,,,,
CAN-HFWCF7T2WV,T0,,,,,
CAN-HFWCF7T2WV,T1,,,,,
CAN-S7CYNBBGBC,T0,,,,,
CAN-S7CYNBBGBC,T1,,,,,
CAN-HH1FGVCSHO,T0,,,,,
CAN-HH1FGVCSHO,T1,,,,,
CAN-H2TOKOI56S,T0,,,,,
CAN-H2TOKOI56S,T1,,,,,
CAN-WFMGVZBGVH,T0,,,,,
CAN-WFMGVZBGVH,T1,,,,,
CAN-H037Q3HE9S,T0,,,,,
CAN-H037Q3HE9S,T1,,,,,
CAN-LOEQ5CPJMJ,T0,,,,,
CAN-LOEQ5CPJMJ,T1,,,,,
CAN-6MQ4BCKDD4,T0,,,,,
CAN-6MQ4BCKDD4,T1,,,,,
CAN-10S81QV4SG,T0,,,,,
CAN-10S81QV4SG,T1,,,,,
CAN-UQTGM0YBSB,T0,,,,,
CAN-UQTGM0YBSB,T1,,,,,
CAN-NIV4J5MPW9,T0,,,,,
CAN-NIV4J5MPW9,T1,,,,,
CAN-5FZ8IHPB9N,T0,,,,,
CAN-5FZ8IHPB9N,T1,,,,,
CAN-TOLELNDENL,T0,,,,,
CAN-TOLELNDENL,T1,,,,,
CAN-WKGL22S1B5,T0,,,,,
CAN-WKGL22S1B5,T1,,,,,
CAN-ARNXXD7017,T0,,,,,
CAN-ARNXXD7017,T1,,,,,
CAN-UNZSC2IUOL,T0,,,,,
CAN-UNZSC2IUOL,T1,,,,,
CAN-3JLS3ZDCSS,T0,,,,,
CAN-3JLS3ZDCSS,T1,,,,,
CAN-GIUGFHWVK2,T0,,,,,
CAN-GIUGFHWVK2,T1,,,,,
CAN-L8S03B5SFS,T0,,,,,
CAN-L8S03B5SFS,T1,,,,,
CAN-R4BTESUGV2,T0,,,,,
CAN-R4BTESUGV2,T1,,,,,
CAN-18SWCOETPJ,T0,,,,,
CAN-18SWCOETPJ,T1,,,,,
CAN-LJCCF4H8VT,T0,,,,,
CAN-LJCCF4H8VT,T1,,,,,
CAN-RTFD4JE4RL,T0,,,,,
CAN-RTFD4JE4RL,T1,,,,,
CAN-PQMCH04UHF,T0,,,,,
CAN-PQMCH04UHF,T1,,,,,
CAN-OC2QQ1YY7X,T0,,,,,
CAN-OC2QQ1YY7X,T1,,,,,
CAN-KDW9U4GF04,T0,,,,,
CAN-KDW9U4GF04,T1,,,,,
CAN-3MF621GS8G,T0,,,,,
CAN-3MF621GS8G,T1,,,,,
CAN-JTDCUWP9TG,T0,,,,,
CAN-JTDCUWP9TG,T1,,,,,
CAN-IENKCEQWTH,T0,,,,,
CAN-IENKCEQWTH,T1,,,,,
CAN-2J7GQZ8NGK,T0,,,,,
CAN-2J7GQZ8NGK,T1,,,,,
CAN-8NLI9DHKDP,T0,,,,,
CAN-8NLI9DHKDP,T1,,,,,
CAN-CX8EHBX3GU,T0,,,,,
CAN-CX8EHBX3GU,T1,,,,,
CAN-8TFJ1QCYJH,T0,,,,,
CAN-8TFJ1QCYJH,T1,,,,,
CAN-TRLI5ZEXYN,T0,,,,,
CAN-TRLI5ZEXYN,T1,,,,,
CAN-2S1HCEPUZP,T0,,,,,
CAN-2S1HCEPUZP,T1,,,,,
CAN-RIB29L9J0F,T0,,,,,
CAN-RIB29L9J0F,T1,,,,,
CAN-KUAMZ3SRTE,T0,,,,,
CAN-KUAMZ3SRTE,T1,,,,,
CAN-9BOYUMU39U,T0,,,,,
CAN-9BOYUMU39U,T1,,,,,
CAN-O69LTV9J76,T0,,,,,
CAN-O69LTV9J76,T1,,,,,
CAN-R0RIIPN378,T0,,,,,
CAN-R0RIIPN378,T1,,,,,
CAN-0PUBEEFNJF,T0,,,,,
CAN-0PUBEEFNJF,T1,,,,,
CAN-NI3EXZF6CP,T0,,,,,
CAN-NI3EXZF6CP,T1,,,,,
CAN-O8PPBKM3MV,T0,,,,,
CAN-O8PPBKM3MV,T1,,,,,
CAN-HWFFS7J4GL,T0,,,,,
CAN-HWFFS7J4GL,T1,,,,,
CAN-2CQZJ2V3CM,T0,,,,,
CAN-2CQZJ2V3CM,T1,,,,,
CAN-XX3E1LT2BT,T0,,,,,
CAN-XX3E1LT2BT,T1,,,,,
CAN-BJI1VHJ3CK,T0,,,,,
CAN-BJI1VHJ3CK,T1,,,,,
CAN-1JVS8CDYKC,T0,,,,,
CAN-1JVS8CDYKC,T1,,,,,
CAN-MTOIXEJ24R,T0,,,,,
CAN-MTOIXEJ24R,T1,,,,,
CAN-35BVLABB1O,T0,,,,,
CAN-35BVLABB1O,T1,,,,,
CAN-5FH2KBW0IB,T0,,,,,
CAN-5FH2KBW0IB,T1,,,,,
CAN-GJU4OLMW0Y,T0,,,,,
CAN-GJU4OLMW0Y,T1,,,,,
CAN-RLCSRC32RJ,T0,,,,,
CAN-RLCSRC32RJ,T1,,,,,
CAN-DXLWZSVTLD,T0,,,,,
CAN-DXLWZSVTLD,T1,,,,,
CAN-ZQ7MML5BC7,T0,,,,,
CAN-ZQ7MML5BC7,T1,,,,,
CAN-TNGG2D7HTK,T0,,,,,
CAN-TNGG2D7HTK,T1,,,,,
CAN-OM2KFXJYRI,T0,,,,,
CAN-OM2KFXJYRI,T1,,,,,
CAN-OFWL1O0B77,T0,,,,,
CAN-OFWL1O0B77,T1,,,,,
CAN-8QUZRCKOV4,T0,,,,,
CAN-8QUZRCKOV4,T1,,,,,
CAN-EPGB8TZLLX,T0,,,,,
CAN-EPGB8TZLLX,T1,,,,,
CAN-IMY77EFJ28,T0,,,,,
CAN-IMY77EFJ28,T1,,,,,
CAN-N37XHMXQTZ,T0,,,,,
CAN-N37XHMXQTZ,T1,,,,,
CAN-3TRYQDDOYM,T0,,,,,
CAN-3TRYQDDOYM,T1,,,,,
CAN-VFIRB7S3DJ,T0,,,,,
CAN-VFIRB7S3DJ,T1,,,,,
CAN-MO5C5LJP1Q,T0,,,,,
CAN-MO5C5LJP1Q,T1,,,,,
CAN-ZRR6UOMQ31,T0,,,,,
CAN-ZRR6UOMQ31,T1,,,,,
CAN-16781ZDSII,T0,,,,,
CAN-16781ZDSII,T1,,,,,
CAN-QPLU57HPDX,T0,,,,,
CAN-QPLU57HPDX,T1,,,,,
CAN-K0WP60CCEA,T0,,,,,
CAN-K0WP60CCEA,T1,,,,,
CAN-5O5INNDPXU,T0,,,,,
CAN-5O5INNDPXU,T1,,,,,
CAN-FBLOB9PQG8,T0,,,,,
CAN-FBLOB9PQG8,T1,,,,,
CAN-54RMBU222R,T0,,,,,
CAN-54RMBU222R,T1,,,,,
CAN-50AM2HPZIZ,T0,,,,,
CAN-50AM2HPZIZ,T1,,,,,
CAN-IHV15U5PJI,T0,,,,,
CAN-IHV15U5PJI,T1,,,,,
CAN-A9U2HW5MKX,T0,,,,,
CAN-A9U2HW5MKX,T1,,,,,
CAN-WUS8A46KEX,T0,,,,,
CAN-WUS8A46KEX,T1,,,,,
CAN-WNYIZETNQR,T0,,,,,
CAN-WNYIZETNQR,T1,,,,,
CAN-O3V36SEZCJ,T0,,,,,
CAN-O3V36SEZCJ,T1,,,,,
CAN-5MY6VCOMH0,T0,,,,,
CAN-5MY6VCOMH0,T1,,,,,
CAN-HMUFM4DVIK,T0,,,,,
CAN-HMUFM4DVIK,T1,,,,,
CAN-CKRAZOSJ37,T0,,,,,
CAN-CKRAZOSJ37,T1,,,,,
CAN-5YZ0RPB265,T0,,,,,
CAN-5YZ0RPB265,T1,,,,,
CAN-K65HDN1ATG,T0,,,,,
CAN-K65HDN1ATG,T1,,,,,
CAN-UHDITUZHG1,T0,,,,,
CAN-UHDITUZHG1,T1,,,,,
CAN-OI6FZOYG9T,T0,,,,,
CAN-OI6FZOYG9T,T1,,,,,
CAN-1CDIAV922I,T0,,,,,
CAN-1CDIAV922I,T1,,,,,
CAN-DCJJATMXNB,T0,,,,,
CAN-DCJJATMXNB,T1,,,,,
CAN-CHIC5MHFYU,T0,,,,,
CAN-CHIC5MHFYU,T1,,,,,
CAN-6DGGX2XZ38,T0,,,,,
CAN-6DGGX2XZ38,T1,,,,,
CAN-T3FLSVUPBS,T0,,,,,
CAN-T3FLSVUPBS,T1,,,,,
CAN-FJTVPREP8F,T0,,,,,
CAN-FJTVPREP8F,T1,,,,,
CAN-HHNOHMQUB3,T0,,,,,
CAN-HHNOHMQUB3,T1,,,,,
CAN-NRI0XG94SF,T0,,,,,
CAN-NRI0XG94SF,T1,,,,,
CAN-EKWS2D62VH,T0,,,,,
CAN-EKWS2D62VH,T1,,,,,
CAN-GL4FNJHQYN,T0,,,,,
CAN-GL4FNJHQYN,T1,,,,,
CAN-V50S26LNST,T0,,,,,
CAN-V50S26LNST,T1,,,,,
CAN-CZ8GPI1592,T0,,,,,
CAN-CZ8GPI1592,T1,,,,,
CAN-UNEB0Q8JQY,T0,,,,,
CAN-UNEB0Q8JQY,T1,,,,,
CAN-5MJLWHQZY2,T0,,,,,
CAN-5MJLWHQZY2,T1,,,,,
CAN-1M7H6NP3DT,T0,,,,,
CAN-1M7H6NP3DT,T1,,,,,
CAN-0UXGGH2GXR,T0,,,,,
CAN-0UXGGH2GXR,T1,,,,,
CAN-NK2GUC3LAP,T0,,,,,
CAN-NK2GUC3LAP,T1,,,,,
CAN-BZPERBLAMY,T0,,,,,
CAN-BZPERBLAMY,T1,,,,,
CAN-45Q859JI0W,T0,,,,,
CAN-45Q859JI0W,T1,,,,,
CAN-BT0Y88Z5VY,T0,,,,,
CAN-BT0Y88Z5VY,T1,,,,,
CAN-PK6PNDGU61,T0,,,,,
CAN-PK6PNDGU61,T1,,,,,
CAN-0LNHQ2IVK1,T0,,,,,
CAN-0LNHQ2IVK1,T1,,,,,
CAN-ZDYJSHU35Q,T0,,,,,
CAN-ZDYJSHU35Q,T1,,,,,
CAN-1NJOOV39RY,T0,,,,,
CAN-1NJOOV39RY,T1,,,,,
CAN-8QJO365LH5,T0,,,,,
CAN-8QJO365LH5,T1,,,,,
CAN-A3Y30H2H61,T0,,,,,
CAN-A3Y30H2H61,T1,,,,,
CAN-J98COE867B,T0,,,,,
CAN-J98COE867B,T1,,,,,
CAN-M9VZCYUHRC,T0,,,,,
CAN-M9VZCYUHRC,T1,,,,,
CAN-G0CY62SMYJ,T0,,,,,
CAN-G0CY62SMYJ,T1,,,,,
CAN-8MEB4NKWN8,T0,,,,,
CAN-8MEB4NKWN8,T1,,,,,
CAN-STKXGTXJUZ,T0,,,,,
CAN-STKXGTXJUZ,T1,,,,,
CAN-45FRY9KLQO,T0,,,,,
CAN-45FRY9KLQO,T1,,,,,
CAN-066AL6SEUM,T0,,,,,
CAN-066AL6SEUM,T1,,,,,
CAN-SURQR30T83,T0,,,,,
CAN-SURQR30T83,T1,,,,,
CAN-HUEDVB4MB1,T0,,,,,
CAN-HUEDVB4MB1,T1,,,,,
CAN-DWHLJHWCLH,T0,,,,,
CAN-DWHLJHWCLH,T1,,,,,
CAN-W7JQ7R55OK,T0,,,,,
CAN-W7JQ7R55OK,T1,,,,,
CAN-U3F5L0C4O8,T0,,,,,
CAN-U3F5L0C4O8,T1,,,,,
CAN-JINWOM659W,T0,,,,,
CAN-JINWOM659W,T1,,,,,
CAN-5PA5NRBXTI,T0,,,,,
CAN-5PA5NRBXTI,T1,,,,,
CAN-WQIC1VU4AR,T0,,,,,
CAN-WQIC1VU4AR,T1,,,,,
CAN-H13QSJ3JWL,T0,,,,,
CAN-H13QSJ3JWL,T1,,,,,
CAN-VMISWMYAEU,T0,,,,,
CAN-VMISWMYAEU,T1,,,,,
CAN-719M8PBOLB,T0,,,,,
CAN-719M8PBOLB,T1,,,,,
CAN-R1QL7HWQD0,T0,,,,,
CAN-R1QL7HWQD0,T1,,,,,
CAN-MON4FSBVB4,T0,,,,,
CAN-MON4FSBVB4,T1,,,,,
CAN-2NNBV09FWN,T0,,,,,
CAN-2NNBV09FWN,T1,,,,,
CAN-BDKNZLJ28U,T0,,,,,
CAN-BDKNZLJ28U,T1,,,,,
CAN-RA6YOKX6QU,T0,,,,,
CAN-RA6YOKX6QU,T1,,,,,
CAN-TVJI0EAZ3Y,T0,,,,,
CAN-TVJI0EAZ3Y,T1,,,,,
CAN-QGSE5L8SLQ,T0,,,,,
CAN-QGSE5L8SLQ,T1,,,,,
CAN-NL0UYGFDUR,T0,,,,,
CAN-NL0UYGFDUR,T1,,,,,
CAN-1PP3RRRUUA,T0,,,,,
CAN-1PP3RRRUUA,T1,,,,,
CAN-31RDA06DSF,T0,,,,,
CAN-31RDA06DSF,T1,,,,,
CAN-LF9OHBZE2J,T0,,,,,
CAN-LF9OHBZE2J,T1,,,,,
CAN-20LP6R01W2,T0,,,,,
CAN-20LP6R01W2,T1,,,,,
CAN-2ZDS1HIF9Q,T0,,,,,
CAN-2ZDS1HIF9Q,T1,,,,,
CAN-D1RU5LEHK8,T0,,,,,
CAN-D1RU5LEHK8,T1,,,,,
CAN-9W2GCFOPK4,T0,,,,,
CAN-9W2GCFOPK4,T1,,,,,
CAN-P5XIR0JMT0,T0,,,,,
CAN-P5XIR0JMT0,T1,,,,,
CAN-G4SHQWDR3R,T0,,,,,
CAN-G4SHQWDR3R,T1,,,,,
CAN-3XQUYWMQ1Y,T0,,,,,
CAN-3XQUYWMQ1Y,T1,,,,,
CAN-ZUNHC34I77,T0,,,,,
CAN-ZUNHC34I77,T1,,,,,
CAN-WVCXVDDEAN,T0,,,,,
CAN-WVCXVDDEAN,T1,,,,,
CAN-ZK0YWHISD3,T0,,,,,
CAN-ZK0YWHISD3,T1,,,,,
CAN-GMH1PKUH7W,T0,,,,,
CAN-GMH1PKUH7W,T1,,,,,
CAN-E1OZ3X8VFF,T0,,,,,
CAN-E1OZ3X8VFF,T1,,,,,
CAN-DOEE4ZYTV0,T0,,,,,
CAN-DOEE4ZYTV0,T1,,,,,
CAN-IB3W6SLY38,T0,,,,,
CAN-IB3W6SLY38,T1,,,,,
CAN-LKC9WTMYKQ,T0,,,,,
CAN-LKC9WTMYKQ,T1,,,,,
CAN-KBV7LALMTC,T0,,,,,
CAN-KBV7LALMTC,T1,,,,,
CAN-Q8KSUXGRB2,T0,,,,,
CAN-Q8KSUXGRB2,T1,,,,,
CAN-FDC2640AS4,T0,,,,,
CAN-FDC2640AS4,T1,,,,,
CAN-OLZQMRM02P,T0,,,,,
CAN-OLZQMRM02P,T1,,,,,
CAN-MQMN66MILA,T0,,,,,
CAN-MQMN66MILA,T1,,,,,
CAN-N8QLM2BJ5Z,T0,,,,,
CAN-N8QLM2BJ5Z,T1,,,,,
CAN-L8GSV1XCHQ,T0,,,,,
CAN-L8GSV1XCHQ,T1,,,,,
CAN-Q4ZZ5M0LQI,T0,,,,,
CAN-Q4ZZ5M0LQI,T1,,,,,
CAN-6SED3E6302,T0,,,,,
CAN-6SED3E6302,T1,,,,,
CAN-HZF40QUBHB,T0,,,,,
CAN-HZF40QUBHB,T1,,,,,
CAN-2OCJ7ZQ5N7,T0,,,,,
CAN-2OCJ7ZQ5N7,T1,,,,,
CAN-LFK60NGL4B,T0,,,,,
CAN-LFK60NGL4B,T1,,,,,
CAN-80A70X1TAB,T0,,,,,
CAN-80A70X1TAB,T1,,,,,
CAN-FUDMTMFDTZ,T0,,,,,
CAN-FUDMTMFDTZ,T1,,,,,
CAN-DQJ5KUYVJ2,T0,,,,,
CAN-DQJ5KUYVJ2,T1,,,,,
CAN-VP1UULDQVK,T0,,,,,
CAN-VP1UULDQVK,T1,,,,,
CAN-EHFI7DCQAX,T0,,,,,
CAN-EHFI7DCQAX,T1,,,,,
CAN-3L0R4UMX7M,T0,,,,,
CAN-3L0R4UMX7M,T1,,,,,
CAN-YYTDQSM9DL,T0,,,,,
CAN-YYTDQSM9DL,T1,,,,,
CAN-KSIEJOAZDY,T0,,,,,
CAN-KSIEJOAZDY,T1,,,,,
CAN-EFMW1GNFJB,T0,,,,,
CAN-EFMW1GNFJB,T1,,,,,
CAN-KHXLKFD6F8,T0,,,,,
CAN-KHXLKFD6F8,T1,,,,,
CAN-8N0KADA1T3,T0,,,,,
CAN-8N0KADA1T3,T1,,,,,
CAN-4TETZA37AS,T0,,,,,
CAN-4TETZA37AS,T1,,,,,
CAN-81HQ0LZK2T,T0,,,,,
CAN-81HQ0LZK2T,T1,,,,,
CAN-D70H67I3HF,T0,,,,,
CAN-D70H67I3HF,T1,,,,,
CAN-58M05RL8CQ,T0,,,,,
CAN-58M05RL8CQ,T1,,,,,
CAN-RLBVAWXBNZ,T0,,,,,
CAN-RLBVAWXBNZ,T1,,,,,
CAN-Z3P9S6OF9B,T0,,,,,
CAN-Z3P9S6OF9B,T1,,,,,
CAN-T8HGJAG0XR,T0,,,,,
CAN-T8HGJAG0XR,T1,,,,,
CAN-611Y92Z4A7,T0,,,,,
CAN-611Y92Z4A7,T1,,,,,
CAN-LGWMVW7CV2,T0,,,,,
CAN-LGWMVW7CV2,T1,,,,,
CAN-Y1SNVQQLCG,T0,,,,,
CAN-Y1SNVQQLCG,T1,,,,,
CAN-ZW6CW7N9LZ,T0,,,,,
CAN-ZW6CW7N9LZ,T1,,,,,
CAN-D4T2GW7O2N,T0,,,,,
CAN-D4T2GW7O2N,T1,,,,,
CAN-OK8MKOULCV,T0,,,,,
CAN-OK8MKOULCV,T1,,,,,
CAN-NSSUYJHLXD,T0,,,,,
CAN-NSSUYJHLXD,T1,,,,,
CAN-TR3TUNAOEO,T0,,,,,
CAN-TR3TUNAOEO,T1,,,,,
CAN-CIZJBQQUF5,T0,,,,,
CAN-CIZJBQQUF5,T1,,,,,
CAN-WEHO2Y8BUF,T0,,,,,
CAN-WEHO2Y8BUF,T1,,,,,
CAN-L271JV4INT,T0,,,,,
CAN-L271JV4INT,T1,,,,,
CAN-OAOUNL3UQ7,T0,,,,,
CAN-OAOUNL3UQ7,T1,,,,,
CAN-CJAWMMKJRY,T0,,,,,
CAN-CJAWMMKJRY,T1,,,,,
CAN-ZN7SVKEGTJ,T0,,,,,
CAN-ZN7SVKEGTJ,T1,,,,,
CAN-QKGJ0HJQFN,T0,,,,,
CAN-QKGJ0HJQFN,T1,,,,,
CAN-PSC1AC3H24,T0,,,,,
CAN-PSC1AC3H24,T1,,,,,
CAN-LK9S954CJO,T0,,,,,
CAN-LK9S954CJO,T1,,,,,
CAN-DRPQG97ZMJ,T0,,,,,
CAN-DRPQG97ZMJ,T1,,,,,
CAN-10AVIPACKV,T0,,,,,
CAN-10AVIPACKV,T1,,,,,
CAN-CCKYOCEJJS,T0,,,,,
CAN-CCKYOCEJJS,T1,,,,,
CAN-9PND4855FJ,T0,,,,,
CAN-9PND4855FJ,T1,,,,,
CAN-ABXR8LP8FT,T0,,,,,
CAN-ABXR8LP8FT,T1,,,,,
CAN-YM6WVPHZEC,T0,,,,,
CAN-YM6WVPHZEC,T1,,,,,
CAN-AYFXNRK0G2,T0,,,,,
CAN-AYFXNRK0G2,T1,,,,,
CAN-OSJJCOSG01,T0,,,,,
CAN-OSJJCOSG01,T1,,,,,
CAN-DBAXIUQQQN,T0,,,,,
CAN-DBAXIUQQQN,T1,,,,,
CAN-UC0GHJXT0O,T0,,,,,
CAN-UC0GHJXT0O,T1,,,,,
CAN-RC0K12E5Q4,T0,,,,,
CAN-RC0K12E5Q4,T1,,,,,
CAN-4N6ZB3SCSY,T0,,,,,
CAN-4N6ZB3SCSY,T1,,,,,
CAN-GT29QK48ZR,T0,,,,,
CAN-GT29QK48ZR,T1,,,,,
CAN-N7T97XJSDJ,T0,,,,,
CAN-N7T97XJSDJ,T1,,,,,
CAN-U7K3J0KVSW,T0,,,,,
CAN-U7K3J0KVSW,T1,,,,,
CAN-RF720ADMZ2,T0,,,,,
CAN-RF720ADMZ2,T1,,,,,
CAN-0F0VMOUIEQ,T0,,,,,
CAN-0F0VMOUIEQ,T1,,,,,
CAN-OHAZFPUO47,T0,,,,,
CAN-OHAZFPUO47,T1,,,,,
CAN-5NQ7W5RP4X,T0,,,,,
CAN-5NQ7W5RP4X,T1,,,,,
CAN-RO48CSXWUL,T0,,,,,
CAN-RO48CSXWUL,T1,,,,,
CAN-V01M397SMR,T0,,,,,
CAN-V01M397SMR,T1,,,,,
CAN-DIRYQXL085,T0,,,,,
CAN-DIRYQXL085,T1,,,,,
CAN-66F8GOR1FM,T0,,,,,
CAN-66F8GOR1FM,T1,,,,,
CAN-Y0RU3M6P2H,T0,,,,,
CAN-Y0RU3M6P2H,T1,,,,,
CAN-NR0AYKI3M9,T0,,,,,
CAN-NR0AYKI3M9,T1,,,,,
CAN-JTU00IS95H,T0,,,,,
CAN-JTU00IS95H,T1,,,,,
CAN-T5SOQ9YGJ1,T0,,,,,
CAN-T5SOQ9YGJ1,T1,,,,,
CAN-P5RES6TZZS,T0,,,,,
CAN-P5RES6TZZS,T1,,,,,
CAN-ABWG2FL5S0,T0,,,,,
CAN-ABWG2FL5S0,T1,,,,,
CAN-4N0QDU2NI7,T0,,,,,
CAN-4N0QDU2NI7,T1,,,,,
CAN-DUE034IE7Q,T0,,,,,
CAN-DUE034IE7Q,T1,,,,,
CAN-YLM705YR8H,T0,,,,,
CAN-YLM705YR8H,T1,,,,,
CAN-82NJHE68YM,T0,,,,,
CAN-82NJHE68YM,T1,,,,,
CAN-1C49P4UUJ3,T0,,,,,
CAN-1C49P4UUJ3,T1,,,,,
CAN-KLQH9G2XAA,T0,,,,,
CAN-KLQH9G2XAA,T1,,,,,
CAN-26T1WYSEP1,T0,,,,,
CAN-26T1WYSEP1,T1,,,,,
CAN-UPUMI2KSIM,T0,,,,,
CAN-UPUMI2KSIM,T1,,,,,
CAN-LIUMROEK1Y,T0,,,,,
CAN-LIUMROEK1Y,T1,,,,,
CAN-WR2QE4VZKF,T0,,,,,
CAN-WR2QE4VZKF,T1,,,,,
CAN-XIYAPJ1T6I,T0,,,,,
CAN-XIYAPJ1T6I,T1,,,,,
CAN-2O1H60X59W,T0,,,,,
CAN-2O1H60X59W,T1,,,,,
CAN-2A3Z2N4S86,T0,,,,,
CAN-2A3Z2N4S86,T1,,,,,
CAN-IE7RKO4EZ8,T0,,,,,
CAN-IE7RKO4EZ8,T1,,,,,
CAN-M0PEADSA0A,T0,,,,,
CAN-M0PEADSA0A,T1,,,,,
CAN-BACYF0U6FM,T0,,,,,
CAN-BACYF0U6FM,T1,,,,,
CAN-0WBXPAWO44,T0,,,,,
CAN-0WBXPAWO44,T1,,,,,
CAN-S3QTMNVOSZ,T0,,,,,
CAN-S3QTMNVOSZ,T1,,,,,
CAN-KHR6AUNZV5,T0,,,,,
CAN-KHR6AUNZV5,T1,,,,,
CAN-DOTWJ93Z1W,T0,,,,,
CAN-DOTWJ93Z1W,T1,,,,,
CAN-FCK9PMEEO7,T0,,,,,
CAN-FCK9PMEEO7,T1,,,,,
CAN-LE8JJYRH3J,T0,,,,,
CAN-LE8JJYRH3J,T1,,,,,
CAN-6ONS4LQXLF,T0,,,,,
CAN-6ONS4LQXLF,T1,,,,,
CAN-NNXSR3SJYI,T0,,,,,
CAN-NNXSR3SJYI,T1,,,,,
CAN-3DYKGZFUZY,T0,,,,,
CAN-3DYKGZFUZY,T1,,,,,
CAN-4TUKXHSH83,T0,,,,,
CAN-4TUKXHSH83,T1,,,,,
CAN-9BXSUTHRNN,T0,,,,,
CAN-9BXSUTHRNN,T1,,,,,
CAN-7CRX6UKF95,T0,,,,,
CAN-7CRX6UKF95,T1,,,,,
CAN-OQ387SPDJB,T0,,,,,
CAN-OQ387SPDJB,T1,,,,,
CAN-QFG2O2ATE4,T0,,,,,
CAN-QFG2O2ATE4,T1,,,,,
CAN-L2ZC2VLJIG,T0,,,,,
CAN-L2ZC2VLJIG,T1,,,,,
CAN-IPG2ZD4XYJ,T0,,,,,
CAN-IPG2ZD4XYJ,T1,,,,,
CAN-1X36MKKDTS,T0,,,,,
CAN-1X36MKKDTS,T1,,,,,
CAN-8LZXDTGJZ2,T0,,,,,
CAN-8LZXDTGJZ2,T1,,,,,
CAN-4SY34TJ8WB,T0,,,,,
CAN-4SY34TJ8WB,T1,,,,,
CAN-2QXFGOCS82,T0,,,,,
CAN-2QXFGOCS82,T1,,,,,
CAN-Z023725PWD,T0,,,,,
CAN-Z023725PWD,T1,,,,,
CAN-6Z0SOWAGU0,T0,,,,,
CAN-6Z0SOWAGU0,T1,,,,,
CAN-964UDWFB02,T0,,,,,
CAN-964UDWFB02,T1,,,,,
CAN-85NYJLHN98,T0,,,,,
CAN-85NYJLHN98,T1,,,,,
CAN-9KJY0Z76YU,T0,,,,,
CAN-9KJY0Z76YU,T1,,,,,
CAN-UEST8OHL1H,T0,,,,,
CAN-UEST8OHL1H,T1,,,,,
CAN-0FN4BHPFBQ,T0,,,,,
CAN-0FN4BHPFBQ,T1,,,,,
CAN-1JFLJL5U1Q,T0,,,,,
CAN-1JFLJL5U1Q,T1,,,,,
CAN-5TZXKXQVDG,T0,,,,,
CAN-5TZXKXQVDG,T1,,,,,
CAN-3BG3ASNV10,T0,,,,,
CAN-3BG3ASNV10,T1,,,,,
CAN-HBCPEPA3IJ,T0,,,,,
CAN-HBCPEPA3IJ,T1,,,,,
CAN-XZWB50SAMR,T0,,,,,
CAN-XZWB50SAMR,T1,,,,,
CAN-HGP0XS56XM,T0,,,,,
CAN-HGP0XS56XM,T1,,,,,
CAN-VRMK250BRV,T0,,,,,
CAN-VRMK250BRV,T1,,,,,
CAN-9S6TJ2MPE5,T0,,,,,
CAN-9S6TJ2MPE5,T1,,,,,
CAN-AXK0UG0Z0Y,T0,,,,,
CAN-AXK0UG0Z0Y,T1,,,,,
CAN-MZST7YS1CX,T0,,,,,
CAN-MZST7YS1CX,T1,,,,,
CAN-ECDW59FZDD,T0,,,,,
CAN-ECDW59FZDD,T1,,,,,
CAN-NEQD8T8Y4V,T0,,,,,
CAN-NEQD8T8Y4V,T1,,,,,
CAN-ED1UC1TC2K,T0,,,,,
CAN-ED1UC1TC2K,T1,,,,,
CAN-HOS646LJXT,T0,,,,,
CAN-HOS646LJXT,T1,,,,,
CAN-I62DXWZ95H,T0,,,,,
CAN-I62DXWZ95H,T1,,,,,
CAN-25LMWMAMGS,T0,,,,,
CAN-25LMWMAMGS,T1,,,,,
CAN-2597L3FKIY,T0,,,,,
CAN-2597L3FKIY,T1,,,,,
CAN-ZYHP1O55E0,T0,,,,,
CAN-ZYHP1O55E0,T1,,,,,
CAN-5WTXQHY9LH,T0,,,,,
CAN-5WTXQHY9LH,T1,,,,,
CAN-UH6NTP94H6,T0,,,,,
CAN-UH6NTP94H6,T1,,,,,
CAN-FI5OEH5HUP,T0,,,,,
CAN-FI5OEH5HUP,T1,,,,,
CAN-9G01B5FEPN,T0,,,,,
CAN-9G01B5FEPN,T1,,,,,
CAN-ENHNXYD6HS,T0,,,,,
CAN-ENHNXYD6HS,T1,,,,,
CAN-7N5FD132IE,T0,,,,,
CAN-7N5FD132IE,T1,,,,,
CAN-OUNC7PFQTX,T0,,,,,
CAN-OUNC7PFQTX,T1,,,,,
CAN-FIMKN2B6N9,T0,,,,,
CAN-FIMKN2B6N9,T1,,,,,
CAN-TL3YIZO04X,T0,,,,,
CAN-TL3YIZO04X,T1,,,,,
CAN-JHL8KJCMN4,T0,,,,,
CAN-JHL8KJCMN4,T1,,,,,
CAN-67NV15XHIP,T0,,,,,
CAN-67NV15XHIP,T1,,,,,
CAN-O55QK6XGES,T0,,,,,
CAN-O55QK6XGES,T1,,,,,
CAN-R6CFEESX4B,T0,,,,,
CAN-R6CFEESX4B,T1,,,,,
CAN-YG258Y8E5V,T0,,,,,
CAN-YG258Y8E5V,T1,,,,,
CAN-F3CUA9G8PS,T0,,,,,
CAN-F3CUA9G8PS,T1,,,,,
CAN-NDGYV13VDH,T0,,,,,
CAN-NDGYV13VDH,T1,,,,,
CAN-DDDO2KOV9W,T0,,,,,
CAN-DDDO2KOV9W,T1,,,,,
CAN-VNORUL0X1E,T0,,,,,
CAN-VNORUL0X1E,T1,,,,,
CAN-02AOIJ2DWC,T0,,,,,
CAN-02AOIJ2DWC,T1,,,,,
CAN-LNI9ZV9QCB,T0,,,,,
CAN-LNI9ZV9QCB,T1,,,,,
CAN-P80W5Q4HRF,T0,,,,,
CAN-P80W5Q4HRF,T1,,,,,
CAN-KOQL8CJAAD,T0,,,,,
CAN-KOQL8CJAAD,T1,,,,,
CAN-NGRJ8QDSTY,T0,,,,,
CAN-NGRJ8QDSTY,T1,,,,,
CAN-5UDJQEQQE2,T0,,,,,
CAN-5UDJQEQQE2,T1,,,,,
CAN-GAU1X1WWAD,T0,,,,,
CAN-GAU1X1WWAD,T1,,,,,
CAN-XHLKLHCHK0,T0,,,,,
CAN-XHLKLHCHK0,T1,,,,,
CAN-MHTVXHJ8AE,T0,,,,,
CAN-MHTVXHJ8AE,T1,,,,,
CAN-HFDVV02OGM,T0,,,,,
CAN-HFDVV02OGM,T1,,,,,
CAN-HXZL2FOKNW,T0,,,,,
CAN-HXZL2FOKNW,T1,,,,,
CAN-JM3AHSD18E,T0,,,,,
CAN-JM3AHSD18E,T1,,,,,
CAN-0NMGQU5ZE8,T0,,,,,
CAN-0NMGQU5ZE8,T1,,,,,
CAN-RP4I8FBIM0,T0,,,,,
CAN-RP4I8FBIM0,T1,,,,,
CAN-DANXMJUTSN,T0,,,,,
CAN-DANXMJUTSN,T1,,,,,
CAN-JLX15R9SNO,T0,,,,,
CAN-JLX15R9SNO,T1,,,,,
CAN-B0HJ89JFL9,T0,,,,,
CAN-B0HJ89JFL9,T1,,,,,
CAN-YJ40ZAR1CQ,T0,,,,,
CAN-YJ40ZAR1CQ,T1,,,,,
CAN-OTVM2YSGKP,T0,,,,,
CAN-OTVM2YSGKP,T1,,,,,
CAN-S039J7ZSOL,T0,,,,,
CAN-S039J7ZSOL,T1,,,,,
CAN-2133S4VMOE,T0,,,,,
CAN-2133S4VMOE,T1,,,,,
CAN-QYBTNVESUM,T0,,,,,
CAN-QYBTNVESUM,T1,,,,,
CAN-CGCUCMR2UJ,T0,,,,,
CAN-CGCUCMR2UJ,T1,,,,,
CAN-O6YKKH8WK5,T0,,,,,
CAN-O6YKKH8WK5,T1,,,,,
CAN-X40DIGA2AY,T0,,,,,
CAN-X40DIGA2AY,T1,,,,,
CAN-F1XR6DC0U5,T0,,,,,
CAN-F1XR6DC0U5,T1,,,,,
CAN-FPDLHPZVQA,T0,,,,,
CAN-FPDLHPZVQA,T1,,,,,
CAN-8M60ZD7HC8,T0,,,,,
CAN-8M60ZD7HC8,T1,,,,,
CAN-R6HPCSR4R9,T0,,,,,
CAN-R6HPCSR4R9,T1,,,,,
CAN-FC2QWP11E8,T0,,,,,
CAN-FC2QWP11E8,T1,,,,,
CAN-9ZM14XVFWG,T0,,,,,
CAN-9ZM14XVFWG,T1,,,,,
CAN-JN50LU3MU1,T0,,,,,
CAN-JN50LU3MU1,T1,,,,,
CAN-9UCQNJV20U,T0,,,,,
CAN-9UCQNJV20U,T1,,,,,
CAN-U5I3BB7LIK,T0,,,,,
CAN-U5I3BB7LIK,T1,,,,,
CAN-3PA7NJ2VGS,T0,,,,,
CAN-3PA7NJ2VGS,T1,,,,,
CAN-S5J25O9YQO,T0,,,,,
CAN-S5J25O9YQO,T1,,,,,
CAN-9MH8GV2AQY,T0,,,,,
CAN-9MH8GV2AQY,T1,,,,,
CAN-VEBQ7CDIFU,T0,,,,,
CAN-VEBQ7CDIFU,T1,,,,,
CAN-I4M8DOQQJN,T0,,,,,
CAN-I4M8DOQQJN,T1,,,,,
CAN-L16ZDGA6KP,T0,,,,,
CAN-L16ZDGA6KP,T1,,,,,
CAN-WQ194VKY85,T0,,,,,
CAN-WQ194VKY85,T1,,,,,
CAN-U78UCXWZRW,T0,,,,,
CAN-U78UCXWZRW,T1,,,,,
CAN-2LRK5RM4LC,T0,,,,,
CAN-2LRK5RM4LC,T1,,,,,
CAN-ICKK4E813F,T0,,,,,
CAN-ICKK4E813F,T1,,,,,
CAN-8XB6MC2LP0,T0,,,,,
CAN-8XB6MC2LP0,T1,,,,,
CAN-WMUJ91SAPI,T0,,,,,
CAN-WMUJ91SAPI,T1,,,,,
CAN-BNA4AZVK13,T0,,,,,
CAN-BNA4AZVK13,T1,,,,,
CAN-NRR866PLPW,T0,,,,,
CAN-NRR866PLPW,T1,,,,,
CAN-VMLIWPAKE9,T0,,,,,
CAN-VMLIWPAKE9,T1,,,,,
CAN-CMQPG9M71Q,T0,,,,,
CAN-CMQPG9M71Q,T1,,,,,
CAN-4KWOFQ6VT5,T0,,,,,
CAN-4KWOFQ6VT5,T1,,,,,
CAN-V35498U7OR,T0,,,,,
CAN-V35498U7OR,T1,,,,,
CAN-4LW4J5SLUT,T0,,,,,
CAN-4LW4J5SLUT,T1,,,,,
CAN-MU4NKSC92R,T0,,,,,
CAN-MU4NKSC92R,T1,,,,,
CAN-DB5GKXNSQ6,T0,,,,,
CAN-DB5GKXNSQ6,T1,,,,,
CAN-FAO9BSCYVI,T0,,,,,
CAN-FAO9BSCYVI,T1,,,,,
CAN-PYV5I2QIAF,T0,,,,,
CAN-PYV5I2QIAF,T1,,,,,
CAN-XYU5S9JGEQ,T0,,,,,
CAN-XYU5S9JGEQ,T1,,,,,
CAN-PYFOM7YAGL,T0,,,,,
CAN-PYFOM7YAGL,T1,,,,,
CAN-PC1D12OBB3,T0,,,,,
CAN-PC1D12OBB3,T1,,,,,
CAN-F8LGTB0TAT,T0,,,,,
CAN-F8LGTB0TAT,T1,,,,,
CAN-98XPXJQ9TO,T0,,,,,
CAN-98XPXJQ9TO,T1,,,,,
CAN-BQA0QBKTW1,T0,,,,,
CAN-BQA0QBKTW1,T1,,,,,
CAN-KARQLHONG1,T0,,,,,
CAN-KARQLHONG1,T1,,,,,
CAN-OQE8OT7BXB,T0,,,,,
CAN-OQE8OT7BXB,T1,,,,,
CAN-907RG3GQZE,T0,,,,,
CAN-907RG3GQZE,T1,,,,,
CAN-Q5YEIXZFSI,T0,,,,,
CAN-Q5YEIXZFSI,T1,,,,,
CAN-IN7ZUCO3DG,T0,,,,,
CAN-IN7ZUCO3DG,T1,,,,,
CAN-SL5PJBY35Q,T0,,,,,
CAN-SL5PJBY35Q,T1,,,,,
CAN-3IW1Z1AUQB,T0,,,,,
CAN-3IW1Z1AUQB,T1,,,,,
CAN-HTRP0K43CB,T0,,,,,
CAN-HTRP0K43CB,T1,,,,,
CAN-BLYCX6KVEN,T0,,,,,
CAN-BLYCX6KVEN,T1,,,,,
CAN-4S2AFB2CAX,T0,,,,,
CAN-4S2AFB2CAX,T1,,,,,
CAN-FUQ1DTWBT0,T0,,,,,
CAN-FUQ1DTWBT0,T1,,,,,
CAN-MDPGNBXQU8,T0,,,,,
CAN-MDPGNBXQU8,T1,,,,,
CAN-0VY3JFUKEN,T0,,,,,
CAN-0VY3JFUKEN,T1,,,,,
CAN-8UKH4K3E3I,T0,,,,,
CAN-8UKH4K3E3I,T1,,,,,
CAN-GE61791MG4,T0,,,,,
CAN-GE61791MG4,T1,,,,,
CAN-4DG6JXOVME,T0,,,,,
CAN-4DG6JXOVME,T1,,,,,
CAN-9E7AZMG9BQ,T0,,,,,
CAN-9E7AZMG9BQ,T1,,,,,
CAN-PDEJDWBEWJ,T0,,,,,
CAN-PDEJDWBEWJ,T1,,,,,
CAN-FY0ZMQPXYB,T0,,,,,
CAN-FY0ZMQPXYB,T1,,,,,
CAN-IUPB38FZO6,T0,,,,,
CAN-IUPB38FZO6,T1,,,,,
CAN-94B4YW9ZRS,T0,,,,,
CAN-94B4YW9ZRS,T1,,,,,
CAN-IH5PZC8ODU,T0,,,,,
CAN-IH5PZC8ODU,T1,,,,,
CAN-V893PIQ6NO,T0,,,,,
CAN-V893PIQ6NO,T1,,,,,
CAN-LMJ54SLK0Q,T0,,,,,
CAN-LMJ54SLK0Q,T1,,,,,
CAN-W284AS6U1Z,T0,,,,,
CAN-W284AS6U1Z,T1,,,,,
CAN-QVMZ12HJ3D,T0,,,,,
CAN-QVMZ12HJ3D,T1,,,,,
CAN-KWQRR7Z9OV,T0,,,,,
CAN-KWQRR7Z9OV,T1,,,,,
CAN-1PPDDJWQSB,T0,,,,,
CAN-1PPDDJWQSB,T1,,,,,
CAN-FRPH34AB4Y,T0,,,,,
CAN-FRPH34AB4Y,T1,,,,,
CAN-B5GZFYKRIO,T0,,,,,
CAN-B5GZFYKRIO,T1,,,,,
CAN-GHGUVA2IV6,T0,,,,,
CAN-GHGUVA2IV6,T1,,,,,
CAN-BR1LBD1IYW,T0,,,,,
CAN-BR1LBD1IYW,T1,,,,,
CAN-BOZC3QCAOQ,T0,,,,,
CAN-BOZC3QCAOQ,T1,,,,,
CAN-01WBIVSAFX,T0,,,,,
CAN-01WBIVSAFX,T1,,,,,
CAN-ID87G4IDD7,T0,,,,,
CAN-ID87G4IDD7,T1,,,,,
CAN-5BQDD3SIED,T0,,,,,
CAN-5BQDD3SIED,T1,,,,,
CAN-6NBFZQP7VX,T0,,,,,
CAN-6NBFZQP7VX,T1,,,,,
CAN-WFQVI5ILP2,T0,,,,,
CAN-WFQVI5ILP2,T1,,,,,
CAN-7BMO1PTFD9,T0,,,,,
CAN-7BMO1PTFD9,T1,,,,,
CAN-5Y27TX6LU7,T0,,,,,
CAN-5Y27TX6LU7,T1,,,,,
CAN-6SIZTH8V1X,T0,,,,,
CAN-6SIZTH8V1X,T1,,,,,
CAN-V1XML3BGH8,T0,,,,,
CAN-V1XML3BGH8,T1,,,,,
CAN-ADVEI3U8ZX,T0,,,,,
CAN-ADVEI3U8ZX,T1,,,,,
CAN-0CT06UIHTU,T0,,,,,
CAN-0CT06UIHTU,T1,,,,,
CAN-LCL9HF7B7K,T0,,,,,
CAN-LCL9HF7B7K,T1,,,,,
CAN-3UEN5R9OUD,T0,,,,,
CAN-3UEN5R9OUD,T1,,,,,
CAN-0ODRDWHL0E,T0,,,,,
CAN-0ODRDWHL0E,T1,,,,,
CAN-F2LFFORA0M,T0,,,,,
CAN-F2LFFORA0M,T1,,,,,
CAN-8GEUMCFKI8,T0,,,,,
CAN-8GEUMCFKI8,T1,,,,,
CAN-PBRR29HATJ,T0,,,,,
CAN-PBRR29HATJ,T1,,,,,
CAN-AW8GWCTN15,T0,,,,,
CAN-AW8GWCTN15,T1,,,,,
CAN-7TOAJR9ETG,T0,,,,,
CAN-7TOAJR9ETG,T1,,,,,
CAN-2VQ4PC035C,T0,,,,,
CAN-2VQ4PC035C,T1,,,,,
CAN-LT91W3I4ND,T0,,,,,
CAN-LT91W3I4ND,T1,,,,,
CAN-XEE8H9679C,T0,,,,,
CAN-XEE8H9679C,T1,,,,,
CAN-LUTC7Z7NJP,T0,,,,,
CAN-LUTC7Z7NJP,T1,,,,,
CAN-YU8RXAT9FV,T0,,,,,
CAN-YU8RXAT9FV,T1,,,,,
CAN-C83RYWGZ4R,T0,,,,,
CAN-C83RYWGZ4R,T1,,,,,
CAN-5ERUHETQUS,T0,,,,,
CAN-5ERUHETQUS,T1,,,,,
CAN-3ML7B00NJ8,T0,,,,,
CAN-3ML7B00NJ8,T1,,,,,
CAN-I1Z23W6W6U,T0,,,,,
CAN-I1Z23W6W6U,T1,,,,,
CAN-D3MFLV5911,T0,,,,,
CAN-D3MFLV5911,T1,,,,,
CAN-1ZB8BH3HU0,T0,,,,,
CAN-1ZB8BH3HU0,T1,,,,,
CAN-BEV6OL02V0,T0,,,,,
CAN-BEV6OL02V0,T1,,,,,
CAN-7PTW0353YR,T0,,,,,
CAN-7PTW0353YR,T1,,,,,
CAN-EFV7EGN0P9,T0,,,,,
CAN-EFV7EGN0P9,T1,,,,,
CAN-NQP7T7T56O,T0,,,,,
CAN-NQP7T7T56O,T1,,,,,
CAN-QA0VJATZQN,T0,,,,,
CAN-QA0VJATZQN,T1,,,,,
CAN-UCP1FZUH20,T0,,,,,
CAN-UCP1FZUH20,T1,,,,,
CAN-8IF5PQDEJM,T0,,,,,
CAN-8IF5PQDEJM,T1,,,,,
CAN-2VB5CD9ZHP,T0,,,,,
CAN-2VB5CD9ZHP,T1,,,,,
CAN-7M2622IRTL,T0,,,,,
CAN-7M2622IRTL,T1,,,,,
CAN-5IB9W1QTZ3,T0,,,,,
CAN-5IB9W1QTZ3,T1,,,,,
CAN-A8AQ82TB3E,T0,,,,,
CAN-A8AQ82TB3E,T1,,,,,
CAN-B1HX6EIFFL,T0,,,,,
CAN-B1HX6EIFFL,T1,,,,,
CAN-GSLQG308N9,T0,,,,,
CAN-GSLQG308N9,T1,,,,,
CAN-Y81IKUIDD8,T0,,,,,
CAN-Y81IKUIDD8,T1,,,,,
CAN-CUMYPJ11CF,T0,,,,,
CAN-CUMYPJ11CF,T1,,,,,
CAN-V9S6LB9IYA,T0,,,,,
CAN-V9S6LB9IYA,T1,,,,,
CAN-FEYUQU3N93,T0,,,,,
CAN-FEYUQU3N93,T1,,,,,
CAN-I05EZ98G8S,T0,,,,,
CAN-I05EZ98G8S,T1,,,,,
CAN-OX48UZK41K,T0,,,,,
CAN-OX48UZK41K,T1,,,,,
CAN-76IXWXMOI5,T0,,,,,
CAN-76IXWXMOI5,T1,,,,,
CAN-OH1KRJV6VM,T0,,,,,
CAN-OH1KRJV6VM,T1,,,,,
CAN-JUJXSTXXPX,T0,,,,,
CAN-JUJXSTXXPX,T1,,,,,
CAN-WRV28UU66H,T0,,,,,
CAN-WRV28UU66H,T1,,,,,
CAN-LUUL4DIIN0,T0,,,,,
CAN-LUUL4DIIN0,T1,,,,,
CAN-NUEOJ207MT,T0,,,,,
CAN-NUEOJ207MT,T1,,,,,
CAN-UP4S8F4IRW,T0,,,,,
CAN-UP4S8F4IRW,T1,,,,,
CAN-ZIDWTKP5YB,T0,,,,,
CAN-ZIDWTKP5YB,T1,,,,,
CAN-IH9IR1AXZI,T0,,,,,
CAN-IH9IR1AXZI,T1,,,,,
CAN-M5L7XQ4S0I,T0,,,,,
CAN-M5L7XQ4S0I,T1,,,,,
CAN-SP7A6S70C1,T0,,,,,
CAN-SP7A6S70C1,T1,,,,,
CAN-EKY7G4EU46,T0,,,,,
CAN-EKY7G4EU46,T1,,,,,
CAN-YQBIXVTORW,T0,,,,,
CAN-YQBIXVTORW,T1,,,,,
CAN-CHEJ8SN7LP,T0,,,,,
CAN-CHEJ8SN7LP,T1,,,,,
CAN-FLUD5EV2XE,T0,,,,,
CAN-FLUD5EV2XE,T1,,,,,
CAN-2I2OQG3JQ5,T0,,,,,
CAN-2I2OQG3JQ5,T1,,,,,
CAN-46TSTFJR3D,T0,,,,,
CAN-46TSTFJR3D,T1,,,,,
CAN-KI8YBQWRHD,T0,,,,,
CAN-KI8YBQWRHD,T1,,,,,
CAN-K2HLKDS77F,T0,,,,,
CAN-K2HLKDS77F,T1,,,,,
CAN-99BDBGE2BW,T0,,,,,
CAN-99BDBGE2BW,T1,,,,,
CAN-NET4MCE1UP,T0,,,,,
CAN-NET4MCE1UP,T1,,,,,
CAN-SL47M1MADH,T0,,,,,
CAN-SL47M1MADH,T1,,,,,
CAN-FPHD650ZT0,T0,,,,,
CAN-FPHD650ZT0,T1,,,,,
CAN-BQ66XYH90G,T0,,,,,
CAN-BQ66XYH90G,T1,,,,,
CAN-TJHA7WPVR8,T0,,,,,
CAN-TJHA7WPVR8,T1,,,,,
CAN-QEM0MI7T5X,T0,,,,,
CAN-QEM0MI7T5X,T1,,,,,
CAN-N85NU82IJP,T0,,,,,
CAN-N85NU82IJP,T1,,,,,
CAN-25Z7A5K0O4,T0,,,,,
CAN-25Z7A5K0O4,T1,,,,,
CAN-YMOVPA1ED7,T0,,,,,
CAN-YMOVPA1ED7,T1,,,,,
CAN-NRPYU14PAF,T0,,,,,
CAN-NRPYU14PAF,T1,,,,,
CAN-2JZJZZP3AB,T0,,,,,
CAN-2JZJZZP3AB,T1,,,,,
CAN-FKLS5CUZ7D,T0,,,,,
CAN-FKLS5CUZ7D,T1,,,,,
CAN-YGRQ7V5944,T0,,,,,
CAN-YGRQ7V5944,T1,,,,,
CAN-HYHVLGP2QQ,T0,,,,,
CAN-HYHVLGP2QQ,T1,,,,,
CAN-KOFOQWL1S1,T0,,,,,
CAN-KOFOQWL1S1,T1,,,,,
CAN-OVBR45Z28B,T0,,,,,
CAN-OVBR45Z28B,T1,,,,,
CAN-OBE3KCHPKY,T0,,,,,
CAN-OBE3KCHPKY,T1,,,,,
CAN-F6I4UBI5HU,T0,,,,,
CAN-F6I4UBI5HU,T1,,,,,
CAN-JV2RHXJ29V,T0,,,,,
CAN-JV2RHXJ29V,T1,,,,,
CAN-AFCUISJ5OP,T0,,,,,
CAN-AFCUISJ5OP,T1,,,,,
CAN-SFHQEMA9F0,T0,,,,,
CAN-SFHQEMA9F0,T1,,,,,
CAN-4ZRZCXJDQU,T0,,,,,
CAN-4ZRZCXJDQU,T1,,,,,
CAN-GG7UGUC1MX,T0,,,,,
CAN-GG7UGUC1MX,T1,,,,,
CAN-ZGS5CLZ2FW,T0,,,,,
CAN-ZGS5CLZ2FW,T1,,,,,
CAN-II5XTSOPJO,T0,,,,,
CAN-II5XTSOPJO,T1,,,,,
CAN-0KEV9OAY82,T0,,,,,
CAN-0KEV9OAY82,T1,,,,,
CAN-YIM1G6USY4,T0,,,,,
CAN-YIM1G6USY4,T1,,,,,
CAN-2XJTZT7VLJ,T0,,,,,
CAN-2XJTZT7VLJ,T1,,,,,
CAN-NSH73J031R,T0,,,,,
CAN-NSH73J031R,T1,,,,,
CAN-MLI5UJLV4E,T0,,,,,
CAN-MLI5UJLV4E,T1,,,,,
CAN-AM5ABVBF2V,T0,,,,,
CAN-AM5ABVBF2V,T1,,,,,
CAN-JV9YLX8XV3,T0,,,,,
CAN-JV9YLX8XV3,T1,,,,,
CAN-S84A8IWDBD,T0,,,,,
CAN-S84A8IWDBD,T1,,,,,
CAN-83N6T5BBMV,T0,,,,,
CAN-83N6T5BBMV,T1,,,,,
CAN-MPJ2TBF4M8,T0,,,,,
CAN-MPJ2TBF4M8,T1,,,,,
CAN-K49G5VH2IL,T0,,,,,
CAN-K49G5VH2IL,T1,,,,,
CAN-7QMLOKY0XH,T0,,,,,
CAN-7QMLOKY0XH,T1,,,,,
CAN-ONR5AITJZH,T0,,,,,
CAN-ONR5AITJZH,T1,,,,,
CAN-1LG5PRPZQM,T0,,,,,
CAN-1LG5PRPZQM,T1,,,,,
CAN-JBPTC8MDS1,T0,,,,,
CAN-JBPTC8MDS1,T1,,,,,
CAN-OOWQBFUC6K,T0,,,,,
CAN-OOWQBFUC6K,T1,,,,,
CAN-8L1SKEQ715,T0,,,,,
CAN-8L1SKEQ715,T1,,,,,
CAN-IV3YUYN86K,T0,,,,,
CAN-IV3YUYN86K,T1,,,,,
CAN-MTHXGHS1BR,T0,,,,,
CAN-MTHXGHS1BR,T1,,,,,
CAN-DHSNC7SHK7,T0,,,,,
CAN-DHSNC7SHK7,T1,,,,,
CAN-CRIBPDMSIF,T0,,,,,
CAN-CRIBPDMSIF,T1,,,,,
CAN-T5WWVMIB2P,T0,,,,,
CAN-T5WWVMIB2P,T1,,,,,
CAN-672KYIW2ME,T0,,,,,
CAN-672KYIW2ME,T1,,,,,
CAN-TXXR6KUQVH,T0,,,,,
CAN-TXXR6KUQVH,T1,,,,,
CAN-3AZTT5O6MJ,T0,,,,,
CAN-3AZTT5O6MJ,T1,,,,,
CAN-JVGTTFJJ3K,T0,,,,,
CAN-JVGTTFJJ3K,T1,,,,,
CAN-XMBBB6J3MP,T0,,,,,
CAN-XMBBB6J3MP,T1,,,,,
CAN-XZPOP932B4,T0,,,,,
CAN-XZPOP932B4,T1,,,,,
CAN-OVLPI65QBX,T0,,,,,
CAN-OVLPI65QBX,T1,,,,,
CAN-A9AEDAWKIX,T0,,,,,
CAN-A9AEDAWKIX,T1,,,,,
CAN-RWVLQ6JSLV,T0,,,,,
CAN-RWVLQ6JSLV,T1,,,,,
CAN-5IAHJKOGCO,T0,,,,,
CAN-5IAHJKOGCO,T1,,,,,
CAN-6TKZPM6KJ6,T0,,,,,
CAN-6TKZPM6KJ6,T1,,,,,
CAN-1PTCG075Q6,T0,,,,,
CAN-1PTCG075Q6,T1,,,,,
CAN-V38ZXZD1R0,T0,,,,,
CAN-V38ZXZD1R0,T1,,,,,
CAN-QBZJP7CX0L,T0,,,,,
CAN-QBZJP7CX0L,T1,,,,,
CAN-RJX83WQ8PD,T0,,,,,
CAN-RJX83WQ8PD,T1,,,,,
CAN-2H9RNDA21N,T0,,,,,
CAN-2H9RNDA21N,T1,,,,,
CAN-FZCK383DW5,T0,,,,,
CAN-FZCK383DW5,T1,,,,,
CAN-FVLZWRSB7C,T0,,,,,
CAN-FVLZWRSB7C,T1,,,,,
CAN-LEUEJ08DOR,T0,,,,,
CAN-LEUEJ08DOR,T1,,,,,
CAN-YRZEGAKE74,T0,,,,,
CAN-YRZEGAKE74,T1,,,,,
CAN-PVC5KEESXU,T0,,,,,
CAN-PVC5KEESXU,T1,,,,,
CAN-Q77IIX6DNU,T0,,,,,
CAN-Q77IIX6DNU,T1,,,,,
CAN-X91KDDMBZ7,T0,,,,,
CAN-X91KDDMBZ7,T1,,,,,
CAN-0PM9H569Z9,T0,,,,,
CAN-0PM9H569Z9,T1,,,,,
CAN-O4Q18XCEVD,T0,,,,,
CAN-O4Q18XCEVD,T1,,,,,
CAN-UFANWF25BM,T0,,,,,
CAN-UFANWF25BM,T1,,,,,
CAN-EQC8OPCR9F,T0,,,,,
CAN-EQC8OPCR9F,T1,,,,,
CAN-3E58Z2YPLD,T0,,,,,
CAN-3E58Z2YPLD,T1,,,,,
CAN-HKYQQGMV73,T0,,,,,
CAN-HKYQQGMV73,T1,,,,,
CAN-398UNBPMWV,T0,,,,,
CAN-398UNBPMWV,T1,,,,,
CAN-N246DONVPX,T0,,,,,
CAN-N246DONVPX,T1,,,,,
CAN-A0CISDUV3Z,T0,,,,,
CAN-A0CISDUV3Z,T1,,,,,
CAN-8R8YQYD52O,T0,,,,,
CAN-8R8YQYD52O,T1,,,,,
CAN-DWMRH9GUH1,T0,,,,,
CAN-DWMRH9GUH1,T1,,,,,
CAN-FMGFGOAV3G,T0,,,,,
CAN-FMGFGOAV3G,T1,,,,,
CAN-ZAHFOY8PR2,T0,,,,,
CAN-ZAHFOY8PR2,T1,,,,,
CAN-ZRTGG1JJ1U,T0,,,,,
CAN-ZRTGG1JJ1U,T1,,,,,
CAN-9PGUK11TNV,T0,,,,,
CAN-9PGUK11TNV,T1,,,,,
CAN-D0A5SDWYO9,T0,,,,,
CAN-D0A5SDWYO9,T1,,,,,
CAN-LAAZKJS0G8,T0,,,,,
CAN-LAAZKJS0G8,T1,,,,,
CAN-4KD627DTTU,T0,,,,,
CAN-4KD627DTTU,T1,,,,,
CAN-S7U3Q5K51Q,T0,,,,,
CAN-S7U3Q5K51Q,T1,,,,,
CAN-2KBH93QAU9,T0,,,,,
CAN-2KBH93QAU9,T1,,,,,
CAN-XV4Q5M4TS2,T0,,,,,
CAN-XV4Q5M4TS2,T1,,,,,
CAN-HA4CLFLERR,T0,,,,,
CAN-HA4CLFLERR,T1,,,,,
CAN-9UF00BV0SU,T0,,,,,
CAN-9UF00BV0SU,T1,,,,,
CAN-XD28GWN10O,T0,,,,,
CAN-XD28GWN10O,T1,,,,,
CAN-NIX3RG2390,T0,,,,,
CAN-NIX3RG2390,T1,,,,,
CAN-5BNE64GPL0,T0,,,,,
CAN-5BNE64GPL0,T1,,,,,
CAN-X439P9W92L,T0,,,,,
CAN-X439P9W92L,T1,,,,,
CAN-R1AYC3GC8X,T0,,,,,
CAN-R1AYC3GC8X,T1,,,,,
CAN-NRE13DO0QK,T0,,,,,
CAN-NRE13DO0QK,T1,,,,,
CAN-YQ9B1T44SL,T0,,,,,
CAN-YQ9B1T44SL,T1,,,,,
CAN-3EI6F86KWC,T0,,,,,
CAN-3EI6F86KWC,T1,,,,,
CAN-WJR1C7X3Z3,T0,,,,,
CAN-WJR1C7X3Z3,T1,,,,,
CAN-J8KSU6Q58S,T0,,,,,
CAN-J8KSU6Q58S,T1,,,,,
CAN-1B01W4DLBR,T0,,,,,
CAN-1B01W4DLBR,T1,,,,,
CAN-MKF3YF01TG,T0,,,,,
CAN-MKF3YF01TG,T1,,,,,
CAN-BXZQ3D6TSK,T0,,,,,
CAN-BXZQ3D6TSK,T1,,,,,
CAN-6FKVU8SUH5,T0,,,,,
CAN-6FKVU8SUH5,T1,,,,,
CAN-5F2G63X3NM,T0,,,,,
CAN-5F2G63X3NM,T1,,,,,
CAN-IC6ITMKYDJ,T0,,,,,
CAN-IC6ITMKYDJ,T1,,,,,
CAN-N9I4V4NEQF,T0,,,,,
CAN-N9I4V4NEQF,T1,,,,,
CAN-4NR049X6I7,T0,,,,,
CAN-4NR049X6I7,T1,,,,,
CAN-P049Y8KP5Z,T0,,,,,
CAN-P049Y8KP5Z,T1,,,,,
CAN-14415SZF40,T0,,,,,
CAN-14415SZF40,T1,,,,,
CAN-6H4R8XQT8V,T0,,,,,
CAN-6H4R8XQT8V,T1,,,,,
CAN-6U738Q1GJP,T0,,,,,
CAN-6U738Q1GJP,T1,,,,,
CAN-URKPLZ5I1K,T0,,,,,
CAN-URKPLZ5I1K,T1,,,,,
CAN-QHCOTPKXVQ,T0,,,,,
CAN-QHCOTPKXVQ,T1,,,,,
CAN-NXGQJPMN1X,T0,,,,,
CAN-NXGQJPMN1X,T1,,,,,
CAN-GDMYWEL8PF,T0,,,,,
CAN-GDMYWEL8PF,T1,,,,,
CAN-4LXOYAAA7M,T0,,,,,
CAN-4LXOYAAA7M,T1,,,,,
CAN-74M7TKVBWW,T0,,,,,
CAN-74M7TKVBWW,T1,,,,,
CAN-V8DWK8OWOR,T0,,,,,
CAN-V8DWK8OWOR,T1,,,,,
CAN-2J4RUM39VJ,T0,,,,,
CAN-2J4RUM39VJ,T1,,,,,
CAN-MAS1HUGFST,T0,,,,,
CAN-MAS1HUGFST,T1,,,,,
CAN-6JZ28KCMMJ,T0,,,,,
CAN-6JZ28KCMMJ,T1,,,,,
CAN-1O03BSPDC7,T0,,,,,
CAN-1O03BSPDC7,T1,,,,,
CAN-KTONCTKQSK,T0,,,,,
CAN-KTONCTKQSK,T1,,,,,
CAN-464D42UUJY,T0,,,,,
CAN-464D42UUJY,T1,,,,,
CAN-9SKYY4QMLO,T0,,,,,
CAN-9SKYY4QMLO,T1,,,,,
CAN-LPRRGXF428,T0,,,,,
CAN-LPRRGXF428,T1,,,,,
CAN-YZXIS3SPRB,T0,,,,,
CAN-YZXIS3SPRB,T1,,,,,
CAN-Q4AJOSENJE,T0,,,,,
CAN-Q4AJOSENJE,T1,,,,,
CAN-N54P71YQF1,T0,,,,,
CAN-N54P71YQF1,T1,,,,,
CAN-7CXE5P85Z2,T0,,,,,
CAN-7CXE5P85Z2,T1,,,,,
CAN-7OU0VPVKUB,T0,,,,,
CAN-7OU0VPVKUB,T1,,,,,
CAN-9QFCVJJ3K6,T0,,,,,
CAN-9QFCVJJ3K6,T1,,,,,
CAN-APTZOQL7K0,T0,,,,,
CAN-APTZOQL7K0,T1,,,,,
CAN-FYA8QEUS84,T0,,,,,
CAN-FYA8QEUS84,T1,,,,,
CAN-49CVLDHS8L,T0,,,,,
CAN-49CVLDHS8L,T1,,,,,
CAN-HREDXBMUVM,T0,,,,,
CAN-HREDXBMUVM,T1,,,,,
CAN-FFAAL5R4ZC,T0,,,,,
CAN-FFAAL5R4ZC,T1,,,,,
CAN-B0FYO3ENSX,T0,,,,,
CAN-B0FYO3ENSX,T1,,,,,
CAN-N1Z53XOVJ5,T0,,,,,
CAN-N1Z53XOVJ5,T1,,,,,
CAN-LXP6XG31J7,T0,,,,,
CAN-LXP6XG31J7,T1,,,,,
CAN-EMVSY437XL,T0,,,,,
CAN-EMVSY437XL,T1,,,,,
CAN-1D81RWZQ08,T0,,,,,
CAN-1D81RWZQ08,T1,,,,,
CAN-6KC42CV8A8,T0,,,,,
CAN-6KC42CV8A8,T1,,,,,
CAN-WQAPRF1QXP,T0,,,,,
CAN-WQAPRF1QXP,T1,,,,,
CAN-7LJ2M5MWFZ,T0,,,,,
CAN-7LJ2M5MWFZ,T1,,,,,
CAN-4D00CF6EPS,T0,,,,,
CAN-4D00CF6EPS,T1,,,,,
CAN-5V92HW0YO3,T0,,,,,
CAN-5V92HW0YO3,T1,,,,,
CAN-ZTT7KNCCLT,T0,,,,,
CAN-ZTT7KNCCLT,T1,,,,,
CAN-UT0X0T5GCG,T0,,,,,
CAN-UT0X0T5GCG,T1,,,,,
CAN-706I85SIG4,T0,,,,,
CAN-706I85SIG4,T1,,,,,
CAN-499GVS2E1T,T0,,,,,
CAN-499GVS2E1T,T1,,,,,
CAN-9ZWDQLROGS,T0,,,,,
CAN-9ZWDQLROGS,T1,,,,,
CAN-TPLA4CORQE,T0,,,,,
CAN-TPLA4CORQE,T1,,,,,
CAN-EDHOVCDFG1,T0,,,,,
CAN-EDHOVCDFG1,T1,,,,,
CAN-AO5GA0LWM4,T0,,,,,
CAN-AO5GA0LWM4,T1,,,,,
CAN-1MXOER5345,T0,,,,,
CAN-1MXOER5345,T1,,,,,
CAN-LVYG2G45BL,T0,,,,,
CAN-LVYG2G45BL,T1,,,,,
CAN-JKR4HWV619,T0,,,,,
CAN-JKR4HWV619,T1,,,,,
CAN-1PCZRRORGK,T0,,,,,
CAN-1PCZRRORGK,T1,,,,,
CAN-QSJCJ6KAJE,T0,,,,,
CAN-QSJCJ6KAJE,T1,,,,,
CAN-CXKEYL48RC,T0,,,,,
CAN-CXKEYL48RC,T1,,,,,
CAN-0I1Q8PFM34,T0,,,,,
CAN-0I1Q8PFM34,T1,,,,,
CAN-VVL29RT8BD,T0,,,,,
CAN-VVL29RT8BD,T1,,,,,
CAN-AMTDYZI3HZ,T0,,,,,
CAN-AMTDYZI3HZ,T1,,,,,
CAN-OV1G9PCWBT,T0,,,,,
CAN-OV1G9PCWBT,T1,,,,,
CAN-U2C049VHK5,T0,,,,,
CAN-U2C049VHK5,T1,,,,,
CAN-YI4X4L85KU,T0,,,,,
CAN-YI4X4L85KU,T1,,,,,
CAN-3ACS9ZUGAO,T0,,,,,
CAN-3ACS9ZUGAO,T1,,,,,
CAN-ZUP3ULJWQN,T0,,,,,
CAN-ZUP3ULJWQN,T1,,,,,
CAN-AEU256AXD9,T0,,,,,
CAN-AEU256AXD9,T1,,,,,
CAN-YENARBNKOP,T0,,,,,
CAN-YENARBNKOP,T1,,,,,
CAN-TBR7VXCXJQ,T0,,,,,
CAN-TBR7VXCXJQ,T1,,,,,
CAN-5GVAH8DKCQ,T0,,,,,
CAN-5GVAH8DKCQ,T1,,,,,
CAN-406U4IKDB5,T0,,,,,
CAN-406U4IKDB5,T1,,,,,
CAN-A2BY8G91B7,T0,,,,,
CAN-A2BY8G91B7,T1,,,,,
CAN-KOLHG1ZJ8T,T0,,,,,
CAN-KOLHG1ZJ8T,T1,,,,,
CAN-Z9N8S3FCJD,T0,,,,,
CAN-Z9N8S3FCJD,T1,,,,,
CAN-MN1Z9OKZS8,T0,,,,,
CAN-MN1Z9OKZS8,T1,,,,,
CAN-AXKN7U87M8,T0,,,,,
CAN-AXKN7U87M8,T1,,,,,
CAN-9QKDWOH19V,T0,,,,,
CAN-9QKDWOH19V,T1,,,,,
CAN-NHJ0NVRTSF,T0,,,,,
CAN-NHJ0NVRTSF,T1,,,,,
CAN-PIB20XIU92,T0,,,,,
CAN-PIB20XIU92,T1,,,,,
CAN-BM9MG23QDR,T0,,,,,
CAN-BM9MG23QDR,T1,,,,,
CAN-NMU0XIMRRV,T0,,,,,
CAN-NMU0XIMRRV,T1,,,,,
CAN-D1LE4PGLVR,T0,,,,,
CAN-D1LE4PGLVR,T1,,,,,
CAN-D1JHDUGLOT,T0,,,,,
CAN-D1JHDUGLOT,T1,,,,,
CAN-7XOWDC16P8,T0,,,,,
CAN-7XOWDC16P8,T1,,,,,
CAN-QEJBUO2BKT,T0,,,,,
CAN-QEJBUO2BKT,T1,,,,,
CAN-PHK0FEQFVM,T0,,,,,
CAN-PHK0FEQFVM,T1,,,,,
CAN-VO88CCSMUK,T0,,,,,
CAN-VO88CCSMUK,T1,,,,,
CAN-MHMEZRES10,T0,,,,,
CAN-MHMEZRES10,T1,,,,,
CAN-DF3BJD4NV8,T0,,,,,
CAN-DF3BJD4NV8,T1,,,,,
CAN-4482P65PBG,T0,,,,,
CAN-4482P65PBG,T1,,,,,
CAN-9TQGWQM1VP,T0,,,,,
CAN-9TQGWQM1VP,T1,,,,,
CAN-GZPJMLRT6V,T0,,,,,
CAN-GZPJMLRT6V,T1,,,,,
CAN-9AXKSJUR1T,T0,,,,,
CAN-9AXKSJUR1T,T1,,,,,
CAN-HC28AFKT7T,T0,,,,,
CAN-HC28AFKT7T,T1,,,,,
CAN-AUW0UY2XL1,T0,,,,,
CAN-AUW0UY2XL1,T1,,,,,
CAN-98I5AT4QIF,T0,,,,,
CAN-98I5AT4QIF,T1,,,,,
CAN-TCHKUFS8QG,T0,,,,,
CAN-TCHKUFS8QG,T1,,,,,
CAN-9CLBU4K6QV,T0,,,,,
CAN-9CLBU4K6QV,T1,,,,,
CAN-4N47VE3O6X,T0,,,,,
CAN-4N47VE3O6X,T1,,,,,
CAN-LZ95TD4R17,T0,,,,,
CAN-LZ95TD4R17,T1,,,,,
CAN-7E0QK4A3MI,T0,,,,,
CAN-7E0QK4A3MI,T1,,,,,
CAN-QYV0HN776X,T0,,,,,
CAN-QYV0HN776X,T1,,,,,
CAN-CAT4Y47LVY,T0,,,,,
CAN-CAT4Y47LVY,T1,,,,,
CAN-KZRPZ8Y4WR,T0,,,,,
CAN-KZRPZ8Y4WR,T1,,,,,
CAN-KGIL18G5X6,T0,,,,,
CAN-KGIL18G5X6,T1,,,,,
CAN-L9MDVOQJXL,T0,,,,,
CAN-L9MDVOQJXL,T1,,,,,
CAN-W7VYPCCFI7,T0,,,,,
CAN-W7VYPCCFI7,T1,,,,,
CAN-PMQ2R9B6HJ,T0,,,,,
CAN-PMQ2R9B6HJ,T1,,,,,
CAN-8UQCQX3WZD,T0,,,,,
CAN-8UQCQX3WZD,T1,,,,,
CAN-QRWD6KB0K5,T0,,,,,
CAN-QRWD6KB0K5,T1,,,,,
CAN-RWGNRZY44I,T0,,,,,
CAN-RWGNRZY44I,T1,,,,,
CAN-9RCDAANL2R,T0,,,,,
CAN-9RCDAANL2R,T1,,,,,
CAN-8ABXAD2XLX,T0,,,,,
CAN-8ABXAD2XLX,T1,,,,,
CAN-BJ8BSEP997,T0,,,,,
CAN-BJ8BSEP997,T1,,,,,
CAN-M65WQNUH1C,T0,,,,,
CAN-M65WQNUH1C,T1,,,,,
CAN-OBXOISI4XH,T0,,,,,
CAN-OBXOISI4XH,T1,,,,,
CAN-EHR0Y8AUYE,T0,,,,,
CAN-EHR0Y8AUYE,T1,,,,,
CAN-4WM13BFOCI,T0,,,,,
CAN-4WM13BFOCI,T1,,,,,
CAN-V1D4IJXKEP,T0,,,,,
CAN-V1D4IJXKEP,T1,,,,,
CAN-WO2ZYZ1SRI,T0,,,,,
CAN-WO2ZYZ1SRI,T1,,,,,
CAN-D6HNOBYLHH,T0,,,,,
CAN-D6HNOBYLHH,T1,,,,,
CAN-3K4WRFR2SJ,T0,,,,,
CAN-3K4WRFR2SJ,T1,,,,,
CAN-950G1340VO,T0,,,,,
CAN-950G1340VO,T1,,,,,
CAN-0IPKKFRP84,T0,,,,,
CAN-0IPKKFRP84,T1,,,,,
CAN-IDP2E7FJRK,T0,,,,,
CAN-IDP2E7FJRK,T1,,,,,
CAN-TX4V5V7V1B,T0,,,,,
CAN-TX4V5V7V1B,T1,,,,,
CAN-HG6Y5G1DIB,T0,,,,,
CAN-HG6Y5G1DIB,T1,,,,,
CAN-VL18L423X7,T0,,,,,
CAN-VL18L423X7,T1,,,,,
CAN-CEECNK9KI7,T0,,,,,
CAN-CEECNK9KI7,T1,,,,,
CAN-FOCDW3FOOP,T0,,,,,
CAN-FOCDW3FOOP,T1,,,,,
CAN-OLGGAQ8CTD,T0,,,,,
CAN-OLGGAQ8CTD,T1,,,,,
CAN-LS5963ZRPX,T0,,,,,
CAN-LS5963ZRPX,T1,,,,,
CAN-LUCB2BKV58,T0,,,,,
CAN-LUCB2BKV58,T1,,,,,
CAN-A75GWZZ54H,T0,,,,,
CAN-A75GWZZ54H,T1,,,,,
CAN-9E8RFFGP6W,T0,,,,,
CAN-9E8RFFGP6W,T1,,,,,
CAN-G35EFDOYS5,T0,,,,,
CAN-G35EFDOYS5,T1,,,,,
CAN-ZII3QKSCVM,T0,,,,,
CAN-ZII3QKSCVM,T1,,,,,
CAN-11IZSEDLEF,T0,,,,,
CAN-11IZSEDLEF,T1,,,,,
CAN-JT1SB38WV9,T0,,,,,
CAN-JT1SB38WV9,T1,,,,,
CAN-G5OMRSP3LT,T0,,,,,
CAN-G5OMRSP3LT,T1,,,,,
CAN-CCISYJU19J,T0,,,,,
CAN-CCISYJU19J,T1,,,,,
CAN-WMQ82N75NO,T0,,,,,
CAN-WMQ82N75NO,T1,,,,,
CAN-17OPU1A2IG,T0,,,,,
CAN-17OPU1A2IG,T1,,,,,
CAN-LCXPZKSRYV,T0,,,,,
CAN-LCXPZKSRYV,T1,,,,,
CAN-2XS9EZAKR5,T0,,,,,
CAN-2XS9EZAKR5,T1,,,,,
CAN-1DF0NROYGZ,T0,,,,,
CAN-1DF0NROYGZ,T1,,,,,
CAN-W7F5AI2SMA,T0,,,,,
CAN-W7F5AI2SMA,T1,,,,,
CAN-ZVU9M58IQR,T0,,,,,
CAN-ZVU9M58IQR,T1,,,,,
CAN-OQ34DZXPQ6,T0,,,,,
CAN-OQ34DZXPQ6,T1,,,,,
CAN-3RBX7ZYF1H,T0,,,,,
CAN-3RBX7ZYF1H,T1,,,,,
CAN-0A8LKMABRT,T0,,,,,
CAN-0A8LKMABRT,T1,,,,,
CAN-689443FETD,T0,,,,,
CAN-689443FETD,T1,,,,,
CAN-OIQ53W66OQ,T0,,,,,
CAN-OIQ53W66OQ,T1,,,,,
CAN-8962EOMQSF,T0,,,,,
CAN-8962EOMQSF,T1,,,,,
CAN-K6XOIMBS06,T0,,,,,
CAN-K6XOIMBS06,T1,,,,,
CAN-84TB715IQ5,T0,,,,,
CAN-84TB715IQ5,T1,,,,,
CAN-W06HCUEJ83,T0,,,,,
CAN-W06HCUEJ83,T1,,,,,
CAN-H36KKVHY4D,T0,,,,,
CAN-H36KKVHY4D,T1,,,,,
CAN-4VFJPCS9IB,T0,,,,,
CAN-4VFJPCS9IB,T1,,,,,
CAN-ODN86AUP6L,T0,,,,,
CAN-ODN86AUP6L,T1,,,,,
CAN-IETMK1O2LE,T0,,,,,
CAN-IETMK1O2LE,T1,,,,,
CAN-YUUHAFK7TU,T0,,,,,
CAN-YUUHAFK7TU,T1,,,,,
CAN-TS8HSEB52I,T0,,,,,
CAN-TS8HSEB52I,T1,,,,,
CAN-CBNWEPCW3B,T0,,,,,
CAN-CBNWEPCW3B,T1,,,,,
CAN-9ZR52RTEIB,T0,,,,,
CAN-9ZR52RTEIB,T1,,,,,
CAN-7PSDLECI0L,T0,,,,,
CAN-7PSDLECI0L,T1,,,,,
CAN-SOMCV5UNSH,T0,,,,,
CAN-SOMCV5UNSH,T1,,,,,
CAN-J7ZHEGMB57,T0,,,,,
CAN-J7ZHEGMB57,T1,,,,,
CAN-FGWVDW98EG,T0,,,,,
CAN-FGWVDW98EG,T1,,,,,
CAN-G8Q3COWK5Y,T0,,,,,
CAN-G8Q3COWK5Y,T1,,,,,
CAN-R7MQFHB2V6,T0,,,,,
CAN-R7MQFHB2V6,T1,,,,,
CAN-1G8IXXTJK7,T0,,,,,
CAN-1G8IXXTJK7,T1,,,,,
CAN-9HZ789RL3G,T0,,,,,
CAN-9HZ789RL3G,T1,,,,,
CAN-AHTI0EJ13D,T0,,,,,
CAN-AHTI0EJ13D,T1,,,,,
CAN-DQC11XB1E7,T0,,,,,
CAN-DQC11XB1E7,T1,,,,,
CAN-4TOM5XK9MO,T0,,,,,
CAN-4TOM5XK9MO,T1,,,,,
CAN-IL9HQK9XRU,T0,,,,,
CAN-IL9HQK9XRU,T1,,,,,
CAN-VRAPYC5M20,T0,,,,,
CAN-VRAPYC5M20,T1,,,,,
CAN-J8WIJF1S7F,T0,,,,,
CAN-J8WIJF1S7F,T1,,,,,
CAN-ME5NUTVYA6,T0,,,,,
CAN-ME5NUTVYA6,T1,,,,,
CAN-8BV4VUSKW7,T0,,,,,
CAN-8BV4VUSKW7,T1,,,,,
CAN-NARVEN3MJH,T0,,,,,
CAN-NARVEN3MJH,T1,,,,,
CAN-L3SXXC0B9H,T0,,,,,
CAN-L3SXXC0B9H,T1,,,,,
CAN-PV73MW2G5L,T0,,,,,
CAN-PV73MW2G5L,T1,,,,,
CAN-7VO4BFNRW3,T0,,,,,
CAN-7VO4BFNRW3,T1,,,,,
CAN-N2X96S40R7,T0,,,,,
CAN-N2X96S40R7,T1,,,,,
CAN-B146GID8U4,T0,,,,,
CAN-B146GID8U4,T1,,,,,
CAN-VLEWUQAI6D,T0,,,,,
CAN-VLEWUQAI6D,T1,,,,,
CAN-UZP1ZVRX57,T0,,,,,
CAN-UZP1ZVRX57,T1,,,,,
CAN-0NR5YQ1AEB,T0,,,,,
CAN-0NR5YQ1AEB,T1,,,,,
CAN-KDC4N7V13P,T0,,,,,
CAN-KDC4N7V13P,T1,,,,,
CAN-8R18AUGHQD,T0,,,,,
CAN-8R18AUGHQD,T1,,,,,
CAN-HNUO1DBT1L,T0,,,,,
CAN-HNUO1DBT1L,T1,,,,,
CAN-AC4EP128F9,T0,,,,,
CAN-AC4EP128F9,T1,,,,,
CAN-4JPG6206PO,T0,,,,,
CAN-4JPG6206PO,T1,,,,,
CAN-IYHN202NU0,T0,,,,,
CAN-IYHN202NU0,T1,,,,,
CAN-0G828H67W0,T0,,,,,
CAN-0G828H67W0,T1,,,,,
CAN-MKHRKI58EY,T0,,,,,
CAN-MKHRKI58EY,T1,,,,,
CAN-5UWJULLKSF,T0,,,,,
CAN-5UWJULLKSF,T1,,,,,
CAN-STAVD6VAOK,T0,,,,,
CAN-STAVD6VAOK,T1,,,,,
CAN-T4RLTAM0HO,T0,,,,,
CAN-T4RLTAM0HO,T1,,,,,
CAN-D2OUJEBS8S,T0,,,,,
CAN-D2OUJEBS8S,T1,,,,,
CAN-NUV0DTD3GI,T0,,,,,
CAN-NUV0DTD3GI,T1,,,,,
CAN-G419AW8JJR,T0,,,,,
CAN-G419AW8JJR,T1,,,,,
CAN-5VM75XA64N,T0,,,,,
CAN-5VM75XA64N,T1,,,,,
CAN-789TPYFLGP,T0,,,,,
CAN-789TPYFLGP,T1,,,,,
CAN-7YUNWO66EZ,T0,,,,,
CAN-7YUNWO66EZ,T1,,,,,
CAN-FXEI3MQAXQ,T0,,,,,
CAN-FXEI3MQAXQ,T1,,,,,
CAN-6NQDWVNT8N,T0,,,,,
CAN-6NQDWVNT8N,T1,,,,,
CAN-5ZNQX7J8NU,T0,,,,,
CAN-5ZNQX7J8NU,T1,,,,,
CAN-36Y2JN28OS,T0,,,,,
CAN-36Y2JN28OS,T1,,,,,
CAN-BAI3FJFR3Q,T0,,,,,
CAN-BAI3FJFR3Q,T1,,,,,
CAN-FK966VXSOZ,T0,,,,,
CAN-FK966VXSOZ,T1,,,,,
CAN-YH9MK78AWH,T0,,,,,
CAN-YH9MK78AWH,T1,,,,,
CAN-MN1II9Y5XV,T0,,,,,
CAN-MN1II9Y5XV,T1,,,,,
CAN-121OJXMUBX,T0,,,,,
CAN-121OJXMUBX,T1,,,,,
CAN-UBP1TJTA39,T0,,,,,
CAN-UBP1TJTA39,T1,,,,,
CAN-EWN1MQ90OA,T0,,,,,
CAN-EWN1MQ90OA,T1,,,,,
CAN-HR9SZ85H7R,T0,,,,,
CAN-HR9SZ85H7R,T1,,,,,
CAN-YRBPCDASIX,T0,,,,,
CAN-YRBPCDASIX,T1,,,,,
CAN-IB1S1Q7GFW,T0,,,,,
CAN-IB1S1Q7GFW,T1,,,,,
CAN-8FRCE57R7X,T0,,,,,
CAN-8FRCE57R7X,T1,,,,,
CAN-8K6P7PAAQU,T0,,,,,
CAN-8K6P7PAAQU,T1,,,,,
CAN-O7O90E21DR,T0,,,,,
CAN-O7O90E21DR,T1,,,,,
CAN-US9P8YB5J3,T0,,,,,
CAN-US9P8YB5J3,T1,,,,,
CAN-GONUQXD6ZM,T0,,,,,
CAN-GONUQXD6ZM,T1,,,,,
CAN-QJYRSTF1IK,T0,,,,,
CAN-QJYRSTF1IK,T1,,,,,
CAN-9EB710SZON,T0,,,,,
CAN-9EB710SZON,T1,,,,,
CAN-C18OHFJNPJ,T0,,,,,
CAN-C18OHFJNPJ,T1,,,,,
CAN-JHRJNHTLA9,T0,,,,,
CAN-JHRJNHTLA9,T1,,,,,
CAN-954NX7N7DT,T0,,,,,
CAN-954NX7N7DT,T1,,,,,
CAN-1MIHHSRS9T,T0,,,,,
CAN-1MIHHSRS9T,T1,,,,,
CAN-S8O0WNC71E,T0,,,,,
CAN-S8O0WNC71E,T1,,,,,
CAN-P5GVEIGADJ,T0,,,,,
CAN-P5GVEIGADJ,T1,,,,,
CAN-4ERV3ODEEF,T0,,,,,
CAN-4ERV3ODEEF,T1,,,,,
CAN-TPFCI8SJB5,T0,,,,,
CAN-TPFCI8SJB5,T1,,,,,
CAN-ARZYFU9I73,T0,,,,,
CAN-ARZYFU9I73,T1,,,,,
CAN-YZCNT0MP6E,T0,,,,,
CAN-YZCNT0MP6E,T1,,,,,
CAN-LNTYJNMT13,T0,,,,,
CAN-LNTYJNMT13,T1,,,,,
CAN-VR705HQYEF,T0,,,,,
CAN-VR705HQYEF,T1,,,,,
CAN-3DERSPBDA3,T0,,,,,
CAN-3DERSPBDA3,T1,,,,,
CAN-OG5EXJKSX5,T0,,,,,
CAN-OG5EXJKSX5,T1,,,,,
CAN-41WARHBKZC,T0,,,,,
CAN-41WARHBKZC,T1,,,,,
CAN-4R5IIA7H0K,T0,,,,,
CAN-4R5IIA7H0K,T1,,,,,
CAN-7NXZK0KED6,T0,,,,,
CAN-7NXZK0KED6,T1,,,,,
CAN-YGV2F234AT,T0,,,,,
CAN-YGV2F234AT,T1,,,,,
CAN-9WUTIHKLA1,T0,,,,,
CAN-9WUTIHKLA1,T1,,,,,
CAN-2MPIJSE7PT,T0,,,,,
CAN-2MPIJSE7PT,T1,,,,,
CAN-SVRWE30BPC,T0,,,,,
CAN-SVRWE30BPC,T1,,,,,
CAN-UKRVJAR6X3,T0,,,,,
CAN-UKRVJAR6X3,T1,,,,,
CAN-GZ0JOILFPS,T0,,,,,
CAN-GZ0JOILFPS,T1,,,,,
CAN-36S4MFSWLZ,T0,,,,,
CAN-36S4MFSWLZ,T1,,,,,
CAN-UO7U3URT3D,T0,,,,,
CAN-UO7U3URT3D,T1,,,,,
CAN-145UE9UWXG,T0,,,,,
CAN-145UE9UWXG,T1,,,,,
CAN-PVTW9DMPZD,T0,,,,,
CAN-PVTW9DMPZD,T1,,,,,
CAN-J968LY5IW7,T0,,,,,
CAN-J968LY5IW7,T1,,,,,
CAN-2BSMIFAOJI,T0,,,,,
CAN-2BSMIFAOJI,T1,,,,,
CAN-K4Z0BSU2DB,T0,,,,,
CAN-K4Z0BSU2DB,T1,,,,,
CAN-TEVEN02STE,T0,,,,,
CAN-TEVEN02STE,T1,,,,,
CAN-4I9M2DHWV9,T0,,,,,
CAN-4I9M2DHWV9,T1,,,,,
CAN-XMCDQBUBZU,T0,,,,,
CAN-XMCDQBUBZU,T1,,,,,
CAN-IT609QN1JJ,T0,,,,,
CAN-IT609QN1JJ,T1,,,,,
CAN-0USI2EATJK,T0,,,,,
CAN-0USI2EATJK,T1,,,,,
CAN-HC5RU03981,T0,,,,,
CAN-HC5RU03981,T1,,,,,
CAN-YC2GMOHCS1,T0,,,,,
CAN-YC2GMOHCS1,T1,,,,,
CAN-6ULFMKJ73X,T0,,,,,
CAN-6ULFMKJ73X,T1,,,,,
CAN-7SDKGILB55,T0,,,,,
CAN-7SDKGILB55,T1,,,,,
CAN-XUPAU1OA4C,T0,,,,,
CAN-XUPAU1OA4C,T1,,,,,
CAN-MXBRZSPRGG,T0,,,,,
CAN-MXBRZSPRGG,T1,,,,,
CAN-94XP2H3SCY,T0,,,,,
CAN-94XP2H3SCY,T1,,,,,
CAN-8A0CZGGMSK,T0,,,,,
CAN-8A0CZGGMSK,T1,,,,,
CAN-EDOABE70KL,T0,,,,,
CAN-EDOABE70KL,T1,,,,,
CAN-U6OMLLT84G,T0,,,,,
CAN-U6OMLLT84G,T1,,,,,
CAN-6JKIW7A9WC,T0,,,,,
CAN-6JKIW7A9WC,T1,,,,,
CAN-0FRMDI13S2,T0,,,,,
CAN-0FRMDI13S2,T1,,,,,
CAN-Z9YI72GQXR,T0,,,,,
CAN-Z9YI72GQXR,T1,,,,,
CAN-6K0PMI53BJ,T0,,,,,
CAN-6K0PMI53BJ,T1,,,,,
CAN-OE95G7A754,T0,,,,,
CAN-OE95G7A754,T1,,,,,
CAN-JOBPFQ6GTT,T0,,,,,
CAN-JOBPFQ6GTT,T1,,,,,
CAN-BSWKXATMDX,T0,,,,,
CAN-BSWKXATMDX,T1,,,,,
CAN-6HUHGSUROF,T0,,,,,
CAN-6HUHGSUROF,T1,,,,,
CAN-Y2VAL65W3D,T0,,,,,
CAN-Y2VAL65W3D,T1,,,,,
CAN-3K5R9HH5UV,T0,,,,,
CAN-3K5R9HH5UV,T1,,,,,
CAN-X0B364BBWK,T0,,,,,
CAN-X0B364BBWK,T1,,,,,
CAN-SZ450MLH1S,T0,,,,,
CAN-SZ450MLH1S,T1,,,,,
CAN-92VWBCOOON,T0,,,,,
CAN-92VWBCOOON,T1,,,,,
CAN-Y8AGL94LN4,T0,,,,,
CAN-Y8AGL94LN4,T1,,,,,
CAN-3880HNVXS4,T0,,,,,
CAN-3880HNVXS4,T1,,,,,
CAN-L2IZELPZA7,T0,,,,,
CAN-L2IZELPZA7,T1,,,,,
CAN-P3SKY53QHZ,T0,,,,,
CAN-P3SKY53QHZ,T1,,,,,
CAN-T1Q0KVFWYN,T0,,,,,
CAN-T1Q0KVFWYN,T1,,,,,
CAN-AU2519S1ER,T0,,,,,
CAN-AU2519S1ER,T1,,,,,
CAN-ID5BBC08V9,T0,,,,,
CAN-ID5BBC08V9,T1,,,,,
CAN-3S6B99FIIO,T0,,,,,
CAN-3S6B99FIIO,T1,,,,,
CAN-RQD8UZ27UA,T0,,,,,
CAN-RQD8UZ27UA,T1,,,,,
CAN-6GICHK814E,T0,,,,,
CAN-6GICHK814E,T1,,,,,
CAN-JZIG5KNE63,T0,,,,,
CAN-JZIG5KNE63,T1,,,,,
CAN-4NL7SGRD16,T0,,,,,
CAN-4NL7SGRD16,T1,,,,,
CAN-LS3V918WBH,T0,,,,,
CAN-LS3V918WBH,T1,,,,,
CAN-96KVJVM4OQ,T0,,,,,
CAN-96KVJVM4OQ,T1,,,,,
CAN-PKZLAW4Y16,T0,,,,,
CAN-PKZLAW4Y16,T1,,,,,
CAN-2ZEV9S20O9,T0,,,,,
CAN-2ZEV9S20O9,T1,,,,,
CAN-PPJA38U2RZ,T0,,,,,
CAN-PPJA38U2RZ,T1,,,,,
CAN-5DNAF4ZHP9,T0,,,,,
CAN-5DNAF4ZHP9,T1,,,,,
CAN-RGNBTM88YG,T0,,,,,
CAN-RGNBTM88YG,T1,,,,,
CAN-6GIXMZYYHQ,T0,,,,,
CAN-6GIXMZYYHQ,T1,,,,,
CAN-FPF18Q2F2S,T0,,,,,
CAN-FPF18Q2F2S,T1,,,,,
CAN-EUN1RKQWYL,T0,,,,,
CAN-EUN1RKQWYL,T1,,,,,
CAN-UPHCAMLTVW,T0,,,,,
CAN-UPHCAMLTVW,T1,,,,,
CAN-LNUZFOJ0IW,T0,,,,,
CAN-LNUZFOJ0IW,T1,,,,,
CAN-ECVB64F7LW,T0,,,,,
CAN-ECVB64F7LW,T1,,,,,
CAN-J75V90GRWP,T0,,,,,
CAN-J75V90GRWP,T1,,,,,
CAN-MQ4F14UBIJ,T0,,,,,
CAN-MQ4F14UBIJ,T1,,,,,
CAN-4ETK2TA989,T0,,,,,
CAN-4ETK2TA989,T1,,,,,
CAN-YTTUSPC5X8,T0,,,,,
CAN-YTTUSPC5X8,T1,,,,,
CAN-I2MS2V39RY,T0,,,,,
CAN-I2MS2V39RY,T1,,,,,
