candidate_record_id,post_60d_active_oos_credential_signal_count,post_60d_combined_title_active_credential_conflict_present,new_meaningful_oos_title_signal_post_60d_present
CAN-Z1CEVWXUT0,0,0,0
CAN-SIB7ACY70G,0,0,0
CAN-PQXQQ41OZ5,0,0,0
CAN-QCF4GZN8TD,0,0,0
CAN-TP15Z7VRP7,0,0,0
CAN-IM8E9J8Y7H,0,0,0
CAN-IKOH5MXPHE,0,0,0
CAN-NPLI344G66,0,0,0
CAN-ZOT5VL4MCH,0,0,0
CAN-4OF8Y9P3W7,0,0,0
CAN-Z9GFHZRGVT,0,0,0
CAN-VEM9FLAUD4,0,0,0
CAN-7S5O3NF7VE,0,0,0
CAN-TF8EEP4TNZ,0,0,0
CAN-58WQJ4U3GW,0,0,0
CAN-AMJ562SVCQ,0,0,0
CAN-RODZDIBM5J,0,0,0
CAN-AX19D3S77C,0,0,0
CAN-4KGSUV4HFA,0,0,0
CAN-BTSSA3BW02,0,0,0
CAN-O523BGV6IR,0,0,0
CAN-NT7RNCYJL3,0,0,0
CAN-YZYTAO4MG4,0,0,0
CAN-2Z7D2FBM05,0,0,0
CAN-S177BFJOH6,0,0,0
CAN-6TS8MFZNG7,0,0,0
CAN-J3IXYWVLX8,0,0,0
CAN-VMUFIBZQYL,0,0,0
CAN-34OU3CD4LO,0,0,0
CAN-39WXVWGNAS,0,0,0
CAN-K3GD1R3ANL,0,0,0
CAN-P3X1HRNZ0X,0,0,0
CAN-I041L39VMI,0,0,0
CAN-Z7V3713XL1,0,0,0
CAN-03B5WWQ0NT,0,0,0
CAN-Y6C6DTXZ5C,0,0,0
CAN-O3J1RKC9U9,0,0,0
CAN-MF20NJLL6U,0,0,0
CAN-39PQSDB3AY,0,0,0
CAN-DKDW3YA09O,0,0,0
CAN-68262CC3UB,0,0,0
CAN-2M5IXJ7KVX,0,0,0
CAN-53A3L81YS3,0,0,0
CAN-DDCE810DNO,0,0,0
CAN-9ZBAACKT5G,0,0,0
CAN-PY1ABCR9PI,0,0,0
CAN-C2K0J7T6EI,0,0,0
CAN-4IF0CSKHW3,0,0,0
CAN-W54K6RF6BF,0,0,0
CAN-51BRUH7TPO,0,0,0
CAN-EUJ0RZ9M2G,1,1,1
CAN-OH8DYHHVII,0,0,0
CAN-W371W1IRIZ,0,0,0
CAN-WXWQ2B8FBC,0,0,0
CAN-RV83KBIIKN,0,0,0
CAN-9VHPPBI046,0,0,0
CAN-IKPHHGPHH7,0,0,0
CAN-L6EJWJAITB,0,0,0
CAN-A5IDDPXXBN,0,0,0
CAN-OKLWI031HO,0,0,0
CAN-ZSBIH6WYTH,0,0,0
CAN-LJ5V2FYXLM,0,0,0
CAN-VRLP6FJR5E,0,0,0
CAN-D5LJOJM6RO,0,0,0
CAN-3CL1045CGX,0,0,0
CAN-R0TKOFOSVU,0,0,0
CAN-V95EHLZUHQ,0,0,0
CAN-JUR9CRBOBB,0,0,0
CAN-VLWN74ODYS,0,0,0
CAN-3X6FPE9Q6I,0,0,0
CAN-337GK316E5,0,0,0
CAN-76ADVG9NVE,0,0,0
CAN-NTAINPIZ0A,0,0,0
CAN-IW6JXZW0WC,0,0,0
CAN-HHCL4OHBWI,0,0,0
CAN-070IVOS11T,0,0,0
CAN-92WQFWID3C,0,0,0
CAN-OUUU51REC4,0,0,0
CAN-54YPSJ2HOY,0,0,0
CAN-6GYH2VM17T,0,0,0
CAN-I1I5ZEBNOS,0,0,0
CAN-VGA5ERF323,0,0,0
CAN-1ILR4V7QSU,0,0,0
CAN-UAT456IPE8,0,0,0
CAN-JPQG1LX2MI,0,0,0
CAN-WIW90UQ920,0,0,0
CAN-E3C8YWWQ7Y,0,0,0
CAN-3KH9A6IWRD,0,0,0
CAN-3EBVNYT2KD,0,0,0
CAN-1EJVSHCWNY,0,0,0
CAN-V2R3ZOQEJ1,0,0,0
CAN-WOQVTRSPZN,0,0,0
CAN-MDWNE723VW,0,0,0
CAN-DOPNRIG3J7,0,0,0
CAN-6QAYDH0ADT,0,0,0
CAN-4IPKUJXM5L,0,0,0
CAN-XFPTBZAKD4,0,0,0
CAN-FR0BWWT3A8,0,0,0
CAN-G0L4UBD0A7,0,0,0
CAN-JCK74X4W0W,0,0,0
CAN-HDSDDNZC20,0,0,0
CAN-TVWR08PFRB,0,0,0
CAN-1AASQGX2CY,0,0,0
CAN-QN7D4RMLGM,0,0,0
CAN-908V6WHWCS,0,0,0
CAN-LN7251FHUX,0,0,0
CAN-3NG91MHXO7,0,0,0
CAN-Z10NEOQ4MK,0,0,0
CAN-4TE7NMPPJE,0,0,0
CAN-BC7LWI7DC0,0,0,0
CAN-7LDHGE6GQ9,0,0,0
CAN-ZL6567MUKS,0,0,0
CAN-5AP4PCTW20,0,0,0
CAN-0LVRQM5VTY,0,0,0
CAN-2RUM709LFI,0,0,0
CAN-F953MK2ZGB,0,0,0
CAN-2UGC3PJWW5,0,0,0
CAN-T2MXQ0S8A2,0,0,0
CAN-T24W1R3U06,0,0,0
CAN-AUAYH7RVG1,0,0,0
CAN-Z8MAV3XV6H,0,0,0
CAN-EXFZPJ9GFU,1,0,0
CAN-7KCFS10PN4,0,0,0
CAN-2ZBXTGTFXO,0,0,0
CAN-A272JRB7SZ,0,0,0
CAN-FUNIRZSNWI,0,0,0
CAN-NBHBPULX8I,0,0,0
CAN-OOYNDOAL1O,0,0,0
CAN-07NH0GGO91,0,0,0
CAN-Y7C3SKI1TJ,0,0,0
CAN-1N0TT133VC,0,0,0
CAN-TF8F7HXS8H,0,0,0
CAN-NLM2FQOWDX,0,0,0
CAN-71NZ4LLTW0,0,0,0
CAN-0ELVPE0E8Z,0,0,0
CAN-I3PXA23LZ0,0,0,0
CAN-VR0B81LPAT,0,0,0
CAN-1JVUE0ZDL6,0,0,0
CAN-RV93OF6JXL,0,0,0
CAN-T6ZUORBXEU,0,0,0
CAN-U36WPUW3RA,0,0,0
CAN-J3GS6236AW,0,0,0
CAN-6RRN2MTNG4,0,0,0
CAN-Z0CGKQO04W,0,0,0
CAN-3YZWCSOHI9,0,0,0
CAN-LT86W69K2H,0,0,0
CAN-46MO9NSNRF,0,0,0
CAN-YRP1M0OW0R,0,0,0
CAN-18Q1KNHG43,0,0,0
CAN-EG8RAQ3DCT,0,0,0
CAN-JDEJWQ7CVV,0,0,0
CAN-QBCN8GCKZY,0,0,0
CAN-LWMJSXHIC7,0,0,0
CAN-JDCQU5WA5S,0,0,0
CAN-Q7HNG2GSBG,0,0,0
CAN-6NARL779MS,0,0,0
CAN-I6A6TLNAEK,0,0,0
CAN-FMUDUDCCQ1,0,0,0
CAN-6PXEHF8U9A,0,0,0
CAN-77C3LN7F3W,0,0,0
CAN-R2GQ9QC70X,0,0,0
CAN-JFXPNATKCB,0,0,0
CAN-XQ03J0NVRE,0,0,0
CAN-D6N1PRVZX4,0,0,0
CAN-XEBO74HVI2,0,0,0
CAN-NM1ZI3SR0Z,0,0,0
CAN-9MZNFXW1XL,0,0,0
CAN-B08WKL6OXJ,0,0,0
CAN-UU6X53E692,0,0,0
CAN-9JDS02RP60,0,0,0
CAN-2G1JFT6ZTJ,0,0,0
CAN-L0SP7JMIHO,0,0,0
CAN-LLTSKFVXT5,0,0,0
CAN-BI6UPTQNW3,0,0,0
CAN-TELUJ788TA,0,0,0
CAN-MF3YOTPYUG,0,0,0
CAN-U335I66X1L,0,0,0
CAN-EE22T85Z00,0,0,0
CAN-1EDIVO89WQ,0,0,0
CAN-7US9OUHJZZ,0,0,0
CAN-XP0H4OGY4R,0,0,0
CAN-R2K9KWW4IR,0,0,0
CAN-73I5UOYJ8S,0,0,0
CAN-U1Z8R52VZL,0,0,0
CAN-XG27DZO3KB,0,0,0
CAN-P1PYL25ZL9,0,0,0
CAN-1ECQAGI5JP,0,0,0
CAN-N4BSTUTXRQ,0,0,1
CAN-F7ABXDAHZE,0,0,0
CAN-D40KMUYRCC,0,0,0
CAN-84VS7OTHWK,0,0,0
CAN-WM9XMB3PWK,0,0,0
CAN-LGTT4L633J,0,0,0
CAN-2B1096MPJS,0,0,0
CAN-046H2OTGZ2,0,0,0
CAN-MEIBJK60VH,0,0,0
CAN-O4D2DLAWKI,1,1,0
CAN-IL8QQWT5OK,0,0,0
CAN-NEJAGGG787,0,0,0
CAN-GVYIKMFI01,0,0,0
CAN-E8WREAT26H,0,0,0
CAN-UK90NK9MK6,0,0,0
CAN-N475PRCCVF,1,1,0
CAN-T5ACUEME65,0,0,0
CAN-QHZI2LU513,0,0,0
CAN-FPLA3VZS48,0,0,0
CAN-GXJ24HCJNA,0,0,0
CAN-ZT2IKHIVWC,0,0,0
CAN-MUPLMDT834,0,0,0
CAN-OW71KH6RQ7,0,0,0
CAN-G36TJAL2Q4,0,0,0
CAN-B5EQTB2LC6,0,0,0
CAN-O0L31WSOXI,0,0,0
CAN-CJG1ESE5OV,0,0,0
CAN-15LMACETZC,0,0,0
CAN-OQJMDWVDR6,0,0,0
CAN-5SULZ3EPLX,0,0,0
CAN-B71NIJK0PO,0,0,0
CAN-3RND4T0X14,0,0,0
CAN-Z3AKT906IV,0,0,0
CAN-D7OFE7904M,0,0,0
CAN-TH7FSXK3PY,0,0,1
CAN-YQ838YTNHA,0,0,0
CAN-2Z0DNB6RWM,0,0,0
CAN-U2DOG5J182,0,0,0
CAN-2RO39SR77J,0,0,0
CAN-238AB5ILJG,0,0,0
CAN-VZ650TYCSE,0,0,0
CAN-M8GSUMHUBV,0,0,0
CAN-ZXU3GWSYOV,0,0,0
CAN-ODJE98CJ4M,0,0,0
CAN-BA7BKK47E5,0,0,0
CAN-VPVPZMJCKO,1,0,0
CAN-B93C5LMJ1D,0,0,0
CAN-SXZMFLL39T,0,0,0
CAN-A9BVZ5VI2P,0,0,0
CAN-PME4SMBLB0,0,0,1
CAN-FHDP42GS8Z,0,0,0
CAN-RS43Q0NBOV,0,0,0
CAN-Q1Z2W4ETWX,0,0,0
CAN-JKVNCFXC88,0,0,0
CAN-TILN0CJCT7,0,0,0
CAN-ADAXVSSUQF,1,0,0
CAN-MJU9VHX1LM,0,0,0
CAN-EGXGIG4YH3,0,0,0
CAN-KD1SWPBEUL,0,0,0
CAN-V8EZMZD6H1,0,0,0
CAN-9HENFFRV46,0,0,0
CAN-E9ONKPD15H,0,0,0
CAN-M7BPIOIH96,0,0,0
CAN-6Y11Q8U4ES,0,0,0
CAN-O9AGCHKFCR,0,0,0
CAN-VRYEWNRGLR,0,0,0
CAN-Q46VSR3OE1,0,0,0
CAN-WYAA29SJU3,0,0,0
CAN-UJ2IJ4UB9A,0,0,0
CAN-FVNWVK9CAW,0,0,0
CAN-QKAQ046RJ3,0,0,0
CAN-1I4VBWBOUB,0,0,0
CAN-X04I0MT32Q,0,0,0
CAN-R4F5MPCFRW,0,0,0
CAN-PP905GVOL3,0,0,0
CAN-6TCJ68NE5F,0,0,0
CAN-FVCOOEFE96,0,0,0
CAN-QK37TROH55,0,0,0
CAN-PK8S4T200Z,0,0,0
CAN-DWRQLJKRQE,0,0,0
CAN-1NJUOH6PAE,0,0,0
CAN-BENX1VQFJF,0,0,0
CAN-LOM6XIWEA8,0,0,0
CAN-NVAM1XKZYL,0,0,0
CAN-A2939UCI7E,0,0,0
CAN-O9HDMRT9CJ,0,0,0
CAN-74P8UWOUTX,0,0,0
CAN-XZ04SFYWJK,0,0,0
CAN-F6JMQ1V0RP,0,0,0
CAN-S1PMITD76I,0,0,0
CAN-SDCTUKCV9S,0,0,0
CAN-LV5Z3IMMF4,0,0,0
CAN-JP0A0U961M,0,0,0
CAN-Y2M1G8VXH3,0,0,0
CAN-3OXMP61K0O,0,0,0
CAN-ESGY1IJI90,0,0,0
CAN-CQL85QKN14,0,0,0
CAN-VW94BYFHRS,0,0,0
CAN-951YRIQW3Y,0,0,0
CAN-1MKCNQM8CT,2,1,0
CAN-42W13LFLZQ,0,0,0
CAN-79FVQOOKBW,0,0,0
CAN-4CBHWQ1F1L,0,0,0
CAN-U0IB690PWT,0,0,0
CAN-6UI1GM8Q6M,0,0,0
CAN-MG8XYRNB7R,0,0,0
CAN-Z10A1WRYYU,0,0,0
CAN-ZCVRZGDVZO,0,0,0
CAN-90EPRXIVM2,0,0,0
CAN-70O6X3U5EE,0,0,0
CAN-ZTPKFDD2I5,0,0,0
CAN-KJDT7PHHNR,0,0,0
CAN-3WGSA16VB0,1,1,0
CAN-I7ALBD8N6D,0,0,0
CAN-A002XBYABO,0,0,0
CAN-DJ67L9VTNZ,0,0,0
CAN-S2HIC9MUFO,0,0,0
CAN-6GEGC7ZW6I,0,0,0
CAN-N4QFJS875I,0,0,0
CAN-11R1839U50,0,0,0
CAN-EU4R3SDM2F,0,0,0
CAN-VAUMWIHHBF,0,0,0
CAN-X2D1TYHKF2,0,0,0
CAN-GV4QYZUWJP,0,0,0
CAN-BUP5U8C8KA,0,0,0
CAN-LISZRCQXU0,0,0,0
CAN-D8KGEPJ465,0,0,0
CAN-Q070V1JUYZ,0,0,0
CAN-WDYP2JS7IJ,0,0,0
CAN-UO7MNTLNF8,0,0,0
CAN-RGH3OJ5RS0,0,0,0
CAN-HXY28UIBI3,0,0,0
CAN-IOWZGW8YRG,0,0,0
CAN-X11R1PNTQH,0,0,0
CAN-8ZLAGRLH9Z,0,0,0
CAN-SBHARUVC3K,0,0,0
CAN-ZHNM78PYRP,0,0,0
CAN-ZFI3LXQPF7,0,0,0
CAN-JZFCL1LMF2,0,0,0
CAN-OY02RUIUHA,0,0,0
CAN-V23BVE8JED,0,0,0
CAN-OHVI503YC2,0,0,0
CAN-YRYJP3WKT0,0,0,0
CAN-4T5MQ6DTMK,0,0,0
CAN-VT1HTL05FG,0,0,0
CAN-VX0GJQ925U,0,0,0
CAN-YB41B3K2FF,0,0,0
CAN-S905Z3V22F,0,0,0
CAN-7EWA1CEXU0,0,0,0
CAN-G0YNL7EGC4,0,0,0
CAN-2HE66Z1PCJ,0,0,0
CAN-J6L384U1LG,0,0,0
CAN-IPII0E5DLT,0,0,0
CAN-ND96EXI4EE,0,0,0
CAN-SZ3MK97K2Z,0,0,0
CAN-X3LKCF3BUH,0,0,0
CAN-XXHNN3IF5L,0,0,0
CAN-UXHS144R9C,0,0,0
CAN-4J78IMA3Y1,0,0,0
CAN-ZE5TYBKI30,0,0,0
CAN-1DBVHKQRS4,0,0,0
CAN-NL6FBZTAH9,0,0,0
CAN-F94U3N6D7E,0,0,0
CAN-R200K8MNRL,0,0,0
CAN-CQXD0TIS5J,0,0,0
CAN-CX7WHQUW5X,0,0,0
CAN-FW1F6FS1R5,0,0,0
CAN-N8TYV8M53P,0,0,0
CAN-KUKS069BB4,0,0,0
CAN-E5DHE2JD6F,0,0,0
CAN-22C4JMHDD1,0,0,0
CAN-9VYHM0PSVP,0,0,0
CAN-RLOR8BFIES,0,0,0
CAN-4EA5JLIRD2,0,0,0
CAN-5LS40EOPEK,0,0,1
CAN-Z33ALI17FK,0,0,0
CAN-XYO5QC8JI5,0,0,0
CAN-IAN8ZZBEPH,0,0,0
CAN-5QP4935AEU,0,0,0
CAN-48TGU5XPBQ,0,0,0
CAN-SWZFGBMBEE,0,0,0
CAN-SR7RMC873R,0,0,0
CAN-RVVSG9GAPJ,0,0,0
CAN-AN3NGBXQLQ,0,0,0
CAN-P7BG2CLIYN,0,0,0
CAN-BVDFU4FSWE,0,0,0
CAN-DV32LDY5QU,0,0,0
CAN-K5KR8ZL6K4,0,0,0
CAN-0DILQJHEXO,0,0,0
CAN-8S11JFISCS,0,0,0
CAN-XU63I8PR57,0,0,0
CAN-YA1QGYU8FD,0,0,0
CAN-B8LFAAGEZA,0,0,0
CAN-O0SM0ALN3C,0,0,0
CAN-8FXEGNEXJS,0,0,0
CAN-P62EXSST7Q,0,0,0
CAN-8106RWSSRX,0,0,0
CAN-HWM0AQNR2L,0,0,0
CAN-HE7Q202YWE,0,0,0
CAN-XA9KU2IZ1B,0,0,0
CAN-VGKMTWTMLR,0,0,0
CAN-K3UYHZZHX5,0,0,0
CAN-2GBKVQTAOP,0,0,0
CAN-RGAJ1VIHYI,0,0,0
CAN-X85MTTCMBB,0,0,0
CAN-LY21STGO5M,0,0,0
CAN-3YEL4UAE02,0,0,0
CAN-NND6ZD2Y3W,0,0,0
CAN-00P56JV484,0,0,0
CAN-UK0RGAXFQY,0,0,0
CAN-1EF9T0H5UY,0,0,0
CAN-L5HJ4J9F1Q,0,0,0
CAN-VXCZPW42N0,0,0,1
CAN-UAQAX3CSPM,0,0,0
CAN-MZ8TDG8XSC,0,0,0
CAN-OOGDP9W44M,0,0,0
CAN-AUTHNCYNH6,0,0,0
CAN-4CKVLH2VRV,0,0,0
CAN-DYE38UZRYO,0,0,0
CAN-Q3JM4NJXCM,0,0,0
CAN-6V5U6RG2WD,0,0,0
CAN-FXGQ70VDF6,0,0,0
CAN-3ZWOLT52IK,0,0,0
CAN-7CI5CNFS9W,0,0,0
CAN-M5Y8KZ5E76,1,1,0
CAN-6M1GZ6DTBE,0,0,0
CAN-SEYEB1ZSSF,0,0,0
CAN-HBDFN23R8K,0,0,0
CAN-XD9A7TVPI2,0,0,0
CAN-F8N3CRIOBP,0,0,0
CAN-EHFT23OVVG,0,0,0
CAN-4QJMNSCVQ7,0,0,0
CAN-MWG162BPL5,0,0,0
CAN-6RUAWC87K9,0,0,0
CAN-S0O62URGCO,0,0,0
CAN-MNPS146NX2,1,1,0
CAN-2HVV255QOD,0,0,0
CAN-EKQQOAOPV4,0,0,0
CAN-CVCLZGGORS,0,0,0
CAN-EHWIVCR0FP,0,0,0
CAN-5XUD5PU8H0,0,0,0
CAN-NC5QCRDQ07,0,0,0
CAN-XQSDCFZ1IS,0,0,0
CAN-7VPHGIZPH8,0,0,0
CAN-SYCHXI76DS,0,0,0
CAN-5HI9VC7BVA,0,0,0
CAN-EOWRBSMR5J,0,0,0
CAN-LI6MXFL64U,0,0,0
CAN-B9LCNYNBEX,0,0,0
CAN-XKB8801EOE,0,0,0
CAN-5MD4OXWXBU,0,0,0
CAN-K2E9AENTEW,0,0,0
CAN-2KBPB1PV73,0,0,0
CAN-RXAZUU87ZF,0,0,0
CAN-4RZ3D8UTRS,0,0,0
CAN-Q6G6XRJ1W4,0,0,0
CAN-E8DPUK67FV,0,0,0
CAN-M6JR6NL09J,0,0,0
CAN-28L0V7ZSNI,0,0,0
CAN-RFSHDUG5NB,0,0,0
CAN-AUKDROUFUV,0,0,0
CAN-PTQGMMU4X8,0,0,0
CAN-30G2I5D7QB,0,0,0
CAN-2PRMDXN6AG,1,1,0
CAN-6YJ0CICBZS,0,0,0
CAN-HNL15PYSFT,0,0,0
CAN-TKOOJAZPXM,0,0,0
CAN-O9HABZH7SV,0,0,0
CAN-0N5G8XH0L8,0,0,0
CAN-FXNXYPZJMA,0,0,0
CAN-GMZYZ8YMDL,0,0,0
CAN-ZX17TJBVFN,0,0,0
CAN-ODSN5KMQIY,0,0,0
CAN-JZ6OPOSBD5,0,0,0
CAN-HY15EM7L9M,0,0,0
CAN-RGZMTODDYB,0,0,0
CAN-ABVZF2G56F,0,0,0
CAN-VPHHW98E7H,0,0,0
CAN-428L2VHG1E,0,0,0
CAN-DPDFPEIA1F,0,0,0
CAN-UR1C4JP4VO,0,0,0
CAN-DOAKO4NNLZ,0,0,0
CAN-M39URHQ06V,0,0,0
CAN-UZSBW8DOL7,1,1,0
CAN-QLTRQNSPOS,0,0,0
CAN-N528AY7Q9Q,0,0,0
CAN-YC2YCI2VDS,0,0,0
CAN-7UQK6HCYNQ,0,0,0
CAN-KCQ7ULW6WP,0,0,0
CAN-6T6VRW0DWV,0,0,0
CAN-D2NQFXESTT,0,0,0
CAN-ZSGTTG0DNE,0,0,0
CAN-HQR33B163A,0,0,0
CAN-CLUWTDD3OD,0,0,0
CAN-4TZOTI9CN0,0,0,0
CAN-9KH57ZZTZJ,0,0,0
CAN-Y95V2NTXS2,0,0,0
CAN-WCLR9UT9NQ,0,0,0
CAN-WNP8XEXHDP,0,0,0
CAN-M4XWJ4A42R,0,0,0
CAN-DZXEHKO5JZ,0,0,0
CAN-5QWCVZO8OR,0,0,0
CAN-K3VNYIY96A,0,0,0
CAN-XKHYH1E3D0,0,0,0
CAN-62XF9663Q5,0,0,0
CAN-V2LD67PS91,0,0,0
CAN-OK8BUFZ5HJ,0,0,0
CAN-531EC6XM0A,0,0,0
CAN-8U0IE41Z6E,0,0,0
CAN-7MLU6W4G40,0,0,0
CAN-L8HR3JPCDQ,0,0,0
CAN-EE6C2FOBNF,0,0,0
CAN-AER426PWKP,0,0,0
CAN-HXUZZG7XVC,0,0,0
CAN-HQR8H76TF6,0,0,0
CAN-E41H0ZL36A,0,0,0
CAN-7FWCOSSME8,0,0,0
CAN-BJ8AZ2S8CO,0,0,0
CAN-38K4CR3UE5,0,0,0
CAN-CX3R5H742A,0,0,0
CAN-Z6DVM0PEY7,0,0,0
CAN-8AHXHQVUH3,0,0,0
CAN-4H33N9UFAP,0,0,0
CAN-1FVTWXN7SL,0,0,0
CAN-STFR13OJLS,0,0,0
CAN-STEDHLAM67,0,0,0
CAN-OM0PB7SM0Z,0,0,0
CAN-SR7CVIPO58,0,0,0
CAN-ZW4EUIY1ID,0,0,0
CAN-UIDN5ZBC7H,0,0,0
CAN-67OMTG7ZRO,0,0,0
CAN-AYSV4AE7BK,0,0,0
CAN-B0M82W6I26,1,1,0
CAN-KC3A8JTS1G,0,0,0
CAN-1S2JC7IZ8D,0,0,0
CAN-2PILYQINQ1,0,0,0
CAN-YH3426AW60,0,0,0
CAN-KDPXX7CZO4,0,0,0
CAN-BCLJSXQAK2,0,0,0
CAN-8PLXJH08ON,0,0,0
CAN-VAU8R6FSWU,0,0,0
CAN-GMURFOAW1Y,0,0,0
CAN-P84HEDSXL6,0,0,0
CAN-OYTCUDD3KL,0,0,0
CAN-YR6I3PD23Z,0,0,0
CAN-AQTRL7FPZ0,0,0,0
CAN-OPQM8L5E74,0,0,0
CAN-T4RVKHUVW7,0,0,0
CAN-7TMD3U0DF0,0,0,0
CAN-RPC6HVW4XE,0,0,0
CAN-GJHAPKHMVP,0,0,0
CAN-N8OV8CVYUE,0,0,0
CAN-U39JDIYJ3D,0,0,0
CAN-NIY52JWB4E,0,0,0
CAN-VIGRTKNKUJ,0,0,0
CAN-AAKO39Y5RD,0,0,0
CAN-U3LU2C5HZF,0,0,0
CAN-HVMQCC3H42,0,0,0
CAN-I0EK2D8J4V,0,0,0
CAN-FLLE4X5TE4,0,0,0
CAN-CNQ9JAZ5D9,0,0,0
CAN-I25Z744R3A,0,0,0
CAN-U1K1IZIC5O,0,0,0
CAN-RDAQV5IOEU,0,0,0
CAN-AHT4EZLP2J,0,0,0
CAN-CSF9T1E3QB,0,0,1
CAN-VZFU90A1BP,0,0,0
CAN-EP5C0EGQS4,0,0,0
CAN-9SIR1HGW1V,0,0,0
CAN-OQ193H7X27,0,0,0
CAN-O3V6A2BGCW,0,0,0
CAN-GTO7DL6TSY,0,0,0
CAN-2B93PKTKMT,0,0,0
CAN-GCEPUT3R29,0,0,0
CAN-9NAIUNPIFI,0,0,0
CAN-C7V6APBZ7Y,0,0,0
CAN-MNXTKGBY2G,1,0,0
CAN-NE3HQH6I3H,0,0,0
CAN-A0LE4CA6CD,0,0,0
CAN-JZNGRNZLUM,0,0,0
CAN-ZTYKTIOVFE,0,0,0
CAN-YVA8EP8H42,0,0,0
CAN-EBSA4VTO8W,0,0,0
CAN-XUXFVG24CF,0,0,0
CAN-MHEJQXCL2Y,0,0,0
CAN-KFZG4PXH4E,0,0,0
CAN-KYCPQKHQ6N,0,0,0
CAN-E93GOF2YRD,0,0,0
CAN-NRCDKDTEUY,0,0,0
CAN-ER7LQAX0MX,0,0,0
CAN-QX1PVC8RFH,0,0,0
CAN-1IPYMUVCE7,0,0,0
CAN-4UQPHD4D24,0,0,0
CAN-MOSUJL8SC3,0,0,0
CAN-W6BD5OJFA1,0,0,0
CAN-LC77XZF8LY,0,0,0
CAN-9L4MEEGMPF,0,0,0
CAN-IFX2JWCONU,0,0,0
CAN-E6X7L2RBAA,0,0,0
CAN-EFH49Q40QG,0,0,0
CAN-WTVCR05C74,0,0,0
CAN-C20JTOZEDZ,0,0,0
CAN-U1MPT9QOQU,0,0,0
CAN-2GZD8FDC0O,0,0,0
CAN-7XYEF7BDBZ,0,0,0
CAN-LYDREQR1ZH,0,0,0
CAN-9QV08LMBX9,0,0,0
CAN-J082YFLM89,0,0,0
CAN-USONVBDH1O,0,0,0
CAN-NA0V2EE96R,0,0,1
CAN-TZZFS4Q2T1,0,0,0
CAN-C0JQSL25TM,0,0,0
CAN-IYN1R5LISF,0,0,0
CAN-NZG8WJYGXD,0,0,0
CAN-FKUIGULLZA,0,0,0
CAN-N8TI3686UV,0,0,0
CAN-K9H5U4S2V2,0,0,0
CAN-LK1MGDWWKG,0,0,0
CAN-B229X82V9D,0,0,0
CAN-0NQBTR1APE,0,0,0
CAN-M4Z6PHO7OM,0,0,0
CAN-Q18GD4637E,0,0,0
CAN-C6UHKTNY4D,0,0,0
CAN-62N4R51JXV,0,0,0
CAN-16O0CL3YZ3,0,0,0
CAN-A84YDH6FLM,0,0,0
CAN-5MUL69LVCR,0,0,0
CAN-VWWBH9KRJE,0,0,0
CAN-0BVCA35348,0,0,0
CAN-SYB71JMQYC,0,0,0
CAN-BMROISATCE,0,0,0
CAN-S4P4P1A6BN,0,0,0
CAN-YKM9EPGCP0,0,0,0
CAN-PZ1HFK7Z8B,0,0,0
CAN-YP9W89R8A9,0,0,0
CAN-IIFO16XJ4Z,0,0,0
CAN-U4G0OZZEKC,1,0,0
CAN-B3HH5OU5NU,0,0,0
CAN-LBQPAWQQA3,0,0,0
CAN-43BAKAZM6B,0,0,0
CAN-AJ4UVV1NVG,0,0,0
CAN-8YNV7RBGNO,0,0,0
CAN-QLJDLCH732,0,0,0
CAN-IFIRAPKDIN,0,0,0
CAN-2CIMDDMATJ,0,0,0
CAN-JGDYJN8B9I,0,0,0
CAN-N7X6DI17BL,0,0,0
CAN-SPAVDFG3DZ,0,0,0
CAN-3O7Y5QKP6T,0,0,0
CAN-M6NYOI26M5,0,0,0
CAN-JB786W62FX,0,0,0
CAN-6M63SJVQ79,0,0,0
CAN-GCA0IPTJ1B,0,0,0
CAN-4PGLUX8BAK,0,0,0
CAN-CY40P2QF7B,0,0,0
CAN-CDRJV6ABTQ,0,0,0
CAN-ELVNR2T34J,0,0,0
CAN-S1QO7BQGGM,0,0,0
CAN-3NF7ASBA7M,0,0,0
CAN-3JJ26TUJCM,0,0,0
CAN-DXPPCJI6YU,0,0,0
CAN-URXOD6OKEP,0,0,0
CAN-SI8X61EC26,0,0,0
CAN-K3RNNLVQBN,0,0,0
CAN-ENFFKT35SI,0,0,0
CAN-VSNTB08SUH,0,0,0
CAN-RTEMRKB72U,0,0,0
CAN-TW00APHYZ9,0,0,0
CAN-7UQ40SSRBR,0,0,0
CAN-A1QHLZGTUR,0,0,0
CAN-KH4JWGNX3Q,0,0,0
CAN-PCSE0E5B83,0,0,0
CAN-SQZFO4NOO5,0,0,0
CAN-UX0ZMWAXND,0,0,0
CAN-WIEGSCL529,0,0,0
CAN-E0J97P1TR0,0,0,0
CAN-0G90RGH1AY,0,0,0
CAN-0ZNWYOR3Q8,0,0,0
CAN-LEG06BXELA,0,0,0
CAN-8VI5A3FYJA,0,0,0
CAN-6JIVHT8URU,0,0,0
CAN-2DZDWUT2J3,0,0,0
CAN-EJU4F26G1Y,0,0,0
CAN-AOUXVRZEJ2,0,0,0
CAN-79E12OEQG3,0,0,0
CAN-H38RVII7BG,0,0,0
CAN-UA7PGRX2RS,0,0,0
CAN-EU5G04PJSG,0,0,0
CAN-OW563Z426H,0,0,0
CAN-504G8RC30P,0,0,0
CAN-DCICFD0ALU,0,0,0
CAN-7TLIH7TC8D,0,0,0
CAN-42SNN2OLHS,0,0,0
CAN-I0T37WIFVI,0,0,0
CAN-391U64SZ2Q,0,0,0
CAN-O1NW6Q2QRI,0,0,0
CAN-UVG366PFKZ,0,0,0
CAN-M5R9FUK07M,0,0,0
CAN-BXIHC3GTOR,0,0,0
CAN-H7ZD0TRQ3X,0,0,0
CAN-61S7BG374E,0,0,0
CAN-LN9VOZOLEY,0,0,0
CAN-Q393M7L1KG,0,0,0
CAN-OSPND86FED,0,0,0
CAN-LGK86FRA2U,0,0,0
CAN-B5CTH9K2T0,0,0,0
CAN-NUBKSG4NPM,0,0,0
CAN-4Y89QHCB6S,0,0,0
CAN-NM6JIEOJB6,0,0,0
CAN-RY8EAUU7VB,0,0,0
CAN-7SV09LDSDB,0,0,0
CAN-SVX0TSLQK1,0,0,0
CAN-WK6D0UUJO8,0,0,0
CAN-N3DW5NLUQO,0,0,0
CAN-3PSKKCSZB5,0,0,0
CAN-AXE3PHV4HJ,0,0,0
CAN-1EGTLNKU03,0,0,0
CAN-3T6XV8V9AI,0,0,0
CAN-DZGRAKHWIK,0,0,0
CAN-2QSJ8E79HL,0,0,0
CAN-SAASNZVVX0,1,1,1
CAN-VOZB8BTMP0,0,0,0
CAN-RC3MKFW2IP,0,0,0
CAN-A5A6UAY6H2,1,0,0
CAN-4MZCL9KVZ0,1,0,0
CAN-HGMN8ES0WC,0,0,0
CAN-65NPSOFP24,0,0,0
CAN-QH53R4F7TG,0,0,0
CAN-XOLROE3MD8,0,0,0
CAN-7ZA244JR9F,0,0,0
CAN-2BIRFB3YNO,0,0,0
CAN-GIYN0K7FXH,0,0,0
CAN-8F7Q0OYYVI,0,0,0
CAN-9L1G7YPBBL,0,0,0
CAN-84ZBR7HTVB,0,0,0
CAN-IQUY052VBV,0,0,0
CAN-VDBBB1U640,0,0,0
CAN-OP7CLHW9J1,0,0,0
CAN-AA9CQUQEKZ,0,0,0
CAN-M434M8Z4QD,0,0,0
CAN-U7QJ3CCS90,0,0,0
CAN-LWOIETYT5J,0,0,0
CAN-45WJSXDMCY,0,0,0
CAN-RJ9PZQU4NX,0,0,0
CAN-3FL2F1YJAN,0,0,0
CAN-93E2CR35YX,0,0,0
CAN-B9OULJSRT0,0,0,0
CAN-ECH1IQFNHQ,0,0,0
CAN-P2M38TLIDO,0,0,0
CAN-PKN1FL9LDI,0,0,0
CAN-TRKU605YF9,0,0,0
CAN-4BO64LTUFY,0,0,0
CAN-DIWEFXFAJT,0,0,0
CAN-TQT5ARBSKW,0,0,0
CAN-AHTYLIE2O4,0,0,0
CAN-2I29DQ1EDZ,0,0,0
CAN-SDY2IBJK7X,0,0,0
CAN-7WTCQXFXKT,0,0,0
CAN-NA2K6MYMPB,0,0,0
CAN-JLCWZ7WJDM,0,0,0
CAN-F5E3YLUA8E,0,0,0
CAN-TGYAPM4W7Q,0,0,0
CAN-YFT1AMQOQQ,0,0,0
CAN-V01X4AEVR3,0,0,0
CAN-IUOZXA7YZ4,0,0,0
CAN-TSZR8ZUUK7,0,0,0
CAN-XSR5VGWBLU,0,0,0
CAN-P80VP6DOEF,0,0,0
CAN-DH30SZCA6M,0,0,0
CAN-2EWAC6D7SN,0,0,0
CAN-4WFQFI5HB1,0,0,0
CAN-ZD6N4HMT18,0,0,0
CAN-VS6FWP4UT8,0,0,0
CAN-XJZINQ2HQX,0,0,0
CAN-86SD3AT1J9,0,0,0
CAN-A1O43B2X6X,0,0,0
CAN-QQWCY0QXX0,0,0,0
CAN-ECN7BT8LKP,0,0,0
CAN-17B64O1XIX,0,0,0
CAN-6PCB645XOU,1,1,0
CAN-UR5JROBJOX,0,0,0
CAN-JKELWXW559,0,0,0
CAN-QXS1YIUF55,0,0,0
CAN-QDNYH18JEG,0,0,0
CAN-F4IJYBOADP,0,0,0
CAN-2O3WI6WP8C,0,0,0
CAN-QDGHKOU1BM,0,0,0
CAN-J1TATTI0LR,0,0,0
CAN-77ZU0257K6,0,0,0
CAN-LAANOGFZG5,0,0,0
CAN-UELBPV6W9Y,0,0,0
CAN-J408Z09TJG,0,0,0
CAN-ZYYKU4YBMI,0,0,0
CAN-JR4Q3MN3NF,0,0,0
CAN-6BZIG68CZB,0,0,0
CAN-F3BGQT3YTV,1,1,1
CAN-FK4D6C4H4Q,0,0,0
CAN-QBZOB2Z0W7,0,0,0
CAN-ULCXVLSHHM,0,0,0
CAN-TLDKKGVKRM,0,0,0
CAN-PPGX1W5IMM,0,0,0
CAN-EP8I7T7Z88,0,0,0
CAN-ONAADKCB64,0,0,0
CAN-Z804LSCG5T,0,0,0
CAN-6XAR3SOSGA,0,0,0
CAN-ITPAD3ZF7O,0,0,0
CAN-XE5TJIVEQJ,1,0,0
CAN-YG23S8XK38,0,0,0
CAN-OKIQY50C4Z,0,0,0
CAN-V6DAKH5L68,0,0,0
CAN-0T5ZH0WG8M,1,1,1
CAN-01CROE5BGB,0,0,0
CAN-T7AF4PD15Y,0,0,0
CAN-PU6QTQNT61,0,0,0
CAN-PA1PEAQ0D3,0,0,0
CAN-UTKQTV70WD,0,0,0
CAN-4H1I2G979H,0,0,0
CAN-U52DXBF4LB,0,0,0
CAN-MH0S0FED3H,0,0,0
CAN-FWCXT2NXTG,0,0,0
CAN-EVAEERE8F7,0,0,0
CAN-51IA09BO8Q,0,0,0
CAN-MVQWIL33RX,0,0,0
CAN-V47BDLPFRO,0,0,0
CAN-1WYB64EZCU,0,0,0
CAN-6ZDVO4NZ08,0,0,0
CAN-ZGCJ261VYL,0,0,0
CAN-OW4TQW05IG,0,0,0
CAN-J6BMQE1MC4,0,0,0
CAN-LJ2F6Z4ZBP,0,0,0
CAN-HY110Q9AX5,0,0,0
CAN-0YCLDWRI85,0,0,0
CAN-47TACS09MD,0,0,0
CAN-TWHPMWRQQC,0,0,0
CAN-G2162KE9GS,0,0,0
CAN-MDL7F3RLUA,0,0,0
CAN-GZE4Z1IMPP,0,0,0
CAN-430EWRCZYF,0,0,0
CAN-A2YJ4UZOX9,0,0,0
CAN-DNCTJ1OWSB,0,0,0
CAN-QKHU84Z4M3,0,0,0
CAN-1UOLHOGT9U,0,0,0
CAN-TSKI3MLR3W,0,0,0
CAN-SOS4X8464V,0,0,0
CAN-84DZOXKS3A,1,1,0
CAN-WJS7R7PP5E,0,0,0
CAN-SU7IVM1N1O,0,0,0
CAN-MQ54CUHLUV,0,0,0
CAN-A2XXX6UJ1X,0,0,0
CAN-PFZ6QPDC4J,0,0,0
CAN-NIV0SAMXPN,0,0,0
CAN-JFO9228KMN,0,0,0
CAN-CU7C6V3Q5M,0,0,0
CAN-RWJGL50GYQ,0,0,0
CAN-KSBEIAKUZZ,0,0,0
CAN-VQ1Z9Q6M3Z,0,0,0
CAN-CIULNDGSCI,0,0,0
CAN-L2RB21MZW0,0,0,0
CAN-7O6X38UAQO,0,0,0
CAN-X3M1YX85W1,0,0,0
CAN-BRU2WWNJ5L,0,0,0
CAN-3N47NNYPLE,0,0,0
CAN-Z9ZX5F9G2U,0,0,0
CAN-96FRBRP89B,0,0,0
CAN-3R133W2FZA,0,0,0
CAN-A2GUA1ALWO,0,0,0
CAN-SM7L4KNII5,0,0,0
CAN-FKICZRHRIR,1,0,0
CAN-Z2ID4WQDXK,0,0,0
CAN-K6NLNYVE3N,0,0,0
CAN-TUOP1K8R8S,0,0,0
CAN-6YD6X8CQGD,0,0,0
CAN-GAEW70FJTA,0,0,0
CAN-0XG23HN6WH,0,0,0
CAN-38RXEEML10,0,0,0
CAN-EYXYW6IDD1,0,0,0
CAN-NR1DZ7B7CZ,0,0,0
CAN-ID4FOAKCU4,0,0,0
CAN-0DFL8ZCZII,0,0,0
CAN-N1YJ94SO70,0,0,0
CAN-TPLC6T7D7A,0,0,0
CAN-PR741UYUYO,0,0,0
CAN-6S2BVBN7JQ,0,0,0
CAN-M21HM68PC5,2,1,1
CAN-BF6KQJQ7F8,0,0,0
CAN-T5VH6WHET1,0,0,0
CAN-X0Q4BXKK66,0,0,0
CAN-JDXIVH8WIH,0,0,0
CAN-PITQF9TMLZ,0,0,0
CAN-1MP66M13U2,0,0,0
CAN-K8GI4G7BXN,0,0,0
CAN-8J8F3RJGCO,0,0,0
CAN-47B5ZVTGT3,0,0,0
CAN-ZW8E08QW1L,0,0,0
CAN-DY8HUZBZ76,0,0,0
CAN-PVQJQBOFM4,0,0,0
CAN-BROOVRM51Y,0,0,0
CAN-LRIPH7FITR,0,0,0
CAN-EBO909DKDP,0,0,0
CAN-ET8R2H991C,0,0,0
CAN-38GOS8DYMH,0,0,0
CAN-CRETZGUS2A,0,0,0
CAN-6PFCAV0MBW,0,0,0
CAN-JL6FR7HBJU,0,0,0
CAN-5C5W4DSGRA,0,0,0
CAN-DHCNW5KB98,0,0,0
CAN-QR0U0T0EQC,0,0,0
CAN-U6FIO8L5I9,0,0,0
CAN-G5BDVERMKT,1,1,0
CAN-A0V20CI90P,1,1,0
CAN-2EJNI9XNSY,0,0,0
CAN-TA3Z0JI46R,0,0,0
CAN-7D3RD3LH5E,0,0,0
CAN-TB6SFR5MHW,0,0,0
CAN-CHNF0HSAJC,0,0,0
CAN-V6DG8MKZD6,0,0,0
CAN-A3XSZZT92O,0,0,0
CAN-NB2FZHVYAC,0,0,0
CAN-GCFXYEM5TB,0,0,0
CAN-RA080QSD2J,0,0,1
CAN-Y1ONULRYLB,0,0,0
CAN-3WNS25COC1,0,0,0
CAN-GT50ZZKLJ6,0,0,0
CAN-J4UI91CPF0,0,0,0
CAN-HNZYVYS3O2,0,0,0
CAN-KPQ1RPIV18,0,0,0
CAN-CKZVJSRD5M,0,0,0
CAN-DCOXCIAQZR,0,0,0
CAN-NB3UHXBXYG,1,1,0
CAN-33Z9IRZC9A,0,0,0
CAN-GDGCWHJZVC,1,0,0
CAN-5RHGLFS4OE,0,0,0
CAN-ZIZJNT64CD,0,0,0
CAN-5NDVCMGUCG,0,0,0
CAN-ZDKTVXT8VL,0,0,0
CAN-D1NF7K6QPX,0,0,0
CAN-IM97R1QH9S,0,0,0
CAN-GAKEA33KPY,0,0,0
CAN-OBBI2MAAYI,0,0,0
CAN-EBAYWEE4YC,0,0,0
CAN-A31XZ57Q45,0,0,0
CAN-WVXRA7CDYV,0,0,0
CAN-R7SZZACEJY,0,0,0
CAN-3BFKTX6WE4,0,0,0
CAN-0JFSPVX61Z,0,0,0
CAN-9RQNHZJJGH,0,0,0
CAN-BX6JPROTL2,0,0,0
CAN-E55C3U4APG,0,0,0
CAN-KHKC27VQIE,0,0,0
CAN-CE7VL9JKEO,0,0,0
CAN-QQXBJU6M6L,0,0,0
CAN-MBR8RYQZIG,0,0,0
CAN-SM4GSRG8E6,0,0,0
CAN-VHJ66NZG2D,0,0,0
CAN-UFBM07OU17,0,0,0
CAN-UTC9HKKQZA,0,0,0
CAN-9R6S71CA96,0,0,0
CAN-108SJHKKA1,0,0,0
CAN-OEFG2D9G65,0,0,0
CAN-YQVATAQHNI,0,0,0
CAN-WNW61S16BO,0,0,0
CAN-O88Y2Z99CD,0,0,0
CAN-6ETC7CRQHN,0,0,0
CAN-V0EOBWD5DI,0,0,0
CAN-2ZHDJJTFV6,0,0,0
CAN-7YDCVZAEDR,0,0,0
CAN-N4PM9P7UDL,0,0,0
CAN-CIMENREHE5,0,0,0
CAN-8RJB8EXQA9,0,0,0
CAN-YY8IP43S5U,1,1,1
CAN-2TMMZFTFF3,0,0,0
CAN-RXKKLU22W3,0,0,0
CAN-IATG5XYD84,0,0,0
CAN-JGFGWWOXFG,0,0,0
CAN-0IL2FYYN1X,0,0,0
CAN-9M3ZODNOJT,0,0,0
CAN-GRCFBC5Z4Q,0,0,0
CAN-DEIABDIKME,0,0,0
CAN-SPU4OMC4W2,0,0,0
CAN-86J6FNSDTF,0,0,0
CAN-DAPDZU7LLY,0,0,0
CAN-KH5RV1C5J5,1,1,0
CAN-X6Y7Y2FPZF,0,0,0
CAN-J3IQ77IU46,0,0,0
CAN-ZNX6HUZJCL,0,0,0
CAN-XUP5Y0W4RF,0,0,0
CAN-D3Z128KPF6,0,0,0
CAN-MTLA2ADHXB,0,0,0
CAN-O9A2KNXI4N,0,0,0
CAN-UDMWK5GMJN,0,0,0
CAN-QLZ4EKYKE8,0,0,0
CAN-ACD12DM3EQ,0,0,0
CAN-N1UJHSH4VK,0,0,0
CAN-5NNTGFGOCD,0,0,0
CAN-LV0I68XO0I,0,0,0
CAN-3D99WGLA9F,0,0,0
CAN-SXUJFFGR63,0,0,0
CAN-G88TNN62IQ,0,0,0
CAN-W8ZP3GO484,0,0,0
CAN-PED23QS633,0,0,0
CAN-W5R5SMR39Z,0,0,0
CAN-JVS9VHE1IE,0,0,0
CAN-WR2Y3V61K8,0,0,0
CAN-RUCNMBX8PL,0,0,0
CAN-WND5745Q8I,0,0,0
CAN-9NO7994ZHR,0,0,0
CAN-QDEJ63RFTL,0,0,0
CAN-JEZTW2DL4Z,0,0,0
CAN-EQJNI8CNTQ,0,0,0
CAN-3SIQKXXFE9,0,0,0
CAN-JJT5NG93HR,0,0,0
CAN-2CUG9EGHUS,0,0,0
CAN-7RTPE4E3ZI,0,0,0
CAN-UYCXX0K17X,0,0,0
CAN-ZUI284J2I1,0,0,0
CAN-DVU1ZUA3G0,0,0,0
CAN-L02Y878NEQ,0,0,0
CAN-K2EFX81CMW,0,0,0
CAN-M0OKXDH6R5,0,0,0
CAN-7RWHIGFZA9,0,0,0
CAN-7TJJK3L0GK,0,0,0
CAN-KU7N0RXJNY,0,0,0
CAN-ZK241KRAXA,0,0,0
CAN-A7W1PUQWAO,0,0,0
CAN-JCJ4KVVABZ,0,0,0
CAN-WDSF8ZS6JX,0,0,0
CAN-M8D1FDY7TJ,0,0,0
CAN-OLS79DRUVO,0,0,0
CAN-BUKRSYM8UR,0,0,0
CAN-3E8HXI8SXR,0,0,0
CAN-LPG4GN9X77,0,0,0
CAN-IT3JOY1B92,0,0,0
CAN-UHZAGTMVFA,0,0,0
CAN-LXQB5O145Z,0,0,0
CAN-G6YBRQTA02,0,0,0
CAN-MPGR0FUPEM,0,0,0
CAN-2JQFA5RSOD,0,0,0
CAN-3MK0W4XQ7R,0,0,0
CAN-6CRXHAUU3Q,0,0,0
CAN-39QYX8VDH0,0,0,0
CAN-AVIS3KWA4G,1,1,0
CAN-LMI5R7P0S6,0,0,0
CAN-7DCEDI7WII,0,0,0
CAN-657CBQH4J3,0,0,0
CAN-GECGRS0TBY,0,0,0
CAN-W4JS8O085R,0,0,0
CAN-BYZ6WQC9RE,0,0,0
CAN-VUKF53HBKJ,0,0,0
CAN-RAC3AUDPMW,0,0,0
CAN-052PI2BBIB,0,0,0
CAN-EO7J9O6VVJ,0,0,0
CAN-WTYOR82705,0,0,0
CAN-3V5XIQ8M0G,0,0,0
CAN-WG0J725BW8,0,0,0
CAN-Z812B96W5J,0,0,0
CAN-ZSSI697BN3,0,0,0
CAN-FGAD638GB1,1,1,1
CAN-FH1ZFVO5AK,0,0,0
CAN-PHD0URSC5X,0,0,0
CAN-EE6BU15CXY,0,0,0
CAN-G7BSDV4H1A,0,0,0
CAN-7CX8EZWB1N,0,0,0
CAN-HVC46LBXG9,0,0,0
CAN-MKJ1AVMZOC,0,0,0
CAN-SU078JSUR1,1,1,1
CAN-ZMWEG78PWI,0,0,0
CAN-M1HEZ1H8WZ,0,0,0
CAN-3WPQ4YGA4O,0,0,0
CAN-13K09Z14QK,0,0,0
CAN-2RU4JIP90C,0,0,0
CAN-XGEZBD2JZ8,0,0,0
CAN-G4T0MVXZWJ,0,0,0
CAN-VU0T85LJ6C,0,0,0
CAN-PN6IO4OZQU,0,0,0
CAN-R85EKY2K07,0,0,0
CAN-0SLX0JA9EJ,0,0,0
CAN-P4DM8ZQI9P,0,0,0
CAN-EEVX7ZCHEV,0,0,0
CAN-5MDE16FUTU,0,0,0
CAN-Q6IWGFWGMC,0,0,0
CAN-85UTROZ0YY,0,0,0
CAN-GYAS3DFJY7,1,0,0
CAN-B098WFR9Z3,0,0,0
CAN-AB4I7IODFC,0,0,0
CAN-U23TKTXHOK,0,0,0
CAN-NMZV6392NB,0,0,0
CAN-6A43BIZCQC,0,0,0
CAN-R81IGX90ST,0,0,0
CAN-FEY0EYGJM1,0,0,0
CAN-0QQFFT9BCX,0,0,0
CAN-EKYX4BISP5,1,1,0
CAN-2Z7MIVJE5O,0,0,0
CAN-4M11MPT2J6,0,0,0
CAN-U1FVKELSO2,0,0,0
CAN-5RPOBG0T1Y,0,0,0
CAN-702WVL9DB2,0,0,0
CAN-PP9TLV3EBY,0,0,0
CAN-E5A079EA5M,0,0,0
CAN-2X6QQZHN1J,0,0,0
CAN-71V5XJPMGC,0,0,0
CAN-0ENVXJG4A2,0,0,0
CAN-TPWKUTGS5M,0,0,0
CAN-SU4AVO68Z7,0,0,0
CAN-6C0CHD1P4D,0,0,0
CAN-4QDURO0LM0,0,0,0
CAN-4S8HDMWHG3,0,0,0
CAN-9UTQNQPVRM,0,0,0
CAN-RJVYF8NNQG,0,0,0
CAN-QHSZYBRWD4,0,0,0
CAN-PDGLT2L305,0,0,0
CAN-FF4F9Q4DUT,0,0,0
CAN-3KHQ6CPBXP,0,0,0
CAN-GLQ2GSAO6C,0,0,0
CAN-APKGODCK3C,0,0,0
CAN-JRXEHPHB0I,0,0,0
CAN-XD4IVILTS4,0,0,0
CAN-G25O4CIAKC,0,0,0
CAN-6E3VER7YN2,0,0,0
CAN-2ZH04YIRJU,0,0,0
CAN-GESFAESSBO,0,0,0
CAN-OZGC6FWCOD,0,0,0
CAN-86OU5SX3ED,0,0,0
CAN-9VPEYKLVWM,0,0,0
CAN-UZ022PKYQM,0,0,0
CAN-T8GW0ZYFFO,0,0,0
CAN-R8R5RVKOO8,0,0,0
CAN-V06M1QXRN4,0,0,0
CAN-CI8IWRN8TN,0,0,0
CAN-DVXLDYJQEJ,0,0,0
CAN-UCW3TBD2AS,0,0,0
CAN-BN7PPRO7KK,0,0,0
CAN-ZYQ9SM23FY,0,0,0
CAN-XEQJB33W9Q,0,0,0
CAN-WAPSK63Y06,0,0,0
CAN-0EP8U1FCKC,0,0,0
CAN-2C4JAVHXFB,0,0,0
CAN-RS9Y4TJH1E,0,0,0
CAN-NDPHWQYZJL,0,0,0
CAN-TEX6JCF1MT,0,0,0
CAN-2XWXC2WJA9,0,0,0
CAN-0ET1J76KCP,0,0,0
CAN-BASIUT0WLI,0,0,0
CAN-H86XQH8B6B,0,0,0
CAN-0RQY2RDGS6,0,0,1
CAN-MSE2R4E921,0,0,0
CAN-9OJSC87JVA,0,0,0
CAN-7G30TL65V9,0,0,0
CAN-DQY1LAYRQI,0,0,0
CAN-PKOGLDIDJ8,0,0,0
CAN-23HKO8425T,0,0,0
CAN-AQ3GE5DGOI,0,0,0
CAN-U8L818YEOW,0,0,0
CAN-OIOGVRZDPG,0,0,0
CAN-PO8KXVZVON,0,0,0
CAN-E706UULU5K,0,0,0
CAN-6T1QRJ16WS,0,0,0
CAN-GB4KPEMIHC,0,0,0
CAN-W8Q0QD2D7K,0,0,0
CAN-55O2FJ7WJG,0,0,1
CAN-NGXKQW1LS3,0,0,0
CAN-KJNPV99W7N,0,0,0
CAN-P2II2F1Z6E,0,0,0
CAN-MX3Y9ZBK8M,0,0,0
CAN-PMUJKOQEG6,0,0,0
CAN-YUW804NEJY,0,0,0
CAN-QBUCXXJ570,0,0,0
CAN-FRLPC7XRJU,0,0,0
CAN-E713GBA06C,0,0,0
CAN-N0JVL56W6A,0,0,0
CAN-W5T9TRWHCX,0,0,0
CAN-R4QOOETNM0,0,0,0
CAN-I45A68RZ2D,0,0,0
CAN-FD88OKGH5N,0,0,0
CAN-T2NPR2E1L4,0,0,0
CAN-EN59LYQ7PQ,0,0,0
CAN-FIKSS82N7X,0,0,0
CAN-ELDKXM4DYG,0,0,0
CAN-N11GRVCFVR,0,0,0
CAN-ESMTWX163G,0,0,0
CAN-2A3FRHZQH1,0,0,0
CAN-15X5ISTFA5,0,0,0
CAN-TRKU25S61C,0,0,0
CAN-AEX2SH9ZKL,0,0,0
CAN-D8XJBNP7G8,0,0,0
CAN-UYDWYUMTKU,0,0,0
CAN-302U311POI,0,0,0
CAN-3SUV0RURZJ,0,0,0
CAN-H9HB9MIQPA,1,1,0
CAN-7WG5TPNH6Q,0,0,0
CAN-FZH8WA8TK8,0,0,0
CAN-9RMBTW3406,0,0,0
CAN-L8AJ9H4EPE,0,0,0
CAN-WBBC9HUHMK,0,0,0
CAN-9XVB3GF0XZ,0,0,0
CAN-YOAQDUQXSU,0,0,0
CAN-QIL1K27B76,0,0,0
CAN-WRLDM6PGBO,0,0,0
CAN-VSVTYZ5S8A,0,0,0
CAN-WPBNW430IU,0,0,0
CAN-D19E2L1EO4,0,0,0
CAN-XDERO8YLBH,0,0,0
CAN-KNT306TVHY,0,0,0
CAN-R1JUP4KFTV,0,0,0
CAN-NY90FLDC12,0,0,0
CAN-RC6IFI4UN6,0,0,0
CAN-7EN2NEOUZN,0,0,0
CAN-A03CAMEVNB,0,0,0
CAN-O5YFRL6VUF,0,0,0
CAN-5MZNTPCHXM,0,0,0
CAN-W8PKB5030C,0,0,0
CAN-4ZX3SEN0YH,0,0,0
CAN-7KPS3SR11O,0,0,0
CAN-HOR3D3QUBE,0,0,0
CAN-GN1HMFRH87,0,0,0
CAN-F4592MMHKV,0,0,0
CAN-2RERQ8Y4VG,0,0,0
CAN-R7SZTUDSUP,0,0,0
CAN-0UEBJSPY26,0,0,0
CAN-GSVSCYQEI4,0,0,0
CAN-F0L1UC7HCN,0,0,0
CAN-8P92DU7XZB,0,0,0
CAN-V78V73PGRD,0,0,0
CAN-TOTO3VZBFD,0,0,0
CAN-5ZPQZHTC8T,0,0,0
CAN-ZQXQTHBNYO,0,0,0
CAN-ITJJZZL460,0,0,0
CAN-5UG8IFHYEX,0,0,0
CAN-6YKTE1O6D7,0,0,0
CAN-6IS9DOSTOJ,0,0,0
CAN-S62CZQ7I9X,0,0,0
CAN-5SUELQ12IG,0,0,0
CAN-1ABZT6I126,0,0,0
CAN-CXYFVCQ17M,0,0,0
CAN-O02GOPBNQT,0,0,0
CAN-2O83483NWK,0,0,0
CAN-AK9YAZ12NK,0,0,0
CAN-9GD86BGIBO,0,0,0
CAN-W2P5OGAGGN,0,0,0
CAN-0RSIG2N4QZ,0,0,0
CAN-G6D89WAC3H,1,1,1
CAN-NEM19J6EUB,0,0,0
CAN-Z3X8TXNF36,0,0,0
CAN-SME3GIX7WJ,0,0,0
CAN-55IVG2PGDC,0,0,0
CAN-WCDFRO12KY,0,0,0
CAN-0WJ0H6IYJU,0,0,0
CAN-GH3EL9T3SP,0,0,0
CAN-1PBVATN9TH,0,0,0
CAN-C4E33HYJC8,1,0,0
CAN-2T210M1JZZ,0,0,0
CAN-01573THY34,0,0,0
CAN-MSNJEAB1GA,0,0,0
CAN-VE8W42ILY4,0,0,0
CAN-E6X5FRLLCD,0,0,0
CAN-1K3S1FXQ2J,0,0,0
CAN-VJR25F72A2,0,0,0
CAN-GADRNXU6J7,0,0,0
CAN-R3PHPYEEK1,0,0,0
CAN-GEF1VJ7QX6,0,0,0
CAN-HLSGCN77EL,0,0,1
CAN-904QY0RZS5,0,0,0
CAN-X7U9K0AVRB,0,0,0
CAN-R6I2PP0I3Q,0,0,0
CAN-REYOR52RD0,0,0,0
CAN-3HBVFVOESJ,0,0,0
CAN-PFYXWQWRNY,0,0,0
CAN-NOCGXZ0PFR,0,0,0
CAN-W8FFG0XY8T,0,0,0
CAN-60KCU89ZGO,0,0,0
CAN-X7OAWHOL2U,0,0,0
CAN-Q9NOG6GBJA,0,0,0
CAN-PZ4MR0LYCX,0,0,0
CAN-HU7M4AJJ1R,0,0,0
CAN-0SXI0L1XFG,0,0,0
CAN-WQL2LYW55F,0,0,0
CAN-4AJMXDQYIM,0,0,0
CAN-PIZ6559UJG,0,0,0
CAN-Q2FALOAQ7B,0,0,0
CAN-01ZVPOCA09,0,0,0
CAN-D4CANR7F6E,0,0,0
CAN-UY6THI4SPH,0,0,0
CAN-DK83G1LG4K,0,0,0
CAN-C18XSJQ1IW,0,0,0
CAN-KSWKCM7OW2,0,0,0
CAN-69AB0PIX0H,0,0,0
CAN-UOGO5TW3DZ,1,1,0
CAN-XJEMWCC2GF,0,0,0
CAN-6WB8PW0RLL,0,0,0
CAN-TQW8UMX8FW,0,0,0
CAN-S1KJLDWHX0,0,0,0
CAN-DA8O1NRGBZ,0,0,0
CAN-5V4LNB0A4Q,0,0,0
CAN-I67MS6HT0K,0,0,0
CAN-CM0OXCO2W3,0,0,0
CAN-B4DW7RUYA1,0,0,0
CAN-NUYCVKLOMD,0,0,0
CAN-C69I5M7AQH,0,0,0
CAN-WCRLKEUWXO,0,0,0
CAN-2SVVQST011,0,0,0
CAN-9HU2HWGT7D,0,0,0
CAN-HM9HIRY6WT,0,0,0
CAN-91SN66S4IJ,0,0,0
CAN-TQA4KEQ7HB,0,0,0
CAN-WRGVHZT8IC,0,0,0
CAN-1WHDEIM45C,0,0,0
CAN-N7F56ROYLJ,0,0,1
CAN-OJ40NT3AS0,0,0,0
CAN-TBM03XK4I0,0,0,0
CAN-UX9STEBQ48,0,0,0
CAN-8BS8MWBUR4,0,0,0
CAN-CKE8GLYTTX,1,0,0
CAN-LLAHEZF87G,0,0,0
CAN-9Y63SPYKSV,0,0,0
CAN-TGN8Z9EO1Z,0,0,0
CAN-RHUNEAHLXE,0,0,0
CAN-83U6CYVAZX,0,0,0
CAN-ZNNH9C68QU,0,0,0
CAN-4NUJLJ33AX,0,0,0
CAN-188W71GE2R,0,0,0
CAN-REE0ZEPNMS,1,0,0
CAN-Z31E1KJBI7,0,0,0
CAN-8CXN6EUP53,0,0,0
CAN-9ZVUY9BNS9,0,0,0
CAN-VYVWN7G1M8,0,0,0
CAN-62RCP1AES9,0,0,0
CAN-4ZK05Q2AAE,0,0,0
CAN-8S3876COC6,0,0,0
CAN-LJJRDSFJM8,0,0,0
CAN-S5QYBKX87G,0,0,0
CAN-5LK0J7JVYF,0,0,0
CAN-M9D6QO8NKE,0,0,1
CAN-XR8NXC1R3H,0,0,0
CAN-4ON8AJRSL3,0,0,0
CAN-OC473FRI8I,0,0,0
CAN-GQWPGVSX0E,0,0,0
CAN-BYE258ZAKG,1,1,0
CAN-TTVNXU6N67,0,0,0
CAN-K8PJVAJSSW,0,0,0
CAN-GO6C65TPA1,0,0,0
CAN-FBU7OBN6Z2,0,0,0
CAN-6EYVDLVX0I,0,0,0
CAN-00SGGMDVUV,0,0,0
CAN-KRAE3A0RGU,0,0,0
CAN-A3NNTZGVN5,0,0,0
CAN-JA0RR7KV85,0,0,0
CAN-B7XZA5PFR7,1,1,1
CAN-0O7YNR30YJ,0,0,0
CAN-ZL1H3ZQ8JZ,0,0,0
CAN-IER8I6FT7O,0,0,0
CAN-2IN2U7OTNY,0,0,0
CAN-PNXDHVBEDV,0,0,0
CAN-HFSLJ9HHBE,0,0,0
CAN-ZPN6T3A8DC,0,0,0
CAN-1QGGT5IEPY,0,0,0
CAN-1TE3XKYI5E,0,0,0
CAN-AR2QTACJI4,0,0,0
CAN-IJ0BKLH45H,0,0,0
CAN-6ETU6EKVYE,0,0,0
CAN-S1NOCSV3IK,0,0,0
CAN-QV53WFRDLS,0,0,0
CAN-XNJ7967NKQ,0,0,0
CAN-MRM1DCGAHN,0,0,0
CAN-P390OD8YAM,0,0,0
CAN-UDSFEGZEPB,0,0,1
CAN-X7ZGORELT9,0,0,0
CAN-FBXMI70L08,0,0,0
CAN-YKGL27T07I,0,0,0
CAN-9DY5FX8E7Q,0,0,0
CAN-71SQSM5Y2F,0,0,0
CAN-VO8BICTT4J,0,0,0
CAN-27NF2YPVC2,0,0,0
CAN-MMWJVVL040,1,0,0
CAN-SFNYQ75JNU,0,0,0
CAN-BVJV6CUK4K,0,0,0
CAN-UMNRW25GPV,0,0,0
CAN-NE84D14HWH,0,0,0
CAN-3N781OKXEW,0,0,0
CAN-MC9REC5TNS,0,0,0
CAN-4491B2CKSM,0,0,0
CAN-KQD1CURX7O,0,0,0
CAN-GUQ5NA9YS8,0,0,0
CAN-OF20UJ2OFK,0,0,0
CAN-69RZZOH7H5,0,0,0
CAN-6E5NL389T2,0,0,0
CAN-LA7W2FTS3R,1,0,0
CAN-Q7HFOIN7HT,0,0,0
CAN-80YVARAASD,0,0,0
CAN-J8KNYB5QQZ,0,0,0
CAN-024ZEPM118,0,0,0
CAN-RL6ZXKYRJJ,0,0,0
CAN-MWULCP38WM,0,0,0
CAN-1DCTC1MEWH,0,0,0
CAN-EC4VKEHHYJ,0,0,0
CAN-KVH1FBZ01K,0,0,0
CAN-44KF0UTAED,0,0,0
CAN-MD5F8NKNR5,0,0,0
CAN-LPAWECQN84,0,0,0
CAN-44OOTN9878,0,0,0
CAN-6BPVTGFQR4,0,0,0
CAN-IXZ99JN3H4,0,0,0
CAN-P90UIF1E15,0,0,0
CAN-OOX8LDS2ET,0,0,0
CAN-325ZQ4BDFA,0,0,0
CAN-Q2A5QXGT3V,0,0,0
CAN-DOY2ZIZAE3,0,0,0
CAN-4WKKG9F9XU,0,0,0
CAN-Q67MV3XFKF,0,0,0
CAN-XEQ6GE3UZ1,0,0,0
CAN-87JCG0GFT6,0,0,0
CAN-DSH7I2P04G,0,0,0
CAN-DJS9A3S47M,0,0,0
CAN-OXEHBXX1CL,0,0,0
CAN-39ELD6TO38,0,0,0
CAN-RY0UNTUQRE,0,0,0
CAN-A3GCADJD6U,0,0,0
CAN-SRR41WJLJ9,0,0,0
CAN-WX4YUNLO8S,0,0,0
CAN-023K2PZYTW,0,0,0
CAN-87J1RRSLWY,0,0,0
CAN-LDCRGO1WZE,0,0,0
CAN-G2OREXF9WE,0,0,0
CAN-GHNU3IMYLI,0,0,0
CAN-BN7N91WZ8J,0,0,0
CAN-G708NR4TSA,0,0,0
CAN-E4BMW2GXX9,0,0,0
CAN-3C5K78PJ0C,0,0,0
CAN-0S4A7J96GJ,0,0,0
CAN-HAA6QCQ6FA,0,0,0
CAN-6Q2N4ONPXP,0,0,0
CAN-IVYGYPQAS9,0,0,0
CAN-SLHAZM0IJ6,0,0,0
CAN-QGTFFYS604,0,0,0
CAN-OFNB9G5MRA,0,0,0
CAN-TXPR0X1C6U,0,0,0
CAN-V9HG28LN36,0,0,0
CAN-ZHU05E4HTZ,0,0,0
CAN-W2PTN1GZOP,1,1,0
CAN-3NULM33NVC,0,0,0
CAN-GEARSTAT1G,0,0,0
CAN-0XQS1B5TL5,0,0,0
CAN-OSQQ41LVLL,0,0,0
CAN-OOXZBVHAL4,0,0,0
CAN-NRNNT43EGY,0,0,0
CAN-P2CME4IL0K,0,0,0
CAN-JE9HSN1R3X,0,0,0
CAN-QCQLTNKON8,0,0,0
CAN-C3YTFNCM0R,0,0,0
CAN-PKGQ5GM6ZN,0,0,0
CAN-80R6RHSOIR,0,0,0
CAN-3QXSTPQFDP,0,0,0
CAN-SRDFTO65MQ,0,0,0
CAN-RQFEBZ3BL0,0,0,0
CAN-AVDI7GEPIP,0,0,0
CAN-VBS3TIB5AH,0,0,0
CAN-V1Z8GZ17WH,0,0,0
CAN-JQMD26UX4S,0,0,0
CAN-SMKHC3KDX3,0,0,0
CAN-MZ7JGZPGP6,0,0,0
CAN-UZNZH80LFG,0,0,0
CAN-GSZLG9621N,0,0,0
CAN-CES47K7NXU,0,0,0
CAN-RJVRDPI7OV,0,0,0
CAN-LB5APSCCZX,0,0,0
CAN-3AXSE7MSD5,0,0,0
CAN-AYMBB0LFKT,0,0,0
CAN-DKWZ90WI4E,0,0,0
CAN-C5ROSP0LRK,0,0,0
CAN-9AG0P33CC2,0,0,0
CAN-0T37HLLFHH,0,0,0
CAN-RE45S0GOLX,0,0,0
CAN-SAO2QMWTAB,0,0,0
CAN-DHACBA2KVO,0,0,0
CAN-DHTP5RF2Z5,0,0,0
CAN-4CA19OF6K5,0,0,0
CAN-QHK4D2PWRF,0,0,0
CAN-E0SJXZSMDH,0,0,0
CAN-ZYQI261TPZ,0,0,0
CAN-ZKUA77I6ZT,1,1,0
CAN-KNXVKLTHE3,0,0,0
CAN-YBQ86ITQOK,0,0,0
CAN-NLSUCGHWV2,0,0,0
CAN-T82XGQATGH,0,0,0
CAN-VGGCOWTNOX,0,0,0
CAN-18MIPBQEEX,0,0,0
CAN-I7HG333O0N,0,0,0
CAN-OIHHKLND3F,0,0,0
CAN-YGWAL6CGCM,0,0,0
CAN-8N7EQEMFMV,0,0,0
CAN-SQ3HLP018M,0,0,0
CAN-PKJFJRUS4M,0,0,0
CAN-2ENASWJGOS,0,0,0
CAN-W6QN8NX2D1,0,0,0
CAN-8J6JA8KMAA,0,0,0
CAN-RXMAVWBHOH,0,0,0
CAN-AQQ3ARLPH7,0,0,0
CAN-FHY5I36N8J,0,0,0
CAN-YHZCBH7YRY,0,0,0
CAN-82GKTKOUPN,0,0,0
CAN-4NXJUNPR97,0,0,0
CAN-06HDHSG91O,0,0,0
CAN-2Z8HO1CDSY,0,0,0
CAN-4EWN479A1I,0,0,0
CAN-R43Z7UGR25,0,0,0
CAN-SLYUY3MXKX,0,0,0
CAN-91H2TXBF40,0,0,0
CAN-TEHDXFCX4A,0,0,0
CAN-U9WKJZ8PN1,0,0,0
CAN-DAOMH9YK54,0,0,0
CAN-0RBH4YE9W0,0,0,0
CAN-MNJCZTUCGT,0,0,0
CAN-6ZXU72QHSX,1,1,0
CAN-FRBLNHBG78,0,0,0
CAN-NNXRCXEOCM,0,0,0
CAN-LJ51YE651H,0,0,0
CAN-7LKKJISUJL,1,0,0
CAN-JSTIVHL1Y3,0,0,1
CAN-YQ0UA1L1YZ,0,0,0
CAN-W2GE8LAVFR,0,0,0
CAN-4RMIY2KOJQ,0,0,0
CAN-9MRWGBCYTL,1,0,0
CAN-H5NDIB2XSG,0,0,0
CAN-8VJF5EH6J7,0,0,0
CAN-OS7XHDC6PK,0,0,0
CAN-ODG9RJSNOX,0,0,0
CAN-ZAM4T0I2HY,0,0,0
CAN-DKH9JB95G0,0,0,0
CAN-5LTDDZMFZZ,0,0,1
CAN-4P0WI9XJ4Z,1,1,0
CAN-UKQUKTAD16,0,0,0
CAN-0PZXKRUKK7,0,0,0
CAN-B3YI16CTEZ,0,0,0
CAN-CHMREDS3HH,0,0,0
CAN-9BO5BHO630,0,0,0
CAN-IZKXJ7CR5I,0,0,0
CAN-GQJDXK0JNT,0,0,0
CAN-KC4RGAL7TQ,0,0,0
CAN-TL3Z1HVWRF,0,0,0
CAN-73QPW8ZPZ9,0,0,0
CAN-BXD2IO2NKB,0,0,0
CAN-RWGFIDLUD7,0,0,0
CAN-3SMTFRSJ2M,0,0,0
CAN-78OEAI6U34,0,0,0
CAN-66U7VZBHSO,0,0,0
CAN-QHKMFZ53PU,0,0,0
CAN-9Y0SUKEXCB,0,0,0
CAN-38WO4TVZ7L,0,0,0
CAN-6X8YZ01QHM,0,0,0
CAN-767AB0O0P4,0,0,0
CAN-USL1HX6YC4,0,0,0
CAN-LTMC810G0H,0,0,0
CAN-PHZBRZUO06,0,0,0
CAN-N7F1TKGUOE,0,0,0
CAN-U598Z5XDDL,0,0,0
CAN-7EMIBXINM3,0,0,0
CAN-NHMJBRK932,0,0,0
CAN-IFIZCREAJR,0,0,0
CAN-1X57WHN0J7,0,0,0
CAN-CLEUNC19DV,0,0,0
CAN-M0KKA58DHR,0,0,0
CAN-9ZM7HL9Y5G,0,0,0
CAN-RMRHOO4AUP,1,1,1
CAN-6AN0QBDOF5,0,0,0
CAN-2MPURR6EKX,0,0,0
CAN-EE7Z5EEB5J,0,0,0
CAN-HVCNGYMXX3,0,0,0
CAN-KD1ZF7S9U7,0,0,0
CAN-UXDVA5TLO4,0,0,0
CAN-N0S7XJHDKS,0,0,0
CAN-UIQ0IZZH3U,0,0,0
CAN-EI501ASQX7,0,0,0
CAN-QD4LR7DKFT,0,0,0
CAN-AKU6LOCB4L,0,0,0
CAN-1YKTMWTQCO,0,0,0
CAN-IM7Q60R0U2,0,0,0
CAN-LESLCQVDHO,1,0,0
CAN-7QHRLRPSQX,0,0,0
CAN-XJ1Q28S4KZ,0,0,0
CAN-IZBR0LM8U7,0,0,0
CAN-7UAP7EYHSC,0,0,0
CAN-RLGQPMGSSE,0,0,0
CAN-4IC24CXPO1,0,0,0
CAN-EHXPPTLQBY,0,0,0
CAN-6VI2U35ZD4,0,0,0
CAN-64QJVOVETZ,0,0,0
CAN-3PXA1B9HYM,0,0,0
CAN-IIX700I4WV,0,0,0
CAN-191AK2QVOK,0,0,0
CAN-THQMCSBJ89,0,0,0
CAN-O5Y5AVCZGN,1,1,1
CAN-D5U7ROV0X8,0,0,0
CAN-468C4VLST0,0,0,0
CAN-KWRZVTLL63,0,0,0
CAN-WVB7HERXFT,0,0,0
CAN-SKINZQ1AJ4,0,0,0
CAN-JTDKT4H63Z,0,0,0
CAN-BKQVJ8VXWH,0,0,0
CAN-DTR3CPHUK6,0,0,0
CAN-5BA176WYPD,0,0,0
CAN-XZGSF8B3JV,0,0,0
CAN-SC9DO8W5J5,0,0,0
CAN-ZQP7E8HER3,0,0,0
CAN-I0MWENXOTY,1,0,0
CAN-1UYPENWMGJ,0,0,0
CAN-UZDR02LKO1,0,0,0
CAN-FSZ8NOV16A,1,0,0
CAN-GOD7UJF6M7,0,0,0
CAN-KDEEVPDOW9,0,0,0
CAN-Q5C78MTOOK,1,0,0
CAN-CDUMETTYPE,0,0,0
CAN-PY89UC3J9T,1,1,0
CAN-20EOQMNOQ2,0,0,0
CAN-EVA29FK9F6,0,0,0
CAN-CXGA8U0F7G,0,0,0
CAN-DNSY0NQXQH,0,0,0
CAN-2WCUYCZLGC,0,0,0
CAN-04SQTTD9C3,0,0,0
CAN-MQ59SS7DOP,0,0,0
CAN-LMK4SQJNJB,0,0,0
CAN-WI4UCHZOFT,0,0,0
CAN-P12X743686,0,0,0
CAN-BTYY7ZLQ56,0,0,0
CAN-P6X9R03Q3J,0,0,0
CAN-IPNCJDZ54T,0,0,0
CAN-ITN999KEYC,0,0,0
CAN-UDK39RGD1W,0,0,0
CAN-ND8LO91L47,0,0,0
CAN-J5N3D4T4GN,0,0,0
CAN-4951V75Y38,0,0,0
CAN-5928K7ZDBG,0,0,0
CAN-PNX3SD831X,0,0,0
CAN-CEQB0QKOX2,0,0,0
CAN-DS3DK6RXD1,0,0,0
CAN-K2LJANBL89,0,0,0
CAN-03SOA50706,0,0,0
CAN-M7WUVR4LA6,0,0,0
CAN-OPHJC7Q0NP,0,0,0
CAN-68RVPSB5WA,0,0,0
CAN-ZC367U8MCT,0,0,0
CAN-CHWXWJI5I6,0,0,0
CAN-HZ0V5WKKFN,0,0,0
CAN-7BXEXQ142K,0,0,0
CAN-0VNHM5QMG1,0,0,0
CAN-V5CLVQ5YL4,0,0,0
CAN-DZXMWXLD7O,0,0,0
CAN-UB75DH9C1J,0,0,0
CAN-HNA0DO02SK,0,0,0
CAN-YSEBEYWZT7,0,0,0
CAN-E1X8L2KGLL,0,0,0
CAN-ZQGQIM53MG,0,0,0
CAN-L5Y66INP2I,0,0,0
CAN-POYYFBJ4HM,0,0,0
CAN-ZKFSI428I3,0,0,0
CAN-ZHYA5MZ4DS,0,0,0
CAN-J22ZL5BNJV,0,0,0
CAN-7YA3H4Q327,0,0,0
CAN-8QN7S36U8X,0,0,0
CAN-BX0OC7ZN96,0,0,0
CAN-53F6TXG87U,0,0,0
CAN-B2RFIRNQFS,2,1,0
CAN-P141AIPI0F,0,0,1
CAN-7MSAL7ODAJ,0,0,0
CAN-5B9F2EMO57,0,0,0
CAN-1JJA9ZZRUE,0,0,0
CAN-CE82WSAY7G,0,0,0
CAN-FVQJAT5IRF,0,0,0
CAN-VA4F1IOIT1,0,0,0
CAN-BLSFQOXM95,0,0,1
CAN-5N8Q30KU98,0,0,0
CAN-EYBHZ1YAKV,0,0,0
CAN-CDIOWHA4WJ,0,0,0
CAN-VRDP4TN54F,0,0,0
CAN-4SEI7RJMCN,0,0,0
CAN-SUYDBXKKJA,0,0,0
CAN-O6FNY4RICI,0,0,0
CAN-5UZ037S4KR,0,0,0
CAN-C23PYPW7XS,0,0,0
CAN-EXK9OLZABV,0,0,0
CAN-CKQFGKZ8ET,0,0,0
CAN-EA8OCHR6LT,0,0,0
CAN-KXX21O6CF8,0,0,0
CAN-IB4SZQAQOX,0,0,0
CAN-8MPI2D3CK7,0,0,0
CAN-Q7W3OZA39G,1,1,0
CAN-VJEUWGBQ5N,0,0,0
CAN-SBRPNCOJ22,0,0,0
CAN-Y594SDI065,0,0,0
CAN-MUKCB0C8Z7,0,0,0
CAN-SNZDPP08O7,0,0,0
CAN-4XSVYZ1X9D,0,0,0
CAN-P2R35X4LK5,0,0,0
CAN-VT4PWKOXUS,0,0,0
CAN-ZQRUMJM556,0,0,0
CAN-4TSWEE9R6Z,0,0,0
CAN-W8CTQGKT5C,0,0,0
CAN-463N7412VV,0,0,0
CAN-TKAH1QX1IS,0,0,0
CAN-3ZOGLNPW4J,0,0,0
CAN-C95PRDB8H5,0,0,0
CAN-FLB26FQBSY,0,0,0
CAN-M1JPVUR3GG,0,0,0
CAN-EXX9Z6P6AQ,0,0,0
CAN-5UNJ1IYNFC,0,0,0
CAN-DHYU8058GB,0,0,0
CAN-X990X4NTW9,0,0,0
CAN-BA9968EYRJ,0,0,0
CAN-HA8KUN0WZM,0,0,0
CAN-G1NNPGEIYV,0,0,0
CAN-QA4FHEXW5P,0,0,0
CAN-3I19ZP36I9,0,0,0
CAN-CCPFH831H8,0,0,0
CAN-68JO2AOOLN,0,0,0
CAN-WMYE9H5KHU,0,0,0
CAN-FJX07HR7GV,0,0,0
CAN-6JU6IV3QWZ,1,1,0
CAN-P5HUGFHPXJ,0,0,0
CAN-B5T6J9IGVO,0,0,0
CAN-EP1FWWYT5L,0,0,0
CAN-493M7TF4O0,0,0,0
CAN-BQFZRQIAAC,0,0,0
CAN-MZZ4FPINN4,0,0,0
CAN-4EREBM89SL,1,0,0
CAN-ZI8FNVSFG9,1,1,1
CAN-S5VDYLAEZ3,0,0,0
CAN-BMST5F8TX8,0,0,0
CAN-YHMC9LWJOV,0,0,0
CAN-L6R3TUW2QX,0,0,0
CAN-Q099X4BO4W,0,0,0
CAN-MD9OOYLNOO,0,0,0
CAN-8IJW1MUR9P,0,0,0
CAN-GIKP6V7M7W,0,0,0
CAN-8LJDSFU9PS,0,0,0
CAN-Z1XYM6FTX3,0,0,0
CAN-VK34SEX2CP,0,0,0
CAN-OFFUH6YKHG,0,0,0
CAN-YDM0XP1HOH,0,0,0
CAN-7O5QHIAXWO,0,0,0
CAN-Q1QZ554X7K,0,0,0
CAN-BH3C6IEB8I,0,0,0
CAN-39Y9G72MIO,0,0,0
CAN-XYOU56EHKP,0,0,0
CAN-ZZBODF5P74,0,0,0
CAN-U9V638WTS5,0,0,0
CAN-MUQIMQ5D1W,0,0,0
CAN-M6EOIY5QR1,0,0,0
CAN-G5QOBJADAS,0,0,0
CAN-NI2190BIK3,0,0,0
CAN-RZP4Y2YPY2,0,0,0
CAN-7P7GGNUJLZ,0,0,0
CAN-4FSR514EX8,0,0,0
CAN-4QG0NXTNEU,0,0,0
CAN-08I548WZVQ,0,0,0
CAN-M0FPZGY05U,0,0,0
CAN-YPS1S4FRAH,0,0,0
CAN-SX82R8VFCO,0,0,0
CAN-XTFSGNKYEM,0,0,0
CAN-4HICC8FK63,0,0,0
CAN-7TLBQ8K0L3,0,0,0
CAN-TG9ECGCP2M,0,0,0
CAN-B9R2FOX4MV,0,0,0
CAN-4754JHPR3Z,0,0,0
CAN-4AYFJM3KCE,0,0,0
CAN-N2CZ5H2W7Y,0,0,0
CAN-KQZ2JVJKY3,0,0,0
CAN-OI7Y8309H8,0,0,0
CAN-KUIMVZZ9C4,0,0,0
CAN-E4AV35AF7X,0,0,0
CAN-E96N5QGL48,0,0,0
CAN-B8OURXY71O,0,0,0
CAN-PJBMPMNOXN,0,0,0
CAN-XIKPC3W8XH,0,0,0
CAN-T0KAN3IE40,0,0,0
CAN-C54BX2D2N3,0,0,0
CAN-8EFKUGHZJW,0,0,0
CAN-6E6Z3F7KZS,0,0,0
CAN-C00XAYLQRE,0,0,0
CAN-94H9TFE09J,0,0,0
CAN-7I4DIAKHA3,0,0,0
CAN-CZNZTU9LN0,0,0,0
CAN-UBYZ2HSLZ8,0,0,0
CAN-P3LIB0M6CA,0,0,0
CAN-NP1DVS65FI,0,0,0
CAN-KN0YR2W6DY,0,0,0
CAN-VLDOTWHZ72,0,0,0
CAN-9HGPPO8VK9,0,0,0
CAN-DQ6CCCNC9B,0,0,0
CAN-MI9658LO33,0,0,0
CAN-LOY4EG7JVO,0,0,0
CAN-VHIKNB9D6O,0,0,0
CAN-W2JA2WHHLC,0,0,0
CAN-EWKFW3G3YD,0,0,0
CAN-S70VFD5RJ9,0,0,0
CAN-RLM80ZR4SR,0,0,0
CAN-9TE4LPXO9V,0,0,0
CAN-4RPJS1TU0D,0,0,0
CAN-U5IW92PZQZ,0,0,0
CAN-PSOTRQ8HIC,0,0,0
CAN-IXZ0W1W113,0,0,0
CAN-2XDKWKDU35,0,0,0
CAN-5OIDAL39XH,0,0,0
CAN-KHR2ITWJSV,0,0,0
CAN-GRJR9C5WAY,0,0,0
CAN-5C50EACRR3,0,0,0
CAN-IK2I1HEG4B,0,0,0
CAN-BRVMEX6J8R,0,0,0
CAN-NHDWSPO90V,1,1,1
CAN-WFWNS23EL8,0,0,0
CAN-3MXQR9X99B,0,0,0
CAN-L9WQRHU380,0,0,0
CAN-FJI6JJTTAJ,0,0,0
CAN-1HJQC7LHQJ,0,0,0
CAN-AJGPOSHAUL,0,0,0
CAN-Z2MP6FSNTO,1,1,1
CAN-28QXF0251N,0,0,0
CAN-FW7AEBF55M,0,0,0
CAN-3HYBXJBK9F,0,0,0
CAN-O098E48ZL9,0,0,0
CAN-Y1OBRPKBUJ,0,0,0
CAN-EAG2VJ7SCH,0,0,0
CAN-F5FTXI14SI,0,0,0
CAN-EKO77T8X3J,0,0,0
CAN-TH1L492HE7,0,0,0
CAN-7ME6E9EG8H,0,0,0
CAN-XHDMCV8TAH,0,0,0
CAN-UVMALAUZ5A,0,0,0
CAN-GPY0O7Y79A,0,0,0
CAN-KP9IH5FGOF,0,0,0
CAN-20Q9P9UWZK,0,0,0
CAN-F59TLJREYQ,0,0,0
CAN-G9UV8L4U9M,0,0,0
CAN-5FS2TEEKVR,0,0,0
CAN-G2XRL3HJX7,0,0,0
CAN-LQJHX64ZP1,0,0,0
CAN-RXZL7WKFG1,0,0,1
CAN-1S9ZODBUSE,0,0,0
CAN-PFW37NGM9O,0,0,0
CAN-JVVZB6IK74,0,0,0
CAN-O4QKRRB1P0,0,0,0
CAN-HFLQ18D5EU,0,0,0
CAN-TP0U52QRJJ,0,0,0
CAN-Q5QBVUVFIY,0,0,0
CAN-OYCB46ADXV,0,0,0
CAN-CWTVXD4NML,0,0,0
CAN-6DGJLRN33G,0,0,0
CAN-LE4PH0OIRB,0,0,0
CAN-EDQ4LL1DEP,0,0,0
CAN-K371YPCQAZ,0,0,0
CAN-G7DVI8G607,0,0,0
CAN-WLU5F6JEA3,0,0,0
CAN-EDSQLFQLX0,1,0,0
CAN-ETX2T2LD50,0,0,0
CAN-DAG2ZP216Z,0,0,0
CAN-Y2K2KIZM5D,0,0,0
CAN-SMZF6SAFLE,0,0,0
CAN-7JP5EB1NR9,0,0,0
CAN-F8HIMWU38Y,0,0,0
CAN-T04Y3NIJ11,0,0,0
CAN-YSQVB7UBFI,0,0,0
CAN-KL48FKV7B6,0,0,0
CAN-EY5UH24ZIZ,0,0,0
CAN-D3K5TIG6NI,0,0,0
CAN-81ST6CBRQE,0,0,0
CAN-0HHCULE1IV,0,0,0
CAN-GPNG8AQ7JG,0,0,0
CAN-0D7VA4K26O,0,0,0
CAN-0Z95UTNSZE,0,0,0
CAN-0M704YUXTY,0,0,0
CAN-YQ196XZHYT,0,0,0
CAN-OSUCLB2WQB,0,0,0
CAN-1C6P5FF0U9,0,0,0
CAN-JKVUZJ6ROL,0,0,0
CAN-TVN609XVIB,0,0,0
CAN-AK1DWU3S38,0,0,0
CAN-JLSZY5O0CW,0,0,0
CAN-101NZX2K6K,0,0,0
CAN-GNXJG1L07X,0,0,0
CAN-K6ATEXQK6E,0,0,0
CAN-IKB5J25EX1,0,0,0
CAN-CHXU9PJU30,0,0,0
CAN-ER0SWSE0DY,0,0,0
CAN-PXDZRFGMBQ,0,0,0
CAN-PT6H7E6JBR,0,0,0
CAN-RM72P1AY1F,0,0,0
CAN-MPMTNOXL6K,0,0,0
CAN-FBG6T3EWW3,0,0,0
CAN-7SN8KZZC19,0,0,0
CAN-ICVRQI44V7,0,0,0
CAN-NWPYH6RV8Y,0,0,0
CAN-QTUG4ZE74G,0,0,0
CAN-4VU4G9CK8U,0,0,0
CAN-UM6KH2J56W,0,0,0
CAN-LPVVPGEK2U,0,0,0
CAN-NMG5XNFDK7,0,0,0
CAN-6HK6LMZ9RN,0,0,0
CAN-717KG763D2,0,0,0
CAN-Z5G1XWL6A7,0,0,0
CAN-VOU3DWZR8U,0,0,0
CAN-61Q30HP4T8,0,0,0
CAN-24DRYFLFSP,0,0,0
CAN-SVUO26MO48,0,0,0
CAN-KSLCEO3XDO,0,0,0
CAN-JYCP5CZAR9,0,0,0
CAN-GB2T39RVNA,0,0,0
CAN-4EI74QB4EV,0,0,0
CAN-Z9LALW086G,0,0,0
CAN-PGANAX4MB5,0,0,0
CAN-P39E9X2CZ1,0,0,0
CAN-7VK0D0XN2I,0,0,0
CAN-WT1DQ8U1SB,0,0,0
CAN-39EU5VGB7W,0,0,0
CAN-JEU1MB0AE1,0,0,0
CAN-EUP82THN1C,0,0,0
CAN-X7W04QOVC5,0,0,0
CAN-Y6Z5WU42MK,0,0,0
CAN-OERY8WV1VA,0,0,0
CAN-4WVY12CKZK,1,1,1
CAN-J38GWJ2P4L,0,0,0
CAN-B75GVQYR63,0,0,0
CAN-UOZRL1V8KU,0,0,0
CAN-RVC9MQ8D7W,0,0,0
CAN-DRFEHQHZAY,0,0,0
CAN-5V7QQXBPSO,0,0,0
CAN-P8FAGKZQTB,0,0,0
CAN-HURR6TUWJH,0,0,0
CAN-OE400N8HCY,0,0,1
CAN-36XBVI6ZR2,0,0,0
CAN-SZ3V0C012V,0,0,0
CAN-XG3WEFJX3T,0,0,0
CAN-O0MJ6XWCCT,0,0,0
CAN-QQIGLOCTAD,0,0,0
CAN-DUZ48O1SL9,0,0,0
CAN-5Z8Z6LTVJT,1,1,0
CAN-KYL58CT19U,0,0,0
CAN-M287MNBKMH,0,0,0
CAN-8HUQ83QMFO,0,0,0
CAN-MPXVG36IT3,0,0,0
CAN-M5G9EHKXF0,0,0,0
CAN-DSFKQUJEMH,0,0,0
CAN-3X1D4STA0B,0,0,0
CAN-UYF2CTLURD,0,0,0
CAN-FLQ0A7IONE,0,0,0
CAN-DUGWFD6UA0,0,0,0
CAN-B3G9ADCNYJ,0,0,0
CAN-K70SA2K8JJ,0,0,0
CAN-NZISWGY005,0,0,0
CAN-IHSEA6JPYU,0,0,0
CAN-BDFTFJSJN7,0,0,0
CAN-TIOHJ2R33C,0,0,0
CAN-QW9Q3Y971O,0,0,0
CAN-SZOMQAMKZ2,0,0,1
CAN-8H9ROL2L7J,0,0,0
CAN-VGM2YT22AO,0,0,0
CAN-FWIVFK5XID,0,0,0
CAN-FR0ZQBG4L9,0,0,0
CAN-0SZ4EVNE57,0,0,0
CAN-O3R2XM6OGS,0,0,0
CAN-7W8ZYKHOZL,0,0,0
CAN-AN3U4SLLRC,0,0,0
CAN-FRL9NL404W,0,0,0
CAN-3WI5HE2VZ7,0,0,0
CAN-P2ZW987VCA,0,0,0
CAN-L7PT8TAUQ6,1,1,0
CAN-VUHXJPMYPD,0,0,0
CAN-946M4QNLGV,0,0,0
CAN-KDT6O62H2Z,0,0,0
CAN-SC9LJO09MG,0,0,0
CAN-65AOQUBO22,0,0,0
CAN-1FLEECHHMV,0,0,0
CAN-U0IRF2L3HX,0,0,0
CAN-F4DK63L1B0,0,0,0
CAN-D5V4657MXP,0,0,0
CAN-ICNER2EOLO,0,0,0
CAN-LSNZVAVVAN,0,0,0
CAN-INX80QOY83,0,0,0
CAN-VCEPE09Y2E,0,0,0
CAN-2OHE79VIFA,0,0,0
CAN-SP4YVMTLSY,0,0,1
CAN-0IFFZILA8Q,0,0,0
CAN-XJ3R6FHZ21,0,0,0
CAN-N7VQHUV4Y8,0,0,0
CAN-B0DNZEB4C3,0,0,0
CAN-B57TVLQM8V,0,0,0
CAN-K9XGKZW91Y,0,0,0
CAN-YKDMTNSC7N,0,0,0
CAN-R8RT7VQYL2,0,0,0
CAN-4NR48Z3FIS,0,0,0
CAN-IY9LV8N5H7,0,0,0
CAN-8S9SWAFB2H,0,0,0
CAN-VM23PLHPD6,0,0,0
CAN-PHK83P7OWS,0,0,0
CAN-NIGXHWYLQD,0,0,0
CAN-KESI8DZGLO,0,0,0
CAN-GRH7LLWPAW,0,0,0
CAN-F3REG2LH8W,0,0,0
CAN-30KSQ2EZS8,0,0,0
CAN-Z7ABOKWLUW,0,0,0
CAN-OC3PWLE0JA,2,1,0
CAN-KCK4GLBTF1,0,0,0
CAN-59N79QEH9T,0,0,0
CAN-G9Z93I7PJ1,0,0,0
CAN-LB0YEHOXUW,0,0,1
CAN-4DVMNHB8GH,0,0,0
CAN-29CJ1ZJ6E3,0,0,0
CAN-ST4UQR4WYN,1,1,1
CAN-MMXHM6U1Q3,0,0,0
CAN-VY0CLY1UJZ,0,0,0
CAN-A9LCSZQWDZ,0,0,0
CAN-3XH91S78UP,0,0,0
CAN-O5170NQZ2F,0,0,0
CAN-SB5VQQXALR,0,0,0
CAN-BRTEB7DL4D,0,0,0
CAN-305NYU6PYF,0,0,0
CAN-3BAGD9E68Q,0,0,0
CAN-TEVH0S47EZ,0,0,0
CAN-MC3LVDFGYG,0,0,0
CAN-4IVNWF7AV1,0,0,0
CAN-VHHXQUCF12,0,0,0
CAN-17F361PMOR,0,0,0
CAN-UYR7IBFN6T,0,0,0
CAN-36T3IJUVYI,0,0,0
CAN-KEFOERJSV3,0,0,0
CAN-RJZH0XKR9C,0,0,0
CAN-2LXBLPHHVZ,0,0,0
CAN-0G08P150U1,0,0,0
CAN-A7LZ5G3ZFY,0,0,0
CAN-TMWA2H8X78,0,0,0
CAN-7YANTYWV96,0,0,0
CAN-PF3S5T8DJS,0,0,0
CAN-YQKI7MGA97,0,0,0
CAN-G4Z1HE5UQK,0,0,0
CAN-O6O6AXS7GY,0,0,0
CAN-JN0QN9HSFR,0,0,0
CAN-O9GG1MJD80,0,0,0
CAN-3NJHPJ6KQL,0,0,0
CAN-LY6D0VIY1Q,0,0,0
CAN-6W04J7MBTI,0,0,0
CAN-5Q3KHUDI9P,1,0,0
CAN-9V1SQ4HPA0,0,0,0
CAN-QA99U96CHV,0,0,0
CAN-TA96DM8DBQ,0,0,0
CAN-1A4J597WWB,0,0,0
CAN-LJOWJNYP6S,0,0,0
CAN-BPDDMY3MQH,1,1,0
CAN-Y2DF5RKXTJ,0,0,0
CAN-3FRB076EKA,1,0,0
CAN-6G4KI0H7TZ,0,0,0
CAN-O9D28KLAEO,0,0,0
CAN-JTIP5LQ5HK,0,0,0
CAN-0MME75WQAG,0,0,0
CAN-J4XABY5P3O,0,0,0
CAN-VIK7SU2PMU,0,0,0
CAN-ZDS8CS2KIH,0,0,0
CAN-G3FI8EQZVN,0,0,0
CAN-ZTBIEXQH2R,0,0,0
CAN-GNRS12NT91,0,0,0
CAN-19PR3NPADK,0,0,0
CAN-G4CERLA65F,0,0,0
CAN-G8ZFLU5EAD,0,0,0
CAN-Q266N9BMRQ,0,0,0
CAN-3H5FQ2G6G9,0,0,0
CAN-01OY6INLR3,0,0,0
CAN-2PJTBJNSVO,0,0,0
CAN-66HW4T91JP,0,0,0
CAN-098EQUVCDX,0,0,0
CAN-N299WC79CU,0,0,0
CAN-EQV7Z1S2AD,0,0,0
CAN-N64S7AMPIP,0,0,0
CAN-3MIRZWS27N,0,0,0
CAN-2U2BRJ4KR4,0,0,0
CAN-ECEIYXG3SE,0,0,0
CAN-5TJ9R7A3M2,0,0,0
CAN-PN9UUJDL9V,0,0,0
CAN-EEEVKLFY0I,0,0,0
CAN-VR0GIVZOH4,0,0,0
CAN-T1SSDDEG5V,0,0,0
CAN-QPR1AWPYKH,0,0,0
CAN-MWVP09TERV,0,0,1
CAN-G4J0W7EEMW,0,0,0
CAN-YCF40NZVU7,0,0,0
CAN-J8G80IIUG8,0,0,0
CAN-ZLSRVTTEPI,0,0,0
CAN-2C8OUITUY1,0,0,0
CAN-8KMU55B46B,0,0,0
CAN-U70Q0ZWNO7,0,0,0
CAN-XBQ7PR0FZE,0,0,0
CAN-96TNNMUA4B,0,0,0
CAN-OBLAR7VB20,0,0,0
CAN-EJV67F76MM,0,0,0
CAN-5WXLCDU1YM,0,0,0
CAN-IUUFVUPHKM,0,0,0
CAN-N38HJKCQZV,0,0,0
CAN-K0J8SNKY8W,0,0,0
CAN-Y919YG739E,0,0,0
CAN-L9G0VP8LEJ,0,0,0
CAN-67TJ1DRRLZ,0,0,0
CAN-GFJ3MZCAYD,0,0,0
CAN-OU7BA0V6LR,0,0,0
CAN-LMC1Z4ZQ8J,0,0,0
CAN-2J68GJD87A,0,0,0
CAN-NLF57Z5CMV,0,0,0
CAN-QSAI1OEIIC,0,0,0
CAN-CJ3DL3NHD8,0,0,0
CAN-OOMVDFEYUV,0,0,0
CAN-K7E88RG7OQ,0,0,0
CAN-G7BUJDUCGL,0,0,0
CAN-IE8O6C6UEI,0,0,0
CAN-YC0MGXPPUF,0,0,0
CAN-27AAIMFGFW,0,0,0
CAN-7TL05JT9OS,0,0,0
CAN-VOR94XRJJ2,0,0,0
CAN-NLGJ92HXI3,0,0,0
CAN-M2PWJ6XUMX,0,0,0
CAN-3VWAYUWQL0,0,0,0
CAN-ZVSVF9JQIF,0,0,0
CAN-6550M1NC3W,0,0,0
CAN-8MN6FGYCFL,0,0,0
CAN-AV6BNNLTOG,0,0,0
CAN-8YAM08E174,0,0,0
CAN-TXJYTK45TU,0,0,0
CAN-AUOX3D460D,0,0,0
CAN-QDNZ2FARWR,0,0,0
CAN-75A7IZ1MQ4,0,0,0
CAN-RPT0H49YM2,0,0,0
CAN-E910KT1T91,0,0,0
CAN-KVYIPBMY0T,0,0,0
CAN-RC4TZIEOEP,0,0,0
CAN-59Q7ISNUV6,0,0,0
CAN-0GQ9PBK2ST,0,0,0
CAN-S88ZRNLLX5,0,0,0
CAN-3ZVQKH4ARP,0,0,0
CAN-BUQTJZHU1J,0,0,0
CAN-V1G0V029FU,0,0,0
CAN-QPBWP48RLA,0,0,0
CAN-B56BGXA8LO,0,0,0
CAN-TSOFKYKT5F,0,0,0
CAN-20E6VBIHA6,0,0,0
CAN-LNB8YGMU2T,0,0,0
CAN-4OKJZ5EWW9,0,0,0
CAN-EBMY9D8WEL,0,0,0
CAN-61BJ91FZ51,0,0,0
CAN-LATW66PPWY,0,0,0
CAN-MSQ0AJMH6F,0,0,0
CAN-0MZTW1NTUJ,0,0,0
CAN-W5OF26TK6C,0,0,1
CAN-CUV5TX4BDQ,0,0,0
CAN-LCW3MATK1U,0,0,0
CAN-BOWPMESJ7W,0,0,0
CAN-N2OQ035YY8,0,0,0
CAN-682VA03Y7M,0,0,0
CAN-A06QRWIBGE,0,0,0
CAN-RKJI2HTQQE,0,0,0
CAN-3IU2KGR8S4,0,0,0
CAN-15N3U1ZI93,0,0,0
CAN-6QKP7Y1E1P,0,0,0
CAN-T532JHAMU3,0,0,0
CAN-WQW1TX27HP,0,0,0
CAN-YQTWDFB6SA,0,0,0
CAN-XO6BHP5SUW,0,0,0
CAN-V1H9XNY6SD,0,0,0
CAN-JFNRSG5DEB,0,0,0
CAN-85MRMB1UAP,0,0,0
CAN-7H7V0GW2JV,0,0,0
CAN-1YHRPUF1EV,0,0,0
CAN-R86U0E2XY5,0,0,0
CAN-V0NQJKE3GS,0,0,0
CAN-T5N81TJW39,0,0,0
CAN-NESOC2P7PV,0,0,0
CAN-YJE11UB1BC,0,0,0
CAN-N4SPMVR96E,0,0,0
CAN-VFG3MH2SQ7,0,0,0
CAN-Q4VS9K78EF,0,0,0
CAN-IQ6J8OR2OQ,0,0,0
CAN-BISMW7A6B9,0,0,0
CAN-SEKJA7IS1L,0,0,0
CAN-JXY7OE43LB,0,0,0
CAN-NU9O5QN0LG,0,0,0
CAN-OCJ6EVF6VA,0,0,0
CAN-EQT16P0TOG,0,0,0
CAN-ZQ0GWKIZ51,0,0,0
CAN-VLSQUU27RT,0,0,0
CAN-4LMTDLHVPU,0,0,0
CAN-A6ETMQZT3D,0,0,0
CAN-6DS6MMWC9W,0,0,0
CAN-JEE2VYA0VP,0,0,0
CAN-KHOZLIA4KQ,0,0,0
CAN-J6YE2BG6FG,0,0,0
CAN-GTR52U40EU,0,0,0
CAN-BEY7TMBNY0,0,0,0
CAN-8EVU4FLFJE,0,0,0
CAN-G0PKBR91NF,0,0,0
CAN-J3TEV9GOHN,0,0,0
CAN-TMYIFCKEP4,0,0,0
CAN-80OZ9U6N7D,0,0,0
CAN-U4BQB1FWZI,0,0,0
CAN-M3XU8XWLSY,0,0,0
CAN-2K24D7IS5V,0,0,0
CAN-IZ1RX2GPAC,0,0,0
CAN-UI142TWTMI,0,0,0
CAN-VI3DA82NTF,0,0,0
CAN-SRETOO9PVD,0,0,0
CAN-5V4LHYX1LT,0,0,1
CAN-STSAITQARC,1,1,0
CAN-JURTULSH1M,0,0,0
CAN-2AY9PNEMS3,0,0,0
CAN-E6WKM3Y1SY,0,0,0
CAN-YQ3D3C7ZIB,0,0,0
CAN-22P8HADJ43,0,0,0
CAN-OFESKCKFAB,0,0,0
CAN-6TQVLVVANU,0,0,0
CAN-9X9KPC2G5F,0,0,0
CAN-2PRYBY25F4,0,0,0
CAN-MVYYMYP6DW,0,0,0
CAN-UD2XPTFNK8,0,0,0
CAN-AO1PT0WY33,0,0,0
CAN-X7731SR366,0,0,0
CAN-8G56FQ34A3,0,0,0
CAN-7RUM39W43T,0,0,0
CAN-I3PDKTHNW8,0,0,0
CAN-9QU7Z30549,0,0,0
CAN-K5UEZ1JF0J,0,0,0
CAN-OILCH8UCJ6,0,0,0
CAN-YEFAAUD42X,0,0,0
CAN-GN37QAFVSU,0,0,0
CAN-3X0BM5A568,0,0,0
CAN-0VUWC5C5PM,0,0,0
CAN-K9E5HHN48U,0,0,0
CAN-YTRKHIWIUB,0,0,0
CAN-CEQCQD19YL,0,0,0
CAN-BVPWNH2JBW,0,0,0
CAN-37J59WPO21,0,0,0
CAN-W2EJXLJ6TD,0,0,0
CAN-DFSJ94QQIR,0,0,0
CAN-PMNQYJQG86,1,1,0
CAN-0ICHSLZVLC,0,0,0
CAN-Q0M9OY1V2U,0,0,0
CAN-WF5QVVRTTS,0,0,0
CAN-72PZRNYNP2,0,0,0
CAN-NWVRKWOL31,0,0,0
CAN-LPZW37A3UR,0,0,0
CAN-SMDGRZMPRI,0,0,0
CAN-YFO9DEEHSB,0,0,0
CAN-PVJXI9J33Y,0,0,0
CAN-FQGVEY712Z,0,0,0
CAN-UOHJL8ZJ1R,0,0,0
CAN-T4J9UJ6QNV,0,0,0
CAN-E2LUOGGFN5,0,0,0
CAN-28E8JJ146O,0,0,0
CAN-YB7ZENGXQ6,0,0,1
CAN-GCGLB5U7TA,0,0,0
CAN-92FN19ZB4G,0,0,1
CAN-FVW8DCMF0N,0,0,0
CAN-WGSI0PWXTK,0,0,0
CAN-0D6K3BDYSR,0,0,0
CAN-13SC00LFN4,0,0,0
CAN-OJYFJLO3H4,0,0,0
CAN-THIDUO8VPJ,0,0,0
CAN-JP87ABYHET,0,0,0
CAN-5LYN4VIFAL,0,0,0
CAN-OVETRZH0EE,0,0,0
CAN-FT1VZTKNMA,0,0,0
CAN-80FZYXISG2,0,0,0
CAN-X9HV5Y53CY,0,0,0
CAN-LQ849DO6WR,0,0,0
CAN-AIXDXF6BN8,0,0,0
CAN-PKD0IKZ6LC,0,0,0
CAN-PYASH0UXLD,0,0,0
CAN-GXD8O3P8PK,0,0,0
CAN-MIPIPL79KA,0,0,0
CAN-PQWH37SQGL,0,0,0
CAN-VGGPZEZ269,0,0,0
CAN-5SU5OWA15T,0,0,0
CAN-UFG44NSLN7,0,0,0
CAN-DB1D50MSMN,0,0,0
CAN-RN28N65ABP,0,0,0
CAN-BA2ZTWAJUX,0,0,0
CAN-S06R8UO4E2,0,0,0
CAN-DOZKLOZHTZ,0,0,0
CAN-47TRMB6WKF,0,0,0
CAN-QTCJA3I9M5,0,0,0
CAN-PFXNQ3TFN6,0,0,0
CAN-BGX9GY2S5J,1,1,1
CAN-OTZSWZOVI2,0,0,0
CAN-PCCK2OZQAY,0,0,0
CAN-6MI82QD5VB,0,0,0
CAN-6WTPU3HEK2,0,0,0
CAN-1XFQN677H0,0,0,0
CAN-AQWED0LB20,1,1,0
CAN-F6X9EHVXZM,0,0,0
CAN-W41T8OR50L,0,0,0
CAN-MA8VWUGYVS,0,0,0
CAN-STFLOQIX5J,0,0,0
CAN-KMB5GTBPM9,0,0,0
CAN-RKQL4K9LEI,0,0,0
CAN-WRV2HTUYKE,0,0,0
CAN-GX4JW6AKRG,0,0,0
CAN-66OWENROVB,0,0,0
CAN-BUTAFY3BA5,0,0,0
CAN-NYHQA08X4Y,0,0,0
CAN-J8AT9Z1CJ4,0,0,0
CAN-TULQWDKPRZ,0,0,0
CAN-OI9TXGD47Z,0,0,0
CAN-BS0085U207,0,0,0
CAN-V7Z60GN53F,1,1,0
CAN-AYKKS6UK8E,0,0,0
CAN-ALR7A2D7TB,0,0,0
CAN-O6ET0L18OB,0,0,0
CAN-RGFFXQNP0X,0,0,0
CAN-CN5U0ZSNG1,0,0,0
CAN-IP1SVHZ5NB,0,0,0
CAN-ZG46ENBMR7,0,0,0
CAN-3XRCPXKP9O,0,0,0
CAN-ISR7QDBH85,0,0,0
CAN-JQ4AYZFOIY,0,0,0
CAN-MS4ZFJRXVR,0,0,0
CAN-51AZ0RM0DS,0,0,0
CAN-ZCTACG3Z99,0,0,0
CAN-1X2I6AM1G2,0,0,0
CAN-WPRQG9H0XF,0,0,0
CAN-S4935APSMP,0,0,0
CAN-9WN2E16WHJ,0,0,0
CAN-ZITJ3NT7CT,0,0,0
CAN-4W4FGJZMTW,0,0,0
CAN-5GK347BVAX,0,0,0
CAN-GLA8FYLHLN,0,0,0
CAN-05WZ85H52J,0,0,0
CAN-WA073M0PHW,2,1,1
CAN-9G9FBU7XX6,0,0,0
CAN-6RZHIOYCXH,0,0,0
CAN-JBP90N8YIH,0,0,0
CAN-UY20BNEO15,0,0,0
CAN-JEYV06S1A3,0,0,0
CAN-8JMBTDI450,0,0,0
CAN-0Z8HML8GYN,0,0,0
CAN-VI9K3DBGQK,0,0,0
CAN-EXBWGIZ5KG,0,0,0
CAN-Z38H9W4ZGC,0,0,0
CAN-A28JG1IY2F,0,0,0
CAN-Y007LTFYM4,0,0,0
CAN-22NVBS2LCM,0,0,0
CAN-MZLTVWWBWQ,0,0,0
CAN-EV8S22VNPO,0,0,0
CAN-AMSYKHL29H,0,0,0
CAN-U66ZRY9RCA,0,0,0
CAN-G8O95G9WA9,0,0,0
CAN-B1XSIOX04L,0,0,0
CAN-X3JB8M8M40,0,0,0
CAN-0OR1Q464CA,0,0,0
CAN-7RVUCCHQH2,0,0,0
CAN-CA2602OLHB,0,0,0
CAN-YZFXRMKPZ2,0,0,0
CAN-2HKUPXIQJS,0,0,0
CAN-ONVNMGGW1V,0,0,0
CAN-IU4EWA1E3R,0,0,0
CAN-5ESYETH5SN,0,0,0
CAN-438TASPW9P,0,0,0
CAN-973BHC8W2A,0,0,0
CAN-TOX676WIQZ,0,0,0
CAN-VLJUACNXH2,0,0,0
CAN-FW5FP97XBQ,0,0,0
CAN-PGFICO74QN,1,1,1
CAN-0PX9WPE5AB,0,0,0
CAN-XY38I4LIXQ,0,0,0
CAN-LIM5QSF5GG,0,0,0
CAN-AEPZRXR7MS,1,1,1
CAN-1I5MPZP3P6,0,0,0
CAN-0USPJ5Q0UJ,0,0,0
CAN-MZ53LQ1ELF,0,0,0
CAN-RSMN84C909,0,0,0
CAN-XE2ZGYUCMK,0,0,0
CAN-7BVZNFDYQP,0,0,0
CAN-52G2SGFN9M,0,0,0
CAN-8DDQ1EGTW7,0,0,0
CAN-MFGNDXRS6S,0,0,0
CAN-K93L03TPP0,0,0,0
CAN-FR70QIDHGS,0,0,0
CAN-L7HX49X084,0,0,0
CAN-S95DE2F28R,0,0,0
CAN-1LST7LD3H7,0,0,0
CAN-ODHL8SKK6H,0,0,0
CAN-KHV25WCCRD,0,0,0
CAN-WEDNARTCQX,0,0,0
CAN-LL2P69RWE9,0,0,0
CAN-TC0G4ZZI20,0,0,0
CAN-F7LCL4T2WX,0,0,0
CAN-3G2PLE2UKS,0,0,0
CAN-RRJ7PTQE3A,0,0,0
CAN-LC5L51DCWO,0,0,0
CAN-J4XLSPO8U4,0,0,0
CAN-KGBTZQ90D8,0,0,0
CAN-3BCGD8P5GO,0,0,0
CAN-VFP2FX1GOU,0,0,0
CAN-7C814WL87M,0,0,0
CAN-97FYR0XZNI,0,0,0
CAN-7TA69LVTLN,0,0,0
CAN-CYU4NTRYZ3,0,0,0
CAN-OA1MTP7L3Z,0,0,0
CAN-3PAY0Y1JC9,0,0,0
CAN-4XBDCVCTLE,0,0,0
CAN-AME6XTYWLG,0,0,0
CAN-5HK8KO5MH4,0,0,0
CAN-BDHP6O6YY3,0,0,0
CAN-OUL516J3LR,0,0,0
CAN-KRGFZHRIS0,0,0,0
CAN-ZFZOAZPED3,0,0,0
CAN-VTY7FMD3KS,0,0,0
CAN-2XJAVOZ6IE,0,0,0
CAN-SKU1HSOXDO,0,0,0
CAN-OS9SNI61LU,0,0,0
CAN-7KOJQADCBX,1,1,1
CAN-XC4CDPYCSE,0,0,0
CAN-LJ0B33PEKS,0,0,0
CAN-EHUA5S5BSQ,0,0,0
CAN-L572S1J05C,0,0,0
CAN-Z3FLZ7M6MT,0,0,0
CAN-OE9386IJ30,0,0,0
CAN-APXZN9CZCI,0,0,0
CAN-ZCYX3BZTRL,1,1,0
CAN-BY3MX0DCVL,0,0,0
CAN-06Y7STKB5U,0,0,0
CAN-UC0X4CF5YC,0,0,0
CAN-3JCMAQEIUO,0,0,0
CAN-FPOPVG4RSV,0,0,0
CAN-F3619S1ESD,0,0,0
CAN-GJPFQPC66Y,0,0,0
CAN-NGBOHRHMQ2,0,0,0
CAN-5K639K22XQ,0,0,0
CAN-8AW7PN0NYD,0,0,0
CAN-TOEXEJ0CJX,0,0,0
CAN-3XFINJ3MZF,0,0,0
CAN-XITRXEWB61,0,0,0
CAN-BNBO3KTXRK,0,0,0
CAN-YGLX181MYP,0,0,0
CAN-OM5YG7KINQ,0,0,0
CAN-C77Q2KCACD,0,0,0
CAN-8MG3KHERI3,0,0,0
CAN-Z5T6PHCQG9,0,0,0
CAN-Z5RRZJYNDW,0,0,0
CAN-P0SAV3VF6L,0,0,0
CAN-VYLCQU54OM,0,0,0
CAN-Z3KO6090G4,0,0,0
CAN-1OKNY8AF63,0,0,0
CAN-I7L85SFJSC,0,0,0
CAN-XO2N637KJO,0,0,1
CAN-1SDIMCM74M,0,0,0
CAN-T3B3YULNCJ,0,0,0
CAN-HJS5G9RQ7Q,0,0,0
CAN-89EIV5NHVM,0,0,0
CAN-E869A00DK6,0,0,0
CAN-48637U9B3Q,0,0,0
CAN-MUBFJK8WDV,0,0,0
CAN-YS70DMD4FV,0,0,0
CAN-2TZEM75DZ6,0,0,0
CAN-6BXJY05ZVS,0,0,0
CAN-PZVWU8D7MP,0,0,0
CAN-NF0KS8SQ2U,0,0,0
CAN-XDDMGYUPVX,0,0,0
CAN-5DIFRFLV53,0,0,0
CAN-5RY4RAH3NY,0,0,0
CAN-1A10UATM11,0,0,0
CAN-LZFQL6O6HL,0,0,0
CAN-NSMN5JQK29,0,0,0
CAN-YA1HN13F0J,0,0,0
CAN-RX8Q1JRZBS,0,0,0
CAN-4K35VMVRCK,0,0,0
CAN-RSEK6TJM4O,0,0,0
CAN-CTSA9ZZFAF,1,1,1
CAN-EHPXLQDIEM,0,0,0
CAN-9BZ2W6KC87,0,0,0
CAN-UWVZ9JBLHS,1,0,0
CAN-EKTZFAMLEU,0,0,0
CAN-IC793HWYC1,0,0,1
CAN-YP1Q3FEL8I,0,0,0
CAN-WMG1DN9UWD,0,0,0
CAN-P4KH7HY1PL,0,0,0
CAN-GC64XYYSKN,0,0,0
CAN-3TL9SBAPLL,0,0,0
CAN-M7W7CQF6EO,0,0,0
CAN-42CTOXOWS4,0,0,0
CAN-RRFVJNAC54,0,0,0
CAN-MWRD4PSAQ1,0,0,0
CAN-B0RW8TPJNT,0,0,0
CAN-CIPV4IHNYK,0,0,0
CAN-C7E2HVXDMF,0,0,0
CAN-WFNOMP38RM,1,0,0
CAN-VW2GACMW46,0,0,0
CAN-WI30529DPQ,0,0,0
CAN-1JSX22AJRC,0,0,0
CAN-8Q8EF4BPAI,0,0,0
CAN-PMXTAG4X02,0,0,0
CAN-TAHQXI5TQK,0,0,0
CAN-4JT8PURE10,0,0,0
CAN-B1SBECNSQA,0,0,0
CAN-ZAYTX35Z47,0,0,0
CAN-6QEV4RPCT3,0,0,0
CAN-UZ7AEBL383,0,0,0
CAN-PRNM6AHVHX,0,0,0
CAN-NQUY86VZBX,0,0,0
CAN-KJGXGWFAQ7,0,0,0
CAN-9U7D7ZHGUX,1,0,0
CAN-LJUAAQT29R,0,0,0
CAN-HWIB80LBAS,0,0,0
CAN-C2OIJKIW5E,0,0,0
CAN-QDDRSOGN6S,0,0,0
CAN-T90KQ1CM46,0,0,0
CAN-JQ7YVD3PTF,0,0,0
CAN-KZHES42360,0,0,0
CAN-GQJN3TQUF8,0,0,0
CAN-77B195HY0G,0,0,0
CAN-SPIVW4MGST,0,0,0
CAN-24YA60VG1J,0,0,0
CAN-82A1AW528U,0,0,0
CAN-48KA50OAUW,0,0,0
CAN-03HLACH165,0,0,0
CAN-SL25JL6OTI,0,0,0
CAN-5WSDZSLGN4,0,0,0
CAN-KPUQAESQGF,0,0,0
CAN-9W33NAQQY9,0,0,0
CAN-I9WBDBRQPM,0,0,0
CAN-AC8LV8OMMM,1,1,0
CAN-TFZ3U74RPD,0,0,0
CAN-JWXR82H1EU,0,0,0
CAN-KHFR89SU7H,0,0,0
CAN-3Y1EYFC9IO,0,0,0
CAN-UMGO07KNAU,0,0,0
CAN-16I2U9OJM6,0,0,0
CAN-2KM5HRG4EP,0,0,0
CAN-M2QK613GGD,0,0,0
CAN-3WYHJEF3IG,0,0,0
CAN-NYHWAE3G57,0,0,0
CAN-YWU552FNQL,0,0,0
CAN-SQBGY05QN1,0,0,0
CAN-R5IRKXZQF3,0,0,0
CAN-GYUKEIQ52Q,0,0,0
CAN-DRGJN0E7PQ,0,0,0
CAN-692JQ1JG1Q,0,0,0
CAN-7GX8JJ7BMA,0,0,0
CAN-0MGTG4LMNQ,0,0,0
CAN-72N27RNFP4,0,0,0
CAN-11V82L0M5T,0,0,0
CAN-ZIA6L0N8XI,0,0,0
CAN-OQ9D4JBFJJ,0,0,0
CAN-KS3LAYYT7F,1,1,0
CAN-NVTZ8JTALK,0,0,0
CAN-M3BKWFLBV2,0,0,0
CAN-KIE6GNCA9W,1,0,0
CAN-D2285JYW6Q,0,0,0
CAN-1TKS98P4ZF,0,0,0
CAN-64X45G5FJA,0,0,0
CAN-D8GQ0DAPEB,0,0,0
CAN-HTSHVQG5S5,0,0,0
CAN-O825R09N4C,0,0,0
CAN-W0MMWMI5Q9,0,0,0
CAN-G8L0Q952MJ,0,0,0
CAN-5JTE8YJF92,0,0,0
CAN-4QNNYE6AC7,0,0,0
CAN-NJLMVOPN7Q,0,0,0
CAN-IMIYF4UW7Q,0,0,0
CAN-JXO5HRMR06,0,0,0
CAN-1JSX092QV8,0,0,0
CAN-OIVY062F3M,0,0,0
CAN-9PY1WL7N8J,0,0,0
CAN-SOJDWU4E5Z,0,0,0
CAN-GDSALI40FH,0,0,0
CAN-IBTPF19S13,0,0,0
CAN-XGVUSBZOZE,0,0,0
CAN-ET4UY5NRQO,0,0,0
CAN-N288D4OH28,0,0,0
CAN-XQSCW97RJG,0,0,0
CAN-TY5EHIWQ0C,0,0,0
CAN-IRXX4VI9P8,0,0,0
CAN-9W4H4XKJGD,1,0,0
CAN-QX6JKCSNT7,0,0,0
CAN-5XKR3CISZT,0,0,0
CAN-YBRCJ6D5NF,0,0,0
CAN-L19QEY5ZLR,0,0,0
CAN-1BWDE12ZJW,0,0,0
CAN-3OV0L45KWS,0,0,0
CAN-Q04507JGD0,0,0,0
CAN-20JLOEGNRY,0,0,0
CAN-XBH7T69E89,0,0,0
CAN-WRRIKTSF7V,0,0,0
CAN-AZW8LE2B91,0,0,0
CAN-77UTVB9WQ9,0,0,0
CAN-J6WEGVTYEC,0,0,0
CAN-2RAM3AUYFZ,0,0,0
CAN-EB5OA55ML6,0,0,0
CAN-TY76WB5ZOT,0,0,0
CAN-KW8FRS1FOC,0,0,0
CAN-QEYYHEMH67,0,0,0
CAN-E19LOTCVIF,0,0,0
CAN-9R9TMUDK7K,0,0,0
CAN-D13FHZIV8R,0,0,0
CAN-YZKW5H5RMJ,1,0,0
CAN-8L913O7UT4,0,0,0
CAN-7Z6TBBB5DW,0,0,0
CAN-8ZWPA2NH8V,0,0,0
CAN-NC1DX0ESNY,0,0,0
CAN-OXKQ72L67E,0,0,0
CAN-MYFWBL13VE,0,0,0
CAN-UZDBD1I9WH,0,0,0
CAN-HFM2ZP10KU,0,0,0
CAN-VWFFJHGWK5,0,0,0
CAN-780BH4YQIJ,0,0,0
CAN-AFLF4Y5PF8,0,0,0
CAN-KNKZ7OQMT9,0,0,0
CAN-MBXLB2COD4,0,0,0
CAN-9O0FN0GFPZ,0,0,0
CAN-WKK1BH27LZ,0,0,0
CAN-Q8SLLRJYJF,0,0,0
CAN-WPGCI8SELS,0,0,0
CAN-AHAGUMWL3G,0,0,0
CAN-GWXW0AHD7D,0,0,0
CAN-2VOHFIVB8I,0,0,0
CAN-3BCTCCGVWE,0,0,0
CAN-BBHJI7FX0T,0,0,0
CAN-FZXAJN4NOP,0,0,0
CAN-I3JAJ3D9KU,0,0,0
CAN-HG7FQXLX8W,0,0,0
CAN-SU8ESHOWMD,0,0,0
CAN-RZ0WGODP1P,0,0,0
CAN-JDEOZH0FV5,0,0,0
CAN-R3EEA26ED3,0,0,0
CAN-BG0OF1CSX4,0,0,0
CAN-EPE8JLOKR2,0,0,0
CAN-11PJQ9UXWU,0,0,0
CAN-SO2M5ERZZH,0,0,0
CAN-D2PB1UKRR4,0,0,0
CAN-6Z9S1QVTEJ,0,0,0
CAN-VN4YZ559E8,1,0,0
CAN-SBEAF4W2TL,0,0,0
CAN-J8OEAL0EVB,0,0,0
CAN-HEHMFHMNKP,0,0,0
CAN-8KO15P87VG,0,0,0
CAN-JWYI9RDYVQ,0,0,0
CAN-P92EC165XE,0,0,0
CAN-SXC7CQRKWL,0,0,0
CAN-YL2CUH4K6V,0,0,0
CAN-NMQ21GF9BF,0,0,0
CAN-T59FA1OL18,0,0,0
CAN-3ZG7UQZ969,0,0,0
CAN-A8UYLMW4LY,0,0,0
CAN-WOS1YWL3CR,0,0,0
CAN-XKAD9GN19B,0,0,0
CAN-YRBHIQP6R1,0,0,0
CAN-ZI63J2E2A1,0,0,0
CAN-I60NQOAA1E,0,0,0
CAN-0V5V0ZVUO5,0,0,0
CAN-AC8FUQS0OJ,0,0,0
CAN-I7WA5342AF,0,0,0
CAN-Y5ODCJAF49,0,0,0
CAN-1VIWCFQAJW,0,0,1
CAN-MT6DOCMRS2,0,0,0
CAN-I07WWHBBYW,0,0,0
CAN-ZUOGY4KE55,0,0,0
CAN-G2QBEBMIA1,0,0,0
CAN-HUNIB87VJZ,0,0,0
CAN-J3UDVUSWSY,0,0,0
CAN-ALEZV3R38C,0,0,0
CAN-LLO4NOA3Y2,0,0,0
CAN-ODU6AJ1OTZ,0,0,0
CAN-LJ4MJ7797Q,0,0,0
CAN-D0G48785X3,0,0,0
CAN-BR686DC9B1,0,0,0
CAN-A5LQV53UEH,0,0,0
CAN-DWG8KL76PB,0,0,0
CAN-IZFDKUJZW4,0,0,0
CAN-PTQQO76HHF,1,0,0
CAN-K8V8AVEM5I,0,0,0
CAN-C9AHAPI4BF,0,0,0
CAN-OEBFHBPR4A,0,0,0
CAN-1U5ETLUBW8,0,0,0
CAN-NIWNA19UQB,0,0,0
CAN-O2XX7DV26X,0,0,0
CAN-CCJ8YU5WLD,0,0,0
CAN-UD42M55WJB,0,0,0
CAN-ZXJ4E6VHI0,0,0,0
CAN-F59S3PQJ7H,0,0,0
CAN-YGD458JLNL,0,0,0
CAN-PEQX33VORF,0,0,0
CAN-DHA0ESKIFH,0,0,0
CAN-CQ9NZDIHB1,0,0,0
CAN-0HNRNLR3NR,0,0,0
CAN-4V74B337N0,0,0,0
CAN-SRT1JS76IA,0,0,0
CAN-8AK23N2BJ6,0,0,0
CAN-B9QMFO69PW,0,0,0
CAN-LQMH0RVYT2,0,0,0
CAN-SPH9UJM6PS,0,0,0
CAN-6TBP2PZNB4,0,0,0
CAN-BP5JA99JMK,0,0,0
CAN-98ZCM4XI3N,0,0,0
CAN-Z4A0CZ96H9,0,0,0
CAN-GKD08V4N5G,1,1,0
CAN-4SMT2ZQ2JW,0,0,0
CAN-ITR6UMVSVV,0,0,0
CAN-DF6224R7Q2,0,0,0
CAN-JKYKJXDFYF,0,0,0
CAN-JCPRWXS29O,0,0,0
CAN-Y8M2XOBK4F,1,0,0
CAN-9CQ4WWBJFF,0,0,0
CAN-ZX02O9DG4G,0,0,0
CAN-P5YBD1YI6O,0,0,0
CAN-L88629JBZ8,0,0,0
CAN-6TABGDMOQW,0,0,0
CAN-I3TBBTYXH3,0,0,0
CAN-9TNPOVUIA7,0,0,0
CAN-7S7D0ZC8SS,0,0,0
CAN-3OTJ9PI0SH,0,0,0
CAN-GCRMQHSYDF,0,0,0
CAN-J3STSPOC0G,0,0,0
CAN-D6407L27D6,0,0,0
CAN-JZNPLYUKLH,0,0,0
CAN-XRPICZE815,0,0,0
CAN-0JSPY6TECE,0,0,0
CAN-E8Z9LKYD7D,0,0,0
CAN-QKX8AC5FQA,0,0,0
CAN-SWRXZAAGIB,0,0,0
CAN-A65RBF9BFK,0,0,0
CAN-BDBZM82WZH,1,0,0
CAN-Z84DVUXDXX,0,0,0
CAN-2MNQJ8I51A,0,0,0
CAN-K7YS2FP1ZX,0,0,0
CAN-D3LG4JU02I,0,0,0
CAN-KGXVO4LOCS,0,0,0
CAN-B3219SG9OE,0,0,0
CAN-ZDRB67YLBO,0,0,0
CAN-X6VA704MD6,0,0,0
CAN-043GAO9GU1,0,0,0
CAN-2NZN8GHR7H,0,0,0
CAN-AHWJZRCWLI,0,0,0
CAN-7QYCK3ZYPA,0,0,0
CAN-L206QW5J4A,0,0,0
CAN-9TBSSACZWW,0,0,0
CAN-B3W59255P6,1,1,0
CAN-G8RIBP44C8,0,0,0
CAN-X8RW23GGSJ,0,0,0
CAN-NUGL0LN2M4,0,0,0
CAN-Y3OZ9Z4AK5,0,0,0
CAN-B717E10UCZ,0,0,0
CAN-URBIOEYGDN,0,0,0
CAN-YWAMRORNTT,0,0,0
CAN-LEW5KCY60Q,0,0,0
CAN-7KLOG1LM7F,1,0,0
CAN-8NTGGJY770,0,0,0
CAN-OWNWQ0LMQ3,0,0,0
CAN-SX9M4TPVGG,0,0,0
CAN-E5ST91S08Q,0,0,0
CAN-7TIAB35DUW,0,0,0
CAN-ALMTYA4F7N,0,0,0
CAN-5JOMVLF6OX,0,0,0
CAN-SDAPBO6GL0,0,0,0
CAN-Y3R8XZCKL1,0,0,0
CAN-FMOAM4Y5NN,0,0,0
CAN-SK9ZY0Y0JR,0,0,0
CAN-ARNDI9V7J9,0,0,0
CAN-EECM4V3HVE,0,0,0
CAN-GQNJZL630U,0,0,0
CAN-SNKN2WEHXS,0,0,0
CAN-2Z2I316VGO,0,0,0
CAN-D99V2N0D2F,0,0,0
CAN-Y7U1BTT6DX,0,0,0
CAN-CZG7GTADL4,0,0,0
CAN-DPE3XU2TR0,0,0,0
CAN-BM8OM8VH6M,0,0,0
CAN-R5WU2Z5JAW,0,0,0
CAN-3PIFDOP4A7,0,0,0
CAN-KE13TD9Y1O,0,0,0
CAN-VXTUOACD2L,0,0,0
CAN-1FAQ58VCTK,0,0,0
CAN-566DG3TZ36,0,0,0
CAN-4URC8EC0FG,0,0,0
CAN-ROYLUWSD4A,0,0,0
CAN-N2VCLB68RK,0,0,0
CAN-QK5CR9MXCT,0,0,0
CAN-BTYU19JJNM,0,0,0
CAN-THM3XMKOR8,0,0,0
CAN-8MKGS48IHJ,0,0,0
CAN-3U8RBYK8UV,0,0,0
CAN-BM7JI5D3II,0,0,0
CAN-F0PK9CCT7U,0,0,0
CAN-1JF9XG4RO6,0,0,0
CAN-MTLX6HFUYM,0,0,0
CAN-WZMCJ5KAPI,0,0,0
CAN-JMUHMQ2DSP,0,0,0
CAN-IWY5E06BNA,0,0,0
CAN-8YK2F9G1M1,0,0,0
CAN-HPTEIDAZ8S,0,0,0
CAN-HUXRWFJTYZ,0,0,0
CAN-2MGUW4FVVA,0,0,0
CAN-RRY6KU6HCR,0,0,0
CAN-I0KXM57IX9,0,0,0
CAN-XALZSJVYND,0,0,0
CAN-18HFR7ZPQ5,0,0,0
CAN-BV60OLQKTF,0,0,0
CAN-TXT20YAXOL,0,0,0
CAN-5XAGELIMT4,0,0,0
CAN-AZHAQ7RIA1,0,0,0
CAN-6T3SJT09V9,0,0,0
CAN-TT3YS2Q6D9,0,0,0
CAN-R0CWJ30UXA,0,0,0
CAN-REJSD0V5RE,0,0,0
CAN-D096ZPI9QC,0,0,0
CAN-LO1G75XDAT,0,0,0
CAN-PKYU2D8LZF,0,0,0
CAN-F9URYN5RLF,0,0,0
CAN-HZO4DB6BT2,0,0,0
CAN-6LLMDNRSV6,0,0,0
CAN-6FIMQYD4A3,0,0,0
CAN-S996MRZRSF,0,0,0
CAN-IDP4EJ3WOH,0,0,0
CAN-GHNOIG5RGO,0,0,0
CAN-G8WTTMWLKT,0,0,0
CAN-3QNSYIMJ3P,0,0,0
CAN-3WD1RH1425,0,0,0
CAN-OD9YVKR9EZ,0,0,0
CAN-WLK1YG6FW8,0,0,0
CAN-3ZWY5H8PIL,0,0,0
CAN-BI6F63L10D,0,0,0
CAN-FM0NBCEZPF,0,0,0
CAN-FOAJH1LBFH,0,0,0
CAN-37T05A8EM6,0,0,0
CAN-W66ED3E5RQ,0,0,0
CAN-MJVQ76OYDN,0,0,0
CAN-Y6FA2FDXGW,0,0,0
CAN-QLWWDJ2N5W,0,0,0
CAN-C7XEZYK8MU,0,0,0
CAN-874RK99O8M,0,0,0
CAN-0WZ3SP8MEK,0,0,0
CAN-OHY3SI6BYP,0,0,0
CAN-FH9UG45PZL,0,0,0
CAN-M0YRATZ3YW,0,0,0
CAN-BA8H1IM4T7,0,0,0
CAN-NCB7AQIUY9,0,0,0
CAN-A9DCWFXOG5,0,0,0
CAN-SSULLZLRZL,0,0,0
CAN-MZICDGSLBK,0,0,0
CAN-0YPW0CVMFP,0,0,0
CAN-STD010HJZG,0,0,0
CAN-N457EOO43R,0,0,0
CAN-1QYBRKHDEM,0,0,0
CAN-AOBC1GL1F7,0,0,0
CAN-IZV0TV5E0M,0,0,0
CAN-WA1BQB4BCO,0,0,0
CAN-SP2TN0SI9Y,0,0,0
CAN-NVEY0IDI4Z,0,0,0
CAN-0DP7AG0328,0,0,0
CAN-GRR9AL74OS,0,0,0
CAN-VZAHCTWXFO,0,0,0
CAN-L4EHNUIP58,0,0,0
CAN-5EAKBWDH1V,0,0,0
CAN-N58QX1Z6EF,0,0,0
CAN-O1FCWWORWP,0,0,0
CAN-I1YEJ0AP5G,1,0,0
CAN-BIRY1O3YE3,0,0,0
CAN-DVYLM4SEMJ,0,0,0
CAN-LHD6I1NBPN,1,1,1
CAN-Z8OE9JNAZ7,0,0,0
CAN-6C5WP3F7PE,0,0,0
CAN-CEA3XG5BH0,0,0,0
CAN-OXYQ33GAPB,0,0,0
CAN-TC1T8PXPFR,0,0,0
CAN-YGH7QT4J89,0,0,0
CAN-7J315P9ZKO,0,0,0
CAN-93NEQ9932X,0,0,0
CAN-ZYSRFY33O8,0,0,0
CAN-OLTPCR91MK,0,0,0
CAN-LA2HH7SFP9,0,0,0
CAN-PQ3XZ1BY44,0,0,0
CAN-A9PLTH0D5D,0,0,0
CAN-07T3MBF5GZ,0,0,0
CAN-5EVTIUBUXZ,0,0,0
CAN-JC0YHKT6S5,0,0,0
CAN-IKA6D319BK,0,0,0
CAN-QMYDM91ZUE,0,0,0
CAN-03KCAH6WH2,0,0,0
CAN-1ZSXHIVPO2,0,0,0
CAN-CUJJOP600X,0,0,0
CAN-PC8WX601DP,0,0,0
CAN-TJCO2YMTHD,0,0,0
CAN-SKSUYDUHIR,0,0,0
CAN-GTN52IMBB9,0,0,0
CAN-VZZ0O4D8I2,0,0,0
CAN-TCMR3DELKP,0,0,0
CAN-LXPX888466,0,0,0
CAN-TIFGOGFAJY,0,0,0
CAN-WA87WVEG54,0,0,0
CAN-TJGS4MJ8EI,0,0,0
CAN-Q3DNK110X8,0,0,0
CAN-MHCIA5NDTX,0,0,0
CAN-MZCKXX9YY6,0,0,0
CAN-2UQTNRK6NB,0,0,0
CAN-89A26DRSR2,0,0,0
CAN-E2T2CL8GT4,0,0,0
CAN-7KE2TRGFW7,0,0,0
CAN-675K1Z79RR,0,0,0
CAN-NXBOHYSU8Y,0,0,0
CAN-KVWHRCE90V,0,0,0
CAN-EM5M5YW0B4,0,0,0
CAN-H8SGQ6R0NN,0,0,0
CAN-KJO4RPFCQX,0,0,0
CAN-UN95PWL3OL,0,0,0
CAN-J2Y02CD92L,0,0,0
CAN-XHDEO43GP9,0,0,0
CAN-MCWGHQIY6U,0,0,0
CAN-9CPVU152H2,0,0,0
CAN-GIM4SZBSBW,0,0,0
CAN-KK862NV573,0,0,0
CAN-Z4OSKD42ML,0,0,0
CAN-UXI4D8YUGS,0,0,0
CAN-NR4B4NA0UE,0,0,0
CAN-PEJOK05Q5G,0,0,0
CAN-5EJH4QCT7Q,0,0,0
CAN-SDYB7Q2WL9,0,0,0
CAN-PE14VPNSYG,0,0,0
CAN-IF3LKDA1C9,0,0,0
CAN-6OBZAM7X00,0,0,0
CAN-2E7TDM5Z6U,0,0,0
CAN-2GRYOKWB4V,0,0,0
CAN-S8M6HT1PLU,0,0,0
CAN-3AUGEAIXCD,0,0,0
CAN-76HX2XZR49,0,0,0
CAN-0CO3VICVKY,0,0,0
CAN-X88DRLN1LN,0,0,0
CAN-KH2UL943EN,0,0,0
CAN-LUNY8K47MC,0,0,0
CAN-BUCXG33GRY,0,0,0
CAN-0ZYK1UHGAJ,0,0,0
CAN-7TH9A4MUDC,0,0,0
CAN-9NSGJ34BJM,0,0,0
CAN-SLJJFLC9NH,0,0,0
CAN-O3UDUU7L6R,0,0,0
CAN-6VT4WL2ZLE,0,0,0
CAN-C3ZSIQ6RO3,0,0,0
CAN-S2EKVSK0L5,0,0,0
CAN-WND43WOLL3,0,0,0
CAN-1Z5UFA9W0V,0,0,0
CAN-45ZI8HI0D0,0,0,0
CAN-Z6Z0ZJLJKV,0,0,0
CAN-J8GTFA3852,0,0,0
CAN-VJN0OW7GVC,0,0,1
CAN-JE4XWOKZY7,0,0,0
CAN-21HLQAE2NP,0,0,0
CAN-1KD6LLG7HE,0,0,0
CAN-MYM0HHV2MJ,0,0,0
CAN-TPLBI0D5N9,0,0,0
CAN-67AOZIIJ19,0,0,0
CAN-EFB2FLI75U,0,0,0
CAN-WFHL4H38T3,0,0,0
CAN-6HJJMHE701,1,0,0
CAN-DM1BIDY561,0,0,0
CAN-WZXCMVUER9,0,0,0
CAN-973E37T77E,0,0,0
CAN-7TS8E8AAP6,0,0,0
CAN-3ID0BSI1F9,0,0,0
CAN-SIYY8P67UB,0,0,0
CAN-F7RVTFQ1RE,0,0,0
CAN-TTX7P7504F,0,0,0
CAN-P3DUS9EU2M,0,0,0
CAN-QQGWWZHQPR,0,0,0
CAN-XNEAHO8VIL,0,0,0
CAN-UIMJGGNETW,0,0,0
CAN-68FDL9YBCA,0,0,0
CAN-BO7KEERUWA,0,0,0
CAN-ICQ823U1XH,0,0,0
CAN-8UB0X6JDH6,0,0,0
CAN-GXRCT3IIF4,0,0,0
CAN-K176CRVMR5,0,0,0
CAN-URRYZ6NJ6K,0,0,0
CAN-D1E61B1K3K,0,0,0
CAN-275NYFXX3K,0,0,0
CAN-OLJA3VZKHI,0,0,0
CAN-SPIX6E3QI3,0,0,0
CAN-3S0B4O0KY8,0,0,0
CAN-DIJR1CIKB3,1,1,0
CAN-WSLGZBGTLB,0,0,0
CAN-6G47ZNS8QX,0,0,0
CAN-CU5HNE9UTN,1,0,0
CAN-V3SU83N6AN,0,0,0
CAN-R4LSOAWV63,0,0,0
CAN-0OB9EUIXD1,1,0,0
CAN-90AL2KHFCE,0,0,0
CAN-0V8II6MATZ,0,0,0
CAN-BNSOYPWGY0,0,0,0
CAN-E6W3FBS7ZO,0,0,0
CAN-VLCF0J1HX3,0,0,0
CAN-IJ3HYTQR2J,0,0,0
CAN-JGWHNFDVE7,0,0,0
CAN-HD7ELJ97YB,0,0,0
CAN-15B7O89F3Y,0,0,0
CAN-SAH52XOY01,0,0,0
CAN-RI5DQKJZ8P,0,0,0
CAN-YEPCMPUDJR,0,0,0
CAN-3D14TVSL9U,0,0,0
CAN-CV5U1HTYR9,0,0,0
CAN-F0BS0VOEBI,0,0,0
CAN-Y3UHUQI924,0,0,0
CAN-WLPKL5RJQD,0,0,0
CAN-VS0UOD88ZG,0,0,0
CAN-YFQBL2TKPY,0,0,0
CAN-YCXHIKWY4P,0,0,0
CAN-VT8DFX657T,0,0,0
CAN-SQX1Z1D4BG,0,0,0
CAN-B9J2NLJT34,0,0,0
CAN-5M62P6RDHO,0,0,0
CAN-0CDN8XY55K,0,0,0
CAN-QONQBQS9M7,0,0,0
CAN-CM04HO61OU,0,0,0
CAN-EYXEV854F6,0,0,0
CAN-9DW5PD8X8Z,0,0,0
CAN-A6YQFCCVGS,0,0,0
CAN-S2R0EMTURC,0,0,0
CAN-B5QWXD9D6E,0,0,0
CAN-H2U3J4RTZX,0,0,0
CAN-2Z55LYBYD5,0,0,0
CAN-6Q65LSWSXI,0,0,0
CAN-71VNWHGAMK,0,0,0
CAN-ITS25G3COO,0,0,0
CAN-8Z8CZ9NNA5,0,0,0
CAN-NPN7IWX8Z7,0,0,0
CAN-BJZMCWSSHH,0,0,0
CAN-P6W0Q9I0T9,0,0,0
CAN-KE3MI77U27,0,0,0
CAN-DUZB5IP9NR,0,0,0
CAN-R557LI4B4X,0,0,0
CAN-3MJXF0M95C,0,0,0
CAN-W7UC8LFO70,1,1,1
CAN-R1ZMGHRYNC,0,0,0
CAN-LILWPXGQV9,0,0,0
CAN-G2ZUBT6IU8,0,0,0
CAN-EGRH9U65BQ,0,0,0
CAN-B468E37UZ5,0,0,0
CAN-LD2TERBQTG,0,0,0
CAN-AE3I274TN7,0,0,0
CAN-XS4DQHYF8G,0,0,1
CAN-VTOSGPYI7U,0,0,0
CAN-R8LZ8L9KEI,0,0,0
CAN-PFT9NINRPB,1,0,0
CAN-TU2FGPZNS5,0,0,0
CAN-1TS7TVEW6H,0,0,0
CAN-0KR0IG76MR,0,0,0
CAN-G19V8FYK8N,1,1,0
CAN-0HKS2ZM5O2,0,0,0
CAN-OMVEDE79UE,0,0,0
CAN-F9DUKOODLY,0,0,0
CAN-TZSJS9K8SJ,0,0,0
CAN-KXY8P6U6XI,0,0,0
CAN-5YHCM6H0X8,0,0,0
CAN-29XKDY5SG1,0,0,0
CAN-QAYSJL2ZF7,0,0,0
CAN-SSSH14C57D,0,0,0
CAN-RKBNBKEBVK,0,0,0
CAN-MADBD8DGNH,0,0,0
CAN-44XBLFWGK6,0,0,0
CAN-MGUEJKH8QZ,0,0,0
CAN-L9QRH56C5B,0,0,0
CAN-800M2Y0DN0,0,0,0
CAN-RME4TA6DLV,0,0,0
CAN-5YM9M11BI6,0,0,1
CAN-5IRVI5SX88,0,0,1
CAN-LWDFQMAGHS,0,0,0
CAN-P2BMVSIWSO,0,0,0
CAN-20JBGCU6MZ,0,0,0
CAN-K63NGRICYG,0,0,0
CAN-19NBP2FWX5,0,0,0
CAN-7N3GMYVS8N,0,0,0
CAN-122K2GVMGN,0,0,0
CAN-SGFSAUCJAF,0,0,0
CAN-GIFL9COTW7,0,0,0
CAN-YTNIVVWDCJ,0,0,0
CAN-6HFTGMMEIY,0,0,0
CAN-EMR1SOMVFO,0,0,0
CAN-WSZ2K6LRDA,0,0,0
CAN-I41P11GN51,0,0,0
CAN-Y4J544TUO9,0,0,0
CAN-16D7MCZNXR,0,0,0
CAN-KTLBHDA759,0,0,0
CAN-3XTK6Y90SC,0,0,0
CAN-38F8NJNF7X,0,0,0
CAN-ZAO8M4373C,0,0,0
CAN-3FL1MZWTTJ,0,0,0
CAN-80MLYR7RVX,0,0,0
CAN-DLE19Z9TIR,0,0,0
CAN-WT7SWCYHV1,0,0,0
CAN-LPJ5A3UUWT,0,0,0
CAN-I3NFAR25HL,0,0,0
CAN-2TF7R2MUHF,0,0,0
CAN-QGQ5E70YE3,0,0,0
CAN-UT9VDDX0F9,0,0,0
CAN-V8LAP91WW9,0,0,0
CAN-GPTKXDIV5I,0,0,0
CAN-QACDNHDLQN,0,0,0
CAN-443LBLZCUW,0,0,0
CAN-894UFHDKCP,0,0,0
CAN-F1O0R39RIQ,1,0,0
CAN-GXV4HC3KKS,0,0,0
CAN-DSITZ5Q31N,0,0,0
CAN-O8ELGFL8TO,0,0,0
CAN-8U6GFKBCCI,0,0,0
CAN-Q66BPQ4UIO,0,0,0
CAN-114PEMACE4,0,0,0
CAN-P8CLBQU6CD,0,0,0
CAN-0V90O573WT,0,0,0
CAN-VW9JWR5HQ3,0,0,0
CAN-XZBLZRNK7A,0,0,0
CAN-SRDH6RYQ7H,0,0,0
CAN-PD46X3VPZY,0,0,0
CAN-S28M3RQCX0,0,0,0
CAN-BJDRLZYRBD,0,0,0
CAN-Z4OA8QOB0D,0,0,0
CAN-792WK97QIJ,0,0,0
CAN-NQI387DVQ9,0,0,0
CAN-AA2XHMZNCD,0,0,0
CAN-IR7ZXFD0GM,2,1,1
CAN-LPTV3L15GI,0,0,0
CAN-9085R7AXKI,0,0,0
CAN-3T1Z0LMGKV,0,0,0
CAN-2PDQEQPY73,0,0,0
CAN-EZY6193KTI,0,0,0
CAN-NJ3QVVGT39,0,0,0
CAN-1HDM9UGKOI,2,1,0
CAN-99T0BUOQRX,1,1,1
CAN-VJ84N2I9ZT,0,0,0
CAN-NLCYAJ6E7H,0,0,0
CAN-ECJH6KWHL3,0,0,0
CAN-DARZ5TSDZX,0,0,0
CAN-XCSM3RNURG,0,0,0
CAN-LQ3CRW1T4U,0,0,0
CAN-2HUL4X8IOP,0,0,0
CAN-H1XW8OP4SR,0,0,0
CAN-7PO15HRLKD,0,0,0
CAN-H86WB9I30D,0,0,0
CAN-BZ9K6F2GRD,0,0,0
CAN-JPGOVGOK60,0,0,0
CAN-5U0VBOZX89,0,0,0
CAN-QHGO1WJCLZ,0,0,0
CAN-6FOSDRA4L0,0,0,0
CAN-6YU9VE04EV,0,0,0
CAN-8I7W3GOO6Z,0,0,0
CAN-4ROK1F0QRM,0,0,0
CAN-1PH7Y42QHA,0,0,0
CAN-ZJ8M9A7CCL,0,0,0
CAN-4HO2I8NT0W,0,0,0
CAN-AQH2O2HY9E,0,0,0
CAN-4HOR7GA5SX,0,0,0
CAN-BVLFG1V9O2,0,0,0
CAN-YQK7CGEH6Q,0,0,0
CAN-MP9Z7GSGMY,0,0,0
CAN-IKJDTW1IKP,0,0,0
CAN-BJ3V20FGN7,0,0,0
CAN-X79LSDSRTD,0,0,0
CAN-OBTKG5S363,0,0,0
CAN-EZ55TJB3WG,0,0,0
CAN-LIUHFCTIU1,0,0,0
CAN-72AJYAQE96,0,0,0
CAN-8VZROBLZNI,0,0,0
CAN-R653VBQXM3,0,0,0
CAN-13ZZJ42R09,0,0,0
CAN-PPMUPL752F,0,0,0
CAN-D23L44S5BR,0,0,0
CAN-MPBMBTPVC1,0,0,0
CAN-K2JJHUYUNE,0,0,0
CAN-HT9THSMKXJ,0,0,0
CAN-WTWA9JZEWT,0,0,0
CAN-XUQN3DPPKB,0,0,0
CAN-5YT2X08SNQ,0,0,1
CAN-HRVT84MAIH,0,0,0
CAN-0CL4DU38GF,0,0,0
CAN-OYQQBCPM4L,0,0,0
CAN-V22DPQAI20,0,0,0
CAN-O5GW1GFFO9,0,0,0
CAN-ZQ1MCZBE8M,0,0,0
CAN-8HTXCIUOCT,0,0,0
CAN-N76N3I7B9K,1,0,0
CAN-VJQ2GRDGBD,2,1,0
CAN-NQ20ZF5UK4,0,0,0
CAN-BJTAWGZDGO,0,0,0
CAN-79HJ0DL6NX,0,0,0
CAN-6P1VVU3YN5,0,0,0
CAN-VA0MG4RWGD,0,0,0
CAN-55VYP2F8F3,0,0,0
CAN-9OR6YMOOVR,0,0,0
CAN-60QHOARS4F,0,0,0
CAN-9PJ3IIJJZZ,0,0,0
CAN-SNV7Y85P1R,0,0,0
CAN-I7C5SVJWIF,0,0,0
CAN-P2H1UUHG4Z,0,0,0
CAN-HJSKW8DII3,0,0,0
CAN-0SQUYPU73B,0,0,0
CAN-UUD0S6K4WI,0,0,0
CAN-UB1OAUIKR2,0,0,0
CAN-9N7ZW08S41,0,0,0
CAN-EQI1DRIPBX,0,0,0
CAN-TYX6ZSWW9G,0,0,0
CAN-678UL3O6RN,0,0,0
CAN-XM10YE9O5D,0,0,0
CAN-3WGNGJXO6Z,0,0,0
CAN-1POI61XI5Y,0,0,0
CAN-MPFLJ6AUXL,0,0,0
CAN-XMYFV0HH4R,0,0,0
CAN-JK1JD64IA7,0,0,0
CAN-BT4K639AT7,0,0,0
CAN-6BUOJR8Q2G,0,0,0
CAN-WE9S33S99P,0,0,0
CAN-J3A81LKH83,0,0,0
CAN-ENDTS3JQXJ,0,0,0
CAN-KCJWCPRY9Y,0,0,0
CAN-73M2LRN1DW,0,0,0
CAN-7AC362YUJF,0,0,0
CAN-0UBVONJFT8,0,0,0
CAN-WW3RGKKHR7,0,0,0
CAN-68S6AJ9ZFD,0,0,0
CAN-EOUBV8UMH4,0,0,0
CAN-8LHNJA717C,0,0,0
CAN-MC14HCGCJ2,1,0,0
CAN-MQ8JG2L23X,0,0,0
CAN-TEZC5LDGEW,0,0,0
CAN-M8MSMEE2SM,0,0,0
CAN-RQBA312I5K,0,0,0
CAN-QOZN7KIQQ3,0,0,0
CAN-RTP9IHT1IT,0,0,0
CAN-CKWIMT500L,0,0,0
CAN-H1A0E7SZIZ,0,0,0
CAN-UIIECZE2WU,1,1,0
CAN-2L1WGNE4EU,0,0,0
CAN-KXWNRYRFZP,0,0,0
CAN-SXQYQHWTN6,0,0,0
CAN-6XHW4JJ0GV,0,0,0
CAN-48TSJ2TY3Z,0,0,0
CAN-UIPMVNTI7K,0,0,0
CAN-BA2J2OCZ4N,0,0,0
CAN-RK9JABQQQY,0,0,0
CAN-IP2VESHPWZ,0,0,0
CAN-T55YRNL4K4,0,0,0
CAN-SOH50TMNUO,0,0,0
CAN-DDUJ2DBB6Z,0,0,0
CAN-XS95NOZWVP,0,0,0
CAN-0VL2RVHMX2,0,0,0
CAN-4NSRVR0D37,0,0,0
CAN-OJ36PICUXW,0,0,0
CAN-OIIYV3P3U6,0,0,0
CAN-MJ75CD4IG7,0,0,0
CAN-7JEBWP5IPY,0,0,0
CAN-ZMVKC63G2A,0,0,0
CAN-SU4WYN1265,0,0,0
CAN-Z9UJUWNDO5,0,0,0
CAN-80CU9MHZPB,0,0,0
CAN-ZCFWEJWZG8,0,0,0
CAN-SFU3EDJIAB,0,0,0
CAN-K7S70RXAMG,0,0,0
CAN-WLMS7B5KKT,0,0,0
CAN-WXYIOO91F2,0,0,0
CAN-MMMP57ZODA,0,0,0
CAN-V2DZCOUEFN,0,0,0
CAN-3HLNEB7QBH,0,0,0
CAN-OAOG54YAZO,0,0,0
CAN-D36XJ4ATIH,0,0,0
CAN-D80QF3BZ8S,0,0,0
CAN-O65F5S8OG9,0,0,0
CAN-0R7DX67WCK,0,0,0
CAN-9CK6XY89LC,0,0,0
CAN-15XFJ3TOZ2,0,0,0
CAN-HB7LGPITCI,0,0,0
CAN-8IRTJZOQQZ,0,0,0
CAN-M6EUTKWP9H,0,0,0
CAN-5ENJ6XG2MM,0,0,0
CAN-YG2HPGV4KK,0,0,0
CAN-V2OTE9QQCS,0,0,0
CAN-XUXGJZM67U,1,1,0
CAN-BU1SL9W7FI,0,0,0
CAN-X2KKTEFZZ0,0,0,0
CAN-ZG2JX910BF,0,0,0
CAN-5DWCJ6P6I7,0,0,0
CAN-NID9XG19Y3,0,0,0
CAN-M0ZELLCI92,0,0,0
CAN-9ZB8VOINKR,0,0,0
CAN-LKJOD3W3MK,0,0,0
CAN-DN49838OI2,0,0,0
CAN-31UV9DJM68,0,0,0
CAN-R9N2CYSAZT,0,0,0
CAN-86YS89WD1X,0,0,0
CAN-0417ZTHYXF,0,0,0
CAN-H27CN2XN0N,0,0,0
CAN-ZWHT3GIO6Q,0,0,0
CAN-UF80MLPR7Q,0,0,0
CAN-CY0QAGLRZW,0,0,0
CAN-NJS3AIEL8F,0,0,0
CAN-LJAETPGFMO,0,0,0
CAN-5NTTXMSSJU,0,0,0
CAN-UZXWIN2B3F,0,0,0
CAN-0C7YXBVAGB,0,0,0
CAN-C06GGLOZJV,0,0,0
CAN-XRK04TUNAF,0,0,0
CAN-XJMUZ34WAB,0,0,0
CAN-NE2UAZ4OOW,0,0,0
CAN-A6TCKOBD4J,0,0,0
CAN-LL6OTNZN3K,0,0,0
CAN-DTGU0ZWEIQ,0,0,0
CAN-AW4WLASJEN,0,0,0
CAN-6IKX8UQLSY,0,0,0
CAN-3FYIGLQ652,0,0,0
CAN-ZTZTOXVC6F,0,0,0
CAN-T8Q7N0K90D,0,0,0
CAN-5BE4BXT2CK,0,0,0
CAN-L4HE35JRJD,0,0,0
CAN-TS2KHJEN0S,0,0,0
CAN-83E9LTK14V,0,0,0
CAN-ZGX5N129C9,0,0,0
CAN-TD7HMFL8XD,0,0,0
CAN-7XZFU0QORM,0,0,0
CAN-ITLPYTWML2,0,0,0
CAN-175RL2EPBA,0,0,0
CAN-UWLA0GTBVK,0,0,0
CAN-KNFI1QC8WD,0,0,0
CAN-9M6WOSROGO,0,0,0
CAN-3LNNK43P45,0,0,0
CAN-A7LC4TTANF,0,0,0
CAN-84BPHN7P0Q,0,0,0
CAN-OM0FM3WFHB,0,0,0
CAN-F1A2VYHH8N,0,0,0
CAN-ZSJALHV9SZ,0,0,0
CAN-AOVC6QCN8X,0,0,0
CAN-SWC6S7B294,0,0,0
CAN-W0GVW22FN3,0,0,0
CAN-4UUAFPDUMA,0,0,0
CAN-EJY1MG9QHJ,0,0,0
CAN-JSJ5WQUXS6,0,0,0
CAN-407X1W4ZNA,0,0,0
CAN-1QFMN41TO3,0,0,0
CAN-Q3X0NWJING,0,0,0
CAN-LQZS3G33CQ,0,0,0
CAN-DAX4RORUHG,0,0,0
CAN-8R2Y8PO0N1,0,0,0
CAN-JTRQX5GRT7,0,0,0
CAN-LVUMRA3Q5H,0,0,0
CAN-U1H7FP8NPL,0,0,0
CAN-Q42NF9CFS2,0,0,0
CAN-BSTJI9FD1P,0,0,0
CAN-VIAJZYAZ53,0,0,0
CAN-9I03PZ1W6B,0,0,0
CAN-BA92NJL7KP,0,0,0
CAN-P6AJTNUF1I,0,0,0
CAN-XK8F63325Z,0,0,0
CAN-3X9HKR4IM5,0,0,0
CAN-LY0ZY5H2L9,0,0,0
CAN-X3XLJ6T02N,0,0,0
CAN-WL5RYBPUC8,0,0,0
CAN-V6WM4IWG63,0,0,0
CAN-6CQI1XK1IJ,0,0,0
CAN-R2GXU5NYEU,0,0,0
CAN-JVGHFXU3I9,0,0,0
CAN-KX2XEZ8FQR,0,0,0
CAN-Z4N4KT9JD8,0,0,0
CAN-NBULE691GP,0,0,0
CAN-F3WPTI2M1S,0,0,0
CAN-AH2LBB5JG6,0,0,0
CAN-4WOTVVPOV2,0,0,0
CAN-A1FX2I15OU,0,0,0
CAN-81IJRBJX36,0,0,0
CAN-CFCEFNYYZW,0,0,0
CAN-ZQQP3440B7,0,0,0
CAN-GVDEPGC4C6,0,0,0
CAN-G7TQS36QD3,0,0,0
CAN-RU61TFGERI,0,0,0
CAN-G2MA8D96F5,0,0,0
CAN-X4RT81OWNX,0,0,0
CAN-IVCCY8SH9S,0,0,0
CAN-XDM0C8JK7B,0,0,0
CAN-DB9MOOQKJT,1,1,0
CAN-PLJ9BHQV3M,0,0,0
CAN-OOQWFDEGIU,0,0,0
CAN-HN1Q191AEW,0,0,0
CAN-L9YW74ZS18,1,1,0
CAN-WK1F3RTN0B,0,0,0
CAN-3NCNGI1Y77,0,0,0
CAN-0OPLVQK7KK,0,0,0
CAN-MWIJPIMPBT,0,0,0
CAN-8RCCOASGBX,0,0,0
CAN-EGBNQE4GLV,1,1,0
CAN-EDG8JENCG2,0,0,0
CAN-RMU9VN1GAB,0,0,0
CAN-BWRTH8FSUE,0,0,0
CAN-5OP4HOFBVZ,0,0,0
CAN-GSVYWB40AC,0,0,0
CAN-41N7YW9AGF,0,0,0
CAN-C1MUBS0503,0,0,0
CAN-8PR46JKGEA,0,0,0
CAN-SUGLIPHMTQ,0,0,0
CAN-GKB2TPY1QN,0,0,0
CAN-15X4NXCRXZ,0,0,0
CAN-SZUBTNQJ8V,0,0,0
CAN-UNJ7J643WO,0,0,0
CAN-U5OPDER3GD,0,0,0
CAN-GKKZ22VV82,0,0,0
CAN-VQXW1ERB8Y,0,0,0
CAN-P5FBGI9BIR,0,0,0
CAN-WTSZ8AD71O,0,0,0
CAN-W8EOZSAPU6,0,0,0
CAN-J9B8M55318,0,0,0
CAN-22JRWNMRON,0,0,0
CAN-HPW5Q48PT1,0,0,0
CAN-BQN6WU40Q9,0,0,0
CAN-PEGU3Z7RIX,0,0,0
CAN-OZRMLYNAK0,0,0,0
CAN-WEFYR7W4LR,0,0,0
CAN-FZ9Q598YRT,0,0,0
CAN-1UE3JO8QD0,0,0,0
CAN-GYR1OI4602,0,0,0
CAN-UIDCKJCDCX,0,0,0
CAN-OFCBICEUV4,0,0,0
CAN-YNIYNDE6U1,0,0,0
CAN-GRH21O1IIP,0,0,0
CAN-4BNUWCH7Z8,0,0,0
CAN-21R2BT74Z6,1,0,0
CAN-8NTG49CU4X,0,0,0
CAN-WUV0V3DFZ1,0,0,0
CAN-0DD316ZHWM,0,0,0
CAN-7IMPOVF67L,0,0,1
CAN-IR78CES9MW,0,0,0
CAN-JIJT45003I,0,0,0
CAN-G2U0GU8K8X,0,0,0
CAN-NKDXIBRREB,0,0,0
CAN-926W3IF2NE,0,0,0
CAN-MSD4ZLNHUV,0,0,0
CAN-KXIWKT4G4O,0,0,0
CAN-BDCGDVOF4E,0,0,0
CAN-N99N7DJ2B8,0,0,0
CAN-GW9U1R52JB,0,0,0
CAN-QKMC5T2DIE,0,0,0
CAN-G82CF2WLAD,0,0,0
CAN-Z1MS4EVFP1,0,0,0
CAN-QV5VOSUNUC,0,0,0
CAN-OKNXRTNYHG,0,0,0
CAN-19TXX6LZKJ,0,0,0
CAN-1PZQWW2FLO,0,0,0
CAN-SDABBSQZNH,0,0,0
CAN-122U7CUXU1,0,0,0
CAN-E0AM8712V4,1,0,0
CAN-KKZ5GWLIVY,0,0,0
CAN-5O16ITW61J,0,0,0
CAN-RJLVU7G83P,0,0,0
CAN-ONTP1K83FH,0,0,0
CAN-CR2AKDR250,0,0,0
CAN-O3QAQJH1A9,0,0,0
CAN-VNWX8OEBF8,0,0,0
CAN-ZW9FUG9JH8,0,0,0
CAN-WFJ09RZMHL,0,0,0
CAN-K25HU8PTQ6,0,0,0
CAN-9B47WK3WGY,0,0,0
CAN-LYOAVZ5JWS,0,0,0
CAN-8L1UNISPEW,0,0,0
CAN-ZTRR6GPU98,0,0,0
CAN-WFYE86E9MI,0,0,0
CAN-XWEB67PX4U,0,0,0
CAN-CSKPVQOGQX,1,1,0
CAN-4GFX27M0Z0,0,0,0
CAN-F55OSBYIOD,0,0,0
CAN-ZR1Y1PDHJW,0,0,0
CAN-KGPVZGTV1O,0,0,0
CAN-O8L361ALXI,0,0,0
CAN-FODQUFYZCY,0,0,0
CAN-RURU99HI7B,0,0,0
CAN-DV79DNXRZF,0,0,0
CAN-CKKT7GK32Z,0,0,0
CAN-7NV4K0T5FI,0,0,0
CAN-Y10818467B,0,0,0
CAN-BI56NCZHPB,0,0,0
CAN-KCSSKM5TU0,0,0,0
CAN-6Z75LNWOM2,0,0,0
CAN-CM4GE0WWPM,0,0,0
CAN-YIXRG21ON2,0,0,0
CAN-QBWG1IFG2A,0,0,0
CAN-0D8N2OQMQX,0,0,0
CAN-I2B93I1V5N,0,0,0
CAN-I0CY8U778I,0,0,0
CAN-2MOOV8JJN4,0,0,0
CAN-9JZSBE54B9,0,0,0
CAN-QC9RQONUTF,1,0,0
CAN-FF9XWZ43IE,0,0,0
CAN-XXSXUKMHZ5,0,0,0
CAN-HMPYE9851G,0,0,0
CAN-GBK1QG196L,0,0,0
CAN-MDT600E24L,1,1,0
CAN-I77MY7B1GP,0,0,0
CAN-AYLWJWLJOJ,0,0,0
CAN-14CNNWZZM6,0,0,0
CAN-0HLR3AM64F,0,0,0
CAN-JBIAVF9SBB,0,0,0
CAN-L24U7SEHLX,0,0,0
CAN-A9FH0FPYR5,0,0,0
CAN-4H7VAWPCOK,0,0,0
CAN-C1Q38ANAAJ,0,0,0
CAN-LZR23IDJX4,0,0,0
CAN-UVIP1G48SC,0,0,0
CAN-VHZRHCLLFO,0,0,0
CAN-A84QLFP5DG,1,0,0
CAN-WJGPPMKS58,0,0,0
CAN-HZIX1XR39P,0,0,0
CAN-IYAF1LFG7T,0,0,0
CAN-O0KEWS0JMW,0,0,1
CAN-EUEX7N48S9,0,0,0
CAN-VSGH59KLG0,1,0,0
CAN-JI1TXP9BGD,0,0,0
CAN-C7Z4ZI3O9D,0,0,0
CAN-HEF61MDCNS,0,0,0
CAN-BXDFNUOA3Q,0,0,0
CAN-E8JFXY6ALO,0,0,0
CAN-O9963ZZZSR,0,0,0
CAN-CC39IIAQMT,0,0,0
CAN-I0DRE883WX,0,0,0
CAN-NJNEXNMVJY,0,0,0
CAN-4Z4AX2IBNL,0,0,0
CAN-1VJ8PJDJYL,0,0,0
CAN-6E7Y035T33,0,0,0
CAN-XOYE2SQHH7,0,0,0
CAN-5PWJUSHEQA,0,0,0
CAN-KB7D57JUNQ,0,0,0
CAN-JKJMNMIJ28,0,0,0
CAN-8NA4MP11TS,0,0,0
CAN-AZ1I06FJD8,0,0,0
CAN-FBGEQLSR6I,0,0,0
CAN-JBN49XWYLR,0,0,0
CAN-4DDQ97DK0A,0,0,0
CAN-URSZQ19Y53,0,0,0
CAN-TL8RQS02BO,0,0,0
CAN-IY3215AYMQ,0,0,0
CAN-HPVT625R3Q,0,0,0
CAN-2KBDNFBC4G,0,0,0
CAN-HM81BXC2N3,0,0,0
CAN-4BT0Q44H90,0,0,0
CAN-FEJBIAG4CV,0,0,0
CAN-KU7M8IZ8F7,0,0,0
CAN-M1C3NR6PHB,0,0,0
CAN-2J556D49V3,0,0,0
CAN-C3PMFLGFTL,0,0,0
CAN-BGXR5G4N31,0,0,0
CAN-6U7GSGUBDT,0,0,0
CAN-HYOZPANB0H,0,0,0
CAN-U8U4B2HRGX,0,0,0
CAN-KMTWKXLZZ1,0,0,0
CAN-J4H3HYSW7L,0,0,0
CAN-WQT8QLOVT1,0,0,0
CAN-IRZP2JB50W,0,0,0
CAN-YMPEBW6SLD,0,0,0
CAN-X0LS88FDV1,0,0,0
CAN-J706NTUHMA,0,0,0
CAN-LRTVD916VJ,0,0,0
CAN-F7VO3HLLD8,0,0,0
CAN-I6DGSK7535,0,0,0
CAN-AVX1E5N7UW,0,0,0
CAN-FFQ3BBMWHD,0,0,0
CAN-QM71SGDM4I,0,0,0
CAN-JM755AGYPJ,0,0,0
CAN-HQPG2J78F8,0,0,0
CAN-SWJB0H77UK,0,0,0
CAN-NDP7H63A1W,0,0,0
CAN-C3T35UFDN6,0,0,0
CAN-5RDQAIXXVR,0,0,0
CAN-CY662QNRUJ,0,0,0
CAN-PH7QL80663,0,0,0
CAN-VEKIGE4921,0,0,0
CAN-XKFHRBRTXM,0,0,0
CAN-AWDY5JCH5O,0,0,0
CAN-TZL5JMLPN4,0,0,0
CAN-702PDNVMXO,0,0,0
CAN-5GF8VWM2HR,0,0,0
CAN-NZPTZOM899,0,0,0
CAN-9EFQ64FUOV,0,0,0
CAN-2SX9SB631X,0,0,0
CAN-GAMASVQLPM,0,0,0
CAN-NLQKAQ6W9P,1,1,0
CAN-4D5G5W2L8G,0,0,0
CAN-A77B164O3I,0,0,0
CAN-D7F9PTN2YM,0,0,0
CAN-32XUZJ5PGL,0,0,0
CAN-87RL1T2DE9,0,0,0
CAN-TORPSDB4KK,0,0,0
CAN-O2JWPLZ1BD,0,0,0
CAN-Z049SHQP4D,0,0,0
CAN-W9CNY6N5YU,0,0,0
CAN-J417Y77VD0,0,0,0
CAN-4S4SCR17PX,0,0,0
CAN-SUYHF6WGMW,0,0,0
CAN-OQ1MDYHJ4D,0,0,0
CAN-PGQFWYCHOB,0,0,0
CAN-RPLCWP59Q5,0,0,0
CAN-PXU78PNTOL,0,0,0
CAN-AQF3VNS12D,0,0,0
CAN-LW4C0CPP1H,0,0,0
CAN-4P9VVUKRAI,0,0,0
CAN-W7XFSD0EAC,0,0,0
CAN-MCHNC9ULDS,0,0,0
CAN-5VR1TR0W0M,0,0,0
CAN-I1YNM9I4CT,0,0,0
CAN-1GKJ4H5XS7,0,0,0
CAN-QGZFA636R5,0,0,0
CAN-L89K1NGO6P,0,0,0
CAN-3GOA7XH9SK,0,0,0
CAN-9JU57WF7YP,0,0,0
CAN-X1WTQJAZMW,1,1,0
CAN-3K0U0HUB9B,0,0,0
CAN-SC42SBD0LB,0,0,0
CAN-J2Z8813Q6I,0,0,0
CAN-QNNYT9VYSD,0,0,0
CAN-E3DSRWKN2F,0,0,0
CAN-PNTQTOMYRI,0,0,0
CAN-JGC1IU51EU,0,0,0
CAN-9I83IC0HYM,0,0,0
CAN-6FR8T13N8Q,0,0,1
CAN-YU6PH80APJ,0,0,0
CAN-XMSX2X08JI,0,0,0
CAN-DOWBUVMCBB,0,0,0
CAN-Z7QK3GUALJ,0,0,0
CAN-MMLQ6K23TR,0,0,0
CAN-MIZ3WQZ930,0,0,0
CAN-J8M4MS2HOJ,0,0,0
CAN-AV5F56ZCMU,0,0,0
CAN-GDTV6G0S2R,0,0,0
CAN-9SDDGRTJLG,0,0,0
CAN-0NVLU6F4MR,0,0,0
CAN-5P58I14VV0,0,0,0
CAN-VY0B2YSXJA,0,0,0
CAN-F684WQM2LS,0,0,0
CAN-KK9JW1OBWK,0,0,0
CAN-QUDNAH2KZA,0,0,0
CAN-YACRSCZ2KN,0,0,0
CAN-B4RRO4F7SO,0,0,0
CAN-SWPG76QVXE,0,0,0
CAN-58RY6SE658,0,0,0
CAN-2B1LCW58WQ,1,0,0
CAN-FWF3NPX54O,0,0,0
CAN-YVLY4405S1,0,0,0
CAN-BMLQO2W69X,1,0,0
CAN-8ND34VKOAR,0,0,0
CAN-ERCQGATW5B,0,0,0
CAN-CKJ5NZGSN0,0,0,0
CAN-AABXZBCWCP,0,0,0
CAN-D0BSC5K6VV,0,0,0
CAN-NNESIBTPN9,1,1,1
CAN-08HJCZZYXN,0,0,0
CAN-MQT1ZWB1YN,0,0,0
CAN-ZBNXFLD6WF,0,0,0
CAN-DTTQWCSQOZ,0,0,0
CAN-BPDQBI8E41,0,0,0
CAN-KTG898FYX0,0,0,0
CAN-SOSZ5HPS0I,0,0,0
CAN-RXRB3NRS7N,0,0,0
CAN-QC7UY407W3,0,0,0
CAN-Z05I0E71V8,0,0,0
CAN-RHA8ZN64PG,0,0,0
CAN-MKVT2SBZIX,0,0,0
CAN-HW8RIX3AKH,0,0,0
CAN-LJ6FC1CJ2M,0,0,0
CAN-T4A4P9Z7YX,0,0,0
CAN-XBU45BCLKB,0,0,0
CAN-YMUP3JGF65,0,0,0
CAN-1V13JC54NN,0,0,0
CAN-O7BJYB88S2,0,0,0
CAN-IAQOLBFX4K,0,0,0
CAN-F15AZVKVIW,0,0,0
CAN-H11WC7P73S,0,0,0
CAN-CONDD72FAO,1,1,0
CAN-KSTCWHY4P8,0,0,0
CAN-AGJVYRFRDG,0,0,0
CAN-0JHQPJVZ3G,0,0,0
CAN-TRQOMGIG72,0,0,1
CAN-7QYKWKH6MV,0,0,0
CAN-H1QU2YHJX2,0,0,0
CAN-ROHDAN5J47,0,0,0
CAN-FDENZABR1B,0,0,0
CAN-Z6DZSZEI8H,0,0,0
CAN-L2PAVYEOK7,0,0,0
CAN-RIIBTRP7SH,0,0,0
CAN-FTPIEWOCHF,0,0,0
CAN-9FAKD0SRGH,0,0,0
CAN-SSH8Z25KTV,0,0,0
CAN-ENLPURTCRQ,1,0,0
CAN-GMUX1L86AI,0,0,0
CAN-E0IK9K6MY3,0,0,0
CAN-Z9QJ0OIP8A,0,0,0
CAN-826WOQI0YX,0,0,0
CAN-0ZH39T0KP7,0,0,0
CAN-VQZEAXOB4V,0,0,0
CAN-Y36XA1LE45,0,0,0
CAN-R7RBO9AC1I,0,0,0
CAN-JDP9V5D916,0,0,0
CAN-UH92R05D05,0,0,0
CAN-GBPFPSHWY8,0,0,0
CAN-Y835EUIXH0,0,0,0
CAN-MYSMRBKSZV,0,0,0
CAN-0EM5GKHVDG,0,0,0
CAN-H3XORKJSLC,0,0,0
CAN-Y31KNKN7OC,0,0,0
CAN-H1NWEBUZQY,0,0,0
CAN-BIS5FV79OA,0,0,0
CAN-NCNUGD8DQR,0,0,0
CAN-SAI1H07UVK,0,0,0
CAN-28FG2QCWCV,0,0,0
CAN-WMOFU20NMF,1,0,0
CAN-Z48HAEASG1,0,0,0
CAN-NFM3541UGL,0,0,0
CAN-OLIG5I2K8Y,0,0,0
CAN-B5Y2WAOS77,0,0,0
CAN-BPKNSHSK7E,0,0,0
CAN-V49AAKTDEO,0,0,0
CAN-W85T20E4AM,0,0,0
CAN-155JKY6SG3,0,0,0
CAN-1LQBJ0NUO8,0,0,0
CAN-4BQRW8WJPH,0,0,0
CAN-N32UU4I4V9,0,0,0
CAN-IETA53K70L,0,0,0
CAN-KT15MKDWZ4,0,0,0
CAN-HJI85ZE10N,0,0,0
CAN-RD91M5LWDA,0,0,0
CAN-KAS2UKE6WL,0,0,0
CAN-5YUGUD0R3V,0,0,0
CAN-B3AXQM91IH,0,0,0
CAN-URVWBQS7AC,0,0,0
CAN-ILRWXH3L4Q,0,0,0
CAN-8PPITIUS0Q,0,0,0
CAN-EGJ5Z4LJOX,0,0,0
CAN-EHJ71UD373,0,0,0
CAN-O3TAE6MOQT,0,0,0
CAN-YUF8DGXBB8,0,0,0
CAN-EBLQM5AIDI,0,0,0
CAN-N41GZ02V2C,0,0,0
CAN-POX0V6HLWB,0,0,0
CAN-W1DGTVEO2F,0,0,0
CAN-A38SK3U9PX,0,0,0
CAN-2M7B24E9YI,0,0,0
CAN-ZIHDPAEOY3,1,1,0
CAN-YRQT4T5PKO,0,0,0
CAN-PD12RV572C,0,0,0
CAN-FNTSENFZCT,0,0,0
CAN-84K2ORPFOZ,0,0,0
CAN-HDIELZ1YFM,0,0,0
CAN-YMQEDNNS87,1,0,0
CAN-A07B9HNJ3O,0,0,0
CAN-FTKNBCHC75,0,0,0
CAN-8196AXOZYU,0,0,0
CAN-3P5FRRQ79X,0,0,0
CAN-F13B0FP5XK,0,0,1
CAN-WL6XBDMQ37,0,0,0
CAN-T9DEAJTZHF,0,0,0
CAN-NR4VY37GUQ,0,0,0
CAN-JGOXBG9LVX,0,0,0
CAN-5FGKHHN1FB,0,0,0
CAN-X8MJY3IK3T,0,0,0
CAN-RNZ91XZBL2,0,0,0
CAN-BKP1GM4PTS,0,0,0
CAN-31OGSJ5VHH,0,0,0
CAN-K42JU08CHR,0,0,0
CAN-TIE3W4069G,0,0,0
CAN-DMLLYJHNM4,0,0,0
CAN-W5OD9W4WY3,0,0,0
CAN-UX95K6DHRC,0,0,0
CAN-88H36UHHTV,0,0,0
CAN-N7RV0ELTME,0,0,0
CAN-4TKXG0IEQD,0,0,0
CAN-H66XUZMC92,0,0,0
CAN-GKZ8OK5T2H,0,0,0
CAN-09L5RGQKQX,0,0,0
CAN-BFB2NDCMQQ,0,0,0
CAN-70MH5CAA0V,0,0,0
CAN-T89JNMM1H4,0,0,0
CAN-J1TOL0KMZ3,0,0,0
CAN-JA770FHC00,0,0,0
CAN-N1VM5BVF04,0,0,0
CAN-44RUJN2ANN,0,0,0
CAN-LVAJGM5BW2,0,0,0
CAN-E33B2MDR14,0,0,0
CAN-73F5WAPYK7,0,0,0
CAN-WAGFWK2KTY,1,1,0
CAN-8WZY5EL0GS,0,0,0
CAN-I3Y632KAU4,0,0,0
CAN-9VQQZ1STC3,0,0,0
CAN-2LCML6F946,0,0,0
CAN-5R15W21AT4,0,0,0
CAN-ULHYXWTX9J,0,0,0
CAN-YIK0JBGUH1,2,1,0
CAN-JS4AYU663U,0,0,0
CAN-FGUIR7LCT4,0,0,0
CAN-L6QFHDPYSK,0,0,0
CAN-BTU2LZFITS,0,0,0
CAN-MB2X41DESB,0,0,0
CAN-UC3CXNT45X,0,0,0
CAN-ZNTVW2JF4S,0,0,0
CAN-IZ8AICJGI5,0,0,0
CAN-S2S40TWDSL,0,0,0
CAN-PFT60C7PP5,0,0,0
CAN-25BQBZ84GX,0,0,0
CAN-OX9BJ0D2O1,0,0,0
CAN-BTM006XNFV,0,0,0
CAN-IP07C5PZYH,0,0,0
CAN-ZO1PNGOVCL,0,0,0
CAN-3ZAF5GCVCZ,0,0,0
CAN-089ABEENTV,0,0,0
CAN-B3ELT2L0B3,0,0,0
CAN-Y0URDPI85Z,0,0,0
CAN-L9BROPXWF1,0,0,0
CAN-DNXMMN2W8E,0,0,0
CAN-GMHWNTDAF3,0,0,0
CAN-8N31NOLEM1,0,0,0
CAN-IQH6TGWZIT,0,0,0
CAN-ZZUJQ93GU1,0,0,0
CAN-0NYGHMFYLT,0,0,0
CAN-E52UACQ4CW,0,0,0
CAN-W6WKYPF25E,0,0,0
CAN-PAKI3H76CZ,0,0,0
CAN-8DC6XQO16V,0,0,0
CAN-KANORV91GR,0,0,0
CAN-7756OIA0RX,0,0,0
CAN-JS2A8PU6RZ,0,0,0
CAN-9BDS08J55V,0,0,0
CAN-LCKLHVM6YY,0,0,0
CAN-Y3902X8YET,0,0,0
CAN-3GI1ZKZ7XP,0,0,0
CAN-2YYPTX2VDH,0,0,0
CAN-MPE1CT6X6E,0,0,0
CAN-0TS7SHNU4O,0,0,0
CAN-PP24F7M71O,0,0,0
CAN-PTAQHH0NLT,0,0,0
CAN-KISSCDNGXV,0,0,0
CAN-NELMCYQKTP,0,0,0
CAN-V83S544EQU,0,0,0
CAN-G0SQYJYYQP,0,0,0
CAN-XBFVSW8ISI,0,0,0
CAN-YEII1I7OWH,0,0,0
CAN-NAELLLINHK,0,0,0
CAN-MSRPBQE3GY,0,0,0
CAN-1PBSUPJHAP,0,0,0
CAN-18W0GSBSEX,0,0,0
CAN-UMGDOKU91X,0,0,0
CAN-DEP51X7QEH,0,0,0
CAN-37TK13B9WT,0,0,0
CAN-KJPT4A1ORY,0,0,0
CAN-SYZC1N7RQE,0,0,0
CAN-7YM7EOV0QP,0,0,0
CAN-JBNEPXUCUA,0,0,0
CAN-EY5KWKTD1O,0,0,0
CAN-VXT6O695T6,0,0,0
CAN-MG23M345ZW,0,0,0
CAN-S4349T443C,0,0,0
CAN-FYXNP9NWHH,0,0,0
CAN-VVHBX14RHL,0,0,0
CAN-GYJB3IDLHU,0,0,0
CAN-Y3H9KGHAD5,0,0,0
CAN-CSA9RPF7N0,0,0,0
CAN-IZSRQ4G5UG,0,0,0
CAN-PN4XXFH6N3,0,0,0
CAN-9QU79USX3P,0,0,0
CAN-4P0DT7YE37,0,0,0
CAN-SCAFU4FM7S,0,0,0
CAN-T2L7P927RU,0,0,0
CAN-XHUYMXEI35,0,0,0
CAN-2QEYQ88Y1Y,0,0,0
CAN-UOX0JUH64O,0,0,0
CAN-TX42GNCYCG,0,0,0
CAN-JRUU6NDGIR,0,0,0
CAN-W9TSYSWQ32,0,0,0
CAN-FHKCA67K9S,0,0,0
CAN-J2YFWU9HJH,0,0,0
CAN-VU4JKM44MQ,0,0,0
CAN-2UHDYKXDIP,0,0,0
CAN-IL9S3DF9AB,0,0,0
CAN-QS3XZ15NFG,0,0,0
CAN-WMZFHQAP9B,0,0,0
CAN-K9LIIAWV0K,0,0,0
CAN-ZWO3W1SS53,1,1,1
CAN-AXKRNZM7B4,0,0,0
CAN-ZTE8SRJIOT,0,0,0
CAN-OJ8VVKJNKE,0,0,0
CAN-VD41AYEEPW,0,0,0
CAN-OP46YPS5ZX,0,0,0
CAN-6QPR3XKZ6B,0,0,0
CAN-KFTHMO66T2,1,0,0
CAN-S4FYCAZZ0J,0,0,0
CAN-MJL0SIMVMZ,0,0,0
CAN-GAZ28IY33B,0,0,0
CAN-V3BBJNG4XW,0,0,0
CAN-F52FYWKQ3T,0,0,0
CAN-4AHWIHYNQ5,0,0,0
CAN-GJNHHNY8HB,0,0,0
CAN-IYGJ2F0MCR,0,0,0
CAN-5859NPIEHL,0,0,0
CAN-JEIC06XTOM,0,0,0
CAN-794QK0RM4M,0,0,0
CAN-M1WXS36NFW,0,0,0
CAN-ODBFDUX05I,1,1,1
CAN-Q8C2CCKL8G,0,0,0
CAN-YDY8NLB0WK,0,0,0
CAN-AASWLF3YNX,0,0,0
CAN-1GB58FFS9N,0,0,0
CAN-C6HL2D26X1,0,0,0
CAN-II6NLW4SAX,0,0,0
CAN-SMGPCKZQ9Y,0,0,0
CAN-YWUAK0VD6L,0,0,0
CAN-SO6WAB0YW5,0,0,0
CAN-SJYCSV0TC8,0,0,0
CAN-RUTXP37AJ2,0,0,0
CAN-I51VYIMKV4,0,0,0
CAN-TSXEA01V7E,0,0,0
CAN-BFZR034JYQ,0,0,0
CAN-6LWOXIZO8W,0,0,0
CAN-Y7V3XMIUGH,0,0,0
CAN-AQMOK89QAV,0,0,0
CAN-XPL4JWGUTT,0,0,0
CAN-WAM0MZEWD7,0,0,0
CAN-HL6S85KQAN,0,0,0
CAN-NXWKII4PIH,0,0,0
CAN-JHMTGOWOYT,0,0,0
CAN-V5MVMXWLSO,0,0,0
CAN-DYV8DGNC47,0,0,0
CAN-FCO3G0AT6Y,0,0,0
CAN-FWHJID1CT3,0,0,0
CAN-TM8BOYY8VZ,0,0,0
CAN-SRUJAB59S4,0,0,0
CAN-U8QZEU3IKD,0,0,0
CAN-I7CLU7ZDYE,0,0,0
CAN-T92MS0DVDT,0,0,0
CAN-QQ9UDUMKC6,0,0,0
CAN-FRV3423B6M,0,0,0
CAN-ZNOJFULDZJ,0,0,0
CAN-FAF8NQEKZ2,0,0,0
CAN-PRT6ZOKV5I,0,0,0
CAN-Z3CBXQWMMG,0,0,0
CAN-RWZJGATCP2,0,0,0
CAN-1SM5LT50DB,0,0,0
CAN-HXHFKUF5BF,0,0,0
CAN-UP0KDOOQ5C,0,0,0
CAN-9FFCTSDKXQ,0,0,0
CAN-15VKTUR1WN,0,0,0
CAN-V247KN0XDE,0,0,0
CAN-1FO08V029N,0,0,0
CAN-A01YH8JOLR,0,0,0
CAN-RTXOVP58TP,0,0,0
CAN-J5P6FXPKDD,0,0,0
CAN-JJTHP7E1T5,0,0,1
CAN-862YIFCR75,0,0,0
CAN-0AXPUDA963,0,0,0
CAN-4WA6EIS5QP,0,0,0
CAN-26C8RNPABH,0,0,0
CAN-HW98HY76BB,0,0,0
CAN-64KL4146NP,0,0,0
CAN-2H6NXXX2XV,0,0,0
CAN-QMV49BEP70,0,0,0
CAN-U9JO9A3R8B,0,0,0
CAN-O7GSDF8OVO,0,0,0
CAN-PZNLHIBV6U,0,0,0
CAN-ZKIWAFFDUO,0,0,0
CAN-C568F7VRVL,0,0,0
CAN-EF8TSD7H2H,0,0,0
CAN-7PJB8CQDH6,0,0,0
CAN-XCU94LLQ6Y,0,0,0
CAN-9ZLORI0L8M,0,0,0
CAN-GPEPNWPONZ,0,0,0
CAN-GO41D4OF1V,0,0,0
CAN-2QRS52Z2Y0,1,0,0
CAN-K6B8B2OJHW,0,0,0
CAN-XMWRVM19MW,0,0,0
CAN-DHMY90KRO5,0,0,0
CAN-A7O4ZA282I,0,0,0
CAN-X4FPNJ04RR,0,0,0
CAN-IN2KTR3ZGX,0,0,0
CAN-FY6JNOZ8O4,0,0,0
CAN-3WM75Y6YOF,0,0,0
CAN-RL5W8R1X3I,0,0,0
CAN-0IP0M78BV3,0,0,0
CAN-8HTM17YE7B,0,0,0
CAN-VVS8FGM9SV,0,0,0
CAN-QR1ZOI3MWU,1,1,0
CAN-9XY05FKU85,0,0,0
CAN-5A1V6R3R34,0,0,0
CAN-ARC379OKF6,0,0,0
CAN-E3F9A13NBI,0,0,0
CAN-2B04DZ4JT6,0,0,0
CAN-4UHM8K96BE,0,0,0
CAN-26SJ7SDOD3,1,0,0
CAN-J5J1LFQCK5,0,0,0
CAN-UDWUEL6GMK,0,0,0
CAN-MDBEALGBNX,1,1,0
CAN-96PMM24AKN,0,0,0
CAN-GM9CW3PLL5,0,0,0
CAN-JS9G2F685W,0,0,0
CAN-MQGP2606OQ,0,0,0
CAN-6QMBJRMHNJ,1,1,0
CAN-XBZ9WXGVKL,0,0,0
CAN-SQQG2D3Z2A,0,0,0
CAN-SVMZPSF3OI,0,0,0
CAN-VSKA335IO5,0,0,0
CAN-P0X6ZN1H8O,0,0,0
CAN-HWZN8OQBBW,0,0,0
CAN-NIUXROMKL2,0,0,0
CAN-ENTV0H4TKV,0,0,0
CAN-DGOCNZV788,0,0,0
CAN-YFFOIUPDVH,0,0,0
CAN-YMI44I59X5,0,0,0
CAN-7WLLN7XA40,0,0,0
CAN-BNZXZH07AC,0,0,0
CAN-0907BYPXUS,1,0,0
CAN-W5125WEKN1,0,0,0
CAN-M8F0AKR73U,0,0,0
CAN-1FIBACQOJ9,0,0,0
CAN-Z9FQZYZPQJ,0,0,0
CAN-Y9RONQ172T,0,0,0
CAN-CL1JI2BFF0,0,0,0
CAN-N6BDOIZXTW,0,0,0
CAN-IG1JD3PAHT,0,0,0
CAN-T4T56J9M5P,0,0,0
CAN-4LHT7KRSHE,0,0,1
CAN-N6TE19PLXT,0,0,0
CAN-HWBFQ0RA3M,0,0,0
CAN-V37JW4NTSZ,0,0,0
CAN-LRQDLL4C0T,0,0,0
CAN-LFFM8SEY0L,0,0,0
CAN-9IXE2YEO3I,0,0,0
CAN-MHFNDXGL2N,0,0,0
CAN-M40C28EXMJ,0,0,0
CAN-QLS2L076AW,0,0,0
CAN-GLD19AP538,0,0,0
CAN-947BG1YDT0,0,0,0
CAN-B47R42A0W9,0,0,0
CAN-9BR4OV5TOT,0,0,0
CAN-3IHICM0QRL,0,0,0
CAN-90NXQQ43RV,0,0,0
CAN-VKSLD30A6F,0,0,0
CAN-TQ2STZ0OA9,0,0,0
CAN-HMMJ4NI40Q,0,0,0
CAN-R3P4CI4WWF,0,0,0
CAN-DZAOJP0ZWB,0,0,0
CAN-A4O4NEPKSB,0,0,0
CAN-E98MSN49FW,0,0,0
CAN-U9XCTU7C4F,0,0,0
CAN-U64TDQMZ13,0,0,0
CAN-PARHMF2C9K,0,0,0
CAN-8A9ICH889U,0,0,0
CAN-YBQ87BRBLI,0,0,0
CAN-SQU7URB32Q,0,0,0
CAN-NWMAFGZUQV,0,0,0
CAN-IYYDEQBOA8,0,0,0
CAN-I89JVTI0OW,0,0,0
CAN-I9NER0R0OD,0,0,0
CAN-FH2ISSDZG1,0,0,0
CAN-IC72BBULMX,0,0,0
CAN-D2O0WIFAC1,0,0,0
CAN-0IYB9KNZQS,0,0,0
CAN-F4H6CV5X2T,0,0,0
CAN-SV656WGFVX,0,0,0
CAN-UAT4LUHJR1,0,0,0
CAN-JOEFV76QIN,0,0,0
CAN-14PZ73OX2G,1,0,0
CAN-5OZQ0OJNBY,0,0,0
CAN-VYTMCXOIL7,0,0,0
CAN-YM5NKFWVJ9,0,0,0
CAN-N4VG4DPBT6,0,0,0
CAN-2SAKM3FUW4,0,0,0
CAN-W17K9PIXLT,0,0,0
CAN-S7JK9THRJB,0,0,0
CAN-QLQCZUC1KM,0,0,0
CAN-QW5URMN5E4,0,0,0
CAN-M8KK7E5L8M,0,0,0
CAN-1AGXCCWY5Y,0,0,0
CAN-XUDEY37QBI,0,0,0
CAN-ZX21BS7V7P,0,0,0
CAN-AT8EPX46AG,0,0,0
CAN-MWUXNWELDR,0,0,0
CAN-GQQCWTYGOM,0,0,0
CAN-8MXEW6Z3YE,0,0,0
CAN-UZFJDR1BGO,0,0,0
CAN-VGZFZHEXMZ,0,0,0
CAN-E13JIHS3C4,0,0,0
CAN-3V8APYMFFU,0,0,0
CAN-C73LZ9QHYV,0,0,0
CAN-LSVABU7USU,0,0,0
CAN-BA1Z60C9YO,0,0,0
CAN-M6687E1QRX,0,0,0
CAN-VAL0AXV5YM,0,0,0
CAN-ILH460HEDZ,0,0,0
CAN-X9NW3VPZHF,0,0,0
CAN-9NV5U1Q1UZ,0,0,0
CAN-0YYOW44UJZ,0,0,0
CAN-62XVM7ZZ0W,0,0,0
CAN-CBH9QZ68VN,0,0,0
CAN-3J788RFRZ8,0,0,0
CAN-ZQASWLO4OK,0,0,0
CAN-SRA7JQCG1L,0,0,0
CAN-VNOLOXT43G,0,0,0
CAN-ZU9K8A38CC,0,0,0
CAN-PWO2HFZTYT,0,0,0
CAN-QYEOG4IVXW,0,0,0
CAN-0YE7ICENBV,0,0,0
CAN-8OS0PHZOG1,0,0,0
CAN-4FO38FPD7B,0,0,0
CAN-LQTYLY754O,0,0,0
CAN-DVFESBR7F3,0,0,0
CAN-TZ7E5DOH1Y,1,0,0
CAN-PEGYLX9DPI,0,0,0
CAN-2PWQFMVL2Z,0,0,0
CAN-I67ZKQXGAN,0,0,0
CAN-Y3F32HQO14,0,0,0
CAN-KZV7SMXG4O,0,0,0
CAN-TEYP6X491C,0,0,0
CAN-0QB77ZLD2S,0,0,0
CAN-I0I9MQW8RP,0,0,0
CAN-9JQ7MPXGVB,0,0,0
CAN-455B99Q1Z0,0,0,0
CAN-MOOUDRRHQL,0,0,0
CAN-TNNNPIG7DT,0,0,0
CAN-4XV6XM2FF2,0,0,0
CAN-AKXMJDBZBI,0,0,0
CAN-PUS1AW8LHK,0,0,0
CAN-BX3PB8F7VO,0,0,0
CAN-VQENC6FYGV,0,0,0
CAN-SH59XTDU0T,0,0,0
CAN-NV2UJXF900,0,0,0
CAN-PDNADW0F5Z,0,0,0
CAN-AIHI3TFNIJ,0,0,0
CAN-1VDM75MLPW,0,0,0
CAN-WRZ4JOZUYS,0,0,0
CAN-NTYVB1UIYJ,0,0,0
CAN-O0QDEJXZ2B,0,0,0
CAN-GNIKMZK7W5,0,0,0
CAN-6VH85MNPDX,0,0,0
CAN-79HQN43LH2,0,0,0
CAN-C0LXJOL3KE,0,0,0
CAN-DE73T0610D,0,0,0
CAN-W84IXSCLOP,0,0,0
CAN-264647Z4GL,0,0,0
CAN-3Z0T7L7CYM,0,0,0
CAN-29MZJM6YNM,0,0,0
CAN-XX6JYHU0I1,0,0,0
CAN-XGXI97FHUO,0,0,0
CAN-M3YS2WDPSW,0,0,0
CAN-TUFEJXU36W,0,0,0
CAN-V6QRMQMS05,0,0,0
CAN-9RKDG6ZXU1,0,0,0
CAN-4ZNFGQADHF,0,0,0
CAN-BPKOEM4XUW,0,0,0
CAN-NB21MHDD7X,0,0,0
CAN-PVK0MMIDMA,0,0,0
CAN-ZOFZFHV67D,0,0,0
CAN-AH3U875VQ6,0,0,0
CAN-79CGCF480T,0,0,0
CAN-2E9QALSKN2,0,0,0
CAN-UDNQUFPYTH,0,0,0
CAN-NXWHTVKO5J,0,0,0
CAN-D7XKG9JUYL,0,0,0
CAN-88D0LKPVPR,0,0,0
CAN-NC37LVIRJQ,0,0,0
CAN-61AKGZI2LN,0,0,0
CAN-273SL2DIM2,0,0,0
CAN-8PSL7WTOSF,0,0,0
CAN-LIP36NFKKN,0,0,0
CAN-5SMG2QOCSW,0,0,0
CAN-W013TOIYN2,0,0,0
CAN-83VXZINFE8,0,0,0
CAN-SLT54WFMLW,0,0,0
CAN-1VTZHZ30F1,0,0,0
CAN-H060ONXOP3,0,0,0
CAN-9Q6TNUO466,0,0,0
CAN-4BGH1KEVKR,0,0,0
CAN-VI1CK22VHW,0,0,0
CAN-G4919T7BRT,0,0,0
CAN-LSIM23HPUQ,0,0,0
CAN-LC10C4OMEA,0,0,0
CAN-57LV2OO4FW,0,0,0
CAN-F17JFLBDL5,0,0,0
CAN-KIS9XHVXFJ,0,0,0
CAN-IVO4NYU9AW,0,0,0
CAN-LDTY5FHKWS,0,0,0
CAN-Y1NS971FST,0,0,0
CAN-85H0CHXZKT,0,0,0
CAN-KCQ4S82ODX,0,0,0
CAN-B1XW7RMLX8,0,0,0
CAN-QEU7MM9PU5,0,0,0
CAN-AUJQ1YLAGH,0,0,0
CAN-4MW5T97DUN,0,0,0
CAN-X5C4QS46M7,0,0,0
CAN-MCAT9FSFOX,0,0,0
CAN-58HOFHDN3K,0,0,0
CAN-IOST3NTBA1,0,0,0
CAN-IQ7AEB3RYB,0,0,0
CAN-D41ODYEDQI,0,0,0
CAN-4ZXRF7HVY7,1,1,0
CAN-6DRIC0JK3X,0,0,0
CAN-YYH83R40Y1,0,0,0
CAN-PFJ70ZUMKA,0,0,0
CAN-JEVT5DMHEK,0,0,0
CAN-BC6AYWNGQ2,0,0,0
CAN-9234ECIR6M,0,0,0
CAN-J5F0JJZ0TE,0,0,0
CAN-K7JXYWLE4I,0,0,0
CAN-PVL814S28S,0,0,0
CAN-9P9GMJKRB2,0,0,0
CAN-BMYQEP7EJ7,0,0,0
CAN-6R7Q4DAT57,0,0,0
CAN-D93MHGSPH0,0,0,0
CAN-5BRX9MM04U,0,0,0
CAN-VMKZ7L2Z3E,0,0,0
CAN-CZYHNGPJ14,0,0,0
CAN-BX550BMXR2,1,0,0
CAN-EG46RNNOA4,0,0,0
CAN-VA6ZZ122DQ,0,0,0
CAN-G1M5ZG185N,0,0,0
CAN-R84SB6BZUH,0,0,0
CAN-1WB2NA52JZ,0,0,0
CAN-9YO7261GZ7,0,0,0
CAN-2U7V23Z0OQ,0,0,0
CAN-H1YXNCV0GV,0,0,0
CAN-PF4P0UMOLV,0,0,0
CAN-7GR51KK1XV,0,0,0
CAN-CZEI2UC4UZ,0,0,0
CAN-M771X92419,0,0,0
CAN-LI5A9CZVFU,0,0,0
CAN-QS29MPE8L6,0,0,0
CAN-TBKCT19J1Y,0,0,0
CAN-Z9GRC3LY98,0,0,0
CAN-EFIWWCX4V7,0,0,0
CAN-JSLGP64PT4,0,0,0
CAN-31KY1YK2PD,0,0,0
CAN-0YDVWAYHRJ,0,0,0
CAN-6Z5NM8NWS1,1,1,0
CAN-JL0JH6NY32,0,0,0
CAN-5RPYJXGLCM,0,0,0
CAN-1EBSVJUATP,0,0,0
CAN-ZHMSSDU9NQ,0,0,0
CAN-D267YM5E5V,0,0,0
CAN-7RDB388K6U,0,0,0
CAN-ZKCDKAL1B3,0,0,0
CAN-D9BC6HN4SS,0,0,0
CAN-ZPPM7KUSB0,0,0,0
CAN-2P4TRWBHNU,0,0,0
CAN-XFJL5GG7EZ,0,0,0
CAN-6TQ6DMWIP0,0,0,0
CAN-OTE7SGAISE,0,0,0
CAN-LIPS1GE1HH,0,0,0
CAN-KL6EMS61FM,0,0,0
CAN-XVH651CMSE,0,0,0
CAN-0C25ELPI5C,0,0,0
CAN-ADOOARNOF7,0,0,0
CAN-BB1E3J2ZRX,0,0,0
CAN-MLKTBJ2B05,0,0,0
CAN-17TYWT4LNX,0,0,0
CAN-IW26EGDAB4,0,0,0
CAN-58870GVT4X,0,0,0
CAN-A1MW7LZE66,0,0,0
CAN-FN04EZQGIG,0,0,0
CAN-L9H4IUPC9S,0,0,0
CAN-JEFDTERXW8,0,0,0
CAN-FCMPDI81A4,0,0,0
CAN-PSSCEC5QC5,0,0,0
CAN-GPXG19LRNA,0,0,0
CAN-EOJ47M2FZ3,0,0,0
CAN-PG4CX7P6LZ,0,0,0
CAN-ZVB2TW34PD,0,0,0
CAN-7DG83EWPV7,0,0,0
CAN-DRPK0KASY8,0,0,0
CAN-9JZS2IURAA,0,0,0
CAN-38GND0AHK2,0,0,0
CAN-R9BEBOGSTD,0,0,0
CAN-YZV228U01U,0,0,0
CAN-FWMPAGLMB4,0,0,0
CAN-JIIXFSNXJ1,0,0,0
CAN-5ZD6QB9Q5H,0,0,0
CAN-KPY0OT1TJ4,0,0,0
CAN-QTZSV2PPOR,0,0,0
CAN-DV1F7H90YV,0,0,0
CAN-TM7A4NGI7B,0,0,0
CAN-3OZ1C3AHC4,0,0,0
CAN-UUGHDXTUB6,0,0,0
CAN-7TZ3NLBJRG,0,0,0
CAN-VX96DYZ521,0,0,0
CAN-1B0SAQDKGQ,0,0,0
CAN-GMSD8YA9LD,0,0,0
CAN-W25Q03KSVU,0,0,0
CAN-I4N8CBG88Z,0,0,0
CAN-MWYD487FTF,0,0,0
CAN-LU4D72EY19,0,0,0
CAN-8LSP1L5CBE,0,0,0
CAN-4CH5H0P36B,0,0,1
CAN-DENLAPBLO9,0,0,1
CAN-CMEW5DBDCQ,0,0,0
CAN-UOF6V3YQRP,0,0,0
CAN-5AS3LED594,0,0,0
CAN-VY23BRW0ZM,0,0,0
CAN-6HH2AKUFPJ,0,0,0
CAN-JPM00SO622,0,0,0
CAN-LCSHKWVH4K,0,0,0
CAN-XEFAO3O4NE,0,0,0
CAN-UZ5VISGPT2,0,0,0
CAN-I22QK2GJF8,0,0,0
CAN-RRYTZHY0RQ,0,0,0
CAN-NGISWAU4BB,0,0,0
CAN-S9O7GFBDMV,0,0,0
CAN-ORT6BFZDXK,0,0,0
CAN-31TG5P95SK,0,0,0
CAN-4ID9LJFR75,0,0,0
CAN-CV0DKNWMVL,0,0,0
CAN-ETCUQ2QLLO,0,0,0
CAN-JZ0ZUOW34Y,0,0,0
CAN-J9XV2W86Q2,0,0,0
CAN-QK1R61731R,0,0,0
CAN-DWG8BJO5VH,0,0,0
CAN-3ZV3I918EW,0,0,0
CAN-KQ03TMVOAN,0,0,0
CAN-07K0HS2IUV,0,0,0
CAN-3UCSA7Y8ZY,0,0,0
CAN-80QSP4B5US,0,0,0
CAN-XG3K3UDHGS,0,0,0
CAN-3AFY94SW3C,0,0,0
CAN-8HIH9HCSAF,0,0,0
CAN-IVQ4SS4JFA,0,0,0
CAN-GKQW08T66J,0,0,0
CAN-NFHR4OR2KT,0,0,0
CAN-ZVF8W9THBF,0,0,0
CAN-EQ8LO736EP,0,0,0
CAN-RLYU0OK0C2,0,0,0
CAN-G0YQVN8MM7,0,0,0
CAN-1NRBE6F6XU,1,0,0
CAN-MPNJTA0TKV,0,0,0
CAN-S7I53X3PYS,0,0,0
CAN-S265688PIZ,0,0,0
CAN-ZCL24GD7A6,0,0,0
CAN-Y1T7094DUU,0,0,0
CAN-OQCBFWGODC,0,0,0
CAN-C97O44X0S7,0,0,0
CAN-7PAQJV6D7W,1,1,0
CAN-X18ATH1VHJ,0,0,0
CAN-DPA77GUWLO,0,0,0
CAN-EZC28LS0O2,0,0,0
CAN-ML2G3DQGPB,0,0,0
CAN-RG84ONNZ7C,0,0,0
CAN-FUVULI9N68,0,0,0
CAN-Z9UG2MG8YA,0,0,0
CAN-GO2HBDN5G0,0,0,0
CAN-77BP2J1OD3,0,0,0
CAN-DI8BX8713C,0,0,0
CAN-B8BNGUJ1X1,0,0,0
CAN-XEQMC6Y1T9,0,0,0
CAN-JH2XK5MMKC,0,0,0
CAN-ACHX61W98N,0,0,0
CAN-QFFT7OF7PD,0,0,0
CAN-7UCSZT4445,0,0,0
CAN-EWAJPE1AJ9,0,0,0
CAN-JZ7XDLMI2Z,0,0,0
CAN-PQLPIF5GM5,1,1,0
CAN-B3P4R2XUC5,0,0,0
CAN-X04O9VR4ZE,0,0,0
CAN-WZZQOI2YRW,0,0,0
CAN-U9G6D14ZA7,0,0,0
CAN-F37BAY3DES,0,0,0
CAN-ILDBPPF785,0,0,0
CAN-HZHR927VQ6,0,0,0
CAN-VOKQZCBQES,0,0,0
CAN-XD1Q1MNPB1,0,0,0
CAN-DAOPJC9106,0,0,0
CAN-RY17IJ02V2,0,0,0
CAN-DCASB016R9,0,0,0
CAN-PIB7S992WV,0,0,0
CAN-WKPJM8SGDC,0,0,0
CAN-2E63QO089Q,0,0,0
CAN-193LN0ADIK,1,0,0
CAN-7FGDGZE7VG,0,0,0
CAN-P82WHVDXAN,0,0,0
CAN-M0S26Y7TGF,0,0,0
CAN-4D7BD8QRXS,0,0,0
CAN-6PVYOR3SQ8,0,0,0
CAN-7GDOWCNBMO,0,0,0
CAN-KHN9CQST1X,0,0,0
CAN-C3RCHZZU6Q,0,0,0
CAN-7PF8TE2XKB,0,0,0
CAN-LSWNJRFEKD,0,0,0
CAN-JTFXPH9RQ8,0,0,0
CAN-1NEQLC2YWG,0,0,0
CAN-E0QLLGX8QS,0,0,0
CAN-UKTHS6SHCS,0,0,0
CAN-26NRSIBHRT,0,0,0
CAN-A3B04CE1ME,0,0,0
CAN-4QS9RM4XLH,0,0,0
CAN-4LD8HHKMP3,0,0,0
CAN-PSBSVYLTKY,0,0,0
CAN-PZ9FZMCBQK,0,0,0
CAN-M62F7WQKIJ,0,0,0
CAN-S1TQ2D8G5N,0,0,0
CAN-CXP21YWWOE,0,0,0
CAN-1BVE5IKOHH,0,0,0
CAN-LR7MRZ1XAJ,0,0,0
CAN-YJGDQ0HN25,0,0,0
CAN-1I8VKTUERT,0,0,0
CAN-8ANKO5SKRN,0,0,0
CAN-SGO4632G90,0,0,0
CAN-AWT0PQ5OZ6,0,0,0
CAN-LXRB36QOQC,0,0,0
CAN-PU0IAHKN7C,0,0,0
CAN-V5LFUN1AHC,0,0,0
CAN-RHTARODOOV,0,0,0
CAN-PIT9FOAQUJ,0,0,0
CAN-FYMN760115,0,0,0
CAN-58JW66T4F3,0,0,0
CAN-M2DWDZW396,0,0,0
CAN-LIXDL678B3,0,0,0
CAN-R8V4ZPIU73,1,0,0
CAN-W3A8PN6BQQ,0,0,0
CAN-A4ON82GPEP,0,0,0
CAN-JLJ6MFKCIN,0,0,0
CAN-AVUU0UWJNE,0,0,0
CAN-YBLMO1TU5L,0,0,0
CAN-5P7WNDB621,0,0,0
CAN-NRLS0MVM0K,0,0,0
CAN-JC2W372NPV,0,0,0
CAN-LYSEP4BU1H,0,0,0
CAN-BIOCLP5BCF,0,0,0
CAN-8AEMLHVBIJ,0,0,0
CAN-HLQ0JKGIW1,1,1,0
CAN-CLL8YNBXH5,0,0,0
CAN-VJ1Y4C66QY,0,0,0
CAN-L0DFGM5P9O,0,0,0
CAN-LIGCRJT67I,0,0,0
CAN-49HWXR6DM0,0,0,0
CAN-V0MKTCTUF1,0,0,0
CAN-NRO7NYESN2,0,0,0
CAN-3HCYNYBD5I,0,0,0
CAN-5QAYN38W4K,1,0,0
CAN-EW3JO74CAM,0,0,0
CAN-QXG4JC1YYV,0,0,0
CAN-4N9JLHATTU,0,0,0
CAN-7LO6WFAEYR,0,0,0
CAN-LBLJPN6JK8,0,0,0
CAN-AKGXF10XZY,0,0,0
CAN-2Y3IKK3LNX,0,0,0
CAN-Y9MXO5WXI0,0,0,0
CAN-JJF27NZHO4,0,0,0
CAN-1P4SJQS1U0,0,0,0
CAN-U2LC4TVR6W,0,0,0
CAN-6DC84Y4BY7,0,0,0
CAN-9656QKBLWY,0,0,0
CAN-A4ER20MODS,0,0,0
CAN-DPE36UVAK3,0,0,0
CAN-ASRE6PAM7D,0,0,0
CAN-PU271ZBU0G,0,0,0
CAN-978HFIL2KS,0,0,0
CAN-JV325P6RA6,0,0,0
CAN-Y0GCUB1KA6,0,0,0
CAN-NO80GEEX9D,0,0,0
CAN-RBQHKNL7MA,0,0,0
CAN-REF5URV939,0,0,0
CAN-WNVYRFKDR4,0,0,0
CAN-NGR4RTX739,0,0,0
CAN-2KGRTT8ZTI,0,0,0
CAN-WKXFTGA5UO,0,0,0
CAN-H5YBVGEJDF,0,0,0
CAN-5Y7KGTZQ93,0,0,0
CAN-J4XIO7CT3V,0,0,0
CAN-926KMKZ9RF,0,0,0
CAN-G2A73VHKD0,0,0,0
CAN-KT26NC2UC5,0,0,0
CAN-TTM13VFNNU,0,0,0
CAN-OIKETYQDGV,0,0,0
CAN-18Y317XEJ6,0,0,0
CAN-NXQQAQZACT,0,0,0
CAN-DSW0WGWZCI,0,0,0
CAN-WEYX18MAUW,0,0,0
CAN-KDDOS3MGXX,0,0,0
CAN-3BDSCPL2LW,0,0,0
CAN-FZDFPT7ALP,0,0,0
CAN-QTQO0T8BAS,0,0,0
CAN-CJN0H4XCFS,0,0,0
CAN-96P79HGHXI,0,0,0
CAN-PV3ITGSHDT,0,0,0
CAN-P6UBALC1JK,0,0,0
CAN-JWE945968N,0,0,0
CAN-JAQVR4K57V,0,0,0
CAN-0QVRPI1VJH,0,0,0
CAN-K89DX2JZKN,0,0,0
CAN-OSQIA86SY0,0,0,0
CAN-U6DHUGGHE6,0,0,0
CAN-XMOGHFY5CW,0,0,0
CAN-FCWRZ2AIFO,0,0,0
CAN-VDRA2DANTA,0,0,0
CAN-4TNRTD4X24,0,0,0
CAN-RDBZDAG2K1,0,0,0
CAN-SRH2BY28MD,0,0,0
CAN-90E319ZE3Z,0,0,0
CAN-IIHVJ9TYCQ,1,1,0
CAN-OC3QECPE55,0,0,0
CAN-6LHKGRR2GD,0,0,0
CAN-KQY4OH5SHE,0,0,0
CAN-OTYR5TBUD4,0,0,0
CAN-VI9EPEAZFM,0,0,0
CAN-5ZX8EVWYV5,0,0,0
CAN-TEPRX524MN,0,0,0
CAN-CZGOKZVLLK,0,0,0
CAN-DQOF0FJWVN,0,0,0
CAN-NPKPYNE3JJ,0,0,0
CAN-U581MM78O7,0,0,0
CAN-OBF9LA1UWF,0,0,0
CAN-6GJ6BBLC7C,0,0,0
CAN-VR60YCR2XU,0,0,0
CAN-X7FB4C3D7Q,0,0,0
CAN-RECJLUHYIT,0,0,0
CAN-SPJC4DVZO0,0,0,0
CAN-9SEXF3H29G,0,0,0
CAN-FQHZWO985D,1,1,0
CAN-C5GHKMJ8YR,0,0,0
CAN-3585127SUB,1,0,0
CAN-UECV6NWVBL,0,0,0
CAN-G4S4YQ4J8L,0,0,0
CAN-R689BH6BOQ,0,0,0
CAN-P4RVWAG757,0,0,0
CAN-LI31XVSNE2,0,0,0
CAN-WHP56UI5FG,0,0,0
CAN-O724Q1ZOP1,0,0,0
CAN-BTLCABBIUV,1,1,0
CAN-F8T095D81C,0,0,0
CAN-ERSOR4K7QJ,0,0,0
CAN-RXMWDVU7JD,0,0,0
CAN-ERQRJ6F4P2,0,0,0
CAN-TM7GY5GSY8,0,0,0
CAN-H3T5POFTUG,0,0,0
CAN-54T2DEXV7H,0,0,0
CAN-AZN671QTSW,0,0,0
CAN-02YIB49F5G,0,0,0
CAN-X4EZ4F68CQ,0,0,0
CAN-UWKAVTJRNW,0,0,0
CAN-2N4BQ4KOS7,0,0,0
CAN-QQ941VUAS8,0,0,0
CAN-LYVPHZVU99,0,0,0
CAN-XGQ5EYM8R3,0,0,0
CAN-R6L3IT5YSE,0,0,0
CAN-A4TRDSB53I,0,0,0
CAN-PZIDMAX0LY,1,0,0
CAN-52K65YOL5V,0,0,0
CAN-DSN2ICS5MO,0,0,0
CAN-E2JRK8SH62,0,0,0
CAN-HSL1IEWFDF,0,0,0
CAN-U2H0RQZZYP,0,0,0
CAN-KET3RF904G,0,0,0
CAN-6ZP6RW4S4H,0,0,0
CAN-50FK951X8P,0,0,0
CAN-QHH5BCQLOK,0,0,0
CAN-V2QUFEL066,0,0,0
CAN-G1DUXYJUB7,0,0,0
CAN-RSB56Z7ENG,0,0,0
CAN-7W3U85CNA2,0,0,0
CAN-JHQO4NETFI,0,0,0
CAN-496O0RJA1X,0,0,0
CAN-F2LP2JJO1G,0,0,0
CAN-KA189KCKFM,0,0,0
CAN-JM9PRM0SA4,0,0,0
CAN-MFRFT7G2NM,0,0,0
CAN-D5FUEOD8EA,0,0,0
CAN-MMOEA1EHLZ,0,0,0
CAN-0OCDM4SVBK,0,0,0
CAN-OADX9MH0Z0,0,0,0
CAN-NCVSZJ97UQ,1,1,0
CAN-4GI8E82HF4,0,0,0
CAN-IEMB3481UI,1,0,0
CAN-DJV20QJTNK,0,0,0
CAN-JU9UJOV98W,0,0,0
CAN-KX6LRHKBA4,0,0,0
CAN-IHSZ0HR6YJ,0,0,0
CAN-YEZGG7M6PJ,0,0,0
CAN-G71ROHY3FY,0,0,0
CAN-CBN1J9QTD0,0,0,0
CAN-J5YVCMVYL6,0,0,0
CAN-OK9IBCP9KU,0,0,0
CAN-ZV9CFAEJEK,0,0,0
CAN-RUE3NFNU79,0,0,0
CAN-NS9SG33JWA,0,0,0
CAN-XYMNZFAGK8,0,0,0
CAN-WUGCBIO2L7,0,0,0
CAN-FBJ2OFDGS8,0,0,0
CAN-JYIWM6S776,0,0,0
CAN-WC0X9I8WEO,0,0,0
CAN-A24JNOAYMZ,0,0,0
CAN-96YQ78B8HZ,0,0,0
CAN-CQHA31DKRV,0,0,0
CAN-KB8YLF7YPI,0,0,0
CAN-AKEWV1VHU2,0,0,1
CAN-0F5N3SJ0FC,0,0,0
CAN-EK56CXVHPL,1,1,0
CAN-3H8R31I3EM,0,0,0
CAN-3QHCEEFBTR,0,0,0
CAN-7UPS0Y1ZO6,0,0,0
CAN-UTA3XQOIS1,0,0,0
CAN-0BYTT06CZM,0,0,0
CAN-EFK8MHJ236,0,0,0
CAN-2INYUS49HK,0,0,0
CAN-SSYA4BR16N,0,0,0
CAN-ZH8ZTWO6MZ,0,0,0
CAN-68BEBBKA9B,1,0,0
CAN-RXMRBHUWSK,0,0,0
CAN-Z1IXD904I0,0,0,0
CAN-NJNUTWDYBX,0,0,0
CAN-LKEBHYQ6XU,0,0,0
CAN-9X3V05OCUL,0,0,0
CAN-A6X5RVRBC4,0,0,0
CAN-TGTZEYMOED,0,0,0
CAN-H92R5MTM1Q,0,0,0
CAN-ASHV0QLZ5K,0,0,0
CAN-BY25Z4SDY0,0,0,0
CAN-9DSPMPQRPC,0,0,0
CAN-UOPE95W52D,0,0,0
CAN-3LFNM8L6D4,0,0,0
CAN-2TG8QI0W8K,0,0,0
CAN-EGGOMR38YW,0,0,0
CAN-1TV7V4KO3V,0,0,0
CAN-WKVOWYGQHX,0,0,0
CAN-S4YMHV311R,0,0,0
CAN-E2DCF78DGX,0,0,0
CAN-DPMHKHNR1A,0,0,0
CAN-YXHOHBDHS2,0,0,0
CAN-QJFDXWX860,0,0,0
CAN-H2SLPCCWOS,0,0,0
CAN-PMNNB8X0Z1,0,0,0
CAN-H70XTCJGXE,0,0,0
CAN-LAUC689MCL,0,0,0
CAN-B07LLYVW13,0,0,0
CAN-UKS7F4CV77,0,0,0
CAN-VA7FGRYZKI,0,0,0
CAN-JVUP05816P,0,0,0
CAN-R6NGRPW6Y5,0,0,0
CAN-SQCEW4DPVE,0,0,0
CAN-DAVT1WSL6F,0,0,0
CAN-ZWQY4915AV,0,0,0
CAN-FTK34YMGT7,0,0,0
CAN-EGLXJKEQ2G,0,0,0
CAN-WG75Y6PNY4,0,0,0
CAN-7YRJWGVAL3,0,0,0
CAN-4F0GO24OWE,0,0,0
CAN-0ZFW2FYV8H,0,0,0
CAN-PJG53E35UJ,0,0,0
CAN-TL6YQMPNKG,0,0,0
CAN-5ABJBEW32C,0,0,0
CAN-0EA1IP2MN3,0,0,0
CAN-6EPLI585D2,0,0,0
CAN-J0ZLULTNJV,0,0,0
CAN-XCV3M11JPV,0,0,0
CAN-BQGNUWAQM6,0,0,0
CAN-73F79OR4CL,0,0,0
CAN-Q0PG4JHDL9,0,0,0
CAN-E6SQ08HIAO,0,0,0
CAN-7ZLLB7GBNJ,0,0,0
CAN-PF7OXTV91S,0,0,0
CAN-1LBMP5IGZ3,0,0,0
CAN-1XF83SYPIZ,0,0,0
CAN-TW97Y5E8KF,0,0,0
CAN-8UM90DD4UN,0,0,0
CAN-ECCED0CKWF,0,0,0
CAN-2KA2QHETDK,0,0,0
CAN-LOTZW5V3CG,0,0,0
CAN-NBUBQIYM0C,0,0,0
CAN-1UF2XQJF6M,0,0,0
CAN-76DBB5IV5X,0,0,0
CAN-631ZBFZU8X,0,0,0
CAN-LXV3ESNVVY,0,0,0
CAN-NG6Z4Z402A,0,0,0
CAN-FK80JO7RUL,0,0,0
CAN-C6Z6FQHJGN,0,0,0
CAN-U52WGTQXV9,0,0,0
CAN-1LVF5K3P29,0,0,0
CAN-C01F6FT2P9,1,0,0
CAN-FQDAFXJ8PZ,0,0,0
CAN-T1DMKAQKD2,0,0,0
CAN-86LPPG73F5,0,0,0
CAN-BIXFH6VDK0,0,0,0
CAN-Z8YZMNGC3N,0,0,0
CAN-ESAIG87U7W,0,0,0
CAN-GZ4LVL0KY9,0,0,0
CAN-FLDA7FEV25,0,0,0
CAN-HXUH8N681S,0,0,0
CAN-1PPWTB65BA,0,0,0
CAN-69XZ00C0RU,0,0,0
CAN-B241QLCG1E,0,0,0
CAN-7GY3JITIHR,0,0,0
CAN-SGHTHNILJT,0,0,0
CAN-STB5OBJA8T,0,0,0
CAN-E0BCA1BXIJ,0,0,0
CAN-SQHPCEW5CC,0,0,0
CAN-9K2DU6JSV5,0,0,0
CAN-Z7SDMWZTQ0,0,0,0
CAN-AQ8K23CAL3,0,0,0
CAN-B3CDZTWF0I,0,0,0
CAN-VZK8SIR3QU,0,0,0
CAN-8B3MUO6LDV,1,0,0
CAN-5CMOSCVIWN,0,0,0
CAN-6L78XMY79T,0,0,0
CAN-NVP0DGYZK8,0,0,0
CAN-Z787FU68MZ,0,0,0
CAN-S5B3UFOQFB,0,0,0
CAN-2E8RAA8PFA,0,0,0
CAN-BVUAM02UIJ,0,0,0
CAN-AG7P8RI22L,0,0,0
CAN-F5J3L4WAJG,1,1,0
CAN-ULUI3NDKNK,0,0,0
CAN-Q5BN4U700D,0,0,0
CAN-60L21FJHVP,0,0,0
CAN-GLT17G6F8S,0,0,0
CAN-6JRLMF5BMH,0,0,0
CAN-7KFS0Q8FKR,0,0,0
CAN-N4B9O146S5,0,0,0
CAN-DD8UGN71GY,0,0,0
CAN-CDDW0K6B4Q,0,0,0
CAN-63I69TNQJK,1,1,0
CAN-ZVQW141CHQ,0,0,0
CAN-OKQJ560WMY,0,0,0
CAN-BYALPYHNU6,0,0,0
CAN-Z1CY5TYRW3,0,0,0
CAN-QL5KZ5QR7L,0,0,0
CAN-SNL28QLBIJ,0,0,0
CAN-QOWZXDS3IL,0,0,0
CAN-AO06OBYZ66,0,0,0
CAN-9CHER3OOHU,0,0,0
CAN-FPHQTK8Q04,0,0,0
CAN-M3WRKHDPX7,0,0,0
CAN-OGS6OUO3FI,0,0,0
CAN-O6CIDF0C6N,0,0,0
CAN-KMO4YWL72G,0,0,0
CAN-U15FLWQ9B3,0,0,0
CAN-349ZIEV0FT,0,0,0
CAN-8IYK12MPI9,0,0,0
CAN-WU2QZWKPDJ,0,0,0
CAN-8PFTA1BX0P,0,0,0
CAN-VCJ0R3ZCC6,0,0,0
CAN-UES5KCMLIY,0,0,0
CAN-16XEENPIFY,0,0,0
CAN-A9VHG0KDWF,0,0,0
CAN-MF0JMSH3VQ,0,0,0
CAN-HFQYUMW66S,0,0,0
CAN-N5DFAVMN2M,0,0,0
CAN-BUZFQ3ZL3N,0,0,0
CAN-ZZ4MB3MU6Z,0,0,0
CAN-89IECAHOIQ,0,0,0
CAN-DCQWEQ07S6,0,0,0
CAN-IZQBIL39DC,0,0,0
CAN-10SIX3UJ8M,0,0,0
CAN-SGQA5NP7Y7,0,0,0
CAN-F0W9KNIWOS,0,0,0
CAN-HAGXQLGMA3,0,0,0
CAN-5ZK4NF93QJ,0,0,0
CAN-A03VPND4UX,0,0,0
CAN-GENYPH830K,0,0,0
CAN-V0BG4AKVIL,0,0,0
CAN-A6PLZPLITF,0,0,0
CAN-FYEFME20IM,0,0,0
CAN-7HQWF459VW,0,0,0
CAN-YJIOU7ZWE9,1,0,0
CAN-ME2Q23NS0G,0,0,0
CAN-HFLRVW5TCH,0,0,0
CAN-MD0DXZ9C95,0,0,0
CAN-F9U0NLNMMQ,0,0,0
CAN-QVHP007BBV,0,0,0
CAN-LO17EI1IP2,0,0,0
CAN-F6H8MV8WAI,0,0,0
CAN-DKI7RZ4R1J,0,0,0
CAN-LDFVWJ93ST,0,0,0
CAN-E737PWZPEP,0,0,0
CAN-I2M119BDTW,1,1,0
CAN-WFH5KLZLOX,0,0,0
CAN-QE9YQKXN9Y,0,0,0
CAN-B3J9PAQDRA,0,0,0
CAN-IWF7GVAB7U,0,0,0
CAN-W1O813CX74,0,0,0
CAN-WCZB18H4Q2,0,0,0
CAN-CGK7SKC8SW,0,0,0
CAN-GO0JUJK73R,0,0,0
CAN-7PB0AJZQT8,0,0,0
CAN-S3BIGB6189,0,0,0
CAN-OK804BJEPQ,0,0,0
CAN-4P3QDNFNWG,0,0,0
CAN-G7PHA3UNEB,0,0,0
CAN-KFM61NBHHM,0,0,0
CAN-UQB0HYCFYT,0,0,0
CAN-3OVNZGCQ26,0,0,0
CAN-B0CWU0QK98,0,0,0
CAN-9X9R5R75I0,0,0,0
CAN-B3Q4WUI0Y9,0,0,0
CAN-AM876TJ61U,0,0,0
CAN-SC7ZUDCTHA,0,0,0
CAN-3JG44NWV2W,0,0,0
CAN-KDQSODONXQ,0,0,0
CAN-FHEC2GL3PL,0,0,1
CAN-5W12XBINJG,0,0,0
CAN-NEN3BSRMON,0,0,0
CAN-6JTO6XQ4JX,1,0,0
CAN-65HOT8NCRJ,0,0,0
CAN-GP0BCURX2P,0,0,0
CAN-O1WDUAUNJV,0,0,0
CAN-HE2DSW3B7X,0,0,0
CAN-C7M3SL2NPO,0,0,0
CAN-BCPIMVBSIP,0,0,0
CAN-FWBYD5H9DL,0,0,0
CAN-QCAUVDBES4,0,0,0
CAN-H3B7BYYSYS,0,0,0
CAN-8RPZI7CMEV,0,0,0
CAN-6FFH4E2JKG,0,0,0
CAN-TTWB1I4UIC,0,0,0
CAN-KFFJKOXQE1,0,0,1
CAN-AZG42NDTQN,0,0,0
CAN-R3FQ58SFFS,0,0,0
CAN-TVB16WDLIP,0,0,0
CAN-5VAK22F3EV,0,0,0
CAN-OZLJO4H04Q,0,0,0
CAN-VQYLTRWUNA,1,1,0
CAN-CXDOCPDOXI,0,0,0
CAN-PUDBT7W4MD,0,0,0
CAN-JH0SZZVVHT,0,0,0
CAN-HNQKQ5F3YA,0,0,0
CAN-FONF66CCHQ,0,0,0
CAN-TUVFPC87VY,0,0,0
CAN-8D92ZL8OEY,0,0,0
CAN-AZSWX7E32L,0,0,0
CAN-4WTC940VCQ,0,0,0
CAN-1PJTFT3AAK,0,0,0
CAN-ZFOV94YVTH,0,0,0
CAN-RIPZ1J6A3Z,0,0,0
CAN-QFIRNCNJAE,0,0,0
CAN-GT3UL69TUQ,0,0,0
CAN-85ZKHF88WI,0,0,0
CAN-RK8DD4G1PH,0,0,0
CAN-GK6AW1ND7J,0,0,0
CAN-T453YNE9NZ,0,0,0
CAN-BOS72NPCD0,0,0,0
CAN-0IP0M4ZNH0,0,0,0
CAN-P97INIT6DG,0,0,0
CAN-17Q85FH0QL,0,0,0
CAN-I7G7L7HIXM,0,0,0
CAN-FYPPEPT445,0,0,0
CAN-T6S8DISKOL,0,0,0
CAN-78ZPZ3LPT9,0,0,0
CAN-0DC3ZB1P41,0,0,0
CAN-9AD8U5KMRL,0,0,0
CAN-3IABT374F2,0,0,0
CAN-IE66RW112G,1,0,0
CAN-6YLEF4FQRG,1,1,1
CAN-Y62K1B0WKZ,0,0,0
CAN-8TDM10LT6Y,0,0,0
CAN-DRNO450VA0,0,0,0
CAN-PTQC3N5WQ0,0,0,0
CAN-UG1N3SN2KY,0,0,0
CAN-7B40S6UH99,0,0,0
CAN-KF00ULP72W,0,0,0
CAN-FGZ4GRLM30,0,0,0
CAN-CGF95PATBC,0,0,0
CAN-GJTMM3W07Z,0,0,0
CAN-IWJQJGE3UO,0,0,0
CAN-ZWHZ7DW6NS,0,0,0
CAN-IHZGJTDMH4,0,0,0
CAN-JDV8P2YTBZ,0,0,0
CAN-G27JAXK0MX,0,0,0
CAN-KZ39RUFGM6,0,0,0
CAN-ALC5F44YWD,0,0,0
CAN-NU7FQQKD7D,0,0,0
CAN-H3DK4NU2ZJ,0,0,0
CAN-3LRZIH9271,0,0,0
CAN-4FDEGCG4G1,0,0,0
CAN-RPYWFA57VH,0,0,0
CAN-3H5IPD9B1O,0,0,0
CAN-7YZPLXASP3,0,0,0
CAN-HEYVB6DLYJ,0,0,0
CAN-0OM778UMUF,0,0,0
CAN-12EVVY1X2A,0,0,0
CAN-F2SHW263HU,0,0,1
CAN-LXSLZV5GJ0,0,0,0
CAN-BD65TLLIFV,0,0,0
CAN-6GWOLAEOYS,0,0,0
CAN-I3W7ODI8WB,0,0,0
CAN-T1AC9N81GI,0,0,0
CAN-PPVKGLQHHD,0,0,0
CAN-TNX99LPG94,0,0,0
CAN-X11SGITH2T,0,0,0
CAN-V1750FA0TP,0,0,0
CAN-CUINH0PH0P,0,0,0
CAN-P8GE5YKTO3,0,0,0
CAN-1HVHUNQKM6,0,0,0
CAN-TNAXHK3R8P,0,0,0
CAN-Q6ONAAVSR1,0,0,0
CAN-EZ8AXQEBOG,0,0,0
CAN-WZVZT71ZUE,0,0,0
CAN-RX1A6AY19R,0,0,0
CAN-AR6DUBOAPU,0,0,0
CAN-RYRHTWEMW8,0,0,0
CAN-H11ZWKHCP8,0,0,0
CAN-SJN7W02UHR,0,0,0
CAN-JC1HKMXEZZ,0,0,0
CAN-9PK2TVVKKK,0,0,0
CAN-Y5X6AJCVTP,0,0,0
CAN-3Q8FBZTSEF,0,0,0
CAN-K2ZDQUNBEI,0,0,0
CAN-N2IV99F165,0,0,0
CAN-V460II6MZF,1,0,0
CAN-3M5NXH75MN,0,0,0
CAN-ORDJR8633M,0,0,0
CAN-4YNGRJSDT6,0,0,0
CAN-IWLFU1OFRO,0,0,0
CAN-5CDHP5SGXO,0,0,0
CAN-CFTQYS29K3,0,0,0
CAN-VQGF94NCEA,0,0,0
CAN-7R60SQTCFI,0,0,0
CAN-FXZLTKQ8CA,0,0,0
CAN-HTUQDZBK53,0,0,0
CAN-QTJMCTL6P1,0,0,0
CAN-4VABLMKB1L,0,0,0
CAN-9KL73RLYXY,0,0,0
CAN-N7JXXMU70U,0,0,0
CAN-E6UHT2O1QH,0,0,0
CAN-D8H5LWOJVU,0,0,0
CAN-HQHXFBINH8,0,0,0
CAN-SV5HXD7X25,0,0,0
CAN-XSJILXDSEO,0,0,0
CAN-3A9R5YEADG,2,0,0
CAN-FKYSG0LGE1,0,0,0
CAN-1XZ9WMWS5F,0,0,0
CAN-RQ836DO1ZN,0,0,0
CAN-50M9M6SKCQ,0,0,0
CAN-AW8UE3RXXT,0,0,0
CAN-YEEPRX8WW3,0,0,0
CAN-DLIBVULJET,0,0,0
CAN-O07GSINAIT,0,0,0
CAN-VW0SUW83SR,0,0,0
CAN-RV2PSJD1YX,0,0,0
CAN-MNQVETPDXS,0,0,0
CAN-ZQMIV6HS0G,0,0,0
CAN-4P3TQW9U57,0,0,0
CAN-LXQPEH4RTT,0,0,0
CAN-7R8LR8ADWW,0,0,0
CAN-LALZ3T3YXG,0,0,0
CAN-0OQL8EZI9B,0,0,0
CAN-R2G5BVIZ9B,1,0,0
CAN-VTGU1E6C9Y,0,0,0
CAN-544AOF5WFD,0,0,0
CAN-Y3U5YX2FUN,0,0,0
CAN-FTR3XTY1EQ,0,0,0
CAN-MW8XM3N0AZ,0,0,0
CAN-ZOCEF52X30,0,0,0
CAN-VG6KETXRKM,0,0,0
CAN-5198LKM1O9,0,0,0
CAN-QZNW9K7ZAK,0,0,0
CAN-SKBEXGF3C6,0,0,0
CAN-3HZIKFDJA2,0,0,0
CAN-HRPVWJETX4,0,0,0
CAN-49QOOZVVQN,0,0,0
CAN-JOBRRRTQUI,0,0,0
CAN-43N27FHH6E,1,1,1
CAN-OYSOD7GBIK,0,0,0
CAN-NMUDE2TMOK,0,0,0
CAN-5D0G3VUQUU,0,0,0
CAN-W2LYEKIRDA,0,0,0
CAN-I4KTJO46KG,0,0,0
CAN-8QZL7EG95P,0,0,0
CAN-JX4F5AQ4VI,0,0,0
CAN-KG5AGWORI7,1,0,0
CAN-OID5VTKSP7,0,0,0
CAN-04VRE5NHP8,0,0,0
CAN-KMQNYBXWJ7,0,0,0
CAN-NB57ETGM88,0,0,0
CAN-KVKZK665SP,0,0,0
CAN-0KS12ZEN6O,0,0,0
CAN-487TU7APRO,0,0,0
CAN-G7LWR9OCRB,0,0,0
CAN-JY75AVTYP5,0,0,0
CAN-8IC8FMQATQ,0,0,0
CAN-TDGO2C6CV5,0,0,0
CAN-OAAMZGERA3,0,0,0
CAN-ZG2995G25E,0,0,0
CAN-3CDB87XIUI,0,0,0
CAN-LD2J3B62AI,0,0,0
CAN-LJYDNHIEXT,0,0,0
CAN-OWE663KXZ6,0,0,0
CAN-ADAJK3IGLI,0,0,0
CAN-JCKG3ZRCS2,0,0,0
CAN-IRSQ4Q5DBW,0,0,0
CAN-MB40NZ2LP5,0,0,0
CAN-VEKAL66UPP,0,0,1
CAN-ATWQL2H7AE,0,0,0
CAN-WNJ8DW3I3B,0,0,0
CAN-4M623G5C35,0,0,0
CAN-9BAJ6CDGT6,0,0,0
CAN-FCRK2E4YJU,0,0,0
CAN-QVYACGNOO2,0,0,0
CAN-N0UN3Y0G9Z,0,0,0
CAN-590N9GCQ7T,0,0,0
CAN-2Y4TEJANHZ,0,0,0
CAN-DMWEOUIS9E,0,0,0
CAN-Z7V537USGW,0,0,0
CAN-MPWYYYG3OO,0,0,0
CAN-4B339QYUW4,0,0,0
CAN-Q9J7PO1G6D,0,0,0
CAN-8LPGH5UUOE,0,0,0
CAN-FENT2XIUKL,0,0,0
CAN-UCVDBMA5IR,0,0,0
CAN-UGH7D4H1E5,0,0,0
CAN-HUDWP3XVZC,0,0,0
CAN-U7CBY8CLDQ,0,0,0
CAN-O01HY3G92Q,0,0,0
CAN-QI61DCINNH,0,0,0
CAN-33HZP899Y9,0,0,0
CAN-JF31D8QJFT,0,0,0
CAN-UES5WECBB6,0,0,0
CAN-918LO6FTWS,0,0,0
CAN-C55LCCFDD1,0,0,0
CAN-H9WHJECUZG,0,0,0
CAN-CN9ZMXKU8G,0,0,0
CAN-RLRVZIDB1R,0,0,0
CAN-GXLNL7J3QI,0,0,0
CAN-OD3HOAQIUG,0,0,0
CAN-Y08MSWO41T,0,0,0
CAN-2252T7QKC4,0,0,0
CAN-Y746C1F209,0,0,0
CAN-0A34KOKNK5,0,0,0
CAN-VDXXAJWH2Q,1,1,0
CAN-19G87PUGTA,0,0,0
CAN-EA4RUSO2WZ,0,0,0
CAN-84KL65R74M,1,1,0
CAN-8GKF9JHCMK,1,0,0
CAN-ZQR28L31J1,0,0,0
CAN-0ABAFX9H26,0,0,0
CAN-TUJD3WGN15,0,0,0
CAN-UENP45H422,1,0,0
CAN-84X4BHEYDP,0,0,0
CAN-BPD31J35WD,0,0,0
CAN-2WOEI2M0YV,0,0,0
CAN-O5M6URV5PE,0,0,0
CAN-4PZ4QEOU9E,0,0,0
CAN-DF58GY1G7Q,1,0,0
CAN-CB3PHFC8B8,0,0,0
CAN-3ZZO45HJPU,0,0,0
CAN-KQLYYX5YVP,0,0,0
CAN-TVCYBAYKMH,0,0,0
CAN-3H8RT309V0,0,0,0
CAN-G2FH7AQI8T,0,0,0
CAN-M01BP3WFZA,1,1,1
CAN-N21S3P3MA9,0,0,0
CAN-PM74Q898SU,0,0,0
CAN-5RECKHJMZU,0,0,0
CAN-GFU1SRR1B8,0,0,0
CAN-DZ3PND6J1L,0,0,0
CAN-YLXM0MDYI9,0,0,0
CAN-O2HGFGT15D,0,0,0
CAN-3EC4RCLCG3,0,0,0
CAN-2C0G6LU18F,0,0,0
CAN-LFG5LQ0M2P,0,0,0
CAN-S4XGKCCH0W,0,0,0
CAN-KWUZC6VJTW,0,0,0
CAN-P92YKKNSJZ,0,0,0
CAN-SXZGH4HG9W,0,0,0
CAN-5Y38SQ0UTD,0,0,0
CAN-ECZBN4QH3Z,0,0,0
CAN-KJLNWYQ976,0,0,0
CAN-2M4KR7VNYT,0,0,0
CAN-DLYKF8HBWW,0,0,0
CAN-JX6TKHUZF5,0,0,0
CAN-5NREJTN1LK,0,0,0
CAN-952N1F9UNK,0,0,0
CAN-XFRLQDC4M8,0,0,0
CAN-GCI8RS0T6S,0,0,0
CAN-TO0EUKP6SZ,0,0,0
CAN-CPGXYWGS0M,0,0,0
CAN-GFE5WEP3F5,0,0,0
CAN-KMOY1LBXTS,0,0,0
CAN-M9EMOM6U0M,1,1,0
CAN-XL8Q9R6WNL,0,0,0
CAN-PX8UZHE26C,0,0,0
CAN-TZTTV4C180,0,0,0
CAN-O33WVLEMTV,0,0,0
CAN-G7OGGS42CG,0,0,0
CAN-D2DYPQX3LI,0,0,0
CAN-297ABGCDHP,0,0,0
CAN-HVJZY9GTDH,0,0,0
CAN-XB0R9Y4C5N,0,0,0
CAN-3VDP2T0YDI,0,0,0
CAN-POZGRN2XR5,0,0,0
CAN-KA4IENL6EE,0,0,0
CAN-WGA13DW88J,0,0,0
CAN-YEKFGUO12B,0,0,0
CAN-EZ81HO5YQE,0,0,0
CAN-IJJM15RUOJ,0,0,0
CAN-2IKF53STCT,0,0,0
CAN-HPCTB0AK5I,0,0,0
CAN-CNKQ9I0EAB,0,0,0
CAN-K0KK1BH11F,0,0,0
CAN-UR8KZ9DHIB,0,0,0
CAN-K3C25693LI,0,0,0
CAN-IWF6SYYM4X,0,0,0
CAN-ZD7Y2JF1PU,0,0,0
CAN-SGBPHQWAF8,0,0,0
CAN-TCDKSL8O4H,0,0,0
CAN-YY5Q623O54,0,0,0
CAN-65437Y550Z,0,0,0
CAN-I42EVENH7P,0,0,0
CAN-QUUCBZ5IXV,0,0,0
CAN-QA6NLD1VOR,0,0,0
CAN-4VUIQ063TS,0,0,0
CAN-TBKI6Z5WUG,0,0,0
CAN-BN8FTOLE3V,0,0,0
CAN-OX8RYXSN7M,0,0,0
CAN-LDKFOQLR10,0,0,0
CAN-3KC4GCB1CY,0,0,0
CAN-5FBJDKL6JM,0,0,0
CAN-0G0FJOM5W0,0,0,1
CAN-WMUAXBCUOI,0,0,0
CAN-IC5IS3CHO0,0,0,0
CAN-TQPGGLVVGP,0,0,0
CAN-85O6FSYIU2,0,0,0
CAN-O8V287XRBW,0,0,0
CAN-E96R2GY2C3,0,0,0
CAN-KLXL6S20PT,0,0,0
CAN-M2SMK79UIR,0,0,0
CAN-SLVXES96F2,1,0,0
CAN-MH54E2NRWG,0,0,0
CAN-Q69MJH8CPS,0,0,0
CAN-164XISF14I,0,0,0
CAN-O8UBXBJZ93,0,0,0
CAN-S8HQJ0IUVN,0,0,0
CAN-L4VLF8ALEJ,0,0,0
CAN-ADL52ZLCVJ,0,0,0
CAN-HJAXAGYZD8,0,0,0
CAN-I39YSXC8GX,0,0,0
CAN-5AY9YAZ7H8,0,0,0
CAN-1BVMCE2OOB,0,0,0
CAN-BIUI92V6E2,0,0,0
CAN-8ZJ0EIHLJN,0,0,0
CAN-SBCF3DZX8J,0,0,0
CAN-H08YS9RB2I,0,0,0
CAN-HOCWJAEQVY,0,0,0
CAN-G1XV7DA2GO,0,0,0
CAN-O904FKR3P4,0,0,0
CAN-NY4H408SP3,0,0,0
CAN-HFXQ477UJF,0,0,0
CAN-1QG14LJMDH,0,0,0
CAN-JKXFAZR33D,0,0,0
CAN-HSF1XL0IAZ,0,0,0
CAN-747IN8I01M,0,0,0
CAN-NF6MGSNGM8,0,0,0
CAN-PEFTGGRORH,0,0,0
CAN-PCFXIYYTNA,0,0,0
CAN-26KWVG1YNH,0,0,0
CAN-9D4JS62BOA,0,0,0
CAN-1LSJXW4BD0,0,0,0
CAN-VKGC2WRC7O,0,0,0
CAN-45V0J1B2D4,0,0,0
CAN-NR0TEO3CDX,0,0,0
CAN-Y5T91F1UDX,0,0,0
CAN-KWSMV3ZH11,0,0,0
CAN-EI2ZLVTG0D,0,0,0
CAN-V3RV8ERXZU,0,0,0
CAN-Q0TP5DZ007,0,0,0
CAN-V2L4EF4KSE,0,0,0
CAN-LA7JU3B5TD,0,0,0
CAN-SRQLJ4OU31,0,0,0
CAN-KBNT7VN6OU,0,0,0
CAN-HGBAVYYAQU,0,0,0
CAN-T61LN9CAOQ,1,0,0
CAN-X150CUPRB2,0,0,0
CAN-R08AR09BEZ,0,0,0
CAN-5G538IJVJJ,0,0,0
CAN-PY5ZFFXQ9M,0,0,0
CAN-6J5MZDQCEM,0,0,0
CAN-YRNNCJ41OX,0,0,0
CAN-A43MOIBR2P,0,0,0
CAN-OXLJ8PZWO6,0,0,0
CAN-NH0L8GICGW,0,0,0
CAN-4BW4AXV2DW,0,0,0
CAN-X6LFZRMYIY,0,0,0
CAN-30BPIRKCVM,0,0,0
CAN-KAXV5IYVDQ,0,0,0
CAN-RL96OECZEL,0,0,0
CAN-UUPL90NQA3,0,0,0
CAN-JX4WYKYGZN,0,0,0
CAN-4ELQK25A14,0,0,0
CAN-PBY3DKFD5F,0,0,0
CAN-HLA1D878EJ,0,0,0
CAN-HWEZZTTHIM,0,0,1
CAN-ZCYHKTADGV,0,0,0
CAN-CK50YMWK51,0,0,0
CAN-2RP68X4V03,0,0,0
CAN-XLXRAR5824,0,0,0
CAN-BJMVQ4AO4O,0,0,0
CAN-V4VP3BHWA2,0,0,0
CAN-LMHYNFWY95,0,0,0
CAN-MOLZY4ACAR,0,0,0
CAN-M9IPJHM924,0,0,0
CAN-4MS769SNW3,0,0,0
CAN-IZCNAO0MST,0,0,0
CAN-Z8W5AHC2H4,0,0,0
CAN-MMMZ2K8T94,0,0,0
CAN-B4G7XNJACH,0,0,0
CAN-JC2AB3LMFG,0,0,0
CAN-OZ6YWFRKVB,0,0,0
CAN-EYH3YZWYOL,0,0,0
CAN-DMAU8U15C2,1,0,0
CAN-1LN8LUIYBT,0,0,0
CAN-SOUEVN0QUY,0,0,0
CAN-PW1L9GBR4E,0,0,0
CAN-PIQLXKCAE4,0,0,0
CAN-XZMLTBSO9Q,0,0,0
CAN-XYJL4CMYDM,0,0,0
CAN-U33IRHP5YI,0,0,0
CAN-4VACBKJPFM,0,0,0
CAN-PCX8HYUXMF,0,0,0
CAN-RM7EDVL3BU,0,0,0
CAN-UYQUKB299C,0,0,0
CAN-LOB8A9DWKL,0,0,0
CAN-AP37UEIMZ8,0,0,0
CAN-B2Y6PXFJTW,0,0,0
CAN-JLKCY493AY,0,0,0
CAN-MI002D2NJI,0,0,0
CAN-HM72CAYC0G,0,0,0
CAN-FLAZOFVISZ,0,0,0
CAN-2LQVYTP1NE,0,0,0
CAN-W5UQBH8AFP,0,0,0
CAN-2S4L2I8IVQ,0,0,0
CAN-L0KNCXSJ5V,0,0,0
CAN-NP4O2RRI4R,0,0,0
CAN-CRHWKTBX0D,0,0,0
CAN-A1X0R6HDE9,0,0,0
CAN-ENBPFWQCZA,0,0,0
CAN-AZ0KNFYC36,0,0,0
CAN-KLB8G86NEX,0,0,0
CAN-IW2YW05HML,0,0,0
CAN-UWSU2WNRUR,0,0,0
CAN-90UTBOGR5J,0,0,0
CAN-UTOARCQG7D,0,0,0
CAN-URP3PECBWH,0,0,0
CAN-3KXN6H46QT,0,0,0
CAN-59DUPJPRQQ,0,0,0
CAN-SFUPPHRH1W,0,0,0
CAN-UE3I1XUG1I,0,0,0
CAN-QXMGPAKRQQ,0,0,0
CAN-QLR7GUYYPX,0,0,0
CAN-WXAW0PAKAL,0,0,0
CAN-H53CKRKEI1,0,0,0
CAN-ME4RBUQJXA,0,0,0
CAN-FICVL40EVG,0,0,0
CAN-D9020BQZ2D,0,0,0
CAN-XORP4LKU48,0,0,0
CAN-V4UZ77YLA5,0,0,0
CAN-SHWECFET1B,0,0,0
CAN-0ABI79J2JT,0,0,0
CAN-PO34XYBADL,0,0,0
CAN-9901PLH3RB,0,0,0
CAN-4CFU2SAM9A,0,0,0
CAN-6I46OPQKOQ,0,0,0
CAN-D7GEJB4UMT,0,0,0
CAN-X2M31KFXNO,0,0,0
CAN-6U0KAGTIMN,0,0,0
CAN-J4XWX7ACSW,0,0,0
CAN-ILMMZ5P1EQ,0,0,0
CAN-8ZK7UQ2B6M,0,0,0
CAN-MHTW83W1A6,0,0,0
CAN-FXA4WQPTEL,0,0,0
CAN-0G8ACMTOG6,0,0,0
CAN-2R07RC2FDG,0,0,0
CAN-D23YEVE1I8,2,1,0
CAN-BJ4NNF2L8Q,0,0,0
CAN-TVL8HD02BD,0,0,0
CAN-LREVW46FZR,0,0,0
CAN-VNZON3NEIL,0,0,0
CAN-1QT28I19WF,0,0,0
CAN-78454YRS30,0,0,0
CAN-0CN109WL1J,0,0,0
CAN-PH9NMSTL4R,0,0,0
CAN-MKRYEPPD51,0,0,0
CAN-LR5VW9E2QN,0,0,0
CAN-CI1PCJU8EF,0,0,0
CAN-R5LOH1LL7D,0,0,0
CAN-WA5Q3Z88LL,0,0,0
CAN-T0QT87JG1B,0,0,0
CAN-0PAURMWK1D,0,0,0
CAN-CJ6DKL91A2,0,0,0
CAN-4O2CPWEM1X,0,0,0
CAN-6LBKME8XJB,0,0,0
CAN-KRJOTVAPR3,0,0,0
CAN-MFIWC4IGHB,0,0,0
CAN-8K0Z6D4T8I,0,0,0
CAN-71SWGZM9X4,0,0,0
CAN-T07BGVQC8W,0,0,0
CAN-LSWLN4CXW4,0,0,0
CAN-9INTT6NPR9,0,0,0
CAN-T7LZ817V65,0,0,0
CAN-UWRB38ZGVS,0,0,0
CAN-0A3WEZ6I2G,0,0,0
CAN-9V4IST9AGM,0,0,0
CAN-AWSADYS8BO,0,0,0
CAN-V71OZB0W1C,0,0,0
CAN-TS8N2HGP5X,0,0,0
CAN-GXE1VIH4SE,0,0,0
CAN-U837YKZ2J9,0,0,0
CAN-IWYQBF4IQU,0,0,0
CAN-YL6M9432SC,0,0,0
CAN-N7WUVQZGQ0,0,0,0
CAN-PQSRNA5DBV,0,0,0
CAN-FMIA4SE8L1,0,0,0
CAN-0PPQ6EYMLV,0,0,0
CAN-5LDL26R7QB,0,0,0
CAN-UINOVHWC0U,0,0,0
CAN-XMAIRJ4SJW,0,0,0
CAN-9AI6R59HP8,1,1,1
CAN-WI3NW4ZA1N,0,0,0
CAN-LFVC7HO444,0,0,0
CAN-S3IKO4W0WL,0,0,0
CAN-X5V5LQAKLM,0,0,0
CAN-CF87FD5CGJ,0,0,0
CAN-WREOT6ENKY,1,1,0
CAN-CD8WWM6LGT,0,0,0
CAN-LHDKO5M4GC,0,0,0
CAN-TFETGR02TT,0,0,0
CAN-0QHIK8WTIE,0,0,0
CAN-KF859QUYJ3,0,0,0
CAN-KS0HGNR695,0,0,0
CAN-S7SSERM4E4,0,0,0
CAN-RNOKTKEP10,0,0,0
CAN-JOZJX1FQ7B,0,0,0
CAN-1KYK5H7HX2,0,0,0
CAN-3MK8B147XS,0,0,0
CAN-EBSHL094DP,0,0,0
CAN-1K3YGI1CWR,0,0,0
CAN-JD8BTZVLCR,0,0,0
CAN-0UHFYL82T8,0,0,0
CAN-UZ34TSTC3J,0,0,0
CAN-FFDNK0B1MW,0,0,0
CAN-TH0XRXBVNU,0,0,0
CAN-OHJZGM386E,0,0,0
CAN-RWMJB0F5EA,0,0,0
CAN-T1DRG0ODGH,0,0,0
CAN-6QSGY51KF1,0,0,0
CAN-GOBQXO6NKD,0,0,0
CAN-2DZNN5CZCX,0,0,0
CAN-CNAA0OMFEL,0,0,0
CAN-VLP8Q51DF1,0,0,0
CAN-FSINW81651,0,0,0
CAN-YXBYAD5F6I,0,0,0
CAN-GNSAYBGAMU,0,0,0
CAN-NJ78MDC3JK,0,0,0
CAN-9RI7O0X335,0,0,0
CAN-YW4XYRIAVB,0,0,0
CAN-PXPYIQCO6N,0,0,0
CAN-Q2FX8NPSI8,0,0,0
CAN-8ZSOX5I3NJ,0,0,0
CAN-JICT09YDRG,0,0,0
CAN-16CZLEKDPY,0,0,0
CAN-4KXAHJ606D,1,1,0
CAN-531NRA8JY5,0,0,0
CAN-UG8234Z9AY,0,0,0
CAN-YEKCKZL6AX,1,1,0
CAN-6LKNW4TCR5,0,0,0
CAN-CI4VUDO4J0,0,0,0
CAN-TTW2IGKD9T,0,0,0
CAN-W78UC54OC1,0,0,0
CAN-XQ0UZ98Q07,0,0,0
CAN-VTN003SP8W,0,0,0
CAN-6HHW8P1KDV,0,0,0
CAN-IVWTMAGT1D,0,0,0
CAN-6WDP65R2NP,0,0,0
CAN-X0P88SLHXD,0,0,0
CAN-0EW430L1GV,0,0,0
CAN-21HNOT5FFO,0,0,0
CAN-C3WW0ONVK7,0,0,0
CAN-IBEKDAMK78,0,0,0
CAN-33VDDH733O,0,0,0
CAN-1QN5L0LTZN,0,0,0
CAN-E5LFDQM1L1,0,0,0
CAN-731TCJE883,0,0,0
CAN-Y1C38D67RV,0,0,0
CAN-LGRF8LXPWV,0,0,0
CAN-2TXXFELTTN,0,0,0
CAN-GQW05GKMY3,1,0,0
CAN-38C6F81V9H,0,0,0
CAN-SDCK4WAV87,0,0,0
CAN-O12V63FVQ9,0,0,0
CAN-JDT74IWBCP,0,0,0
CAN-DV2G4OTPWP,0,0,0
CAN-DQTR43KXGL,1,0,0
CAN-9UFZA4CFHQ,0,0,0
CAN-JAXPG13SCE,0,0,0
CAN-YFRB34CINL,0,0,0
CAN-GGHOHRQG7J,0,0,0
CAN-W2HXKWGOC7,0,0,0
CAN-X8MDJXOR4Z,0,0,0
CAN-96X7HM2YAR,0,0,0
CAN-2IIBCV5IBZ,0,0,0
CAN-ENCHIEISXZ,0,0,0
CAN-HQQSYEK2KY,0,0,0
CAN-ETTEYTAPRX,0,0,0
CAN-Y8WU32KHLQ,0,0,0
CAN-0KW5O6BFRK,0,0,0
CAN-J4KWBJ7QTW,0,0,0
CAN-4XHDSCJLSS,0,0,0
CAN-PEKFKN7BPO,0,0,0
CAN-1C5AO1Q16S,0,0,0
CAN-OKRGM086UH,1,1,0
CAN-K9S5BO9MLA,0,0,0
CAN-BJ40PR62O4,0,0,0
CAN-KTJETXNGFW,0,0,0
CAN-Y5VRX836KU,0,0,0
CAN-ITT23EGK5B,0,0,0
CAN-V77C3EES8A,0,0,0
CAN-DJV9ZNZJXL,0,0,0
CAN-ABJEK1QYG9,0,0,0
CAN-7GG5FWXPE8,0,0,0
CAN-AFHARQNVO3,0,0,0
CAN-LEZN6BXCPY,0,0,0
CAN-AIMRVQW734,0,0,0
CAN-EOHBKBY7LL,0,0,0
CAN-12SHOYQ27B,0,0,0
CAN-S33G8AG3YP,0,0,0
CAN-7FV3A8MASU,0,0,0
CAN-E2HUXNGDRA,0,0,0
CAN-QNTSRJ15FM,1,1,1
CAN-83UBX2J6VK,0,0,0
CAN-3YWH8W484E,0,0,0
CAN-TBO1DHVPZ5,0,0,0
CAN-NSPW9W2TUP,0,0,0
CAN-3Y2Y9YY3OY,0,0,0
CAN-0RJMXUBYM3,0,0,0
CAN-IESOSHJHKQ,0,0,0
CAN-ECPLSWSADM,0,0,0
CAN-7Q28TYOJLX,0,0,0
CAN-4NXMNIKS3Y,0,0,0
CAN-RSD8Z1SPJR,0,0,0
CAN-BK34Y4JT3N,0,0,0
CAN-9Z9C9JB3VG,0,0,0
CAN-T1XEBLCBE4,0,0,0
CAN-E0ZE17IU9G,0,0,0
CAN-5PUXB24IMT,0,0,0
CAN-S0KIELM50I,0,0,0
CAN-96GLWL2RV4,0,0,0
CAN-IWLJI8K7W0,0,0,0
CAN-4WNGZ1BKDG,0,0,0
CAN-XF0EOL9CUA,0,0,0
CAN-98IJ8O6FKX,0,0,0
CAN-2TV396HNGU,0,0,0
CAN-4P7CXJHEV9,0,0,1
CAN-6B0OJD10QM,0,0,0
CAN-NA04H781GC,0,0,0
CAN-7I6ZCFEEXX,0,0,0
CAN-310KDPDG5B,0,0,1
CAN-90XI5M5FF8,0,0,0
CAN-W7D4WK0LFW,1,1,0
CAN-NT5VUR90DX,0,0,0
CAN-0869DPPIOH,0,0,0
CAN-5J9D6PMOG7,0,0,0
CAN-S238Y8JX70,0,0,0
CAN-J2V165PEZB,0,0,0
CAN-QE4ZNQ0LKF,0,0,0
CAN-3MV9CXJMJB,0,0,0
CAN-6Z9JBFTUVM,0,0,0
CAN-2WYUAVIRK3,0,0,0
CAN-4RVMLQ4SUF,0,0,0
CAN-NS2I9QFL3T,0,0,0
CAN-B64A4NV22G,0,0,0
CAN-M3Y2VFNVUR,0,0,0
CAN-GAG9BLV51J,0,0,0
CAN-AEDLVRYUWI,0,0,0
CAN-EWZ7377DGM,0,0,0
CAN-6GBSDJF7K0,0,0,0
CAN-OGWF215IEE,0,0,0
CAN-YE3HVOPHDZ,0,0,0
CAN-8WELH68ZE1,0,0,0
CAN-TF2GX8X2E5,0,0,0
CAN-9YOQU8M6L5,0,0,0
CAN-ZU8M6UCNAW,0,0,0
CAN-1XZ96N0WZQ,0,0,0
CAN-9AZ5TDSMKU,0,0,0
CAN-E3LMUM8UCQ,0,0,0
CAN-L0CGJ6XJ9U,0,0,0
CAN-OL2OFMF093,0,0,0
CAN-6YZ5P8JLPA,0,0,0
CAN-17M6BQXKGH,0,0,0
CAN-SRTY3ALEOU,0,0,0
CAN-RM88MOHA2Z,0,0,0
CAN-JILOVA8SSS,0,0,0
CAN-J4RPMJN5V2,0,0,0
CAN-R01WTIZI6Z,0,0,0
CAN-NEEJB5K4F6,0,0,0
CAN-X72QMNBH57,0,0,0
CAN-TJDVV4G6GQ,0,0,0
CAN-TPPY11JLQM,0,0,0
CAN-TP73JC6AS9,0,0,0
CAN-QMVKORDSD6,0,0,0
CAN-KO9UUXZYFH,0,0,0
CAN-LD0MDQ98CA,0,0,0
CAN-3LB9NU4U8T,0,0,0
CAN-CYBIFDA79C,0,0,0
CAN-K8GNEE3V4A,0,0,0
CAN-XNLNU1LX4I,0,0,0
CAN-I1XDOSZCAI,0,0,0
CAN-ELZQK4TD5L,0,0,0
CAN-7UWXGLFRZW,0,0,0
CAN-9ATW5VBCKK,0,0,0
CAN-52SKXT36BS,0,0,0
CAN-83YXIKDG3P,0,0,0
CAN-JBXVSFM8H6,0,0,0
CAN-XDHMSWHK0G,0,0,0
CAN-GYB9DQNAPG,0,0,0
CAN-I3PAG0MQ4S,0,0,0
CAN-SG6KUDP9CB,0,0,0
CAN-F6UC3ZOJP7,0,0,0
CAN-OPSQN3HR61,0,0,0
CAN-H3SPB2A2R7,0,0,0
CAN-ZJ04AGQDQT,0,0,0
CAN-52WWF253JY,0,0,0
CAN-8JSMQE8ZNW,0,0,0
CAN-9YQUZOALNA,0,0,0
CAN-B7OTPNYA57,1,1,1
CAN-4YS30CW5LF,0,0,0
CAN-O68MJT6WYA,1,0,0
CAN-YNCH839Q9U,0,0,0
CAN-5Y5YHAPJ8M,0,0,0
CAN-16WN3XX0WM,0,0,0
CAN-L2ZMDTU78E,0,0,0
CAN-AYNT3XGQWQ,0,0,0
CAN-PCLY7I72LC,0,0,0
CAN-X292KL582Q,0,0,0
CAN-7B9V39S24I,0,0,0
CAN-8MEJHRRHZ4,0,0,0
CAN-YLZC51MEBQ,0,0,0
CAN-PZWAB64NHS,0,0,0
CAN-WYONYRKMYM,0,0,0
CAN-S9NV1GQO8N,0,0,0
CAN-VRT3AMOAQG,0,0,0
CAN-DDH66TB6PM,0,0,0
CAN-Q5BEI4WFTD,0,0,0
CAN-X7D2PZ8HFZ,0,0,0
CAN-EEC3ZNKUYS,0,0,0
CAN-7AXZ29TNCM,0,0,0
CAN-P69V1TRALB,0,0,0
CAN-S0NSOIAXKS,0,0,0
CAN-G7CLFRRO0G,0,0,0
CAN-IMJSADCOPJ,0,0,0
CAN-6I8GE3ABJR,0,0,0
CAN-8K0J63R7T5,0,0,0
CAN-NFIKO60ZM1,0,0,0
CAN-1UL31DKGJ3,0,0,0
CAN-6E9YCRS9LL,0,0,0
CAN-O6SFO1E46L,0,0,0
CAN-QHGJDGCYEI,0,0,0
CAN-462DIN6KFL,0,0,0
CAN-WHF4NLF5ZU,0,0,0
CAN-MOG4JW6A9F,0,0,0
CAN-B5UAOYVPA2,0,0,0
CAN-KXK23PVINU,0,0,0
CAN-K1EBTRH1WK,0,0,0
CAN-LIK43YKQKE,0,0,0
CAN-HTJMQLODO1,0,0,0
CAN-4KC5544YG3,0,0,0
CAN-7OKLX37DAW,0,0,0
CAN-UUMPOX83G3,0,0,0
CAN-6WZ25ZQNCW,1,1,0
CAN-CXBK1AAEPI,0,0,0
CAN-DT17X46X6U,0,0,0
CAN-8RZUQ8T2JX,0,0,0
CAN-1R949PIS6U,0,0,0
CAN-MXQGYPE9B9,0,0,0
CAN-RN2WUQ3W29,0,0,0
CAN-8HTJUGKRR1,0,0,0
CAN-K5SZVTCVFD,0,0,0
CAN-FGXFHAH630,0,0,0
CAN-3VTNBHV13J,0,0,1
CAN-2OFDGU5W4V,0,0,0
CAN-T2WKWAGYDT,0,0,0
CAN-9KYG5EDE1I,0,0,0
CAN-K0HGXAKGQD,0,0,0
CAN-ZUYB161M3Y,0,0,0
CAN-KIRG87BA6U,0,0,0
CAN-YIKFXRUEFP,0,0,0
CAN-EUOJB8YW8V,0,0,0
CAN-P934EK01A2,0,0,0
CAN-OJP3KKYMZU,0,0,0
CAN-UFMTRJQZC3,0,0,1
CAN-VRY3EC41A9,0,0,0
CAN-RQ6FWZ8HFG,0,0,0
CAN-81FY7TSCQ2,0,0,0
CAN-NFRLYXPGBZ,0,0,0
CAN-VVAAJHLJ29,0,0,0
CAN-TQCUAM4ET7,0,0,0
CAN-VK4UJAY8TR,0,0,0
CAN-Q590807U1T,0,0,0
CAN-9YTN1MW7VG,0,0,0
CAN-GSAGF7MNCB,1,0,0
CAN-EWEIOWUA3S,0,0,0
CAN-WJAZF1X5WW,0,0,0
CAN-Q4GD5O55WV,0,0,0
CAN-RSTP1R717O,0,0,0
CAN-PR6SCOXT1K,0,0,0
CAN-121N8ARH8U,0,0,0
CAN-YPMOVPWF4E,0,0,0
CAN-N0GMK1L87D,0,0,0
CAN-RGQDNDFF15,0,0,0
CAN-JUJUFS2IKG,0,0,0
CAN-SAER4FR81V,0,0,0
CAN-NYYE5QVX2S,0,0,0
CAN-QL8PHQ98YM,0,0,0
CAN-AXP7IS8IOJ,0,0,0
CAN-YP8JH53YQ2,0,0,0
CAN-TCJPS3H221,0,0,0
CAN-9UK9MJ01AY,0,0,0
CAN-W7TVPNYCCP,0,0,0
CAN-1LZH5NRJ4M,0,0,0
CAN-2IQB329U1B,0,0,0
CAN-MTDTQAG54R,0,0,0
CAN-6R08SDDHUG,0,0,0
CAN-NXXIL7HWHE,0,0,0
CAN-W39POS7E57,0,0,0
CAN-YL8EH1OS4R,0,0,0
CAN-2PIJQE1Z4N,0,0,0
CAN-3VUSNCJAW0,0,0,0
CAN-NWYPAYO4SC,0,0,0
CAN-VIFCGJV7MW,0,0,0
CAN-6WWJ66AYKR,0,0,0
CAN-HFUG9QYONE,0,0,0
CAN-V5Y65R7JWK,1,0,0
CAN-S8CBBU1J5J,0,0,0
CAN-ZKR112LI5H,0,0,0
CAN-JEOTKUSZLK,0,0,0
CAN-3R78ULZ1X6,0,0,0
CAN-Z094JVB5DK,0,0,0
CAN-PPJOO5L518,0,0,0
CAN-7YPZD0CRBH,0,0,0
CAN-KMWLHWCI6A,0,0,0
CAN-BTWZVS3SU3,0,0,0
CAN-POJI3RN3FV,1,0,0
CAN-CNF2U0FWZ8,0,0,0
CAN-JRP1HQ7CQ7,0,0,0
CAN-Y5MALB9J9R,0,0,0
CAN-941L0L6DMN,0,0,0
CAN-LQI76OP2D1,0,0,0
CAN-HFJYZVZL8M,0,0,0
CAN-ATVQ67ZLOY,0,0,0
CAN-PSOAYUSON8,0,0,0
CAN-H3PWIUYABX,0,0,0
CAN-V9688RJD3W,0,0,0
CAN-0934K69KNR,0,0,0
CAN-0P1G6CU7GP,0,0,0
CAN-I09B815GXN,0,0,0
CAN-CD7PUNEJVC,0,0,0
CAN-CTZZJGC2OU,0,0,0
CAN-3OW7XHI53S,0,0,0
CAN-78FR9A89VL,0,0,0
CAN-RX5M35BRMN,1,1,0
CAN-GZWHJW1GNH,0,0,0
CAN-Q4FY4DOH6A,0,0,0
CAN-GSMG9D3O3S,0,0,0
CAN-PB2QLSE8Q2,0,0,0
CAN-2MQS54QI3Q,0,0,0
CAN-6WX0DLBV7D,0,0,0
CAN-REP4MNK35A,0,0,0
CAN-C98BYIYSGA,0,0,0
CAN-57J79S8I3A,0,0,0
CAN-U2B8FPIIHG,0,0,0
CAN-33ER0FEUOA,0,0,0
CAN-OLFWP9JOAI,0,0,0
CAN-07XR036R0M,0,0,0
CAN-570V9675PJ,0,0,0
CAN-ONYWTGNUW7,0,0,0
CAN-A4P7M4DF4F,0,0,0
CAN-6OJZC13B27,0,0,0
CAN-N9N1Y1FH4H,0,0,0
CAN-12YHGPLWEL,0,0,0
CAN-W103PRP6EQ,0,0,0
CAN-L1VHM9UMKD,0,0,0
CAN-EYK5EY3GDH,2,0,0
CAN-J7UXG1EBBI,0,0,0
CAN-50AU02RR8I,0,0,0
CAN-4IE1S1C4HT,0,0,0
CAN-034LLESDP0,0,0,0
CAN-SKH4H9IVYE,0,0,0
CAN-LQ2Q07RWNG,0,0,0
CAN-YSI8IDF1L6,0,0,0
CAN-YM0I69QM0I,0,0,0
CAN-21DK7ZN7OU,0,0,0
CAN-R4RZBDGOCR,0,0,0
CAN-LXYVCGI5R3,0,0,0
CAN-GCB26XQK04,0,0,0
CAN-0GQ4YVF31M,0,0,0
CAN-47E68J3LSP,0,0,0
CAN-U1V60N5OQM,0,0,0
CAN-PTU8ZO187C,0,0,0
CAN-JAET31N9J6,0,0,0
CAN-2GP0QB71IL,0,0,0
CAN-LY53HEKP9J,0,0,0
CAN-613Y6O33NV,0,0,0
CAN-8WL0QNQ5UP,0,0,0
CAN-5DX0T847GZ,0,0,0
CAN-LLDINNRER0,0,0,0
CAN-T2GTCD5DWS,0,0,0
CAN-KNORJGQ98J,1,0,0
CAN-2M4HF2S4J4,0,0,0
CAN-OGSBS2DTYF,0,0,0
CAN-WP2EAZABSX,0,0,0
CAN-0C3IB5WFJ8,0,0,0
CAN-47IJ7HZFXV,0,0,0
CAN-D1QJN5DQ3Z,0,0,0
CAN-EO66GA5E1B,0,0,0
CAN-QJSM8HCCJG,0,0,0
CAN-B1K4W4PPJA,0,0,0
CAN-COWB4GJHGK,0,0,0
CAN-W9VZ3QDZMA,0,0,0
CAN-W7WZBRSJY6,0,0,0
CAN-R4YO1J48OF,0,0,0
CAN-9AYS5PCZ14,0,0,0
CAN-WZ9HA0TQ3C,0,0,0
CAN-HB448L5FVF,0,0,0
CAN-ZQU3RSMXHH,0,0,0
CAN-VPWFD4IWHJ,0,0,0
CAN-B336H65XUC,0,0,0
CAN-D1D80DSARJ,0,0,0
CAN-80QSZMDRLD,0,0,0
CAN-S5U870NUEQ,0,0,0
CAN-R5RI0VWJW9,0,0,1
CAN-0N0ASSXDKY,0,0,0
CAN-JKAYGXIF6R,0,0,0
CAN-ZSHEVXD6JQ,0,0,0
CAN-63DT9WE4UL,0,0,0
CAN-5S3E0MFPAU,0,0,0
CAN-OAWKW1AEX3,0,0,0
CAN-UM5BZG4T7U,0,0,0
CAN-M2K2HDCA3Q,0,0,0
CAN-40MD9N6XM1,0,0,0
CAN-VRIHDH9JWE,0,0,0
CAN-E8OE3JZ1HH,0,0,0
CAN-4BPECCSH88,0,0,0
CAN-E4XU8GXCMO,0,0,0
CAN-Z5SL5GL4RB,0,0,0
CAN-H8KIU6QEA7,0,0,0
CAN-SJZMPJCLIL,0,0,0
CAN-9LCEA1FPEO,0,0,0
CAN-ZS15TQOGPA,0,0,0
CAN-QPI1L0FCQU,0,0,0
CAN-KYVPBV16AY,0,0,0
CAN-RYFKJ45U9C,0,0,0
CAN-52IHK7LJ5D,0,0,0
CAN-PR65ZMWWA2,0,0,0
CAN-A20P2AEXIH,0,0,0
CAN-0KD9WHUJVD,0,0,0
CAN-IA8U1DVUO4,0,0,0
CAN-J4C24C79IG,0,0,0
CAN-B5BGNPAXNO,0,0,0
CAN-E0S2IX12A1,0,0,0
CAN-QO1Y6YG2FX,0,0,0
CAN-TOCVLBL1FO,0,0,0
CAN-RDE764QYFC,0,0,1
CAN-PMIK0GIRJW,0,0,0
CAN-L66ENZG9TC,0,0,0
CAN-DUG7DRZ6H1,0,0,0
CAN-P0S5V4JAG9,0,0,0
CAN-OLWFHX9D2L,0,0,0
CAN-2QYN0WNQTF,0,0,0
CAN-JZJK3YBA42,0,0,0
CAN-PWVZL2XTR5,0,0,0
CAN-P71MDU1DCY,0,0,0
CAN-TD6V6YM0L4,0,0,0
CAN-JE4JLNPK37,0,0,0
CAN-0J8A2WSM88,0,0,0
CAN-2RX9CWKS6J,0,0,0
CAN-E81W6J63Z9,0,0,0
CAN-5S7DOLIPKI,0,0,0
CAN-O5OQ0F4W47,0,0,0
CAN-NMW319ZUN3,1,1,0
CAN-8P4XCCRHKK,0,0,1
CAN-LGKIRKNNG1,0,0,0
CAN-XI31W0TWTA,0,0,0
CAN-P0MASG4IVU,0,0,0
CAN-OHQPJISPKC,0,0,0
CAN-5HOWJCEPHX,0,0,0
CAN-AF4WYEY7J4,0,0,0
CAN-YP40LZV7HG,0,0,0
CAN-5ZBRHJK44Y,0,0,0
CAN-B4Q0XTHR3W,0,0,0
CAN-0HACOZFI7P,0,0,0
CAN-QRL4A4I1K1,0,0,0
CAN-N91Q1C5UAX,1,1,0
CAN-0ZWD4LK3VP,0,0,0
CAN-43Y5IE42YH,0,0,0
CAN-34QL5SSY19,0,0,0
CAN-MU4BB8SZPV,0,0,0
CAN-F0IZM0S344,0,0,0
CAN-3A7LXLOVR8,1,1,0
CAN-AZKZNQLSKX,0,0,0
CAN-CY6TRLMEL8,0,0,0
CAN-51TPZY1TL8,0,0,0
CAN-L1KPPPS75T,0,0,0
CAN-RUL9EK5926,0,0,0
CAN-HMT2VUSKXC,0,0,0
CAN-R8KAXXVCPC,0,0,0
CAN-1D2WXK6O29,0,0,0
CAN-BJB7ZESWHR,0,0,0
CAN-AOYTD9KG0G,2,1,0
CAN-XM0NTONS8I,0,0,0
CAN-5MD6T4J357,0,0,0
CAN-HMGAHR7B0U,0,0,0
CAN-TD8WI0YO18,0,0,0
CAN-R9BMP1LHB3,2,0,0
CAN-0W2NGUYS61,2,0,0
CAN-3V8BE4YU0C,0,0,0
CAN-2377V4X89Z,0,0,0
CAN-PXVQD4YCPJ,0,0,0
CAN-5K0YA851ZE,0,0,0
CAN-U32HPXHLOO,0,0,0
CAN-S7F7ALIFOE,1,1,0
CAN-T05RUSW6NR,0,0,0
CAN-VQEENTIK51,0,0,0
CAN-SD922NFEYT,0,0,0
CAN-3C0SZATP7X,0,0,0
CAN-H0P38CW42S,0,0,0
CAN-67YHYNYUPJ,0,0,0
CAN-45OMN015DC,0,0,0
CAN-QTT9ENNYAL,0,0,0
CAN-LZ7N3655X3,0,0,0
CAN-XP5SV9B8GV,0,0,0
CAN-38E2V110B9,0,0,0
CAN-DKXV9XRNYN,0,0,0
CAN-6SCDVVWJOG,0,0,0
CAN-39UIY7SIRZ,0,0,0
CAN-IGCRWJMLBW,0,0,0
CAN-LO4SALY31V,0,0,0
CAN-AAQH8U7B6K,0,0,0
CAN-MU5OZ9M1J7,0,0,0
CAN-NTUVLDS5IZ,0,0,0
CAN-SDQGAV97DY,0,0,0
CAN-HM6383D91H,0,0,0
CAN-66JVOMW8EZ,0,0,0
CAN-64W4GY47TK,0,0,0
CAN-V72P6V1M07,0,0,0
CAN-4VU8H42AWS,0,0,0
CAN-UXJU0P1A4M,0,0,0
CAN-0LQ3DXI5IQ,1,1,0
CAN-5CEJ8ETZ1O,0,0,0
CAN-R02M7GSDBP,0,0,0
CAN-Y670UFDKXB,0,0,0
CAN-DK9210TZPV,0,0,0
CAN-5P9DZWME3W,0,0,0
CAN-22AU3OGP05,0,0,0
CAN-2WS04VO4B7,0,0,0
CAN-BXFCCY9LHX,0,0,0
CAN-S1SJ6L2MQT,0,0,0
CAN-LBVLXMN2FA,0,0,0
CAN-OY75XTQB2U,0,0,0
CAN-DHKIS8KJ2N,0,0,0
CAN-8G8981QXTA,0,0,0
CAN-Q1RNLRG7JR,0,0,0
CAN-83U8AQI6A3,0,0,0
CAN-1COF464L67,0,0,0
CAN-DDRORUOAUP,0,0,0
CAN-344M01SHII,0,0,0
CAN-BL7OZ9KMQ6,0,0,0
CAN-9IDUJWNXCM,2,0,0
CAN-HGOAWSNSJS,0,0,0
CAN-V1Y33VKWF8,0,0,0
CAN-E2A4ZDLVTN,0,0,0
CAN-THZDUOWY43,1,0,0
CAN-QWP6802TVP,0,0,0
CAN-BTDN47P5SN,0,0,0
CAN-QA3QFWBD4W,0,0,0
CAN-VWB516VRZH,0,0,0
CAN-929MEILK8U,0,0,0
CAN-L0ZHTBG5RN,0,0,0
CAN-Q0VAFV6MQY,0,0,0
CAN-HYIZGUP4NT,0,0,0
CAN-JUFCEW5HEI,0,0,0
CAN-44SCE3CVBS,0,0,0
CAN-EF36P6HNVV,0,0,0
CAN-2TMLBMF4KK,0,0,0
CAN-0ZUBY1M6OV,0,0,0
CAN-YRJ3DIXAHP,0,0,0
CAN-2ZTBD6W73M,0,0,0
CAN-XF39AL8J16,0,0,0
CAN-ECR7KGV9FS,0,0,0
CAN-IHQH75F4DH,0,0,0
CAN-MFQ4GY8XPH,0,0,0
CAN-4K1QSJSS7W,0,0,0
CAN-R7GBTM2CFP,0,0,0
CAN-16MYQZCDF5,0,0,0
CAN-RXZT9YCUF4,0,0,0
CAN-6C7D0QPQEL,0,0,0
CAN-VO68X2FLPM,0,0,0
CAN-2TQH9JTOZA,1,0,0
CAN-4US7T1TIE7,0,0,0
CAN-0PV93DMVSN,0,0,0
CAN-NKOSN6LW60,0,0,0
CAN-IP8CX14VO3,0,0,0
CAN-VJO1B5VQHG,0,0,0
CAN-LJJY7PVLCN,0,0,0
CAN-VHNR4T4C62,0,0,0
CAN-QIFSQUZL98,0,0,0
CAN-Y33D89PH44,0,0,0
CAN-DQVCS1LJ08,0,0,0
CAN-N28APGURMA,0,0,0
CAN-S7ATE7NM9P,0,0,0
CAN-260B3EITQB,0,0,0
CAN-1EC84J8OCD,0,0,0
CAN-4SNWWX4MO4,0,0,0
CAN-C8H4NILP4I,0,0,0
CAN-EFQFHMP472,0,0,0
CAN-HD32Q374ER,0,0,0
CAN-1ILZEQ8GCM,0,0,0
CAN-3DP72Y562Q,0,0,0
CAN-55NVPBL4L7,0,0,0
CAN-0M3KENZUQW,0,0,0
CAN-DXO59KGWFY,0,0,0
CAN-ABJIQE2KWG,0,0,0
CAN-WNSATQW75Y,0,0,0
CAN-OO86C7VSTZ,0,0,0
CAN-9CQ2899AGV,0,0,0
CAN-0G5QWYHN51,0,0,0
CAN-RA4YP63MWV,0,0,0
CAN-KUOBKM81RJ,0,0,0
CAN-052FOZHP7I,0,0,0
CAN-43Z0BSTVXD,0,0,0
CAN-DLHOOFWW4Y,0,0,0
CAN-9EQHW7KE3M,0,0,0
CAN-TSX3YOZ6OH,0,0,0
CAN-9IURYCYX4V,0,0,0
CAN-CCRXTONANJ,0,0,0
CAN-KSUMCAYLH0,0,0,0
CAN-I4LPZPPIPS,0,0,0
CAN-UWMNCMZYR6,0,0,0
CAN-QRB1ADO39T,0,0,0
CAN-MSEP0LP2L4,0,0,0
CAN-1CHL5IR9BT,0,0,0
CAN-QAKA5ECMWI,0,0,0
CAN-J78RHKOPMG,0,0,0
CAN-ISO1BS0RO0,0,0,0
CAN-8X2ZKCIXEY,0,0,0
CAN-P0U1HGMHYB,1,1,0
CAN-61IE85RJNG,0,0,0
CAN-T3Q531XUD0,0,0,0
CAN-MFN4N6KQHO,0,0,0
CAN-RH7J269JWB,0,0,0
CAN-FAU83LDG91,0,0,0
CAN-LLD8BNVJWJ,0,0,0
CAN-MFBV0FQM3G,0,0,0
CAN-YWW49GG6BA,0,0,0
CAN-50IXZFEBWJ,0,0,0
CAN-9AXZGH8RKY,1,1,0
CAN-C337YD3N11,0,0,0
CAN-Y637SPLZVL,0,0,0
CAN-LBSVYGAQF1,0,0,0
CAN-L3EK29R5IO,0,0,0
CAN-5GAANRPMDT,0,0,0
CAN-A2IERZLHN4,0,0,0
CAN-TR2DNHQZE5,0,0,0
CAN-SGSYO4JTP8,0,0,0
CAN-UK19CDHWOJ,0,0,0
CAN-BV6GW54ZAH,0,0,0
CAN-9VJYE4P2TV,0,0,0
CAN-J36EAQ6YIB,0,0,0
CAN-3RL7L5TQ5P,0,0,0
CAN-5D1JX3NDR6,0,0,0
CAN-FR56KPX697,0,0,0
CAN-E9M2WW84DZ,0,0,0
CAN-0VKKH5E54K,0,0,0
CAN-8MJLD4JNLX,0,0,0
CAN-ZJCDEV1RJR,0,0,0
CAN-VA7HG2ZN0Y,0,0,0
CAN-P6DT24Q34Z,0,0,0
CAN-ZGTDAL1BAY,0,0,0
CAN-3FUHE8QQ4P,0,0,0
CAN-75M5MEN7BJ,1,0,0
CAN-H40EWXTH1J,0,0,0
CAN-JKJHWU9EAG,0,0,0
CAN-ZE4ML807XL,0,0,0
CAN-W2XD91FUFU,0,0,0
CAN-YN0B1TGPR5,0,0,0
CAN-ADIKM415O9,0,0,0
CAN-0SGS7A4EW1,0,0,0
CAN-C8BQUAOGDA,0,0,0
CAN-01NTK9S5JS,0,0,0
CAN-ILHNH6Y100,0,0,0
CAN-X1MTLN2D4V,0,0,0
CAN-G5HH5L0HWM,0,0,0
CAN-H4XZOFU2PK,0,0,0
CAN-AUDCVUTCMN,0,0,0
CAN-TBVSCRO133,0,0,0
CAN-NQCGNQOFJ4,0,0,0
CAN-OSWOXVT2YC,0,0,0
CAN-OGU38P0WA3,0,0,0
CAN-72Z1Z31UG2,0,0,0
CAN-POOWPCR1CO,0,0,0
CAN-CRLI5OI6UB,0,0,0
CAN-95DZAWQJ8Q,0,0,0
CAN-G308S24UDP,0,0,0
CAN-44UQ2P5VOG,0,0,0
CAN-B3OQG0BN72,0,0,0
CAN-HBZHL9N9RB,0,0,0
CAN-LOQ8JZKCT6,0,0,0
CAN-F2U1W8N888,0,0,0
CAN-IC6QP6F7EA,0,0,0
CAN-B1QKW5Y24J,0,0,0
CAN-H3MCBUTK2S,0,0,0
CAN-RYSJCGP2DX,0,0,0
CAN-FTVABQ7PZL,0,0,0
CAN-2VJ8O12ZPO,0,0,0
CAN-ZVQJD35OLN,0,0,0
CAN-TSI5O2KHP3,0,0,0
CAN-390TQ6WA3Z,0,0,0
CAN-Z7U8UWJE40,0,0,0
CAN-MKGQ4SYVUI,0,0,0
CAN-RL60V81ZST,0,0,0
CAN-I94U5SS23A,0,0,0
CAN-4EDE40MFHN,0,0,0
CAN-3EO9MSIIB0,0,0,0
CAN-ODE757YXGP,0,0,0
CAN-X00NKLCO46,0,0,0
CAN-FX4J13R9RC,0,0,0
CAN-B3QNNPULIV,0,0,0
CAN-658WGCQ9I5,0,0,0
CAN-1R4K9MCK3Y,0,0,0
CAN-0EA5064B93,1,0,0
CAN-XRYZGPMP2W,0,0,0
CAN-6KIPVIUJHL,0,0,0
CAN-8Q4FWIPALL,0,0,0
CAN-HBT75IWZPQ,0,0,0
CAN-IVWBYIFE01,0,0,0
CAN-IDUBSLVP5Y,0,0,0
CAN-VDBSNL2IVX,0,0,0
CAN-TW4I92YJ96,0,0,0
CAN-FQCXIYE6Q8,0,0,0
CAN-040X63D1RZ,0,0,0
CAN-09XE5XULVF,0,0,0
CAN-V3HYMTPZI6,0,0,0
CAN-ELURPXD9KO,0,0,0
CAN-7X0WHMAFA9,0,0,0
CAN-KWNDZUJI6Y,0,0,0
CAN-B0Q2DD1E7T,0,0,0
CAN-IYBP0B98CS,0,0,0
CAN-FBYW1D5DOL,0,0,0
CAN-HY4RO0NS5H,0,0,0
CAN-ICE8YAQPYS,0,0,0
CAN-MKOTQX7RYF,0,0,0
CAN-J9MRKX0ELI,1,1,0
CAN-4PIKA10ZD4,0,0,0
CAN-FHW311BLCL,1,1,0
CAN-93ISN9UMV8,0,0,0
CAN-SRJHRKZHN4,0,0,0
CAN-C2GXC1OURS,0,0,0
CAN-W2ZIZV9TD2,0,0,0
CAN-R8BNHCQDKP,0,0,0
CAN-XRRNKBPC8S,0,0,0
CAN-Y8KKG8V4R5,0,0,0
CAN-79JUI4BLFE,0,0,0
CAN-3Q1VW4S31T,0,0,0
CAN-YY5T43STLB,0,0,0
CAN-C1O1D1WA8P,0,0,0
CAN-PW7P7CYAY5,0,0,0
CAN-OQMSEJAI3H,1,0,0
CAN-3CH2QHWBQL,0,0,0
CAN-ZJJDF4C8DP,0,0,0
CAN-9LX6TBAYJV,0,0,0
CAN-2OXKNEO3TQ,0,0,0
CAN-TMX6A70KTW,0,0,0
CAN-A3N1I0PFTX,1,1,1
CAN-E4IKO98S8N,0,0,0
CAN-CFH21MC6MC,0,0,0
CAN-Q1RV4AJMTI,0,0,0
CAN-LYJYAS6UZC,0,0,0
CAN-CO1SFRY35O,0,0,0
CAN-D3R9ABE55B,0,0,0
CAN-2BDRVTKJDJ,1,1,0
CAN-A9YIU6V38M,0,0,0
CAN-XV9EUR0J0D,0,0,0
CAN-8AHW6I47FL,0,0,0
CAN-D9ZCQVYTFF,0,0,0
CAN-96H2B7YWEA,0,0,0
CAN-HRK3ERTM7S,0,0,0
CAN-KA3RCTZBNY,0,0,0
CAN-67SUQ220RF,0,0,0
CAN-EU7IC0OS6G,0,0,0
CAN-YHPUNEGMES,0,0,0
CAN-QGZAPSA3BO,0,0,0
CAN-HUA269JU4G,0,0,0
CAN-AU698DWYRM,0,0,0
CAN-FKGU1GRZW9,0,0,0
CAN-8NI910W89K,0,0,0
CAN-ELKHW27GHD,0,0,0
CAN-LBXPPWD97Y,0,0,0
CAN-VLHWCTW3F6,0,0,0
CAN-QOKALJ9SOQ,0,0,0
CAN-9ZFFZQP8PJ,0,0,0
CAN-4VQ1HUGYI4,0,0,0
CAN-HCGOQBAKZN,0,0,0
CAN-TMIZS5SV0I,0,0,0
CAN-RE7GU0MMVB,0,0,0
CAN-KTT6AOH8PI,0,0,0
CAN-3QBCWMMIHQ,0,0,0
CAN-29EPOS1W43,0,0,0
CAN-BPO2Y3DAOV,0,0,0
CAN-NZ2VX6NW1M,0,0,0
CAN-AVS97IJ897,0,0,0
CAN-ZIWQ19P6AA,0,0,0
CAN-QTWU2RU4OH,0,0,0
CAN-CO1Z33I8OZ,0,0,0
CAN-BMFK4MHSRF,0,0,0
CAN-BVX1O3C8YQ,0,0,0
CAN-UTHHEO37YQ,0,0,0
CAN-5QYZCHXI18,0,0,0
CAN-P8I76XMXLQ,0,0,0
CAN-MAXLRQCFH2,0,0,0
CAN-3I4EGPPCH1,0,0,0
CAN-ZL42FTB5J7,0,0,0
CAN-1FMEAQSXU1,0,0,0
CAN-GJYVEZ74UM,1,1,0
CAN-CICSE18C3C,0,0,0
CAN-160O2QU523,0,0,0
CAN-JH3BMQ4XC7,0,0,0
CAN-WQJZRDMD47,0,0,0
CAN-E7QORW41LY,0,0,0
CAN-KNG6FIGDJP,0,0,0
CAN-HLD8HLPQLB,0,0,0
CAN-3H04DYJYL6,0,0,0
CAN-9UYB0D8INX,0,0,0
CAN-S4QG2N649K,0,0,0
CAN-X2E0NRDSN2,0,0,0
CAN-JJ7S00BE58,0,0,0
CAN-CGPNWZESGB,0,0,0
CAN-N8205QHIIX,0,0,0
CAN-T7JW94FBRT,0,0,0
CAN-XVT2S8XC7S,0,0,0
CAN-5SCGF7T0P2,0,0,0
CAN-QWM8SVNF6Y,0,0,0
CAN-NH1AE7M228,0,0,0
CAN-WNGDAMUN3D,0,0,0
CAN-TLJA63WPHJ,0,0,0
CAN-RSV3Z1RRTN,0,0,0
CAN-9QFHEZXTQ2,0,0,0
CAN-3IOB699M4M,0,0,0
CAN-4GFS4VAS4D,0,0,0
CAN-ZGXRR2VJJT,0,0,0
CAN-NP1L5RFWPX,0,0,0
CAN-LJW3IQ348U,0,0,0
CAN-8HRIHWRP44,0,0,0
CAN-26894K27XF,0,0,0
CAN-6DHEY7JYB0,0,0,0
CAN-9M8THE7U4U,0,0,0
CAN-GMT2SYTMEM,0,0,0
CAN-WS8Z5PPTLE,0,0,0
CAN-Z6IP1AV7UX,0,0,0
CAN-3A927FFC3F,0,0,0
CAN-LRODQA2VVQ,0,0,1
CAN-FQ7IUPYR30,0,0,0
CAN-616BNFCEB9,1,1,1
CAN-3OBV9O3XFW,0,0,0
CAN-5FTMREC6PP,0,0,0
CAN-KW7PAC7X7B,0,0,0
CAN-HMGN8Q5OO0,0,0,0
CAN-4L3YJZAB6Q,0,0,0
CAN-WHL4Z1EQX3,0,0,0
CAN-UXFWLDVP2X,0,0,0
CAN-ILXKT6KZT6,0,0,0
CAN-BPK9MFJXCI,0,0,0
CAN-BD826W3YRC,0,0,0
CAN-OYOBY2LDCL,0,0,0
CAN-XSJC4BI12Q,0,0,0
CAN-VDNH8T479J,0,0,0
CAN-YZVTV9IEQV,0,0,0
CAN-WUG7XLC4KI,0,0,0
CAN-W5QSLLDGYT,2,0,0
CAN-1428SM7ANI,0,0,0
CAN-CZEHU4LRFW,0,0,0
CAN-JEKCK3CLKQ,0,0,0
CAN-DXPJDAF1DO,0,0,0
CAN-INVRCV2LX4,0,0,0
CAN-ZYI4BZRNAG,0,0,0
CAN-1IKLYA4LDH,0,0,0
CAN-ELVC7JJVW7,0,0,0
CAN-RPFTIXZ2ZH,0,0,0
CAN-OQIKHLUC4W,0,0,0
CAN-AJL8QJC2BB,0,0,0
CAN-5F734GMY31,0,0,0
CAN-QYMFM99RR5,0,0,0
CAN-LQWV94HNCG,0,0,0
CAN-JWMKKNRPOM,0,0,0
CAN-XY0HIU174X,0,0,0
CAN-EKXU5MUMRX,0,0,0
CAN-GPERKI45RF,0,0,0
CAN-6FN2VAO590,0,0,0
CAN-KFLQ93WIFA,0,0,0
CAN-XBDO229VX1,0,0,0
CAN-LAT7S8NUNY,0,0,0
CAN-L6NHLXDEY3,0,0,0
CAN-92CQ2MKRWB,0,0,0
CAN-GBD9SOYJQ2,0,0,0
CAN-ZEQ6HVXTS5,0,0,0
CAN-SY63K7SQDX,0,0,0
CAN-I7PNT09NCC,0,0,0
CAN-SPGINW87TL,0,0,0
CAN-CSQT94E4BI,0,0,0
CAN-8H4NLLPLV8,0,0,0
CAN-Q1BWDHNB0D,0,0,0
CAN-OGMW0KO16A,0,0,0
CAN-FS6714K257,0,0,0
CAN-JP0BCEN87K,0,0,0
CAN-O936QBEV75,0,0,0
CAN-WLIIHEPB6L,0,0,0
CAN-K0NJHSXBVP,0,0,0
CAN-CHVYNUCK5G,0,0,0
CAN-4ZISZZUYPA,0,0,0
CAN-B2N6VDFL0Q,0,0,0
CAN-JMROAEZGB9,0,0,0
CAN-Y9WR2J4N6D,0,0,0
CAN-0TH6RLLYJD,0,0,0
CAN-O1WAFWCAM4,0,0,0
CAN-W0XPUI1PQS,0,0,0
CAN-1XB3Y5FKDN,0,0,0
CAN-YBMG7R7D58,0,0,0
CAN-5IUNRPBHZB,0,0,0
CAN-NYLD72ACP5,0,0,0
CAN-5YBWNVPXKL,0,0,0
CAN-GY0FR81EIN,0,0,0
CAN-F50O8VOFPJ,0,0,0
CAN-C5MWQ4NNAO,0,0,0
CAN-YVZA7C7U0D,0,0,0
CAN-N9SY4P833D,0,0,0
CAN-ENWU07CAZD,0,0,0
CAN-ZXFACUSVYS,0,0,0
CAN-3JOPVHN2NC,0,0,0
CAN-W2LV5IQNDR,0,0,0
CAN-B8OEQZRDZO,0,0,0
CAN-CTUDFHGAE8,0,0,0
CAN-P0MBQBOIN3,0,0,0
CAN-KEG24MIA6T,2,1,1
CAN-S17B3UE6VA,0,0,0
CAN-QR13UQT8TQ,0,0,0
CAN-2YLBO8RGYV,0,0,0
CAN-R8OJLY61GL,0,0,0
CAN-881MDNU9HL,0,0,0
CAN-0ZMCUN84OO,0,0,0
CAN-BYI29AXDYZ,0,0,0
CAN-JJQ3SOFQ09,1,0,0
CAN-G3VG02PTIH,0,0,0
CAN-9KOK0UDY2A,0,0,0
CAN-E0OS8OWFGZ,0,0,0
CAN-0OTDXGHN6I,0,0,0
CAN-5TUA0AA7F1,0,0,0
CAN-VBE3AKMIGT,0,0,0
CAN-0PMM495PVF,0,0,0
CAN-YJHQZSKRZI,0,0,0
CAN-4XGA3XO6MR,0,0,0
CAN-DZQ5YRMYSQ,0,0,0
CAN-2H3IOYIBYD,0,0,0
CAN-SUBXR5SK46,0,0,0
CAN-0CW8J1YM6M,1,1,0
CAN-OIKC5E26OJ,1,0,0
CAN-BEYJ1OH5W0,0,0,0
CAN-GS1ASP5I7M,0,0,0
CAN-ADM727QLLR,0,0,0
CAN-ORZOM9970X,0,0,0
CAN-NB8BNTDVFB,0,0,0
CAN-CSOXD5O7WY,0,0,0
CAN-58WX4ITRIN,0,0,0
CAN-SZDMHJVL9K,0,0,0
CAN-H84SHSX302,0,0,0
CAN-OE65Y4R5HX,0,0,0
CAN-NVNR93B9Y0,0,0,0
CAN-MKB3ESCEL9,0,0,0
CAN-UA77F51CE3,0,0,0
CAN-67L0I48BCZ,0,0,0
CAN-DQ9WDN1KRI,0,0,0
CAN-AA5B8N2HP7,0,0,0
CAN-WOLC85Y8G9,0,0,0
CAN-OMGRZTJ5BQ,0,0,0
CAN-3DIYZ1MUL4,0,0,0
CAN-OGUQTR7P3L,1,1,1
CAN-AHLL7Q195L,0,0,0
CAN-CHXYSETV91,0,0,0
CAN-XMR83MVEIR,0,0,0
CAN-1UENNGCBT2,0,0,1
CAN-XH1REQ96N8,0,0,0
CAN-D9QIBJO04W,0,0,0
CAN-P35G487WP9,0,0,0
CAN-XCT9FR2EQO,0,0,0
CAN-O5TNT0AYU0,0,0,0
CAN-7B855SYC43,0,0,0
CAN-H8SAY0VQJI,0,0,0
CAN-7R7Q5M49WP,0,0,0
CAN-NJEMPVIPXA,0,0,0
CAN-GCORFRHXGP,0,0,0
CAN-ER16O204NJ,0,0,0
CAN-ICLG21HY7Z,0,0,0
CAN-IHPEMDFBZ3,1,0,0
CAN-5QFW2J7I0Y,0,0,0
CAN-OIFW5YARR9,0,0,0
CAN-AA5LV68P37,0,0,0
CAN-FC9EQX2MTX,0,0,0
CAN-SFASW36SWR,0,0,0
CAN-H5149VTKDG,0,0,0
CAN-7PK36HUZFC,0,0,0
CAN-56JKH9GNKO,0,0,0
CAN-JVSOMJ8RQZ,0,0,0
CAN-RL0BPHIDB2,0,0,0
CAN-6G4HVLCWL8,0,0,0
CAN-SIIOAIPEG6,0,0,0
CAN-PNM6QFUNU5,0,0,0
CAN-U4B8C8Q8XM,0,0,0
CAN-U2P021V7VS,0,0,0
CAN-TOZ6T9E4XX,0,0,0
CAN-RF3ULJEXK7,0,0,0
CAN-G4M20BNWJC,0,0,0
CAN-OZSAZU0P79,0,0,0
CAN-0XI2NTJUR7,0,0,0
CAN-OU8TEHXLQC,0,0,0
CAN-5QE7JFKG8R,0,0,0
CAN-6J9VDVX844,0,0,0
CAN-ZJYH7JATV3,0,0,0
CAN-HFIIC7E2C5,0,0,0
CAN-UHWME9GBHF,0,0,0
CAN-P4D8M7KZW9,0,0,0
CAN-5US1P8V03X,0,0,0
CAN-IV7I352BGK,0,0,0
CAN-DMW3LV8WWE,0,0,0
CAN-Z2JY2B55S9,0,0,0
CAN-0L9OK2A9ID,0,0,0
CAN-POHT9T4J6G,0,0,0
CAN-B5RUNBUA2B,0,0,0
CAN-6AD9QSXJ1E,0,0,0
CAN-18AD05AK7K,0,0,0
CAN-DIZH2DMRBR,0,0,0
CAN-MICO1LZBN2,0,0,0
CAN-5S3RFCNC5H,0,0,0
CAN-892QBFN07U,0,0,0
CAN-0RU9DNPH9L,0,0,0
CAN-KZRAB13DWS,0,0,0
CAN-JDGWROVX7Y,0,0,0
CAN-PIX2G0XKPK,0,0,0
CAN-2M5ZUP8SXX,0,0,0
CAN-5FCQF6TW3M,0,0,0
CAN-XJ04LH2FD4,0,0,0
CAN-ZO2BHYCK79,0,0,0
CAN-UFECW3ET6O,0,0,0
CAN-HBP9JQBZND,0,0,0
CAN-QVML40ZX8H,0,0,0
CAN-8H30ZRSKFR,0,0,0
CAN-OCF2Z7XPR5,0,0,0
CAN-8AKC6T5UDD,0,0,0
CAN-RQJCVRG2ZZ,0,0,0
CAN-8V9EDPEV3Y,0,0,0
CAN-2MRGYFZICW,0,0,0
CAN-1T3C8VY1X5,0,0,0
CAN-BET67NJL1X,0,0,0
CAN-YZN0W9BL29,0,0,0
CAN-VZ35VNYJMI,0,0,0
CAN-2E9TW6IG6P,0,0,0
CAN-N6QBGE4JYX,0,0,0
CAN-TVE0I4R8M2,0,0,0
CAN-FZ73NJYRB7,0,0,0
CAN-C0YUI7AR5L,0,0,0
CAN-4R3HL2XZSI,0,0,0
CAN-GFGJ12TBJ6,0,0,0
CAN-KG5OVJI6ZT,0,0,0
CAN-RX13BCFI0B,0,0,0
CAN-5QG6VDFEME,0,0,0
CAN-LKYXO2EN18,0,0,0
CAN-CGCFM0LIMM,0,0,0
CAN-BKZ5EW4TSR,0,0,0
CAN-JFI9AI3K2W,0,0,0
CAN-CIN8W9P686,0,0,0
CAN-S3QSS7IZW3,0,0,0
CAN-7CYOHHYE0I,0,0,0
CAN-AI6O9UTU8G,0,0,0
CAN-FOD7CGUYPH,1,0,0
CAN-5GWNCG1H1O,0,0,0
CAN-J8CHSFSGUA,0,0,0
CAN-4NM89AK2TO,0,0,0
CAN-H850PSAFWY,0,0,0
CAN-UYNPU22XAJ,0,0,0
CAN-KP1WYJ807K,0,0,0
CAN-BY8TNXSYY5,0,0,0
CAN-BWLPVC4IQ4,0,0,0
CAN-Y72U99T394,0,0,0
CAN-6DFR6RRL6K,0,0,0
CAN-OHKKF3MKJ3,0,0,0
CAN-JGIYIFPSWR,0,0,0
CAN-T3CGD4T9EC,0,0,1
CAN-ZWTPYP4LWM,0,0,0
CAN-F7MVCZ73UM,0,0,0
CAN-V8H6YGBUSQ,0,0,0
CAN-5A1LXDVW46,0,0,0
CAN-0NHQ24X4LE,0,0,0
CAN-3UU6U95YRS,0,0,0
CAN-2D9IJA092C,0,0,0
CAN-P3E8B1S1YE,0,0,0
CAN-112IM783D7,0,0,0
CAN-0OSDRM8WGH,0,0,0
CAN-RS067LUXEB,0,0,0
CAN-SN4ZOUU4TU,0,0,0
CAN-43OL2OJHLY,0,0,0
CAN-6TP4LY965F,0,0,0
CAN-DV76H5K62X,0,0,0
CAN-5L6QZ64O76,0,0,0
CAN-PU39XUTGGO,0,0,0
CAN-9537AX5UDX,0,0,0
CAN-F7X3UI0PXF,0,0,0
CAN-5F4F3TUQ9M,0,0,0
CAN-BM5SIDEM5J,0,0,0
CAN-HDZ8YPAF3S,0,0,0
CAN-BQW0BQTV81,0,0,0
CAN-2S3SLNW6VG,0,0,0
CAN-89TL6LN1QM,0,0,0
CAN-0K73FF5ZJY,0,0,0
CAN-F8XXVQ3FOH,1,1,0
CAN-KPMWJHT0FW,0,0,0
CAN-HTU9U0J64U,0,0,0
CAN-1B3ME7X02M,0,0,0
CAN-U4ISBEMDKM,0,0,0
CAN-EX4EC4VSLX,0,0,0
CAN-EUAIP7U6F4,0,0,0
CAN-W8PQ442SSO,0,0,0
CAN-JKMYL498RA,1,1,0
CAN-RIHK4Y2NO7,0,0,0
CAN-L6EWSLOUPX,0,0,0
CAN-5ILV58TSSO,0,0,0
CAN-2SWAHRFWRN,0,0,0
CAN-GMVQ3TFY6G,1,1,1
CAN-6JM5G0EIX8,0,0,0
CAN-O21U34RHL7,0,0,0
CAN-KXL54R6ETV,0,0,0
CAN-5EN014CIMD,0,0,0
CAN-34PR5HNK0F,0,0,0
CAN-93R4OHM0IL,0,0,0
CAN-JIWT8N57J5,0,0,0
CAN-KBTJIR5AI8,0,0,1
CAN-KM6VR7M69W,0,0,0
CAN-Y9U4ZVACYA,0,0,0
CAN-4X7NG3KBYL,2,1,0
CAN-XA1UCDM9R7,0,0,0
CAN-5HJXXKT828,0,0,0
CAN-BLO4UY4J8Q,0,0,0
CAN-BP5ZZT70CD,0,0,0
CAN-ALSKVWAHV5,0,0,0
CAN-YTJ45R5T9S,0,0,0
CAN-52CASZP351,0,0,0
CAN-SFKX99YI7I,0,0,0
CAN-RZMHH94CR6,0,0,0
CAN-EV41VR82ZT,0,0,0
CAN-76UXSJGRBK,0,0,0
CAN-PWKLJEDIBJ,0,0,0
CAN-PHLQXO5LCN,0,0,0
CAN-II8SQ8P5QQ,0,0,0
CAN-LGCN3Y9Y0N,0,0,0
CAN-S720500BG8,0,0,0
CAN-JWE8HTA89M,1,0,0
CAN-I0Q451OME6,0,0,0
CAN-P8E8M63GZG,0,0,0
CAN-AFZR4ZDI7F,0,0,0
CAN-XBVTCL4FLT,0,0,0
CAN-RI4FEVBL0S,0,0,0
CAN-TNH6K5Q0EC,0,0,0
CAN-P5AGB0DYBN,0,0,0
CAN-ZET1R3W6WK,0,0,0
CAN-GW6PGBCEX7,0,0,0
CAN-WJKM5ZGIDX,0,0,0
CAN-91GJR7JTMD,0,0,0
CAN-ML3X2W2UKZ,0,0,0
CAN-906TKPLNHD,0,0,0
CAN-XEYEYZ6R2V,0,0,0
CAN-MFNB58GYSJ,0,0,0
CAN-SH0N1YYRZ1,0,0,0
CAN-58BDVRCHB2,0,0,0
CAN-XJY3VV5J0A,0,0,0
CAN-WL0SAGUDPX,0,0,0
CAN-ER2QZ98GX8,0,0,0
CAN-NFSPXUAENX,0,0,0
CAN-73P1MENQ9G,0,0,0
CAN-LDRDYJFQSA,0,0,1
CAN-LOC81HSLDZ,0,0,0
CAN-ML82X8IVHM,0,0,0
CAN-Q1UG152UL4,0,0,0
CAN-MDBOW7ND3N,0,0,0
CAN-XXZW5A1SFD,0,0,0
CAN-0HCUBFY63N,0,0,0
CAN-IF0I68WF66,0,0,0
CAN-EKD355LSNV,0,0,0
CAN-R0TVB9AWYW,0,0,0
CAN-YYNQRFOADE,0,0,0
CAN-F0PN2HEEBV,1,1,0
CAN-41W8BCQO7X,0,0,1
CAN-ZFR7HD3VV7,0,0,0
CAN-PTMU9M8CJZ,0,0,0
CAN-AKL654OLTL,0,0,0
CAN-DCDYQRJSON,0,0,0
CAN-JP1XTCS3BM,0,0,0
CAN-0YXFCGVYDX,0,0,0
CAN-5YSSRYW2AP,0,0,0
CAN-358FLU5HXT,0,0,0
CAN-THAICHHTU8,0,0,0
CAN-WVX2VB618D,0,0,0
CAN-1PRB9UDN9X,0,0,0
CAN-GVUHIDI0YV,0,0,0
CAN-DYKL8ZO8R6,0,0,0
CAN-D1Z718W0LO,0,0,0
CAN-BSGLVKXVW2,0,0,0
CAN-BRTWJK51MV,0,0,0
CAN-RSMQEZHP4D,0,0,0
CAN-LKXNU7VMJ2,0,0,0
CAN-ONB4LRVL6R,0,0,0
CAN-W10K050YRE,0,0,0
CAN-SKK0M1JGGC,0,0,0
CAN-7U8N47ZFV5,0,0,0
CAN-S4L9CLEV55,0,0,0
CAN-64Z964B4SM,0,0,0
CAN-3N9J504Q0I,0,0,0
CAN-XJ35BV67GO,0,0,0
CAN-HEEW7U7G7V,0,0,0
CAN-9VAO5YRKGD,0,0,0
CAN-FO3WNB4763,0,0,0
CAN-6Q5ON1AC54,0,0,0
CAN-9I09NCT6OG,0,0,0
CAN-SOX8Q071KV,0,0,0
CAN-SRETMBYF20,1,0,0
CAN-AWENZMC6HA,0,0,0
CAN-RC5A4S037F,0,0,0
CAN-6BKFCG7X01,0,0,0
CAN-ZX6HI17PSG,0,0,0
CAN-2LX6X04XIR,0,0,0
CAN-9OUXX8YAOB,0,0,1
CAN-T691X6C1E6,0,0,0
CAN-B2JPGW27M6,0,0,0
CAN-VCNLUSMF62,0,0,0
CAN-JQJW61FXC6,0,0,0
CAN-LIH1IBG77G,0,0,0
CAN-X1PLMV2ATM,0,0,0
CAN-1BJV9H7BP1,0,0,0
CAN-OCV1H31QU5,0,0,0
CAN-IWD898Y25C,0,0,0
CAN-CRLXZ6D03M,0,0,0
CAN-KLX44J03YU,0,0,0
CAN-562GYYL0HE,0,0,0
CAN-U8FB3M8E6A,0,0,0
CAN-8D5KU7HW8I,0,0,0
CAN-KBZPQKF72Z,0,0,0
CAN-G7E41YWLOI,0,0,0
CAN-NBYFB817AG,0,0,0
CAN-3CKUGU9AR8,0,0,0
CAN-0R9Z97B0AI,0,0,0
CAN-ZQBECB1YZF,0,0,0
CAN-Q2YIWCXBC9,0,0,0
CAN-8PU2JZNHHM,0,0,0
CAN-9J13VO0DI3,0,0,0
CAN-6Z7Z49EBI2,0,0,0
CAN-VDBY1K6TRF,0,0,0
CAN-CF79WI04QM,0,0,0
CAN-AQAS4XH3Y6,0,0,0
CAN-3LP2JGB6VG,0,0,0
CAN-MJB0XK1CJ6,0,0,0
CAN-XZ993T53M1,0,0,0
CAN-3QL90YRKAQ,0,0,0
CAN-IE5380ZYS7,0,0,0
CAN-KWNWJDJ3G4,0,0,0
CAN-0K66T0VA20,0,0,0
CAN-5XKCPAM77O,0,0,0
CAN-70QYELZOVK,0,0,0
CAN-4SQI5UV2G6,0,0,0
CAN-EF6CJLWDG7,0,0,0
CAN-Q908POJH5W,0,0,0
CAN-46YLMFH66W,0,0,0
CAN-LAEPAPVF74,0,0,0
CAN-9546MNW5B4,0,0,0
CAN-0OOWJ07RUN,0,0,0
CAN-GBHQBOBVPR,0,0,0
CAN-BDWF22CYUA,0,0,0
CAN-13N4K3S7IU,0,0,0
CAN-8VFRVGXEMN,0,0,1
CAN-3LR30HOY0Y,0,0,0
CAN-YTM3I5X9NR,0,0,0
CAN-XJ6PIEH9LU,0,0,0
CAN-6CTPBWB1RU,0,0,0
CAN-WACRT5V7BU,1,0,0
CAN-A8EO57MPML,0,0,0
CAN-VP9KR0D6BW,0,0,0
CAN-VRDQ2EC1PJ,0,0,0
CAN-7MZUONCKTS,1,0,0
CAN-LGDMTRCYG4,0,0,0
CAN-DF9FOQYYR2,0,0,0
CAN-6RVAR91O3N,0,0,0
CAN-YCQK7ACB2O,0,0,0
CAN-OSKIPMVUD2,0,0,0
CAN-4XVXTQY8BR,0,0,0
CAN-FK70OPI2M6,0,0,0
CAN-4EXMAGPLS8,0,0,0
CAN-VQ3X8Z9FDM,0,0,0
CAN-8746KS0WI1,0,0,0
CAN-BLZ6L4C9VS,0,0,0
CAN-WERO1AQ1YT,0,0,0
CAN-GXVBQR1I3D,0,0,0
CAN-HTCC3AN46E,0,0,0
CAN-QPTMQI43UI,0,0,0
CAN-AIMB5E0DL1,1,1,0
CAN-GZC0GNF738,0,0,0
CAN-N414JR2JV2,0,0,0
CAN-4GLEUEQ05V,0,0,0
CAN-B61MLBWAJJ,0,0,0
CAN-LSZZDK0OUH,0,0,0
CAN-GDMRKB974M,0,0,0
CAN-9N3KUK4ESZ,0,0,0
CAN-UMXIVY6QX2,0,0,0
CAN-IH4O10GNER,0,0,0
CAN-ZDDEP3I15X,0,0,0
CAN-714MGWTX5N,0,0,0
CAN-4E9LVA4CBS,0,0,0
CAN-FMZE2CVDPC,0,0,0
CAN-GLFKY9TY0S,0,0,0
CAN-00DCKQUIX3,0,0,0
CAN-HSKQSHTQFG,0,0,0
CAN-9RFKRT8E9R,0,0,0
CAN-WXT60XYECP,0,0,0
CAN-ACFQP8HI5N,0,0,0
CAN-WZ5R7K3DC0,0,0,0
CAN-RSV2IBPOB3,0,0,0
CAN-70XR0VMB86,0,0,0
CAN-LQ77FH6B3T,0,0,0
CAN-XQNZC9QLN0,0,0,0
CAN-NU1QRB568L,0,0,0
CAN-XUTYC7DKOR,0,0,0
CAN-YO58PHPSK8,0,0,0
CAN-M60YR5PH4D,0,0,0
CAN-S6ZKPJRC0O,0,0,0
CAN-53C1ACUVT3,0,0,0
CAN-XGFWMQ1A7N,0,0,0
CAN-O6V9R77KD9,0,0,0
CAN-9WYSGWAAI8,0,0,0
CAN-HOUMA2I58V,0,0,1
CAN-27N4DVK5DR,0,0,0
CAN-6KR2JU6D7D,0,0,0
CAN-6A78VRNZMQ,0,0,0
CAN-C9I5KO3Z7R,0,0,0
CAN-ZRPFWFPFKF,0,0,0
CAN-ELPQ2N3TRS,0,0,0
CAN-8F0Y6ZKVIR,0,0,0
CAN-OHO5640KCJ,0,0,1
CAN-6TX7S6JFMB,0,0,0
CAN-EG0I7X1IRA,0,0,0
CAN-EFEX2AY14B,0,0,0
CAN-8YXCOL84NZ,1,1,0
CAN-HNXP7W4MEV,0,0,0
CAN-ULBJ7X73OT,0,0,0
CAN-FWX6RPK0UO,0,0,0
CAN-IPI65MYN9O,0,0,0
CAN-OKMGGD6KWU,0,0,0
CAN-AY5F6FAMEW,0,0,0
CAN-0RAPZ6TGC9,0,0,0
CAN-5L3GXQJJXB,0,0,0
CAN-RKG32LAM67,0,0,0
CAN-LYMP24LWCB,1,1,1
CAN-9H8VRFUEMX,0,0,0
CAN-JUDHP15RCW,0,0,0
CAN-GPBDL1NWQU,0,0,0
CAN-1HDNT7OJBQ,0,0,0
CAN-SCXS6GTVGD,0,0,0
CAN-QOFA7Y0TB0,0,0,0
CAN-424ZDAO2YV,0,0,0
CAN-VQIVPPKA83,0,0,0
CAN-CJLXO5NOYB,0,0,0
CAN-UFM9B7RUOH,0,0,0
CAN-LPT3EKY2R2,0,0,0
CAN-7OLJFFUOTN,0,0,0
CAN-Q8VJ9G5GTB,0,0,0
CAN-FYWAOASS16,0,0,0
CAN-65QV3OD6PG,1,0,0
CAN-HPC5C5W6KH,0,0,0
CAN-IGZN18POU7,0,0,0
CAN-XBAOI5AG6L,0,0,0
CAN-YR2VP1O8UM,0,0,0
CAN-YJS30W7BAS,0,0,0
CAN-3H2ZQ20HYA,0,0,0
CAN-D1LLEVY58E,0,0,0
CAN-62PUOVL8Z4,0,0,0
CAN-QWJMQYN73E,0,0,0
CAN-2B1GJDP147,0,0,0
CAN-K0DQV0MQVR,0,0,0
CAN-W27TDJXPKQ,0,0,0
CAN-DOH0PYKIYL,0,0,0
CAN-GW9TAVNRX8,0,0,0
CAN-A6YLVLOAWL,0,0,0
CAN-N816ZQILF0,0,0,0
CAN-ZD5D4EFNXC,0,0,0
CAN-EMEKQH031J,0,0,0
CAN-0N1EXZKM58,0,0,0
CAN-G2FM0CB1IU,0,0,0
CAN-3YU75PFRVS,0,0,0
CAN-3DSSQ8V7VA,0,0,0
CAN-TZTI6AZ7V6,0,0,0
CAN-26P5A9I6IW,0,0,0
CAN-FMYQIB5NB3,0,0,0
CAN-4QWJ820O88,0,0,0
CAN-MIMSRGBUFX,0,0,0
CAN-MV0RS0W78M,0,0,0
CAN-S7IRY1QPPI,0,0,0
CAN-E86F7YAN2L,0,0,0
CAN-807LXV7F82,0,0,0
CAN-J4JADZJMOB,0,0,0
CAN-HCUF9EUYOZ,0,0,0
CAN-9KLYFQEU2K,0,0,0
CAN-YFE7HRLL1S,0,0,0
CAN-8YKJDJF693,0,0,0
CAN-9RSMGGD1Q6,0,0,0
CAN-0XDLVLRV5E,0,0,0
CAN-A51DRJZQWV,0,0,0
CAN-Z17KAIJR25,0,0,0
CAN-TJP6J7LGBJ,0,0,0
CAN-5BHKEKMA2Z,0,0,0
CAN-9Y4E8DVX0U,0,0,0
CAN-JYBMNY3MH4,0,0,0
CAN-OF8JBJLOI4,0,0,0
CAN-EAZAE8BT7A,0,0,0
CAN-KAFJHVEEJX,1,0,0
CAN-TFSGO72GCH,0,0,0
CAN-5V0VAHHE1G,0,0,0
CAN-FT6TDI0EQF,0,0,0
CAN-QHXKFG91LT,0,0,0
CAN-9XZ5FAJCNF,0,0,0
CAN-LBC54C8AYJ,0,0,0
CAN-TY13BX7I0K,0,0,0
CAN-557X8Q7A9I,0,0,0
CAN-25PCC2A9MF,0,0,0
CAN-30OM4HXVJL,0,0,0
CAN-WJ4SF4T3FE,0,0,0
CAN-KPCABVB1GO,0,0,0
CAN-56NGPDUGKO,0,0,0
CAN-9RCCVU9AR1,0,0,0
CAN-HNBOI3YCYH,0,0,0
CAN-YU670LEDAU,0,0,0
CAN-8QIV0CN7T9,0,0,0
CAN-FF7X8UNI8U,0,0,0
CAN-HNHZKKFNLR,0,0,0
CAN-2FTLKLSQ75,0,0,0
CAN-AYQ0A0WSTV,0,0,0
CAN-XJC97568QB,0,0,0
CAN-WJQD9W00NL,0,0,0
CAN-VCJOMAX36T,0,0,0
CAN-XASM26MDYW,0,0,0
CAN-G4ZD5N18NT,0,0,1
CAN-JYV51NRY9N,0,0,0
CAN-DDE273J8QC,0,0,0
CAN-LZJWI63ZKT,0,0,0
CAN-XCF865ENF4,0,0,0
CAN-JCP6J3SW76,0,0,0
CAN-Z35ZJEGSSP,0,0,0
CAN-8NQEINPOB3,0,0,0
CAN-IXXZV1ZYHN,0,0,0
CAN-JJO81VPD46,0,0,0
CAN-W9O5L4P878,0,0,0
CAN-GXWNWS1QD9,1,1,0
CAN-IS1ZC6BSMR,0,0,0
CAN-DC92CICQ3E,0,0,0
CAN-3L9PECKRSW,0,0,0
CAN-J6WQQ5YXQZ,0,0,0
CAN-0PQ4JRHOUX,0,0,0
CAN-X3N5XDNP94,0,0,0
CAN-1OVFRV7TTU,0,0,0
CAN-X5TWBLR352,0,0,0
CAN-30WX81N4ES,0,0,0
CAN-2Y6TSF6GIG,0,0,0
CAN-WHY3GADLGF,0,0,0
CAN-FOK14PY5C1,0,0,0
CAN-JCIOORVNON,0,0,0
CAN-BWFHYL6LLD,0,0,0
CAN-Z87L90W0PC,0,0,0
CAN-9IA9I8MKXA,0,0,0
CAN-4LYJJBH6F4,0,0,0
CAN-0TB6AL3N70,0,0,0
CAN-HJUAUUOOQM,1,0,0
CAN-OEJ3RHUCP8,0,0,0
CAN-G9FY1EBFWI,0,0,0
CAN-M4ZL7S6DGS,0,0,0
CAN-BXODNQGI17,0,0,0
CAN-5XST5EPJBY,0,0,0
CAN-0L54BNVIQB,0,0,0
CAN-7U5U2ZVP8D,0,0,0
CAN-8AE9WTOMBQ,1,1,0
CAN-IXWMDTL3HR,0,0,0
CAN-V6RXJKXFC0,0,0,0
CAN-VOZ52UEJPQ,0,0,0
CAN-ULYCDM5488,0,0,0
CAN-94FYYU6TOT,0,0,0
CAN-7SDYB7FYSW,0,0,0
CAN-VQWAV8O384,0,0,0
CAN-VRU0IVL25N,0,0,0
CAN-5XIDHAPPV5,0,0,0
CAN-E5RK51LRQO,0,0,0
CAN-G1DB7JWC1G,0,0,0
CAN-XVULICZG2M,0,0,0
CAN-7PQW8PI5B2,0,0,0
CAN-6X68SMKABT,0,0,0
CAN-O0M4WKU6K1,0,0,0
CAN-U3TCQ4JHX6,0,0,0
CAN-6LGDGSICL9,0,0,0
CAN-ZL5E160VIV,0,0,0
CAN-0ZU2MNB9IH,0,0,0
CAN-A3NEM6YNVM,0,0,0
CAN-VOHXITV34S,0,0,0
CAN-OB9WC3QL4K,0,0,0
CAN-UQQIYRW0PD,0,0,0
CAN-JIKMS2Q5P3,0,0,0
CAN-QMLDTUX94P,0,0,0
CAN-JGZ4Y9A1Q0,0,0,0
CAN-L8HDD4AAXD,0,0,0
CAN-VAHVPT317B,0,0,0
CAN-N4A5SH2KL7,0,0,0
CAN-9A09DNYH43,0,0,0
CAN-QJOF1FV9VK,0,0,0
CAN-Y95MZGKW0R,0,0,0
CAN-07MYDBBTQZ,0,0,0
CAN-ZVG1D7DK36,0,0,0
CAN-956RPGWM0A,0,0,0
CAN-095QBECY15,0,0,0
CAN-I81AVEBMV8,0,0,0
CAN-K3XTMJ34KS,1,1,1
CAN-CPMRL5PTMP,0,0,0
CAN-08GBKW27H7,0,0,0
CAN-VI9TJ5TFKM,0,0,0
CAN-N37W9TF22U,0,0,0
CAN-SM34VTCE0E,0,0,0
CAN-5CFICVORWJ,0,0,0
CAN-9E0MNTDSL6,0,0,0
CAN-UPHEN28ZRO,0,0,0
CAN-LY1D0CH9GA,0,0,0
CAN-REU02RJT8B,0,0,0
CAN-V04R0SMX7A,0,0,0
CAN-EBTGVV3RXM,0,0,0
CAN-LQ9HSIZN8I,0,0,0
CAN-AUDD5JJ7TY,0,0,0
CAN-ZA6PIK08V3,0,0,0
CAN-QYQYVF58KL,0,0,0
CAN-FLZ1QT1OJ8,0,0,0
CAN-QPJYTR2S0F,0,0,0
CAN-SXF1BQ556P,0,0,0
CAN-XDY01NP3S9,0,0,0
CAN-RP348ZTLS1,0,0,0
CAN-73HFRFYZSD,0,0,0
CAN-V0VZZK31ZG,0,0,0
CAN-HPFS1K14OB,0,0,0
CAN-OL5ME27NUG,0,0,0
CAN-9KU515KHWM,0,0,0
CAN-2QWMJ5MV4B,0,0,0
CAN-PIKMH0KI5Z,0,0,0
CAN-19HWCHBK1G,0,0,0
CAN-VO12F9IV33,0,0,0
CAN-POQGNKGB5L,0,0,0
CAN-UCWZD4WA6W,0,0,0
CAN-6JHGY4EBFU,0,0,0
CAN-ZMZCRMVW8N,0,0,0
CAN-18ICEAKXAY,0,0,0
CAN-UV8XNAGWPP,0,0,0
CAN-MSJNVWXIF3,0,0,0
CAN-6SU2DLWX9A,0,0,0
CAN-2XSQZON5NS,0,0,0
CAN-AR17R0D747,0,0,0
CAN-QLMROPDHAP,0,0,0
CAN-9BPA1CGILW,0,0,0
CAN-UJ50RDOJS4,0,0,0
CAN-28Y96BBKG7,0,0,0
CAN-P64HPJDIYG,0,0,0
CAN-FCMFX5BL17,0,0,0
CAN-1UQ9NKCZ6E,0,0,0
CAN-O82WMMGGMG,0,0,0
CAN-J9X20A9WZO,0,0,0
CAN-G7ZKBUDW7I,0,0,0
CAN-V205ALPH4Y,0,0,0
CAN-PE32YJZCX8,0,0,0
CAN-GIZDA446ND,0,0,0
CAN-IZM0F94TMK,0,0,0
CAN-5MUKSQ8FXE,0,0,0
CAN-IBXXI1N3TB,0,0,0
CAN-5F2UQ4OP7R,0,0,0
CAN-4DJ2K7QGWT,0,0,0
CAN-PGUL05LC2A,0,0,0
CAN-Z3ND19QHIV,0,0,0
CAN-XEFO7URQYQ,0,0,0
CAN-E7IZLLRLTY,0,0,0
CAN-DIVISMC9DP,1,1,0
CAN-YJ68HLKJD1,0,0,0
CAN-3WYKSSFVER,0,0,0
CAN-NF8YUSJKNG,0,0,0
CAN-HBAK6C5WUQ,0,0,0
CAN-IJM5DKLM9X,0,0,0
CAN-FSU1HQRXLN,0,0,0
CAN-ATG3FH9AKR,0,0,0
CAN-X4MEGEYCFY,0,0,0
CAN-45W32J002Z,0,0,0
CAN-IU6IORV7FN,0,0,0
CAN-0Z1KJ0F1PR,0,0,0
CAN-FWHULQMFEH,0,0,0
CAN-WLGG02C0DV,0,0,0
CAN-H5UFMMBBSN,0,0,0
CAN-WI0BY2UZMN,0,0,0
CAN-5GK0TZ0P0O,0,0,0
CAN-THA4Y9FYAN,0,0,0
CAN-19DHL7LLBH,0,0,0
CAN-06VNECZN5B,0,0,0
CAN-O4S3T3MCQB,0,0,0
CAN-VDAXNBX9NK,0,0,0
CAN-LE5D5D3M06,0,0,0
CAN-V9M5ANAVAQ,0,0,0
CAN-4A4P6I3YY5,0,0,0
CAN-G5K98AJET9,0,0,0
CAN-N1EGN1WPA9,0,0,0
CAN-4XCQT4XRLM,0,0,0
CAN-IL0328NR49,0,0,0
CAN-9JD6HEBAGS,0,0,0
CAN-M50PYN0ODR,0,0,0
CAN-40LI9Y6YR0,0,0,0
CAN-LWCTI9WPZD,0,0,0
CAN-0MY54PKUTW,0,0,0
CAN-ADXZT2LSD2,0,0,0
CAN-YHQVT2YGC4,2,0,0
CAN-7A34STXJIJ,0,0,0
CAN-KW9M0BVSNI,0,0,0
CAN-ZT3OGP0JXS,0,0,0
CAN-QEBAW1S5XS,0,0,0
CAN-CMN92X3QCJ,0,0,0
CAN-AS1L3GHJZR,0,0,0
CAN-HI0KHFI3TL,0,0,0
CAN-OVU436J0O1,1,1,0
CAN-3R3RAJN9BY,0,0,0
CAN-2JQGF26XA7,0,0,0
CAN-6JFP34RIT1,0,0,0
CAN-KN7ALLYH7U,0,0,0
CAN-SBFPSP1MZA,1,1,0
CAN-3T0IOF38LH,0,0,0
CAN-T39DROMWDA,0,0,0
CAN-NDVG9T6GVC,0,0,0
CAN-8DR0HKOJEV,0,0,0
CAN-EBNCCF9WVB,0,0,0
CAN-NM7PT4SHMT,0,0,0
CAN-5IOC5JZIIP,0,0,0
CAN-H2OM1ON12K,0,0,0
CAN-8KG24WFJIV,0,0,0
CAN-6UKR8YZ4GT,0,0,0
CAN-1HB6JUPDHK,0,0,0
CAN-IHGVEFD56U,0,0,0
CAN-7N7M8X7ZHC,0,0,0
CAN-NRINO2QY45,0,0,0
CAN-Y4T0MR6RA2,0,0,0
CAN-CMDQKDOCSP,0,0,0
CAN-Q7PERRPY64,0,0,0
CAN-IAURK7AHY3,0,0,0
CAN-8M9FV7G0CF,0,0,0
CAN-EEMQYBE6QZ,0,0,0
CAN-6TMFZABDTH,0,0,0
CAN-RVU16RVI7G,0,0,0
CAN-YCGH1PA4IR,0,0,0
CAN-NLKMFT40KT,0,0,0
CAN-1TB9DCAL4N,0,0,0
CAN-SERAOKERWA,0,0,0
CAN-LWWDF3WF6A,0,0,0
CAN-Y82GCQR2UD,0,0,0
CAN-831EODFVP8,0,0,0
CAN-AY5NDLO838,0,0,0
CAN-Q1OX9CWLGR,0,0,0
CAN-J87TUAAPCV,0,0,0
CAN-60JYA58E8X,0,0,0
CAN-51X57K9DC2,0,0,1
CAN-VKVY1SM75M,0,0,0
CAN-TMNCTNMCJQ,0,0,0
CAN-XT4FMR796D,0,0,0
CAN-TGZONW9PBU,0,0,0
CAN-DX3MJKAGYL,0,0,0
CAN-R3OS8BVXSC,0,0,0
CAN-VHIJVPARK8,0,0,0
CAN-DW0W3WAAQG,0,0,0
CAN-JCHQFKG3EH,0,0,0
CAN-TD6NRWHU2N,0,0,0
CAN-YUF1UIU4UE,0,0,0
CAN-IH8QA2MYJE,0,0,0
CAN-GIJKY035A6,0,0,0
CAN-4UV0B00BCF,0,0,0
CAN-2PDY8M81H6,0,0,0
CAN-JGF98EYLRG,0,0,0
CAN-VPA4T6Q883,0,0,0
CAN-8V7I31ESQI,0,0,0
CAN-GWM8NFJJKC,0,0,0
CAN-DK9LDA7HFP,0,0,0
CAN-0B2FWIGWXI,0,0,0
CAN-7TCVJX174C,0,0,0
CAN-0SRT8FDJI7,0,0,0
CAN-3RXEZN4P80,0,0,0
CAN-3CBR1QRAPC,0,0,0
CAN-WL2TD9031W,0,0,0
CAN-MIFJTFPC7C,0,0,0
CAN-0A6MHA2NM2,0,0,0
CAN-CTFK1EI7YG,0,0,0
CAN-FVPXP9IPUU,0,0,0
CAN-C59KG1UJJL,0,0,0
CAN-W41T478D04,0,0,0
CAN-VXK1I1UMT4,0,0,0
CAN-SSNNKJ5JOM,0,0,0
CAN-S6NMA1DJN5,0,0,0
CAN-FTKCMP8J58,0,0,0
CAN-13P9GPN8BQ,0,0,0
CAN-FW25LT47Z3,0,0,0
CAN-BT2OFRNY3S,0,0,0
CAN-H4GUO3MTJY,0,0,0
CAN-W30OMN27D2,0,0,0
CAN-4GJ9VLJ8FO,0,0,0
CAN-M4WSJ3708R,0,0,0
CAN-C42EDU8FUO,0,0,0
CAN-DHVN5O35AD,0,0,0
CAN-HI89X98432,0,0,0
CAN-N694WGEFWE,0,0,0
CAN-3XL8NIN53A,0,0,0
CAN-RQIV1Z3E8K,0,0,0
CAN-AG9ELCJZ3F,0,0,0
CAN-QWYNVVUN24,0,0,0
CAN-T8A9PGNQAP,0,0,0
CAN-8WRGK4D798,0,0,0
CAN-PIZ1XF2H6R,0,0,0
CAN-9U4FTJYV59,0,0,0
CAN-NGG95OLIVE,0,0,0
CAN-53RZDSNBGS,0,0,0
CAN-PJ4F0ZD7B8,0,0,0
CAN-CTC8N00USX,0,0,0
CAN-L532M3XW3A,0,0,0
CAN-S7WMSZWVWY,0,0,0
CAN-3AGBP1GDD7,0,0,0
CAN-QS3C23F1XB,1,1,1
CAN-DVESHRR0BP,0,0,0
CAN-24PAQG8S3U,0,0,0
CAN-VRWO5JUET3,0,0,0
CAN-PILEAIYFOE,0,0,0
CAN-6O8KE7NLYD,1,1,1
CAN-U1WEHJJBY6,1,1,0
CAN-TORHGX5SIV,0,0,0
CAN-3J3PKVYEAA,0,0,0
CAN-91JK9C5RTE,0,0,0
CAN-FG1IDH9MVH,0,0,0
CAN-PMS3IB3O45,0,0,0
CAN-J6O6MCZ4XD,0,0,0
CAN-CQ5C04IBN3,0,0,0
CAN-0BVTPMSGJM,1,1,0
CAN-N8280KMNPH,0,0,0
CAN-VLSU4JQ96Y,0,0,1
CAN-9VK3SDVKWW,0,0,0
CAN-T3JMMHE7AU,0,0,0
CAN-JNI34N6HJZ,0,0,0
CAN-1EBYS5QJJD,0,0,0
CAN-O6D1Z58F1X,0,0,0
CAN-A3O99S9PE2,0,0,0
CAN-9XCJ3GNW5X,0,0,0
CAN-6EP6GXXTK9,0,0,0
CAN-9KMUPMRK9B,0,0,0
CAN-CXB2IX1KCG,0,0,0
CAN-RTL68CCUZW,0,0,0
CAN-HGWH94XUXH,0,0,0
CAN-50SM4RMNCN,0,0,0
CAN-IMIT2CO25Q,0,0,0
CAN-25XRXJR3GX,1,0,0
CAN-8C28P89HPG,0,0,0
CAN-PHSBVVY4GH,0,0,0
CAN-W0RZN5FFNF,0,0,0
CAN-ZRADB0J8PE,0,0,0
CAN-D95REYQJ30,0,0,0
CAN-NFDPTCTTOB,0,0,0
CAN-Z23AAAYQ0X,0,0,0
CAN-6OSZ3M3AF7,0,0,0
CAN-I3S3MM49KH,0,0,0
CAN-PXJQWGDOXL,0,0,0
CAN-O0PVXA60VN,0,0,0
CAN-ICAOZ3XA2W,0,0,0
CAN-NB1RD67A2M,0,0,0
CAN-BB7JWHE4DH,0,0,0
CAN-PLZBE7I52R,0,0,0
CAN-FJX6K7ZX6A,0,0,0
CAN-22NDGCYZK1,0,0,0
CAN-9VWYM7PGG8,0,0,0
CAN-N0NIOLJ8PO,0,0,0
CAN-JR75FSAO9V,0,0,0
CAN-80E2HCAKL6,0,0,0
CAN-F4YDY4WJUA,0,0,0
CAN-M36HQB8MV0,0,0,0
CAN-F7IAHLL9U3,0,0,0
CAN-2U4S16F4B1,0,0,0
CAN-HKBISJ3M2E,0,0,0
CAN-OG5WPGF41U,0,0,0
CAN-PUQY8OOMBJ,0,0,0
CAN-CSO2QIXY0M,0,0,0
CAN-8QJRS9XA7B,0,0,0
CAN-D6PFJX4155,0,0,0
CAN-U7HHINHO0Z,0,0,0
CAN-P51W28GC46,0,0,0
CAN-9MU9515INR,0,0,0
CAN-TRCFNYU011,0,0,0
CAN-6Y27W9MNSZ,0,0,0
CAN-M1MMXUK1KJ,0,0,0
CAN-O1TM2I2A35,0,0,0
CAN-NQTGMDLIXU,0,0,0
CAN-P5P7OS016N,0,0,0
CAN-BEN9ZI9CC5,0,0,0
CAN-A2D7N0G72Y,0,0,0
CAN-1JYMVIHT5V,0,0,0
CAN-CTJOXE5PDV,1,1,0
CAN-WQAF7KRZ8O,0,0,0
CAN-AZ319O073B,0,0,0
CAN-SMSVUFDDAQ,0,0,0
CAN-T9GCQYCRCV,0,0,0
CAN-07K7VDEEMK,0,0,0
CAN-579EF5E0ZJ,0,0,0
CAN-76S5RMK4Q9,0,0,0
CAN-IG5ALQTLV0,1,1,0
CAN-3AOODVIAIP,0,0,0
CAN-P47CFZEM7G,0,0,0
CAN-92MPE6TE6I,0,0,0
CAN-64XP8MAILJ,0,0,0
CAN-AAWKZLJ2RU,0,0,0
CAN-QSS2812YIF,0,0,0
CAN-7FWWPUMZVA,0,0,0
CAN-4D44BAHSHC,0,0,0
CAN-SH1S2U73U5,0,0,0
CAN-FEKPB2NDCA,0,0,0
CAN-UCXFAOX0SH,0,0,0
CAN-JA5539X0LS,0,0,0
CAN-STP1ADML7G,0,0,0
CAN-EC3ZL0A605,0,0,0
CAN-6O3A3SKULY,1,1,0
CAN-DDABBMED94,0,0,0
CAN-62BI9K0TGT,0,0,0
CAN-DK64NTY51Y,0,0,0
CAN-CHUD2NIUA2,0,0,0
CAN-IO5DSSRMI3,0,0,0
CAN-8I5W4T0CXY,0,0,0
CAN-QED96GR9K7,0,0,0
CAN-CBZX1RH5KI,0,0,0
CAN-5C69PICT2D,0,0,0
CAN-CZJSF3LU9G,0,0,0
CAN-2DDH3J8DFT,0,0,0
CAN-PL8UW4OZIF,0,0,0
CAN-X83JEQTGZH,0,0,0
CAN-ZTPLM5AKDE,0,0,0
CAN-NC7MTVF3ED,0,0,0
CAN-E23AZRFUG2,0,0,0
CAN-UFU3ZLUEYI,0,0,0
CAN-4K6LGXF9OF,0,0,0
CAN-JT1UR7D7E0,0,0,0
CAN-P6OVMXLYOQ,0,0,0
CAN-74IUE5R7LK,0,0,0
CAN-KRXE2HZ7CE,0,0,0
CAN-YMERZ7WFMP,0,0,0
CAN-5EAPU6HM4Q,0,0,0
CAN-DXL8QFZZGA,0,0,0
CAN-OBUQMLVE0V,0,0,0
CAN-KF2IPJAR9D,0,0,0
CAN-U31M2LWIG4,0,0,0
CAN-TQIERDX649,0,0,0
CAN-BM4DV8NJQS,0,0,0
CAN-BHONYFN914,0,0,0
CAN-92RFLSSA0S,0,0,0
CAN-KCKSKT6GY3,0,0,0
CAN-K8OTMRYC2N,0,0,0
CAN-KK3I7ER77V,0,0,0
CAN-SA1UCHKTQK,0,0,0
CAN-3NB4K4P67N,0,0,0
CAN-0T7YR4W2OW,0,0,0
CAN-QUYQWBR2B9,0,0,0
CAN-XM0DQ41KD8,0,0,0
CAN-SECAQPGP77,1,0,0
CAN-FWXFBEFNS9,0,0,0
CAN-8D65DEGNMT,0,0,0
CAN-O97G4ILV8T,0,0,0
CAN-3TO8K1GYWO,0,0,0
CAN-P9Y3D0CPN3,0,0,0
CAN-TBKCQDKOKG,0,0,0
CAN-EC9IG4PC8V,0,0,0
CAN-L33R3W3R3R,0,0,0
CAN-S9WGZSZUDM,0,0,0
CAN-KN25OTT9X1,0,0,0
CAN-5X86STPIQ4,0,0,0
CAN-JOTHCN4278,0,0,0
CAN-HQ3K1FGKFC,0,0,0
CAN-LNM5YR0YQY,0,0,0
CAN-CM7DYFBA7J,0,0,0
CAN-RZ2DB6J18N,0,0,0
CAN-C2CYEZP3YP,0,0,0
CAN-U7YFEMAOIR,0,0,0
CAN-5N3RUX7YHN,0,0,0
CAN-ME1AMRSXF2,0,0,0
CAN-9RNOR5Y0MN,0,0,0
CAN-48AYYZE91Y,0,0,0
CAN-DMA9OMZ8BU,0,0,0
CAN-ESDFET9CF9,0,0,0
CAN-2JZ7Q9T1TR,0,0,0
CAN-Z95QPONBCM,0,0,0
CAN-R18R0Y2KT1,0,0,0
CAN-Q3JVSZWOD3,0,0,0
CAN-A8NK7O6B11,0,0,0
CAN-HWA25Z2MI4,0,0,0
CAN-1N51Y44HFZ,0,0,0
CAN-VD8OCEUOX8,0,0,0
CAN-HR0NURNAEV,0,0,0
CAN-8H3R67K4Q8,0,0,0
CAN-40PE5943EN,0,0,0
CAN-0O4AH77TRO,0,0,0
CAN-Y3WUPP3ZCZ,0,0,0
CAN-NLZ9EMCUO7,0,0,0
CAN-2S199QL1ZD,0,0,0
CAN-OHA8ZD95AL,1,0,0
CAN-TZ4SKOO696,0,0,0
CAN-ZNVRR9SGRZ,0,0,0
CAN-1UULA5D03L,0,0,0
CAN-MKP2V46UCL,0,0,0
CAN-WT83YVPPYC,0,0,0
CAN-2MMOEDQKML,0,0,0
CAN-GH90DBJJ0V,0,0,0
CAN-9I1L5P8P16,0,0,0
CAN-YKCR0KS1QN,0,0,0
CAN-NTSQMGCGFU,0,0,0
CAN-RW896NBG8L,0,0,0
CAN-OPEAD20Z1X,0,0,0
CAN-U8UKGB6UGR,0,0,0
CAN-H0E8AMPNXP,0,0,0
CAN-6HAJKBW1PZ,0,0,0
CAN-K7NTMISJJM,1,0,0
CAN-CAIODKNI4V,0,0,0
CAN-A7EMZSPRNO,0,0,0
CAN-V3GRLPJ3NI,0,0,0
CAN-46RZOCBGPR,0,0,0
CAN-VGP3NUR17X,0,0,0
CAN-N84T99AXJD,0,0,0
CAN-9KGTX4XTPU,0,0,0
CAN-RSFTYEBD1L,0,0,0
CAN-UVGZXOP7WW,0,0,0
CAN-U2ZK33NF6L,0,0,0
CAN-VEKSTSVFZF,0,0,0
CAN-01RQV8GJVO,0,0,0
CAN-PM693Z78RT,0,0,0
CAN-RDMBVUEQFQ,0,0,0
CAN-HXY2F904DR,0,0,0
CAN-MRKN082QW8,0,0,0
CAN-EX28SOAIGX,0,0,0
CAN-7NETXW4QWY,0,0,0
CAN-NOPYQXM1YS,0,0,0
CAN-3D4AFGPD8X,0,0,0
CAN-4DUULVKZCQ,0,0,0
CAN-M35DYWGI8F,0,0,0
CAN-SJXG0QUFOB,1,0,0
CAN-6JKCCZ2L4X,0,0,0
CAN-9OGN8W9O8B,0,0,0
CAN-AQBS1T85D0,0,0,0
CAN-AUHE529DEL,0,0,0
CAN-RB7I4QYEUI,0,0,0
CAN-YEA4WUJGEO,0,0,0
CAN-A6RI0VKRFC,0,0,0
CAN-XR0KN3ZAG1,0,0,0
CAN-WTNXN2T8G4,0,0,0
CAN-ABTJ3UNKQU,0,0,0
CAN-WLBGC43SGX,0,0,0
CAN-4YBH2M8QST,0,0,0
CAN-0YTC0Q2BWJ,0,0,0
CAN-OMS0T8OU5Y,0,0,0
CAN-YNIIBSRTEW,0,0,0
CAN-YG4RL42O8N,0,0,0
CAN-9VJNUY58RL,0,0,0
CAN-J0PGQFNYHL,0,0,0
CAN-N2UJ4HVN9I,0,0,0
CAN-QRROSCDQAY,0,0,0
CAN-OWZEXI1KK0,0,0,0
CAN-WZUM68PJ61,0,0,0
CAN-SXMV25BTG4,0,0,0
CAN-MQ1OMCE0PZ,0,0,0
CAN-NGO0WU23HD,0,0,0
CAN-WYBY0OJPKA,0,0,0
CAN-JLIAHFCLIH,0,0,0
CAN-MGNV24MGVP,0,0,0
CAN-E8FCHUY8YU,0,0,0
CAN-3DN0YOO7JT,0,0,0
CAN-AGJ3G5DG9G,0,0,0
CAN-ZZ11PCTYJB,0,0,0
CAN-1ZYHWLLU2J,0,0,0
CAN-AF0U42UVK8,0,0,0
CAN-4M7LCVYCFT,0,0,0
CAN-B63F5CFEXX,0,0,0
CAN-KCKJJJ775X,0,0,0
CAN-N3794BZDYD,0,0,0
CAN-LC7U0MDO3W,0,0,0
CAN-ZA2CTAINAC,0,0,0
CAN-2NE5L42QZI,0,0,0
CAN-AHCRLLKH5P,0,0,0
CAN-QB65U8KOCQ,0,0,0
CAN-3OWVT78K2Y,0,0,0
CAN-R5JL4C7C6O,0,0,0
CAN-OQYI0K6XRM,0,0,0
CAN-HJI2LU2680,0,0,0
CAN-VR2JD9LT1S,0,0,0
CAN-NT48RKUEKE,0,0,0
CAN-3YANO4ELSH,0,0,0
CAN-7XYIHUWESC,0,0,0
CAN-NRAOUS3BQW,0,0,0
CAN-4OJ1JPAUHO,0,0,0
CAN-UGRCQ8UR4R,0,0,0
CAN-MOEZ03BN0I,0,0,0
CAN-CD2P4JLVL5,0,0,0
CAN-NEPW78YIRQ,0,0,0
CAN-MO4YZBSIPS,0,0,0
CAN-H1L4Z7UI2X,0,0,0
CAN-0R2G3NUIKR,0,0,0
CAN-CDU694YU7R,0,0,0
CAN-3ZRP0SF28U,0,0,0
CAN-0BGHS81MI1,0,0,0
CAN-0PKHP2MCU6,0,0,0
CAN-W5CT00EKRV,0,0,0
CAN-LO0UK4018D,0,0,0
CAN-YDIHLKI465,0,0,0
CAN-4K9130ZM95,0,0,0
CAN-EP358LA1YT,0,0,0
CAN-4VO5CIWL5A,0,0,0
CAN-JK2ZK6TIQF,0,0,0
CAN-0XF52ZVHF7,0,0,0
CAN-79E69V8ACG,0,0,0
CAN-2Q6L3L1YZ7,0,0,0
CAN-73CVSAKFE0,0,0,0
CAN-O5TN5U15PO,0,0,0
CAN-5P2LFUZOFI,0,0,0
CAN-VUXSKPD74N,0,0,0
CAN-5B5O625BWH,0,0,0
CAN-T5RQ9KGTLA,0,0,0
CAN-XWLDEV515A,0,0,0
CAN-CB9X9PAZYJ,0,0,0
CAN-39QWGXGOYY,0,0,0
CAN-SXJVHTTNUA,0,0,0
CAN-MQCGTRDMRD,0,0,0
CAN-FUZN962D03,0,0,0
CAN-MQ2EHQX28J,0,0,0
CAN-L1Z5N61E3K,0,0,0
CAN-GHDIY74V85,0,0,0
CAN-4OHNPNUH42,0,0,0
CAN-IA0X50DZ2H,0,0,0
CAN-FTE9U57RLP,0,0,0
CAN-H1EC09I9JM,0,0,0
CAN-DO3R3FHNR0,0,0,0
CAN-QUQOLS2HT8,0,0,0
CAN-TMEAWIWLL7,0,0,0
CAN-8Z7CKA32BS,0,0,0
CAN-OY03KXEUUH,0,0,0
CAN-WH6F0TR5HG,0,0,0
CAN-CFSATV9CF6,0,0,0
CAN-KC5XZXH806,0,0,0
CAN-O8F3WZUS9T,0,0,0
CAN-V8XNPJ3HBV,0,0,0
CAN-5RHIPY9YWU,0,0,0
CAN-V161V11I9G,0,0,0
CAN-FYB1NK6CM2,0,0,0
CAN-GNSQOPD19W,0,0,0
CAN-PDMQPYTF2N,0,0,0
CAN-UUH0T5T979,1,1,0
CAN-FXHGSH68ZC,0,0,0
CAN-J9DW7V0B0M,0,0,0
CAN-F7XGMI651S,0,0,0
CAN-KA3XOFPL60,0,0,0
CAN-CPKAOQVXGO,0,0,0
CAN-AIDRL6HGJW,0,0,0
CAN-CJ664O2JS3,0,0,0
CAN-3KI7A0IGZT,0,0,0
CAN-31RL60DSPJ,0,0,0
CAN-QH2GUNDKQQ,0,0,0
CAN-4BWEBBUM5T,0,0,0
CAN-HG3QH9TTD0,0,0,0
CAN-RLFQJ3REMK,0,0,0
CAN-GHWSP53RNK,0,0,0
CAN-FH9JHS373B,0,0,0
CAN-TJVSA5TC9W,0,0,0
CAN-FRQXLF48VI,0,0,0
CAN-MF4TZQKUQ7,0,0,0
CAN-HX3T10LVUM,0,0,0
CAN-WN0I0S9RHO,0,0,0
CAN-TIO74CZNRO,0,0,0
CAN-JPAEG1CACE,0,0,0
CAN-FWB2OVG4F9,0,0,0
CAN-PXVABWPDWL,0,0,0
CAN-4XWQONJH67,0,0,0
CAN-0BHX7FG9Z2,0,0,0
CAN-X6NM4GWZF9,0,0,0
CAN-WSD2Z24LGI,0,0,0
CAN-9ZIX2F8FBO,0,0,0
CAN-ZNDS99EKOE,0,0,0
CAN-DAVCLO5EP4,0,0,0
CAN-PGC6BWYR6M,0,0,0
CAN-TUFUT4CPSC,0,0,0
CAN-TK446J4F51,0,0,0
CAN-QQ534MXDFZ,0,0,0
CAN-RUDDI9IQA4,0,0,0
CAN-6CYWO5S16Q,0,0,0
CAN-5N0QO44KXV,0,0,0
CAN-P9ZH1OPPY7,0,0,0
CAN-56UVWKVXJU,0,0,0
CAN-BMLJLWJGVD,0,0,0
CAN-FRD17071G3,0,0,0
CAN-P4POSFZ4UZ,0,0,0
CAN-DJ6MXI3ECK,0,0,0
CAN-AJ1KXAJIY5,0,0,0
CAN-MO8A5GJPSF,0,0,0
CAN-OTTNFY82MO,0,0,0
CAN-P26CS27XRF,0,0,0
CAN-1U7KYCHT04,0,0,0
CAN-OLPVOJSU6O,0,0,0
CAN-JP5BTOMMLJ,0,0,0
CAN-CV8EQMGECC,0,0,0
CAN-MUEVUZB5ZP,0,0,0
CAN-E7SH4TGN7C,0,0,0
CAN-X5S28EBBN1,0,0,0
CAN-T0HQBVLCDN,0,0,0
CAN-NVLA4LSKLF,0,0,0
CAN-8XSWLWU4KA,0,0,0
CAN-DWRF1SE443,0,0,0
CAN-596OD9XXRR,0,0,0
CAN-ERWAKHUTTN,0,0,0
CAN-NX4RRTU1RA,0,0,0
CAN-W20K3Y7BHZ,0,0,0
CAN-D6F4DYGAXE,0,0,0
CAN-QSH3WRK648,0,0,0
CAN-EBCES7KWIU,0,0,0
CAN-ZK80MI1V4O,0,0,0
CAN-QHY9U543TF,0,0,0
CAN-8SG2AHE66P,0,0,0
CAN-NVBQA1AF5H,0,0,0
CAN-UGNRV3OZUC,0,0,0
CAN-4J01GAS5OV,0,0,0
CAN-SEK286KQUP,0,0,0
CAN-RORAAIAC9Z,0,0,0
CAN-52BUCGPMDT,0,0,0
CAN-9ROLT7JOTY,0,0,0
CAN-84T6WFAX1Q,0,0,0
CAN-NKQ8LBC4TY,0,0,0
CAN-A1GECALITS,0,0,0
CAN-5B8ADYA0QX,0,0,0
CAN-CYCFBAABSG,0,0,1
CAN-X9CSSYDQBJ,0,0,0
CAN-GAPTBNAWTK,0,0,0
CAN-S4T8BZR312,0,0,0
CAN-GC3JI01DKA,0,0,0
CAN-OR1NBTLQ3C,0,0,0
CAN-LXN7JK8OXA,0,0,0
CAN-YYX3VA538H,0,0,0
CAN-R29WD60YZZ,0,0,0
CAN-B4TZWIHRS0,0,0,0
CAN-Y5NHAFIXKK,0,0,0
CAN-4RQJPYKDVZ,0,0,0
CAN-94HER94FCO,0,0,0
CAN-LJXVDWWA00,0,0,0
CAN-8IVXRT38AV,0,0,0
CAN-0NE28VU2NQ,0,0,0
CAN-D0CZLO02CI,0,0,0
CAN-Y6R163DTRZ,0,0,0
CAN-YCMJ726RRA,0,0,0
CAN-UYSTD3GULD,0,0,0
CAN-ZFPCNEDVBG,0,0,0
CAN-HJZ4OYHG0B,0,0,0
CAN-02G2LL9VHV,0,0,0
CAN-UASW1ZOWAD,0,0,0
CAN-CADHOZ6TLP,0,0,0
CAN-DSM9RIQWBJ,0,0,0
CAN-GDCHEI34UR,0,0,0
CAN-UFNLKZ3H92,0,0,0
CAN-R5YQ23JFB7,0,0,0
CAN-F0HVK4KCOT,0,0,0
CAN-L3Y0WCF1EH,0,0,0
CAN-OWYSQTTSUY,0,0,0
CAN-QRHP3RNQ02,0,0,0
CAN-A7MSAD46O8,0,0,0
CAN-NFO83SU1JL,0,0,0
CAN-2BWYYAAFHU,0,0,0
CAN-EL9YKQ7N69,0,0,0
CAN-3ETJFBD1Y9,0,0,0
CAN-KBCUXQFKYW,0,0,0
CAN-ZLXYDUO7KS,0,0,0
CAN-XS59O20HYG,0,0,0
CAN-MK92Q4URZ5,0,0,0
CAN-857G5D6DOP,0,0,0
CAN-4J2AASO03L,0,0,0
CAN-U5AN7AGCHN,0,0,0
CAN-UD3ZJJ8AGP,0,0,0
CAN-ICUWKZYMN1,0,0,0
CAN-DKV7FLIOLQ,0,0,0
CAN-Q68X7NSV5R,0,0,0
CAN-UH9BGG3GPS,0,0,0
CAN-PGQNPD0GUW,0,0,0
CAN-23KGVT0EC9,0,0,0
CAN-6ZX9KTSI1I,0,0,0
CAN-3A3HDSZE1C,0,0,0
CAN-KLJCC9BUFW,0,0,0
CAN-O5YZGK0HOZ,0,0,0
CAN-P3BRFY8D77,0,0,0
CAN-A3ONKUUEK5,0,0,0
CAN-DW8K87X4QF,0,0,0
CAN-9T4Q7NQN9N,0,0,0
CAN-BJGBJIC4XS,0,0,0
CAN-0WFKIPDMU6,0,0,0
CAN-QS4LSD8LLD,0,0,0
CAN-DZ0HWAUFFX,0,0,0
CAN-2KIOMWPF36,0,0,0
CAN-8S6ARU7BKP,0,0,0
CAN-HA0BA87B8L,0,0,0
CAN-X633FHP0OL,0,0,0
CAN-7LO24MT3RQ,0,0,0
CAN-4GZYGMUWFK,0,0,0
CAN-BN7M6MOOE9,0,0,0
CAN-UPIP1A9BJB,0,0,0
CAN-AR9I5JM577,0,0,0
CAN-KF9WLMBXW4,0,0,0
CAN-OAA8F379NY,0,0,0
CAN-84T4DVMUVX,0,0,0
CAN-0XENT8TOVT,0,0,0
CAN-LKPTCCJ3O4,0,0,0
CAN-289W1JU3X2,0,0,0
CAN-TQ0C97PJ4D,0,0,0
CAN-38GA606Z8G,0,0,0
CAN-I27JR6TP35,0,0,0
CAN-TAHZYRVM14,0,0,0
CAN-URBF2DEVYN,0,0,0
CAN-NLXNMRJC14,0,0,0
CAN-NZENCD0ZNY,0,0,0
CAN-2JTWXCZ3HQ,0,0,0
CAN-7EW4T7BJH7,0,0,0
CAN-6VD866L2N4,0,0,0
CAN-FAMG7UO1HD,1,1,0
CAN-7OKXL8OF4J,0,0,0
CAN-FAOTKL5III,0,0,0
CAN-4UQWT46IEO,0,0,0
CAN-SRDZ4295FE,0,0,0
CAN-4BRLL2DTAF,0,0,0
CAN-F4HBUDAGZN,0,0,0
CAN-0K7SJBRIDY,0,0,0
CAN-TILPVC14FL,0,0,0
CAN-2DZJWCFBXJ,0,0,0
CAN-ZLLUISEO08,0,0,0
CAN-WBJXITO0OG,0,0,0
CAN-TVQOD1D7VH,0,0,0
CAN-FJSSWY28XO,0,0,0
CAN-GNSHRJM766,0,0,0
CAN-PRG7G9XZA7,0,0,0
CAN-W10A9RCR81,0,0,0
CAN-LZ5XVTI201,0,0,0
CAN-KEBANZ64CL,0,0,0
CAN-70J3P349J0,0,0,0
CAN-QHEK2WONQV,0,0,0
CAN-GLDTQ5ZFUS,0,0,0
CAN-F62QV07WGS,0,0,0
CAN-J8XC7QDVRQ,0,0,1
CAN-KLCGIDKB82,0,0,0
CAN-10658KTNWW,0,0,0
CAN-JLLOH8FL2P,0,0,0
CAN-CKTG4I1SU2,0,0,0
CAN-2ELJZMMD62,0,0,0
CAN-1O50ULQHUI,0,0,0
CAN-Y3G6DUSTTZ,0,0,0
CAN-DRJR4QD6PK,0,0,0
CAN-WTOCCVYVNZ,0,0,0
CAN-LPIN0OB9AQ,0,0,0
CAN-J1M8TRKB0Z,0,0,0
CAN-VFYQV2UHWX,0,0,0
CAN-12SHIK2PS5,0,0,0
CAN-WIPVGFP9R1,0,0,0
CAN-KDP1BZDAEK,0,0,0
CAN-R45L01TK1N,0,0,0
CAN-YVMOA4ZU1T,0,0,0
CAN-AZNQK8ZTYT,0,0,0
CAN-4UAYFPY8ZU,0,0,0
CAN-H4VDNEW51Y,0,0,0
CAN-JIUBO8JKYE,0,0,0
CAN-5MHS95LVHJ,0,0,0
CAN-NS0RHIW535,0,0,0
CAN-6BAL6XHN4I,0,0,0
CAN-G28VSI4FA5,0,0,0
CAN-D2KZ1MWYRX,0,0,0
CAN-D03APJOYWT,0,0,0
CAN-8MA8ID247O,0,0,0
CAN-HL610UJ6OE,0,0,0
CAN-VCWTSR7LUA,0,0,0
CAN-HY7TPRV2VI,0,0,0
CAN-OFFW52DNO5,0,0,0
CAN-X0ID55545J,0,0,0
CAN-FNN01R7VVD,1,0,0
CAN-RFBWS4OZF3,0,0,0
CAN-OI93SYYQ9Y,0,0,0
CAN-9YVXPG85NO,0,0,0
CAN-E7VOMN37Z4,0,0,0
CAN-7306NDLUHX,0,0,0
CAN-NB6CDB07KJ,0,0,0
CAN-QNGXUFI40V,0,0,0
CAN-ZTWH1OYRM1,0,0,0
CAN-MXICN8SEVV,0,0,0
CAN-7UA07C4AGJ,0,0,0
CAN-2QTFKINYV2,0,0,0
CAN-LD32V4UP5G,0,0,0
CAN-5KE4RK4R11,0,0,0
CAN-8BZDQIB5FO,0,0,0
CAN-2OF5KOCUB9,0,0,0
CAN-J0L95CWABJ,0,0,0
CAN-ZQ5CVPSFXV,0,0,0
CAN-AU2WNHDDIH,0,0,0
CAN-AVL6G0MU9O,0,0,0
CAN-184DRED2GG,0,0,0
CAN-KCQJSMHED6,0,0,0
CAN-47QKJBESB6,0,0,0
CAN-M370OF5MA8,0,0,0
CAN-3EUQ2ANL3V,0,0,0
CAN-LKSH8O2W6T,0,0,0
CAN-N9IYO14LQC,2,1,0
CAN-2LJZ9QLNF6,0,0,0
CAN-RSORT1IQ6X,0,0,0
CAN-XDAL70U71K,0,0,1
CAN-68NID3BDD0,0,0,0
CAN-54SBQJE2SD,0,0,0
CAN-C9RLSVB6R6,0,0,0
CAN-LJ7PLRUSB1,0,0,0
CAN-2Y3BF57U65,0,0,0
CAN-0X572ZV1X7,1,1,0
CAN-VEF3DT9TZA,0,0,0
CAN-L55BKTF9S0,0,0,0
CAN-WN2EWSRTTG,0,0,0
CAN-SG80C3NFFE,0,0,0
CAN-NDM3PDMATM,0,0,0
CAN-3FUUAVZOP3,0,0,0
CAN-0BTUYF8PCU,0,0,0
CAN-BNL8UVI681,0,0,0
CAN-OFIH7BU5LX,0,0,0
CAN-KBAKC4EA2A,0,0,0
CAN-MAVWUMV8NM,0,0,0
CAN-XZ1NJVEBO5,1,1,0
CAN-FL8RECEMR1,0,0,0
CAN-8A10WUR1EW,0,0,0
CAN-GQD4ECTPTP,0,0,0
CAN-VE34Z4MX12,0,0,0
CAN-NMVI10KX5G,0,0,0
CAN-804M3PJPAL,0,0,0
CAN-BLSNXX6YL2,0,0,0
CAN-7NAKEN1HF2,0,0,0
CAN-BMLXJIAWXV,0,0,0
CAN-D6DE4RIBPB,0,0,0
CAN-KWA73FF8U9,0,0,0
CAN-D9Y0VJJ6VW,0,0,0
CAN-O2B6CG7Q7Q,0,0,0
CAN-YSRP634A95,1,0,0
CAN-EVLAJKXW0Y,0,0,0
CAN-QA9IL65TV6,0,0,0
CAN-AGE5OR3ALP,0,0,0
CAN-8XPA6WUQIT,0,0,0
CAN-HHRK68D0KI,1,0,0
CAN-TKKAHGIBBD,0,0,0
CAN-WF3WQ4KB45,0,0,0
CAN-SK35DK05O8,0,0,0
CAN-02U0ML72SN,0,0,0
CAN-J38R2RZ9ZG,0,0,0
CAN-HR5LSMPZL5,0,0,0
CAN-1ZS1BZI6T1,0,0,0
CAN-CD6POV5M6B,0,0,0
CAN-0BEG9SW2FJ,0,0,0
CAN-3ENWIFFY95,0,0,0
CAN-8VBDPU2QVJ,0,0,0
CAN-FDSG28J8IK,0,0,0
CAN-OKX4XZKSDC,0,0,0
CAN-PALCRU4499,0,0,0
CAN-0FSP39ARQS,0,0,0
CAN-UD1HBF4HN5,0,0,0
CAN-CAW0RHFXOY,0,0,0
CAN-LP1XXXASYX,0,0,0
CAN-X5U0LD8IB8,0,0,0
CAN-R28PODNGQ5,0,0,0
CAN-B2LOZF0SEZ,0,0,0
CAN-76THSHMMZI,0,0,0
CAN-C8A6ZPOGBC,0,0,0
CAN-GM3GJ64B3F,0,0,0
CAN-DXKVQLJG3V,0,0,0
CAN-U761DDPC9M,0,0,0
CAN-Y5C7X66FZX,0,0,0
CAN-7WXEX0IRCW,0,0,0
CAN-BXA2VW9V1X,0,0,0
CAN-ZNRCW4ZLE0,0,0,0
CAN-1CAC5XRWBO,0,0,0
CAN-717GMSVISM,0,0,0
CAN-LPCJWPG47P,0,0,0
CAN-R59D8GNWOE,0,0,0
CAN-6UTT5R6N78,0,0,0
CAN-CV51ARYEGU,0,0,0
CAN-09O4XO0HE4,0,0,0
CAN-Q7YYRTEBKH,0,0,0
CAN-C5KTDXA3A8,0,0,0
CAN-CHEKYQ4TYR,0,0,0
CAN-8YK3ZVXCDC,0,0,0
CAN-LFPLXLORND,0,0,0
CAN-WWINA8WLQA,0,0,0
CAN-CHTHPFU4M1,0,0,0
CAN-M560YNHLK9,0,0,0
CAN-1X8R7NH6IO,0,0,0
CAN-S5XSU9S2TY,0,0,0
CAN-T0577MIYSG,0,0,0
CAN-4O434V2WXQ,0,0,0
CAN-7C62HKJWTZ,0,0,0
CAN-WLXMNFT5B4,0,0,0
CAN-UO1S6TF75F,1,0,0
CAN-N76RQECA0L,0,0,0
CAN-EZLH6J4D5W,0,0,0
CAN-S6AP255DGV,0,0,0
CAN-4Q6Q5104TC,0,0,0
CAN-LBFMDNYDZP,0,0,0
CAN-HOXW72L6WU,0,0,0
CAN-8H4RF27AXF,0,0,0
CAN-63Z2JHSEAF,0,0,0
CAN-HZ9PQU9LY3,0,0,0
CAN-H46T3T8FGO,0,0,0
CAN-9UUBHA4GI3,0,0,0
CAN-Q13X4JFX9C,0,0,0
CAN-2J13022SMA,0,0,0
CAN-A2OQ2O57VC,0,0,0
CAN-ACMLFKYPWE,0,0,0
CAN-B8S4MD598O,0,0,0
CAN-GCL6NU6BAL,0,0,0
CAN-S3MG5B3WOL,0,0,0
CAN-M74Y5MKIRQ,0,0,0
CAN-E2Y7QNR516,0,0,0
CAN-9HVC75LVSJ,0,0,0
CAN-YOP4YGCYNW,0,0,0
CAN-7B1IIWLLQC,0,0,0
CAN-61VAL41PGI,0,0,0
CAN-95VNWFVV26,0,0,0
CAN-X13I9H83NU,0,0,0
CAN-G4STYK9Z80,0,0,0
CAN-SNHV4C37CR,0,0,0
CAN-0ZYO7VHJ38,0,0,0
CAN-5DJOT3MF4Z,0,0,0
CAN-WRB1VF94U7,0,0,0
CAN-DMDINGPAYC,0,0,0
CAN-TAUCKEN1IQ,0,0,0
CAN-23R8EY04FG,1,0,0
CAN-J2N0V23ISE,0,0,0
CAN-7EKHA77NI9,0,0,0
CAN-913GLU7NP7,0,0,0
CAN-TK3VT5PJ5T,0,0,0
CAN-FBJ909A402,0,0,0
CAN-7EDSAZSSO7,0,0,1
CAN-PKCU0BF096,0,0,0
CAN-0OMSZ4BRTA,0,0,0
CAN-ZFR92NSD62,0,0,0
CAN-GYBTGJPL21,0,0,0
CAN-APXVYOAUV4,0,0,0
CAN-3HJJPZDZY0,0,0,0
CAN-61FWH0FVXS,0,0,0
CAN-6PJXM6RRO8,0,0,0
CAN-ODZW56QS1Y,0,0,0
CAN-1U7WXEEBGP,0,0,0
CAN-0IM4FTR3I2,0,0,0
CAN-9TAIPXIH08,0,0,0
CAN-W1RUMBL2TA,0,0,0
CAN-1D3CMD7OK3,0,0,0
CAN-KG3AP5H6WJ,0,0,0
CAN-UXFO101MSB,0,0,0
CAN-RJUMMFKTBH,0,0,0
CAN-RSAGRRSRCU,0,0,0
CAN-DL39346TQJ,0,0,0
CAN-Q7BCQ6EPGF,0,0,0
CAN-JHAJ4QBO96,0,0,0
CAN-OGS207J3VW,0,0,0
CAN-CYGE8E8WAA,0,0,0
CAN-6QDPSBRK6Y,0,0,0
CAN-FK7919UOLP,0,0,0
CAN-2RVJID8UJ4,0,0,0
CAN-M1Y0XK2F78,0,0,0
CAN-9NQUQNU8B4,0,0,0
CAN-Q21V9RJJLI,0,0,0
CAN-4CQSW8OR4M,0,0,0
CAN-5187H7G9S8,0,0,0
CAN-DRBC281CDG,0,0,0
CAN-39DKBDRX81,0,0,0
CAN-75YWHLHCFB,0,0,0
CAN-HDJ7FTX7Y0,0,0,0
CAN-GQF657UU2Z,0,0,0
CAN-X6WK1EK5V0,0,0,0
CAN-8AJK7QHGYP,0,0,0
CAN-WHQRSADLDN,0,0,0
CAN-KN173L8LFZ,0,0,0
CAN-XYLYF3IBG0,1,1,0
CAN-O7LXBO7BV7,0,0,0
CAN-2VWVHAAWUR,0,0,0
CAN-G3WOCLZKGX,0,0,0
CAN-MJJ9ANIVLV,0,0,0
CAN-Q4NOKJ4YMN,0,0,0
CAN-N1HPJGR09T,0,0,0
CAN-VJW9OCKBE2,0,0,0
CAN-3XRYIC737Y,0,0,0
CAN-SOWZPGEAZY,0,0,0
CAN-WQZEKU1PBN,0,0,0
CAN-224CYGA3SE,0,0,0
CAN-HXHB235WJH,0,0,0
CAN-KMTOM87AUR,0,0,0
CAN-SURYGYPU77,0,0,0
CAN-LZ54BSK3KU,0,0,0
CAN-ZS8L9PQQGH,0,0,0
CAN-FDI0GD2SRY,0,0,0
CAN-KP1SCD1FKP,0,0,0
CAN-GZYAEP8PCK,0,0,0
CAN-TY89O0PJY3,0,0,0
CAN-2E4NOE5RMV,0,0,0
CAN-QUK2UCJ5SC,0,0,0
CAN-S6D0KF4M62,0,0,0
CAN-30L6Q7VO03,0,0,0
CAN-PGWAF76857,0,0,0
CAN-C0ZHP13XCE,0,0,0
CAN-8A9SCP7EN4,0,0,0
CAN-918ID4VG5O,0,0,0
CAN-BNZPF3F0B4,0,0,0
CAN-9VTJR1XPR2,0,0,0
CAN-QI93QZ5BGX,0,0,0
CAN-MZCNHVIHD4,0,0,0
CAN-YNM7X67HKE,0,0,0
CAN-1G1GQWQHKW,0,0,0
CAN-HYSYSJQSIV,1,1,1
CAN-F4EFE3PZ8W,0,0,0
CAN-5NC4EE2RKE,0,0,0
CAN-JPAOYTP9DH,0,0,0
CAN-9VA3BEHUWJ,0,0,0
CAN-96UYBJ44A8,0,0,0
CAN-YR88SKTGNG,0,0,0
CAN-URQUFYC412,0,0,0
CAN-R6K1OAWQXX,0,0,0
CAN-SMHOAT44T6,0,0,0
CAN-YW2RERFEI5,0,0,0
CAN-Q1GKAT78VN,0,0,0
CAN-XJ0ETDNW4D,0,0,0
CAN-7NFKGKQWGT,0,0,0
CAN-QEFFPZMDKM,0,0,0
CAN-WT9S4F77RI,0,0,0
CAN-979FB70OWM,0,0,0
CAN-J046F21J25,0,0,0
CAN-TLVR8Y2L8B,0,0,0
CAN-Z7DTNNTRZA,0,0,0
CAN-DZPUV80XUF,0,0,1
CAN-IE79M2WS6E,0,0,0
CAN-ZDMX47870D,0,0,0
CAN-PQ7VB073VQ,0,0,0
CAN-C49I987GLP,0,0,0
CAN-AFCXOCTCWQ,0,0,0
CAN-ROJYMZEK4B,0,0,0
CAN-GL9B088HOB,0,0,0
CAN-T1UD06X80R,0,0,0
CAN-XSVWPCK3UR,0,0,0
CAN-0WO0VMSEUC,0,0,0
CAN-SPU4MJOQTM,0,0,0
CAN-MB76CJQP8F,0,0,0
CAN-36QAYDXFSL,0,0,0
CAN-O5YSO27SVZ,0,0,0
CAN-KF9X8A0L79,0,0,0
CAN-LZWH724ITE,0,0,0
CAN-AH7GJOO13J,0,0,0
CAN-8RJBIC0M8B,0,0,0
CAN-LJX9268Q2E,0,0,0
CAN-DUOD6SB44V,0,0,0
CAN-3J7VMXFCM5,0,0,0
CAN-IJYL3UOJPH,0,0,0
CAN-6M94S05NW2,0,0,0
CAN-5DM6J53LWA,0,0,0
CAN-40AK6CSHQB,0,0,0
CAN-243AUUB6YN,0,0,0
CAN-J83AQR9SBP,0,0,0
CAN-D7X2QJV1VB,0,0,0
CAN-9KMQ9E4X76,1,0,0
CAN-XK8ZY54ZY0,0,0,0
CAN-I6ADVUALPU,0,0,0
CAN-MOYX3ZH9CP,0,0,0
CAN-2TK5SSS515,0,0,0
CAN-P73ZA64LFT,0,0,0
CAN-Y0JF7GYOXF,0,0,0
CAN-1DBTBXYPQV,0,0,0
CAN-NEGZWXWDQW,0,0,0
CAN-YES0A7YJMF,0,0,0
CAN-UKG5ONV388,0,0,0
CAN-1V2DP6AFUM,0,0,0
CAN-X434TZW7EO,0,0,0
CAN-EKE0RRP8DB,0,0,0
CAN-BCJW89VFKE,0,0,0
CAN-KJ7OGVQTCZ,0,0,0
CAN-R5N72GGMQX,0,0,0
CAN-J60Z2DID9E,0,0,0
CAN-SJ6MOX8OAU,0,0,0
CAN-4XGVE1GMW6,0,0,0
CAN-60NVW1L1LG,1,0,0
CAN-XX52P6524N,0,0,0
CAN-3NGAVCZ7OM,0,0,0
CAN-WBWMXC49UE,0,0,0
CAN-BIV784SAOU,0,0,0
CAN-MS75246EN8,0,0,0
CAN-77U35P98QK,0,0,0
CAN-F69JAWB2WD,0,0,0
CAN-W1X4L8US0Q,0,0,0
CAN-QG37C0ZAWR,0,0,0
CAN-KBNRY7AM6A,0,0,0
CAN-QSKWTOM11J,0,0,0
CAN-Z0N2SPTZLG,0,0,0
CAN-SLM96LS6L0,0,0,0
CAN-GP3R1BKFVB,0,0,0
CAN-OCBRA1Z55P,0,0,0
CAN-AGCBPTVRRX,0,0,0
CAN-J39NE4TVLT,0,0,0
CAN-64XFO3D515,0,0,0
CAN-GKSJXIMF6V,1,1,0
CAN-MGCSHHDB73,0,0,0
CAN-HDVTDFP6H0,0,0,0
CAN-K4FZA2SAUC,0,0,0
CAN-85RE0CTJZ5,0,0,0
CAN-P7TREID04N,0,0,0
CAN-7R8W91LI6C,0,0,0
CAN-YFPHHBE4QW,0,0,0
CAN-OIOBY31775,0,0,0
CAN-F91AYRTC79,0,0,0
CAN-L25XYC5LOC,0,0,0
CAN-O304RUP2SH,0,0,0
CAN-E81X8AWSI0,0,0,0
CAN-F43SU6NXS1,0,0,0
CAN-W8YUESLOIH,0,0,0
CAN-B7JR1M0RFY,0,0,0
CAN-FAPI9RDT4F,0,0,0
CAN-6A28ZWC8EZ,0,0,0
CAN-87RHSWMJA1,0,0,0
CAN-O42PCWCBC3,0,0,0
CAN-C2CTXOCJIX,0,0,0
CAN-WOZJEIRFTO,0,0,0
CAN-3ROAFXXAJF,0,0,0
CAN-CUQN5YJ0OA,0,0,0
CAN-SENL44LEIT,0,0,0
CAN-Q1TIVR2XRL,0,0,0
CAN-WAWH8BLR5K,0,0,0
CAN-Y0A5VOBUIG,0,0,0
CAN-LWP2ZJ20QE,0,0,0
CAN-A6RB17U22K,0,0,0
CAN-9VA9V9GB4Y,0,0,0
CAN-ZUC41D21E3,1,1,0
CAN-0C6P9PX804,0,0,0
CAN-A0DJD7I16Q,0,0,0
CAN-HQ48H4B1VU,0,0,0
CAN-86ZTM8WPF5,0,0,0
CAN-HMZDFVOEOD,0,0,0
CAN-HJ68ZSV20D,0,0,0
CAN-15UTLH0I8E,0,0,0
CAN-A9EU43PP41,0,0,0
CAN-OG2TIEA3AS,0,0,0
CAN-C6V2UNRSE2,0,0,0
CAN-ARR9V5K47U,0,0,0
CAN-UYEJNPO694,0,0,0
CAN-NMB5EZHJ18,0,0,0
CAN-DXZWNEDREM,1,1,0
CAN-IGE9WA3RCK,0,0,0
CAN-AX8X8VO9JH,0,0,0
CAN-BHI8NOYCA9,0,0,0
CAN-UZUU8EC7YC,0,0,0
CAN-MXJ714K67N,0,0,0
CAN-0JA7J7G8SJ,0,0,0
CAN-4TUFO406AL,0,0,0
CAN-5QC6WK5UHR,0,0,0
CAN-E3XW0S3SEO,0,0,0
CAN-R40JHW4ASP,0,0,0
CAN-U3Y2RJCIA5,0,0,0
CAN-8F9DNTGGHO,0,0,0
CAN-NVQ9BYM63X,0,0,0
CAN-QFYCIE5JUE,0,0,0
CAN-328OO3YR6S,0,0,0
CAN-7X88DUFZ7I,0,0,0
CAN-V5YRJX64J3,0,0,0
CAN-RQK7LQ6MY6,0,0,0
CAN-P2IVFACTOD,0,0,0
CAN-2CUAYNZGSZ,0,0,0
CAN-9LIW9RWMX4,0,0,0
CAN-2YV6E221CB,0,0,0
CAN-Q2YCVH4BL2,0,0,0
CAN-BD961AWJB0,0,0,0
CAN-FELCLXUUWV,0,0,0
CAN-3BRZ15T3WC,0,0,0
CAN-ANU5C4I53L,0,0,0
CAN-UWOG8Q1NVL,0,0,0
CAN-EYZDJXGVIA,0,0,0
CAN-77RN994PJJ,0,0,0
CAN-1B3BZE2J3S,0,0,0
CAN-ADOF3P33HR,0,0,0
CAN-O3GESMU74Q,0,0,0
CAN-93XG9GKNPO,0,0,0
CAN-GRVEPW7LMW,0,0,0
CAN-NOUXNFF93E,0,0,0
CAN-97LOSWNCA3,0,0,0
CAN-G25SBWOKNF,0,0,0
CAN-FNJU6H5GAL,0,0,0
CAN-26BV7L23R8,0,0,0
CAN-62YX5HYKO3,1,1,1
CAN-HZNWWRRHJA,0,0,0
CAN-VRIBNOWC9W,0,0,0
CAN-QVQUKSQYL7,1,0,0
CAN-E05CXJCK5I,0,0,0
CAN-1762YBADEK,0,0,0
CAN-1PJ4POBCD7,0,0,0
CAN-0CM1UQ1QW1,0,0,0
CAN-0TP45H9S38,0,0,0
CAN-DZPHRVT3HB,0,0,0
CAN-FEAWB7ONQV,0,0,0
CAN-EGPPDJ5IDZ,0,0,0
CAN-H46C7T3BR8,0,0,0
CAN-WR2FCR3Q77,0,0,0
CAN-LYBTQOMFMP,0,0,1
CAN-QBPA9CG28G,0,0,0
CAN-MQGS93WAPW,0,0,0
CAN-N810UARKVF,0,0,0
CAN-IKBIHQSXSE,0,0,0
CAN-VGKESJDRBE,0,0,0
CAN-7H55R5RZM3,0,0,0
CAN-BDRMHEOOSN,0,0,0
CAN-0WQNKIF87U,0,0,0
CAN-G0932SX0D0,0,0,0
CAN-HMPC28DWWW,0,0,0
CAN-MK0GQ4Q6MD,1,0,0
CAN-B8J1K8NGAG,1,0,0
CAN-I2WYWGLRQV,0,0,0
CAN-E1NJJVI2S1,0,0,0
CAN-LYXMBEKC4Y,0,0,0
CAN-AY663309WZ,0,0,0
CAN-THP30Y4BPA,0,0,0
CAN-KT4PN9UNWU,0,0,0
CAN-G4XAKUSF7K,0,0,0
CAN-L3T86QJ1F0,0,0,0
CAN-F435MXN2SU,0,0,0
CAN-BMJBLKNLIX,0,0,0
CAN-UUGM7Y30ZP,0,0,0
CAN-0TDE004J06,0,0,0
CAN-6LDU4A9GGO,0,0,0
CAN-WQF45JHMEJ,0,0,0
CAN-NXRDGD44D0,0,0,0
CAN-EXTVUQJV7O,0,0,0
CAN-5R2MXEBIN1,0,0,0
CAN-EO08J24ITW,0,0,0
CAN-EWRNZRLBTQ,0,0,0
CAN-XK2NI3YTSN,0,0,0
CAN-1FR7LKOOWB,0,0,0
CAN-G2PS5HZ3YT,0,0,0
CAN-AF2FBI8U5C,0,0,0
CAN-Y8Q8ME534V,0,0,0
CAN-YF57KZ4JSI,0,0,0
CAN-E14LYCOIQ5,0,0,0
CAN-T6XR510S63,0,0,0
CAN-SBLZP7ATKZ,0,0,0
CAN-MRSGDRWCBO,0,0,0
CAN-W9U2PBZIDT,0,0,0
CAN-DRXQ1EM1EY,0,0,1
CAN-BO7R2WOA9X,0,0,0
CAN-JMCQ659MFH,0,0,0
CAN-LBDHHZ971U,0,0,0
CAN-EVNH34OZJY,1,1,0
CAN-HVTOECXVAR,0,0,0
CAN-TBKIA8P0MX,0,0,1
CAN-8G19BQK1MC,0,0,0
CAN-GHJZRZD7AK,0,0,0
CAN-5UDVIEVTOK,0,0,0
CAN-GJMME5RVTK,0,0,0
CAN-L3ELPAPX1K,0,0,0
CAN-3YLE3IJVM1,0,0,0
CAN-HJTLADGPPR,0,0,0
CAN-6PYPJRFIOF,0,0,0
CAN-MRWS8I6T9J,0,0,0
CAN-U9E6CMKWBN,0,0,0
CAN-UIWF4CSQY3,0,0,0
CAN-JAC9C5ZY2J,0,0,0
CAN-JB1K7MMII6,0,0,0
CAN-1ZAB0O2VWE,0,0,0
CAN-H2YA0UCF5R,0,0,0
CAN-DHR2S83U0D,0,0,0
CAN-09NED98GPP,0,0,0
CAN-0LQJ9IGFOA,0,0,0
CAN-7DOHKNC3XE,0,0,0
CAN-FP1XB8GYRC,0,0,0
CAN-ZU9GXZR76N,0,0,0
CAN-MSCGAVNZTS,0,0,0
CAN-O73AKE6KNW,0,0,0
CAN-HI3WFIAGI7,0,0,0
CAN-HCT8ZCURBA,0,0,0
CAN-9EYBLPJ2EV,2,1,0
CAN-NPXES1B6S3,0,0,0
CAN-5EZS1T1ELJ,0,0,0
CAN-3T23NZ449Z,0,0,0
CAN-0HK5VGJZ0N,0,0,0
CAN-NA74WK7EHE,0,0,0
CAN-QNMDTA4OKN,0,0,0
CAN-65AFLS2WAW,0,0,0
CAN-L5T854J6GO,0,0,0
CAN-JR8H3UO2I6,0,0,0
CAN-03FM9IPX5B,0,0,0
CAN-DYZ6KWICER,0,0,0
CAN-OWK42G043V,0,0,0
CAN-ZP27QVGON2,0,0,0
CAN-XQYRGR03WX,0,0,0
CAN-BEFRR2AABK,0,0,0
CAN-T8Y5PXTTSA,0,0,0
CAN-NL7EAFAJX9,0,0,0
CAN-B2KDD3WO4V,0,0,0
CAN-1GRA8RZHQZ,0,0,0
CAN-8H09J8FHUU,0,0,0
CAN-Z483KDS56B,0,0,0
CAN-AS4GF18RSY,0,0,0
CAN-VKML0VJPYM,0,0,0
CAN-8U90QQKNIR,0,0,0
CAN-O40K860AQ2,0,0,0
CAN-LMRIWPRVWC,0,0,0
CAN-M4RRHTKBA3,0,0,0
CAN-V4UGENVPPE,0,0,0
CAN-UPVUJ9T4UA,0,0,0
CAN-CH18WR12SO,0,0,0
CAN-65LQ6WJRDP,0,0,0
CAN-XPBXQBKEB8,0,0,0
CAN-16LL783QTG,0,0,0
CAN-5LPJAED2JZ,0,0,0
CAN-PUKC1YBHPU,0,0,0
CAN-O1DFSGTCT3,0,0,0
CAN-3E64V1XYL9,0,0,0
CAN-ED0DZXW7Q0,0,0,0
CAN-7WJP1XSHSC,0,0,0
CAN-8MP66WGWW6,0,0,0
CAN-KGISATLS8X,0,0,0
CAN-IZYOLSIRU1,0,0,0
CAN-EXC4Z0M0W5,0,0,0
CAN-5ML0LNL4PM,0,0,0
CAN-9B0QV4LXZQ,0,0,0
CAN-VNCSR7WZDC,0,0,0
CAN-FAAB2PU5GE,0,0,0
CAN-GBBEJRLMZ1,0,0,0
CAN-BBYUK6GMRM,0,0,0
CAN-UGODO5EI4O,0,0,0
CAN-VGSWGDUSZC,0,0,0
CAN-62IAXE1GVQ,0,0,0
CAN-ARL7SXSAIW,0,0,0
CAN-5SDM2BB0WO,0,0,0
CAN-IKUJLML320,1,1,1
CAN-QDAYJPW5TS,0,0,0
CAN-DNC3FLO3K9,0,0,0
CAN-JNQM14HF8M,0,0,0
CAN-OWESZDU44L,0,0,0
CAN-F2NBBJQYMK,0,0,0
CAN-UZEEFG2N2R,0,0,0
CAN-1H65YWKQ0H,0,0,0
CAN-U83UGN6VH9,0,0,0
CAN-3RXG40MCUZ,0,0,0
CAN-FCJXRJ14F9,0,0,0
CAN-O1MRKVSM26,0,0,0
CAN-WAAJEWNY9G,0,0,0
CAN-ZC8SAQDM1Z,0,0,0
CAN-6BVLQ4HP5W,0,0,0
CAN-VIYZ36BREN,0,0,0
CAN-ND0NS4WZKQ,0,0,0
CAN-2GA0TDBUZU,0,0,0
CAN-8TWZVN4E5G,0,0,0
CAN-TDU42ULL76,0,0,0
CAN-Q0VG7NCDFO,0,0,0
CAN-3GLFQCK34W,0,0,0
CAN-JY1ZP46KMR,0,0,0
CAN-YTKN2VJ2MW,0,0,0
CAN-YE7PYEG66J,0,0,0
CAN-E3ZW8A4FKP,0,0,0
CAN-X66MH81ST3,0,0,0
CAN-0OSSCKC4V5,0,0,0
CAN-UY3J2KPJM3,0,0,0
CAN-TL4GLKFWI2,0,0,0
CAN-75O1PJIO9M,0,0,0
CAN-P5R36GWKXO,0,0,0
CAN-WQZOEIUQ35,1,1,1
CAN-3DAUSDR8ZB,0,0,0
CAN-YKU2V6I729,0,0,0
CAN-4PMSGFF7BI,0,0,0
CAN-N0WA0AK8LR,0,0,0
CAN-SV2Q51A95B,0,0,0
CAN-BT3739TTEX,0,0,0
CAN-1WC4QQBH8Q,0,0,0
CAN-32Z32Y2IFS,0,0,0
CAN-H0WOLKGQ6S,0,0,0
CAN-WRVCG187EK,0,0,0
CAN-NYQESM84KN,0,0,0
CAN-D1FVE146ZJ,0,0,0
CAN-PG32J7WXRM,0,0,0
CAN-GWHYMFDTKS,0,0,0
CAN-H1UD9AWW1I,0,0,0
CAN-SSYS5O4NI7,0,0,0
CAN-5H9CWNKTH9,0,0,0
CAN-G6UQUJ60AV,0,0,0
CAN-14ALQEX1XM,0,0,0
CAN-ALRLH10QZN,0,0,0
CAN-1EJG48ZE8B,0,0,0
CAN-OGRYXHEEMD,0,0,0
CAN-MZIJIDA02N,0,0,0
CAN-VOH9ZPC8Q8,1,0,0
CAN-46ZIKPB5M8,0,0,0
CAN-UGS2C7DVSR,0,0,0
CAN-X45GETVUA2,0,0,0
CAN-YZD2P8OK0D,0,0,0
CAN-2JAJL4H48B,0,0,0
CAN-A4RR0QTJ5J,0,0,0
CAN-MH91XIYF8J,0,0,0
CAN-TP5ZOGJILD,0,0,0
CAN-AMBM2RCIK4,0,0,0
CAN-ITW4U5W0O0,0,0,0
CAN-FGIYPDWJBZ,1,1,0
CAN-IQUQ0M8QVY,0,0,0
CAN-G0PEWORUBG,0,0,0
CAN-K83N3BIBJ0,0,0,0
CAN-Z6HPOKEUP4,0,0,0
CAN-VPMUUKHCD7,0,0,0
CAN-CMSKQ3FW3E,0,0,0
CAN-1DEJZZ22OT,0,0,0
CAN-20VLSGWAAV,0,0,0
CAN-WYBGSUAAQN,0,0,0
CAN-VTP0FNT3LR,0,0,0
CAN-H2A3O54MI0,0,0,0
CAN-YDY8U7GKCV,0,0,0
CAN-PU14ROOOZO,0,0,0
CAN-9LD6K2IPRE,0,0,0
CAN-EAUKJD160C,0,0,0
CAN-FH0XN4YMHH,0,0,0
CAN-1MQEFISB24,0,0,0
CAN-GICNELYD6R,0,0,0
CAN-WE8C3IA52F,0,0,0
CAN-9FSI1GMUYO,0,0,0
CAN-GDVEZJQTKD,0,0,0
CAN-55EFT0SLAN,0,0,0
CAN-M3DJU06UDA,0,0,0
CAN-1M3PHSB5IX,0,0,0
CAN-7L2Q4D4CU1,0,0,0
CAN-1JOOUEX1NL,0,0,0
CAN-YARF5CJZZS,0,0,0
CAN-SQF5P6YDFO,0,0,0
CAN-BBFTG3RGIU,0,0,0
CAN-DX24NSEIWM,0,0,0
CAN-BK003AZ0B3,0,0,0
CAN-JI71XZKYXG,0,0,0
CAN-0YF0YTA43N,0,0,0
CAN-D06AJ9FJDO,1,1,0
CAN-UMHBGEAW83,0,0,0
CAN-J474KSJQ98,0,0,0
CAN-IW9KSR88MV,0,0,0
CAN-0251GU77IX,0,0,0
CAN-EMQJ7V5PE6,0,0,0
CAN-1L4A0QM7G3,0,0,0
CAN-24942E3RA1,0,0,0
CAN-XLDW9N9FLF,0,0,0
CAN-CFKYSEHL26,0,0,0
CAN-0OYV3LTA7S,0,0,0
CAN-4M58YUN8E4,0,0,0
CAN-1QCTNOLKV9,0,0,0
CAN-DX8H61MKA6,0,0,0
CAN-A6RC9O9JGY,0,0,0
CAN-UKNYHVQUAV,0,0,0
CAN-O1KC8PVU78,0,0,0
CAN-7IM125ES87,0,0,0
CAN-J9DTPLCA8T,0,0,0
CAN-C4NQJJBLEW,0,0,0
CAN-NBZCKW4WES,0,0,0
CAN-WSW3STUTLN,0,0,0
CAN-7S47HAX8B5,0,0,0
CAN-LQYOAEONVO,0,0,0
CAN-EKN8FR3TNX,0,0,0
CAN-X4S72IK16I,0,0,0
CAN-96TR62PP58,0,0,0
CAN-MACWLUVOZC,0,0,0
CAN-2WTC2N3XKJ,0,0,0
CAN-WI2BTEVXZS,0,0,0
CAN-SP3PNSMO37,0,0,0
CAN-6M9PF8WFEH,1,1,0
CAN-G14OXMVHKQ,0,0,0
CAN-LXF4ZQ1D6L,0,0,0
CAN-OYQM0WXQSR,0,0,1
CAN-VM9O8LB5B1,0,0,0
CAN-8VIVBGRGXC,0,0,0
CAN-2TPRIL6N65,0,0,0
CAN-QHI6CQHMA5,0,0,0
CAN-HY5Z7G3D2Z,0,0,0
CAN-TA5LYDM72A,0,0,0
CAN-ZE2M8F4HUH,1,1,0
CAN-OIXGK6QB1L,1,1,0
CAN-20FWZE5LWU,0,0,0
CAN-1J3P87WS6F,0,0,0
CAN-T2LRD06CAA,1,1,0
CAN-0U4ZKHEM5Z,0,0,0
CAN-IGAWON9AXE,0,0,0
CAN-MZGUAOPRCA,0,0,0
CAN-YZABD3CJ8Z,0,0,0
CAN-10BW0ASJM5,1,1,1
CAN-YBKZI35L6K,0,0,0
CAN-DXW7UXPIS3,0,0,0
CAN-KTMNPTUF0I,0,0,0
CAN-6O3OPIPO8O,0,0,0
CAN-XVEK1B956D,0,0,0
CAN-ND0FPWOL0R,0,0,0
CAN-ZE71I80NMB,0,0,0
CAN-XGEIZBS7TX,0,0,0
CAN-P0B6IQ2XUC,1,1,1
CAN-C1L14MJCZ3,0,0,0
CAN-6UM0JRPV9V,0,0,0
CAN-9SI6F1MK7W,0,0,0
CAN-J3FPL3EFEH,0,0,0
CAN-GZ687KUPTA,0,0,0
CAN-TXM023LUFS,0,0,0
CAN-IFC4DTHM2O,0,0,0
CAN-TJR4PM410N,0,0,0
CAN-PKI1CLD6B3,0,0,0
CAN-Y81J0J6X6P,0,0,0
CAN-AYDC8VW67U,0,0,0
CAN-496HZC0X62,0,0,0
CAN-3FVAVYQJKE,0,0,0
CAN-LI3UI4JY6R,0,0,0
CAN-Q9XHTAU8RM,0,0,0
CAN-B1UXUZSRRE,0,0,0
CAN-H0AQ721PJI,0,0,0
CAN-4F5F7KSY36,0,0,0
CAN-DG0ABPBNQM,0,0,0
CAN-TL4N4HN4AB,0,0,0
CAN-D8W669AP1U,0,0,0
CAN-HZ5O0QKNQC,0,0,0
CAN-Q7RFRQTAQZ,0,0,0
CAN-LY4S9HJ5W6,0,0,0
CAN-7YFUNREI85,0,0,0
CAN-9NTC08KVE7,0,0,0
CAN-Y5CAWTIGA9,0,0,0
CAN-VIR9BDG154,0,0,0
CAN-L0OVL84541,0,0,0
CAN-7ZDF4KAYF8,0,0,0
CAN-Y29UPW3ZG0,0,0,0
CAN-J6BH3V8XZ5,0,0,1
CAN-C0P9BD8720,0,0,0
CAN-OXBE959LDF,0,0,1
CAN-81I8E8GVFP,1,1,0
CAN-NH7D80O5ON,0,0,0
CAN-KPS5WHZ3BL,0,0,0
CAN-L1YP5DGF3W,0,0,0
CAN-OQWFO87FVF,0,0,0
CAN-XWQH2DI115,0,0,0
CAN-8IAZKASL56,0,0,0
CAN-LXYGB2FXPR,0,0,0
CAN-RGHGR8EH9S,0,0,0
CAN-Z5AAUTGDBR,0,0,0
CAN-UKCA9JODQF,0,0,0
CAN-T9XIY71JJC,0,0,0
CAN-QVA0POZ89R,1,1,0
CAN-CHRJNHZ8NI,0,0,0
CAN-YZ8DKD2ZCC,0,0,0
CAN-52A71VLWKP,0,0,0
CAN-IIOH9AO38L,0,0,0
CAN-DIQIQDTFE4,0,0,0
CAN-N4Y1ED41ZA,0,0,0
CAN-6CDMK85JRY,0,0,0
CAN-4T6V8BFZB9,0,0,0
CAN-U4K42QEMZ0,0,0,0
CAN-9PODG8JQ7P,0,0,0
CAN-GO65RB31HW,0,0,0
CAN-CLJ1CGHGPF,0,0,0
CAN-JK7KFPW2TQ,0,0,0
CAN-OFGYNI8X8A,0,0,0
CAN-WRKLRMQIOB,0,0,0
CAN-S3ONKE7NZD,0,0,0
CAN-213QKVJAPW,0,0,0
CAN-P0IOAIR361,0,0,0
CAN-5CKFRFTEQY,0,0,0
CAN-QIG65VFEPU,0,0,0
CAN-LX6SHINFPZ,0,0,0
CAN-GCDDE6A55N,0,0,0
CAN-FPWBB4KLHW,0,0,0
CAN-LGEMS17GG7,0,0,0
CAN-2RZV3SD76H,0,0,0
CAN-5QJ7R2SJCB,0,0,0
CAN-0KPORLRRD1,0,0,0
CAN-6AKJWZDCZV,0,0,0
CAN-36KOTS7SIJ,0,0,0
CAN-24X5ZEE0N8,0,0,0
CAN-VXYOH96Z1K,0,0,0
CAN-XXKEU0WM4X,0,0,0
CAN-Q6O3L50GZK,0,0,0
CAN-VQ1TLTWNMF,0,0,0
CAN-IU0QUSQ145,0,0,0
CAN-MGOLO2MZ3L,0,0,0
CAN-WV61FO6H2E,0,0,0
CAN-AN4XZBAQVO,0,0,0
CAN-7OS0KGY5UP,0,0,0
CAN-DSGCS370KK,0,0,0
CAN-7J6D0X3KMA,1,1,1
CAN-FHFLIILTMZ,0,0,0
CAN-773ASFFBU3,0,0,0
CAN-99PN9BLV3E,0,0,0
CAN-X5CIKO4KSX,0,0,0
CAN-IPVTBRRPHR,0,0,0
CAN-9IWRVN9LGQ,0,0,0
CAN-BT70BNGCCY,0,0,0
CAN-DEPQ10UF27,0,0,0
CAN-H5CWQC9Y2R,0,0,0
CAN-XMF00ZOTO7,0,0,0
CAN-1MPP3AELT6,0,0,0
CAN-EMPYFWQB93,0,0,0
CAN-OXN0M57N4J,0,0,0
CAN-QD6VS123Z5,0,0,0
CAN-6DW1CIOY3F,0,0,0
CAN-3SK938BW1Y,0,0,0
CAN-38F5NJ24ZQ,0,0,0
CAN-9WRWJNOJPI,0,0,0
CAN-CQLO2KVJFO,0,0,0
CAN-GDT8WOTZQ5,0,0,0
CAN-X8RL87T17R,0,0,0
CAN-T7A0JRMGLR,0,0,0
CAN-T0WWMLD3G3,0,0,0
CAN-O1FNTJB2W7,0,0,0
CAN-DKMP7OUFK5,0,0,0
CAN-ACKGRTTZ0Q,0,0,0
CAN-7IDOXJQOFS,0,0,0
CAN-VWBRD3WWI6,0,0,0
CAN-LNUVVT5CZH,0,0,0
CAN-PF0SQO9TG1,0,0,0
CAN-1A960G9XA6,0,0,1
CAN-W9KOATUQ40,0,0,0
CAN-NNLS9NBE4D,0,0,0
CAN-0ND8K10G3Q,0,0,0
CAN-2V0D61OSOH,0,0,0
CAN-JKM1R1FTW5,0,0,0
CAN-QZUDR0Q4EE,0,0,0
CAN-W5T1ST7VXS,0,0,0
CAN-OGU1BPKGVB,0,0,0
CAN-56VT8RNOIH,0,0,0
CAN-SPQ79EG0TE,0,0,0
CAN-2CNGOVIFYX,0,0,0
CAN-MBXVFHQF7K,0,0,0
CAN-H55J4XTIQQ,0,0,0
CAN-8EKITT0X3B,0,0,0
CAN-F2M194L1XZ,0,0,0
CAN-KTVDI59FBC,0,0,0
CAN-G71FYKTZN6,0,0,0
CAN-R7I4YFQBM8,0,0,0
CAN-IXX5GLN338,0,0,0
CAN-UK30UMAGCN,0,0,0
CAN-QRFIX9X9Y9,0,0,0
CAN-1VCESY8F3C,0,0,0
CAN-6KBXYCJR0U,0,0,0
CAN-NQGDO6PK4P,0,0,0
CAN-LRFQ0R04OZ,0,0,0
CAN-WGRPISSB3E,0,0,0
CAN-5LJPVLH7NI,0,0,0
CAN-05RF1HZKDF,0,0,0
CAN-JS06U1QRTH,0,0,0
CAN-3NQHIGTI36,0,0,0
CAN-037HIVEFXK,0,0,0
CAN-8UMLBL16PI,0,0,0
CAN-6QY8Z7X4ZO,0,0,0
CAN-2GVKV7THGO,0,0,0
CAN-S2CEE7UBIP,0,0,0
CAN-61PQACNCDJ,0,0,0
CAN-DFN4KFYXTT,0,0,0
CAN-ZIRTEATDXG,0,0,0
CAN-MH2ABXSEWO,0,0,0
CAN-EEGIT2AGYM,0,0,0
CAN-SNQLT68EA5,0,0,0
CAN-JWTLGRA7OK,1,0,0
CAN-H5DS6BIL1D,0,0,0
CAN-RXHR2HKHL4,0,0,0
CAN-LVVV91NCEN,0,0,0
CAN-UCCHYI31JZ,0,0,0
CAN-0I6HZ6HS3P,0,0,0
CAN-LN9IXJ3IJA,0,0,0
CAN-AGAIXCJN8A,0,0,0
CAN-HX35MZLAO2,0,0,0
CAN-VZEFNMQSRU,0,0,0
CAN-BZ229Y5E6X,0,0,0
CAN-JZNKXUVVB5,0,0,0
CAN-DCP057K002,0,0,0
CAN-60DSZ81F6W,0,0,0
CAN-FGLM4I0J47,0,0,0
CAN-CDE9RWYKK3,0,0,0
CAN-52N2CZCYUC,0,0,0
CAN-6Q1NL34KKQ,0,0,0
CAN-KV5S34IMNE,0,0,0
CAN-P94TLFGLXD,0,0,0
CAN-XWD4QMSEII,0,0,0
CAN-OUQS0PPRXH,0,0,0
CAN-SJU4EAL128,0,0,0
CAN-N98U0SIH1B,0,0,0
CAN-BFUTF5X2KF,0,0,0
CAN-L9UKJTMNEZ,0,0,0
CAN-V53UD0LSNC,0,0,0
CAN-IYWH2G74QF,0,0,0
CAN-ZJLHRW8829,0,0,0
CAN-MIRIOPTBSF,0,0,0
CAN-3VE5NB8T03,0,0,0
CAN-69D2YL084I,0,0,0
CAN-0GX4GB2CR2,0,0,0
CAN-2RIT3B765W,0,0,0
CAN-DZJ8BKH33S,0,0,0
CAN-W93LQ9Z8ZR,0,0,0
CAN-0H1TC469WF,0,0,0
CAN-VFQII8IR6L,2,1,0
CAN-UAORLT45ZV,0,0,0
CAN-7HYVO9GJ4E,0,0,0
CAN-E1V7RI4R1W,0,0,0
CAN-P2LM92QS6W,0,0,0
CAN-MQIVOP9HWQ,0,0,0
CAN-1M30K0FQQB,0,0,0
CAN-MV7ZFERA3Y,0,0,0
CAN-Q9P423LUV4,0,0,0
CAN-FUPXP67I4Y,0,0,0
CAN-NR04AI9Z4J,0,0,0
CAN-D4UF0M2YMI,0,0,0
CAN-ATCJCD6L4R,0,0,0
CAN-JZTVQSMVVL,0,0,0
CAN-S59OSRHOSV,0,0,0
CAN-QG6XGCSX2B,0,0,0
CAN-MPPXFYUQUN,0,0,0
CAN-PLTP75TE1G,0,0,0
CAN-65VKHH4JWV,0,0,0
CAN-6MNMP1TXJQ,0,0,0
CAN-0LYMV41BOA,0,0,0
CAN-8HE7NLFAIN,0,0,0
CAN-SVVIJ0FLFC,0,0,0
CAN-QB7HF95MEH,0,0,0
CAN-7LYL3QJIT7,0,0,0
CAN-UUWJANYUG0,0,0,0
CAN-3OJTQI9REK,0,0,0
CAN-1SEDUJD4OC,0,0,0
CAN-K0TA3D81D1,0,0,0
CAN-M6PYS0ETAP,0,0,0
CAN-2OK3K9KSQL,0,0,0
CAN-P2AK4AENXS,0,0,0
CAN-7TK63B7RHG,0,0,0
CAN-PXU86BSUPJ,0,0,0
CAN-I3JHHBBI66,0,0,0
CAN-KQR9CQNRBU,0,0,0
CAN-5WP5UNS4ZI,0,0,0
CAN-6K987KBKP6,0,0,0
CAN-RFSZMBFDB2,0,0,0
CAN-D25OYZU7XH,0,0,0
CAN-BH8M8X539Y,0,0,0
CAN-FGC0MYCL31,0,0,0
CAN-H8VI3VUNIQ,0,0,0
CAN-BD7LO5JCYR,0,0,0
CAN-CA8OCT88IB,0,0,0
CAN-0EEV2PAF0Q,0,0,0
CAN-7IIFSRTU0R,0,0,0
CAN-SXWO2AR9FF,0,0,0
CAN-V9RIZ5HK0I,0,0,0
CAN-LYULNSGJT7,0,0,0
CAN-D357IY7WHG,0,0,0
CAN-JTHCOI9I6P,0,0,0
CAN-DAGAWMBMNT,0,0,0
CAN-B7EOFYC7SH,0,0,0
CAN-NW6VNY9IZC,0,0,0
CAN-9IP763G5KJ,0,0,0
CAN-LJFA6N2XM3,0,0,0
CAN-P84N27M0AA,1,0,0
CAN-49AUJL963N,0,0,0
CAN-RZT8FTG22B,0,0,0
CAN-1WAC1GMO3C,0,0,0
CAN-8IZER9PQ86,0,0,0
CAN-W05RXDTAK5,0,0,0
CAN-M7W7DIHDKR,0,0,0
CAN-70QW2FSUGX,0,0,0
CAN-ZUZUMBQSWB,0,0,0
CAN-B2IRC9ESI7,0,0,0
CAN-3PI9YE5KGJ,0,0,0
CAN-QNRZ3QR0TY,0,0,0
CAN-JI6VP255EA,0,0,0
CAN-1QMYA4DXCA,0,0,0
CAN-ZJT9RYY3PT,0,0,0
CAN-TM06ODXTUG,0,0,0
CAN-Z6OOPALQIP,0,0,0
CAN-6CCW1IB7KF,0,0,0
CAN-UN9DVXBOB1,0,0,0
CAN-XS9MBT94MC,0,0,0
CAN-U6L89E7214,0,0,0
CAN-YFNHT1X275,0,0,0
CAN-JENQDG3D0E,0,0,0
CAN-KX5MP800OD,0,0,0
CAN-28RP6WL647,0,0,0
CAN-PXEULL8LNJ,0,0,0
CAN-NHXN2U9X4H,0,0,0
CAN-V5WV88BIPS,0,0,0
CAN-M80RV7K14I,0,0,0
CAN-O0LN4V5PB8,0,0,0
CAN-O8X9FAFT4G,0,0,0
CAN-PJM8VJU2LU,0,0,0
CAN-7D6GY58N8A,0,0,0
CAN-GHJWWVHZDK,0,0,0
CAN-2Q4MK4D5D1,0,0,0
CAN-GQN7NKUIUO,0,0,0
CAN-NGT7L9CW9Q,0,0,0
CAN-7TMP1Z9H2N,0,0,0
CAN-X0ZWAQJ2VC,1,1,0
CAN-G77RX7718R,0,0,0
CAN-8IAF6IXMY8,0,0,0
CAN-V1Y2K56S2W,1,1,0
CAN-SKRMDXQRE4,0,0,0
CAN-OMZO6I300Z,0,0,0
CAN-W7F6BIEDEQ,0,0,0
CAN-ZTX8FP2GK3,0,0,0
CAN-4F49K27RR6,0,0,0
CAN-XX4T3BYOKB,0,0,0
CAN-4DGEHRV5EE,0,0,0
CAN-VOE6SBJ7AG,0,0,0
CAN-AR3F3M9ZMR,0,0,0
CAN-38M8NXNT2J,0,0,0
CAN-BSLT5ZA2K4,0,0,0
CAN-9FMOOHVPDG,1,1,0
CAN-KQ6P88GX56,0,0,0
CAN-0YZ7B4134W,0,0,0
CAN-4B9ELIB6B1,0,0,0
CAN-R3PTK9FF5B,0,0,0
CAN-C8NNVNH4ZV,0,0,0
CAN-38D88SALR3,0,0,0
CAN-IAYPEZLKDD,0,0,0
CAN-Y8X8EXKVGW,0,0,0
CAN-0310057DGQ,0,0,0
CAN-6QMHN8SBQ4,0,0,0
CAN-N7S8H5BS8X,0,0,0
CAN-H5A2CL4F3D,0,0,0
CAN-ERMR3316UJ,0,0,0
CAN-QXE5DAYO52,0,0,0
CAN-TTAZQ8M704,0,0,0
CAN-BM6C6KNO53,0,0,0
CAN-CPVJ9LB2XM,0,0,0
CAN-98OCDS2X3K,0,0,0
CAN-O6J57SQQB6,0,0,0
CAN-ZGQWRKA3XQ,0,0,0
CAN-VHTI8NNQ7B,0,0,0
CAN-F7YIEA3U9W,0,0,0
CAN-FWRPEB8RLU,0,0,0
CAN-3ZSDOVM2KK,0,0,0
CAN-G0AFSAB5U6,0,0,0
CAN-E02VKHNY9P,0,0,0
CAN-35JCHIRW8L,0,0,0
CAN-3OCI6YEGI1,0,0,0
CAN-BBVCYY113C,0,0,0
CAN-6T61JKNCSZ,0,0,0
CAN-WCXDNFHQPS,0,0,0
CAN-TGNGXGTENM,0,0,0
CAN-EFHC092N1R,0,0,0
CAN-QZXXGTGM0X,0,0,0
CAN-AK4UMWJJ1H,0,0,0
CAN-DLPZZSPWR4,0,0,0
CAN-SITIJK2JYF,0,0,0
CAN-8NYISWQGO8,0,0,0
CAN-16UY8WV0J4,0,0,0
CAN-OKX1I6CA68,0,0,0
CAN-7J58BJ87YS,0,0,0
CAN-Y3GWJBF3I5,0,0,0
CAN-N461MWZA2Z,0,0,0
CAN-3KAHTTV9BG,0,0,0
CAN-UKQ6C9332B,0,0,0
CAN-EP8BVV476T,0,0,0
CAN-Y6K35OFQK9,0,0,0
CAN-CLGMTAMWUE,0,0,0
CAN-E3OJ9W3IMM,1,0,0
CAN-3QXWWVA8C7,0,0,0
CAN-X3OBTE3CTM,0,0,0
CAN-58JRRKXCV8,0,0,0
CAN-EWZOKKMNRW,0,0,0
CAN-N25Q6A1A5Y,0,0,0
CAN-5ZV87GJPUV,0,0,0
CAN-RR6K41JXNP,0,0,0
CAN-N8S7CYW8OS,0,0,0
CAN-WW3TNLBTRM,0,0,0
CAN-88ENP27J5Q,0,0,0
CAN-W6ELM4H2NY,0,0,0
CAN-7VFI9YZQ8X,0,0,0
CAN-EGBQBQ79XO,0,0,0
CAN-JE0P84AGCT,0,0,0
CAN-LJX9YTUEN8,0,0,0
CAN-J5IXMKEGFR,0,0,0
CAN-QYZ2YEJ2ZN,0,0,0
CAN-6X6CFFUUZK,0,0,0
CAN-6BNXI4IMJS,0,0,0
CAN-VKWODYHDUB,0,0,0
CAN-B4YKATOXCS,0,0,0
CAN-0EFCPTKPZC,0,0,0
CAN-SGJZ0CTGRD,0,0,0
CAN-0FJ721FZPN,0,0,0
CAN-DUOENYZJGB,0,0,0
CAN-UOPPQWR2YN,0,0,0
CAN-IBMVHSX8ZY,0,0,0
CAN-6GR59U2VZI,0,0,0
CAN-HYCN90HEBI,0,0,0
CAN-604XRUHNPO,0,0,0
CAN-FD2USTG00E,0,0,0
CAN-X5B5FMAI5G,0,0,0
CAN-FW075KKKXS,0,0,0
CAN-C15163XN7H,0,0,1
CAN-WZAZDOWTTF,0,0,0
CAN-6KZ4T63MN5,0,0,0
CAN-4W5FETG44J,0,0,0
CAN-5SVVED93I4,0,0,0
CAN-AQCQEQWCN1,0,0,1
CAN-T39YYJEIW3,0,0,0
CAN-UGBP5FO3J2,0,0,0
CAN-M0R4FRYLVF,0,0,0
CAN-BI2MZKUFN4,0,0,0
CAN-YBY5OTZSS4,0,0,0
CAN-U1A74RTDB2,1,1,1
CAN-N937EWD03J,0,0,0
CAN-A5LDJSXQZQ,0,0,0
CAN-Q1G8222TVV,0,0,0
CAN-FY5QJUAVM7,0,0,0
CAN-B6YJVVJDZQ,0,0,0
CAN-9PAW3A1RUH,0,0,0
CAN-38TSUWU60T,0,0,0
CAN-UKRK437NP6,0,0,0
CAN-UALEW473E3,0,0,0
CAN-8LFMUHI1N7,0,0,0
CAN-JTBFN3ZAEB,0,0,0
CAN-BI1G6VLLAX,0,0,1
CAN-N8PO08NKN7,0,0,0
CAN-IU56ZSZ8L9,0,0,0
CAN-XF6TZVBSB6,0,0,0
CAN-JXAWZQ1M59,0,0,0
CAN-QVPD36DK0R,0,0,0
CAN-7I04862KST,0,0,0
CAN-55JSAETFI4,0,0,0
CAN-3N3WLTB0O2,0,0,0
CAN-JJPDVQLBAZ,0,0,0
CAN-6Y99TN50Z5,0,0,0
CAN-EO2EGA83WN,0,0,0
CAN-AYNHVH8P4Z,0,0,0
CAN-QL8PYHDTV7,0,0,0
CAN-U73BW1ACRF,0,0,0
CAN-KQR77FRHP8,0,0,0
CAN-U8XSXFC51G,0,0,0
CAN-2BM54L7V9L,0,0,0
CAN-ZNTSJ8ROZJ,0,0,0
CAN-PZQK1H1FMH,0,0,0
CAN-FTZGQNOEGM,0,0,0
CAN-0EUESG5K2H,0,0,0
CAN-8WPLTT1AWN,0,0,0
CAN-WLI1OKFOYH,0,0,0
CAN-TK96SK9XHW,0,0,0
CAN-WG6ML5FXO7,0,0,0
CAN-GXM5ROKRAM,1,1,0
CAN-C8FLCHHOGO,0,0,0
CAN-4N5MJ8POMX,0,0,0
CAN-KK28LD910V,1,0,0
CAN-5QGAJCVEH1,0,0,0
CAN-7DCGHB97FC,0,0,0
CAN-YQ1DH2D2BT,0,0,0
CAN-8JFV7FZAIE,0,0,0
CAN-T5GBYQTPFP,0,0,0
CAN-ZBJP7TMXMC,0,0,0
CAN-BKZ4IGRVBL,0,0,0
CAN-HB9THH1BHZ,0,0,0
CAN-MWXCND5E18,0,0,0
CAN-8JL04KR4U3,0,0,0
CAN-KEM4M9DS0Y,0,0,0
CAN-8OFVKRN4X7,0,0,0
CAN-3EA4YQEIXT,0,0,0
CAN-NOS4E8QNJV,0,0,0
CAN-FODKT20Y7G,0,0,0
CAN-UW6PCYZA5D,0,0,0
CAN-UZU6NUJ4DA,0,0,0
CAN-1FSXHNX36P,1,1,1
CAN-9JZAACI3KA,0,0,0
CAN-Q9N21I0VPB,0,0,0
CAN-M0HXBGMS8R,0,0,0
CAN-9YDI9JF29O,0,0,0
CAN-WR3VJ3Q1WV,0,0,0
CAN-414SN99HXO,0,0,0
CAN-ASWBXQIDTH,0,0,0
CAN-FNWKPTMMW8,0,0,0
CAN-EQVV340P3O,0,0,0
CAN-H4J490X225,0,0,0
CAN-TI2VP4DM8A,1,1,0
CAN-YONJ5WKYEY,0,0,0
CAN-WOJNG9FY9U,0,0,0
CAN-Y97PERX3VA,0,0,0
CAN-CRDCOIMDB9,0,0,0
CAN-3DHRZMGIJ3,0,0,0
CAN-GZ1YRR6FV4,0,0,0
CAN-ZLGL8D5KSN,0,0,0
CAN-YVCFG559EJ,0,0,0
CAN-AQ2WD20TL8,0,0,1
CAN-ILAT7OFHBZ,0,0,0
CAN-J2N7ZBA1PY,0,0,0
CAN-7EY1TZM3VV,0,0,0
CAN-XGWZN3LK5I,0,0,0
CAN-JMSVBKK42K,0,0,0
CAN-5EAIN3BVB1,0,0,0
CAN-RTZOKUR4L9,0,0,0
CAN-RQEC6BR6LF,0,0,0
CAN-BMFFOU4F7S,0,0,0
CAN-3SG5Z344UC,0,0,0
CAN-KWDLRIID1R,0,0,0
CAN-EDZ6OU6QQ8,0,0,0
CAN-AE6HWLNY5P,0,0,0
CAN-M53HKF7VWB,0,0,0
CAN-ZF9DQQIH8J,0,0,0
CAN-OHTB1Y5R2X,0,0,0
CAN-PA7FW78L6T,0,0,0
CAN-8CJS6XOGJB,0,0,0
CAN-9P5FZLLL2I,0,0,0
CAN-IY9YAZEQ4L,0,0,0
CAN-HL3F3U2YHL,0,0,1
CAN-4TI2169VR1,0,0,0
CAN-JPOWI08KN7,0,0,0
CAN-BSXY5T271A,0,0,0
CAN-WG2OCPSD9W,0,0,0
CAN-7M2YJFB2RX,0,0,0
CAN-O8J5XQ1QHK,0,0,0
CAN-6OTB78E8N7,0,0,0
CAN-A6UCMMMOYZ,0,0,0
CAN-22MGRQHL00,0,0,0
CAN-XP3ITLD0HQ,0,0,0
CAN-02CGLC0D7K,0,0,0
CAN-HLHOF7DXGU,0,0,0
CAN-DU9V3R1CJ8,0,0,0
CAN-ETF7SK64XH,0,0,0
CAN-EDZ9TGNGA9,0,0,0
CAN-82CJHSM2LE,0,0,0
CAN-TBCKZJH7GM,0,0,0
CAN-TQBJYIDBBT,0,0,0
CAN-88F1OA8A5I,1,0,0
CAN-FJ5IABK86T,0,0,0
CAN-RWK9RMVYTP,0,0,0
CAN-6P1JZ1L82M,0,0,0
CAN-IQ3ZS8L2PN,0,0,0
CAN-EGWY704TYJ,0,0,0
CAN-45S0LVUWYZ,0,0,0
CAN-OD900SY8QU,0,0,0
CAN-ZT9EWGAHIR,0,0,0
CAN-TGIJHE2PMX,0,0,0
CAN-57ZZD9WE1O,0,0,0
CAN-OIN6YWGCKB,0,0,0
CAN-U6Y2QVC7IO,0,0,0
CAN-83NAJ91Q1K,0,0,0
CAN-TQEGKECBMR,0,0,0
CAN-1SORRNL3X4,0,0,0
CAN-AS82L26FMH,0,0,0
CAN-5D5TLNCL1M,0,0,0
CAN-6HZV6T6FBO,0,0,0
CAN-WEGSPT8IF3,0,0,0
CAN-TDVLFSGSED,0,0,0
CAN-UZI51TJC0N,0,0,0
CAN-BF00X8J93V,0,0,0
CAN-YZ87F8CLCT,0,0,1
CAN-NPTQFNLHRF,0,0,0
CAN-MOTR04NI57,0,0,0
CAN-ZXNRIMS4YX,0,0,0
CAN-SVHF1LE79D,0,0,0
CAN-ZM67K1Z578,0,0,0
CAN-OFZ9O794TD,0,0,0
CAN-07LXS3D2J8,0,0,0
CAN-06VVEXLIKN,0,0,0
CAN-TVUR4RM6FU,0,0,0
CAN-6NHOI7HD4X,0,0,0
CAN-J0K1AQHF5Z,0,0,0
CAN-K6JAS98LV3,0,0,0
CAN-NLVXEKBX6W,0,0,0
CAN-QIWW50UPFN,0,0,0
CAN-EZO5QGJCEJ,0,0,0
CAN-55C3NQN6M1,0,0,0
CAN-L853HDBTAG,0,0,0
CAN-HCD5WHXHPL,0,0,0
CAN-8SKCYB81S9,0,0,0
CAN-B4YBR0ED9N,0,0,0
CAN-NPCT3NUN05,0,0,0
CAN-ST6DKXWLIC,0,0,0
CAN-ULSN9XHA4M,0,0,0
CAN-9UY5GF0JHA,0,0,0
CAN-ZSI9OHWUZ0,0,0,0
CAN-S0PZKVTPPJ,0,0,0
CAN-2OKQKA65NL,0,0,0
CAN-7Y3LRHYG2P,0,0,0
CAN-X3G9YIXPL6,0,0,0
CAN-CCH09NVVZV,0,0,0
CAN-MVND4C9XVA,0,0,0
CAN-ET6MLRJTFA,0,0,0
CAN-4223Y1PWSZ,0,0,0
CAN-FUPAG7W4F9,0,0,0
CAN-MPOFBU42OZ,0,0,0
CAN-BDVFJ2WO00,0,0,0
CAN-F98DMF9GK8,0,0,0
CAN-I8Q1TMQIYX,0,0,0
CAN-CGBYJWNF8P,0,0,0
CAN-0QBKCLVXEG,0,0,0
CAN-9IU6X2M06F,0,0,0
CAN-7752CBT0BN,0,0,0
CAN-ZBHZ6FMVC2,0,0,0
CAN-9YR8T1NJMI,0,0,0
CAN-8UW7AE6YGY,0,0,0
CAN-DE9RS3XW94,0,0,0
CAN-SA7BIZW9Z0,0,0,0
CAN-TJ7HE7G5DM,0,0,0
CAN-HVQGTA1MIU,0,0,0
CAN-IFU77JQGK6,0,0,1
CAN-ZV6GZSTMDG,0,0,0
CAN-S78Z2EHNEH,0,0,0
CAN-GZYN4I0JP9,0,0,0
CAN-KA4X6KP8FB,0,0,0
CAN-MV4MTLPISI,0,0,0
CAN-VIWD1ZK5TL,0,0,0
CAN-IWDLVT542Q,0,0,0
CAN-697B6BHXL7,0,0,0
CAN-Z2FMDPQZ6U,0,0,0
CAN-BBZ9D47YDZ,0,0,0
CAN-L70ACEG225,0,0,0
CAN-WZJV935BNK,0,0,0
CAN-I84CNG49WE,0,0,0
CAN-92UX4SWLTP,0,0,0
CAN-XI2MHDRYY4,0,0,0
CAN-100OT2QMJG,0,0,0
CAN-F4G7BQPDQG,0,0,0
CAN-VXTDFK5HIJ,0,0,0
CAN-KVD026Q9O1,0,0,0
CAN-SH46A17808,0,0,0
CAN-A0K6A3D3AN,0,0,0
CAN-MXXYAHVE5G,0,0,0
CAN-D7ASE1KK77,0,0,0
CAN-83US8ELNPQ,0,0,0
CAN-RMS3E77HHT,0,0,0
CAN-2POZCH38EU,0,0,0
CAN-V9RMCF39PI,0,0,0
CAN-K6KHOLUJQC,0,0,0
CAN-UVJPELKEW7,1,1,0
CAN-NDT2R6EXSR,0,0,0
CAN-G52AIHN0D6,0,0,0
CAN-YKV42VY12H,0,0,0
CAN-VVMOOPI0HL,0,0,0
CAN-Q330N6VR9A,0,0,0
CAN-SVAZFKXXT9,0,0,0
CAN-LXEGI36XGA,0,0,0
CAN-DYTK9WXYXK,0,0,0
CAN-J096OS5S9I,0,0,0
CAN-NZPNS8EDKV,0,0,0
CAN-N79LWQA4AY,0,0,0
CAN-PB2ZB2KKJF,0,0,0
CAN-N8B4PEDSWO,0,0,0
CAN-4R0JQ23XI7,0,0,0
CAN-Q4NS6W7MH5,0,0,0
CAN-6Z24Q4QY8Y,0,0,0
CAN-EN4YWZ1ME4,0,0,0
CAN-JKAHVIQ1U9,0,0,0
CAN-PMK5CLUVKS,0,0,0
CAN-1QE1YMCJUC,0,0,0
CAN-KI4D8H0W2K,0,0,0
CAN-WY6D5IOC2U,0,0,0
CAN-7DYEXDMGTZ,0,0,0
CAN-GVG2VR3RQZ,0,0,0
CAN-82SDR596O9,0,0,0
CAN-2ILY34ABB2,0,0,0
CAN-LSEVHXZ724,0,0,0
CAN-F5XU4JY9X0,0,0,0
CAN-XM1033DFSU,0,0,0
CAN-B53EX4Q2DS,0,0,0
CAN-LTZEX6FLUK,0,0,0
CAN-P08J6F3HA1,0,0,0
CAN-9KXQ5EJNPK,0,0,0
CAN-OHV12T7XKP,0,0,0
CAN-T2J2C72JKL,0,0,0
CAN-IOAWWYNKD5,0,0,0
CAN-6MVAJ9Q4V1,0,0,0
CAN-REZR5C3OAV,0,0,0
CAN-BCME4GZMWN,0,0,0
CAN-FVJ2RDCKQ1,0,0,0
CAN-YPY46FBMCC,0,0,0
CAN-61KXI5FXDX,0,0,0
CAN-SRGSZNKKMB,0,0,0
CAN-M6I6ONFLH6,0,0,0
CAN-6WFKDE6ZKK,0,0,0
CAN-V23OOC8HU7,0,0,0
CAN-TI05ZUF10E,0,0,0
CAN-C9G52GTHZY,0,0,0
CAN-UTZF5XWAMP,0,0,0
CAN-MPESVDVF55,0,0,0
CAN-MD6HSPZNPH,0,0,0
CAN-K0D095GVK5,0,0,0
CAN-HSDU3KWUNZ,0,0,0
CAN-6BD3PFQF28,1,0,0
CAN-1LSMY0ZLFQ,0,0,0
CAN-XYUM8TWAO8,0,0,0
CAN-O8S8KPCUIX,0,0,0
CAN-ROTUH4IHJT,0,0,0
CAN-C6VE6MY586,0,0,0
CAN-Q2ZQY1IULW,0,0,0
CAN-M60Q4N3346,0,0,0
CAN-VI0ZJV8C62,0,0,0
CAN-WNGOBOGPZG,0,0,0
CAN-VYW3DH0M5Z,0,0,0
CAN-ZIKLTOOBC1,0,0,0
CAN-F0ND67NLR9,0,0,0
CAN-NNCWUJDKZO,0,0,0
CAN-0KV9NVPAC4,0,0,0
CAN-564ICB36W4,0,0,0
CAN-1H7WHJWXH9,0,0,0
CAN-KDWCIXD4YZ,0,0,0
CAN-K7TP1MSJGJ,0,0,0
CAN-7OY100UDQW,0,0,0
CAN-2HDFMCZWT1,0,0,0
CAN-8IRS1XQLMO,0,0,0
CAN-9NMO0LDIPH,0,0,0
CAN-S2IDP6Y8DQ,0,0,0
CAN-V479HNJTK3,0,0,0
CAN-U2FO8XUOJ6,0,0,0
CAN-GEZEKFZ5KT,0,0,0
CAN-L6T7DVQUBF,0,0,0
CAN-G3OS3FZSN6,0,0,0
CAN-3UY7RT95PC,0,0,0
CAN-N295H28Z0G,0,0,0
CAN-5THP6TFMJP,0,0,0
CAN-1JJHHXXSRH,0,0,0
CAN-H33SRJ8WFK,0,0,0
CAN-7QJZANN5WS,0,0,0
CAN-P81FJPVDVO,0,0,0
CAN-2ZRG6AOCMD,0,0,0
CAN-0YHKSFO1CJ,0,0,0
CAN-I2IX9Z1TW1,0,0,0
CAN-ZH31X5AC09,0,0,0
CAN-0JCUWEANC5,0,0,0
CAN-G9R2V60AVY,1,0,0
CAN-IZNBQNDIOO,0,0,0
CAN-WDONBRE4TZ,0,0,0
CAN-4D4P5H422D,0,0,0
CAN-5MSTE6PV3D,0,0,0
CAN-KBCO5N0I2M,0,0,0
CAN-81PNVKGP5E,0,0,0
CAN-X30HY8O6E3,0,0,0
CAN-NHASKUIL8X,0,0,0
CAN-XNA5OY8J1X,0,0,0
CAN-917Q10FXLU,0,0,0
CAN-1BSTC23SKX,0,0,0
CAN-03BGDG4C0H,0,0,0
CAN-Z16LCZMME0,0,0,0
CAN-QYA01QVH6H,0,0,0
CAN-8ETMV6K0D4,0,0,0
CAN-DGPJZ0NZDP,0,0,0
CAN-H39EMGH6WS,0,0,0
CAN-AY0Q12K334,0,0,0
CAN-N7Z1UYVR5E,0,0,0
CAN-MFLCE343M4,1,1,0
CAN-OY0GZCJ9CA,0,0,0
CAN-6NQ6NPYB6Z,0,0,0
CAN-984C0P2W0N,0,0,0
CAN-EXQXGUIYET,0,0,0
CAN-FMXQMMIPKV,0,0,0
CAN-G13OXX04FU,0,0,0
CAN-RRH6CK6LQG,0,0,0
CAN-2XN9XWI6F5,0,0,0
CAN-RPDOVGW3BB,0,0,0
CAN-KXM5EVL9WL,1,0,0
CAN-3DITXG5Y9A,0,0,0
CAN-1ML98COPQP,0,0,0
CAN-VQFZ1ND86N,0,0,0
CAN-UJCH86I0L3,0,0,0
CAN-RGY8BKPLOJ,0,0,0
CAN-75RC4NBYND,0,0,0
CAN-4707SF6ORA,0,0,0
CAN-DEL9UKNVBU,0,0,0
CAN-F92ZM84SNH,0,0,0
CAN-1FK34F7AXU,0,0,0
CAN-BAM1LUPNB9,0,0,0
CAN-BLJZ8WC5UH,0,0,0
CAN-923DKIQ7NR,0,0,0
CAN-H5GPTAPOY1,0,0,0
CAN-13202SSNII,0,0,0
CAN-92C5EQ2UJ3,0,0,0
CAN-4S955KWR67,0,0,0
CAN-QIOZD08L1C,0,0,0
CAN-AK6I5KU0XJ,0,0,0
CAN-W0ZJE2FWEK,1,0,0
CAN-2YWHKOJV1L,0,0,0
CAN-HK7N961DX8,0,0,0
CAN-RKLTF4Z3HX,0,0,0
CAN-UI1YJ3Z6DX,0,0,0
CAN-EOIU1NQ1SL,0,0,0
CAN-AZLYANMAWC,0,0,0
CAN-BG2JQTKE9R,0,0,0
CAN-BVHTHDHCTP,0,0,0
CAN-LFJAYG78QN,0,0,0
CAN-VR6N0MO0OT,0,0,0
CAN-9MEBZ005CK,0,0,0
CAN-W986LE9HW8,0,0,0
CAN-RN1A8MI9Q4,0,0,0
CAN-W7Q174D362,0,0,0
CAN-WFWU21XVQ6,0,0,0
CAN-XZGXN530VO,0,0,0
CAN-AMSCV4X2FE,0,0,0
CAN-5F6A2RFHOD,0,0,0
CAN-P6SVJ9599M,0,0,0
CAN-CKU8MWGL99,0,0,0
CAN-29TABVQKBT,0,0,0
CAN-27KAXPL36V,0,0,0
CAN-WB9EBLQ11E,0,0,0
CAN-TB4X8S7DPC,0,0,0
CAN-Q0GP8X9FXA,0,0,0
CAN-YC9TLRJ1WT,0,0,0
CAN-K0ETSVRRWD,0,0,0
CAN-S16CLISL10,0,0,0
CAN-A75XS74SWK,0,0,0
CAN-CEDJOACHM4,0,0,0
CAN-9ABCUQY1YD,0,0,0
CAN-FMI1COJ62N,0,0,0
CAN-4P7W0A6T4N,0,0,0
CAN-WN9ONFEAX4,0,0,0
CAN-6JOETWLDUV,0,0,0
CAN-N26IEVEH1W,0,0,0
CAN-C03BJ8K270,0,0,0
CAN-M69NJ1KP3R,0,0,0
CAN-QXPENPF3LL,0,0,0
CAN-WZRPBB1IYX,0,0,0
CAN-NTEE7B2VM1,0,0,0
CAN-IPOO7MGJLX,0,0,0
CAN-NNVP6ORXNC,0,0,0
CAN-BTLCBUNRSG,0,0,0
CAN-NCXNTFT47I,0,0,0
CAN-BFLM6JJTFC,1,0,0
CAN-XVL1SNE30S,0,0,1
CAN-NZ60ITUAMZ,0,0,0
CAN-FYUEW2VH6Q,0,0,0
CAN-1F0ARDP8K8,0,0,0
CAN-9PLQRNRBRK,0,0,0
CAN-H7UJHJ5PME,0,0,0
CAN-VHC7V83AWQ,0,0,0
CAN-LRAX80KPT0,0,0,0
CAN-YGST5GFERA,0,0,0
CAN-XHZSSX9IN3,0,0,0
CAN-2DBOFB2HIP,0,0,0
CAN-KZJR530OUQ,0,0,0
CAN-9P9LGPRI5O,0,0,0
CAN-HJZZXXBZ14,0,0,0
CAN-Y3M5O706D7,0,0,0
CAN-P5X77VF5NS,0,0,0
CAN-MYXYCIQ9RZ,0,0,0
CAN-D15P6GKKKR,0,0,0
CAN-7Z0C417ZDP,0,0,0
CAN-4CJU809Z0D,0,0,0
CAN-UO7KV7PBPW,0,0,0
CAN-VYF4245RGN,0,0,0
CAN-ROOHXIJ7P4,0,0,0
CAN-T6SD2WI35H,0,0,0
CAN-MOG0T1D6BV,0,0,0
CAN-9PT7WIE7GM,0,0,0
CAN-7U9FMFL23I,0,0,0
CAN-FE9BE1FVSX,0,0,0
CAN-ILUQNI9GGI,0,0,0
CAN-3E88BL7X8N,0,0,0
CAN-8FMXXW6VC4,0,0,0
CAN-2G1W3PPJMM,0,0,0
CAN-EQEDCPXOLW,0,0,0
CAN-9GCZARDNAC,0,0,1
CAN-Y90RI3HH8U,0,0,0
CAN-CBZ8HNZJO1,0,0,0
CAN-21ZL852N1Z,0,0,0
CAN-54FJ3LNRIX,0,0,0
CAN-X0AH8LX0Q5,0,0,0
CAN-6HDTUWSC0N,0,0,0
CAN-VPVPK0HY3T,0,0,0
CAN-ESR7XHLGJZ,1,0,0
CAN-8VV5Z1LA0M,0,0,0
CAN-WRYT3JA62H,0,0,0
CAN-6WA7X7ZUPB,0,0,1
CAN-9OGE7ZJAPZ,0,0,0
CAN-EKGEZ2T1P6,0,0,0
CAN-4C1IKQVO5U,0,0,0
CAN-EIVJUWEH41,0,0,0
CAN-VG34N2E8XG,0,0,0
CAN-PEH0PR290Y,0,0,0
CAN-NFV22N9141,0,0,0
CAN-PYJZVYXN5L,0,0,0
CAN-L7DO3CEWM6,0,0,0
CAN-IVAIG69ZJW,0,0,0
CAN-QME4S6QZVD,0,0,0
CAN-64WMF6JWLF,0,0,0
CAN-RT5XIUSLVV,0,0,0
CAN-OS9CZ0GQRX,0,0,0
CAN-6C5FMS6X05,0,0,0
CAN-309JHWPRCR,0,0,0
CAN-140B5KNVFC,0,0,0
CAN-YFMXJLOTUM,0,0,0
CAN-UC1GUSFB8Y,0,0,0
CAN-359X0HM19J,0,0,0
CAN-WTPIRL9Q5Z,0,0,0
CAN-JQP28IHCCE,1,1,0
CAN-K1BUOIDD26,1,0,0
CAN-P3QMA1ID2Y,0,0,0
CAN-2ZBZZ89QME,0,0,0
CAN-5MVSWWO2D5,0,0,0
CAN-G1U6R4SRP9,0,0,0
CAN-HPS7ZW6BUR,0,0,0
CAN-VZRQ7NZ3DU,0,0,0
CAN-1RFZ6LV26Z,0,0,0
CAN-0N2V2QJ0LP,0,0,0
CAN-MR5BAMCACC,0,0,0
CAN-GDWCSRFTDT,0,0,0
CAN-U04NBURKNI,0,0,0
CAN-LK41TP8GY4,1,0,0
CAN-8OWW6O69JS,0,0,0
CAN-WWW5FIOSG7,0,0,0
CAN-811OJEAPZE,0,0,0
CAN-3CK0QFL4AF,0,0,0
CAN-DF27ZPCH96,0,0,0
CAN-UN8228G1WO,0,0,0
CAN-3IK6ZJ1FVN,1,1,0
CAN-HVPJWMTPWK,0,0,0
CAN-13HD6K30KZ,0,0,0
CAN-KAEH77AZL2,0,0,0
CAN-Q9VDYHQSTY,0,0,0
CAN-I8FXXXZERP,0,0,0
CAN-9RK5B2G389,0,0,0
CAN-NTB96ZANW9,0,0,0
CAN-VW0ASIVSXL,0,0,0
CAN-O9DV1H2N7P,0,0,0
CAN-2DE86PXELM,0,0,0
CAN-5QBE7AOUKG,0,0,0
CAN-7KQQI04XJQ,0,0,0
CAN-YUYFXDLWL8,0,0,0
CAN-JUCT41NVA5,0,0,0
CAN-CHEPGEX4TH,0,0,0
CAN-A7IEE0SJQ2,0,0,1
CAN-KEXPKZUHVO,0,0,0
CAN-EW227J0CZD,0,0,0
CAN-RJUB09MEJK,0,0,0
CAN-HFPM39CVEX,0,0,0
CAN-S9LGE21HHA,0,0,0
CAN-J6TTPXGGL1,0,0,0
CAN-P0141A40U6,1,1,1
CAN-D3ZAXUU9FU,0,0,0
CAN-JSJ2IRRJIT,0,0,0
CAN-WQIHFV119V,0,0,0
CAN-KFKNQZ87QG,0,0,0
CAN-83IH5N1XRT,0,0,0
CAN-62RT441ZML,0,0,0
CAN-04L90C4DVX,0,0,0
CAN-ONAIJ8SSVE,0,0,0
CAN-O9HNA4UXMF,0,0,0
CAN-HQCT1FL4XO,0,0,0
CAN-PDIC8RUKEF,0,0,0
CAN-C6S9U8NUNW,0,0,0
CAN-2AXDVROPZI,2,1,0
CAN-BPGRQAS63G,0,0,0
CAN-NJIWES3CMC,1,1,0
CAN-96K62XQ18N,0,0,0
CAN-IS5WC5FE17,0,0,0
CAN-DBWCJSSNLB,0,0,0
CAN-KWYHNIZKW0,0,0,0
CAN-MG207RG017,0,0,0
CAN-HOWZHGLS21,0,0,0
CAN-C9O7FVXS8Q,0,0,0
CAN-7EKCQZ8LOJ,0,0,0
CAN-0IIR6D1LTE,0,0,0
CAN-50E93XECKG,0,0,0
CAN-1JRQWPMKM5,0,0,0
CAN-GB638ZIQ6V,0,0,0
CAN-5MC3Q34DT3,0,0,0
CAN-V7I3FLID8N,0,0,0
CAN-JR0868JS2L,0,0,0
CAN-8X4RFEV5HW,0,0,0
CAN-43F3XYBAPZ,0,0,0
CAN-ZRFMVQRZZO,0,0,0
CAN-XRT72EFLSG,0,0,0
CAN-FIJW15F072,0,0,0
CAN-N9NVWWVKYK,0,0,0
CAN-Q8XIXM26IT,0,0,0
CAN-8EMS5765G3,0,0,0
CAN-4I5S06SRRH,0,0,0
CAN-2YKWL8TFAT,0,0,0
CAN-9PIB5P6HOX,0,0,0
CAN-1PNIXHHFMS,0,0,0
CAN-CV1BL2AQNX,0,0,0
CAN-00BT3190WN,1,1,0
CAN-5DDAUMZ5CE,0,0,0
CAN-EFLLA4IBHK,0,0,0
CAN-RYDGLZKUCP,0,0,0
CAN-0ZBFW8GBAA,0,0,0
CAN-4J8F5Q359W,0,0,0
CAN-7V9KOOQOFH,0,0,0
CAN-KSY8L3P9EG,0,0,0
CAN-PHYXLCZPC1,0,0,0
CAN-LZYU966U27,0,0,0
CAN-BM7SLVGG6W,0,0,0
CAN-A6CZZSXYG2,1,1,0
CAN-499J2LII3O,0,0,0
CAN-SLGJFN9RLX,0,0,0
CAN-XXVUZ34A9Q,0,0,0
CAN-3V6T3OMBHW,0,0,0
CAN-X2FNPM5JPP,1,1,0
CAN-APVA8HB62V,0,0,0
CAN-HAMMDZDJPL,0,0,0
CAN-KGIMEIU178,0,0,0
CAN-2GI8AAYAEP,0,0,0
CAN-JJ6IHEE13S,0,0,0
CAN-RBSRZ40BCI,0,0,0
CAN-8SETXTYFQI,0,0,0
CAN-BZ5NI2U0UG,0,0,0
CAN-6UOBA32KB9,0,0,0
CAN-ZNN25PG9EK,0,0,0
CAN-JOAG3O7JLO,0,0,0
CAN-L1UD2I6BZF,0,0,0
CAN-JR9B6VBEK0,0,0,0
CAN-IEJURYFL3E,0,0,0
CAN-WV5DXVMCL0,0,0,0
CAN-1C7B4BG3DK,0,0,0
CAN-Z8NR3FTQPA,0,0,0
CAN-W75Z2Y1LOK,0,0,0
CAN-21HE1S66B9,0,0,0
CAN-NGIKR896R1,0,0,0
CAN-9ASI1MRLI8,0,0,0
CAN-KHXFZJN4QC,0,0,0
CAN-Z40V86LXXZ,0,0,0
CAN-TRE6QCHMG4,0,0,1
CAN-VNKWF4A7BF,0,0,0
CAN-HUDF70R3IF,0,0,0
CAN-1QM4PMUXLB,0,0,0
CAN-TY6ZQ10QMF,0,0,1
CAN-2UC1S4T61R,0,0,0
CAN-XSB1CDQY5U,0,0,0
CAN-BLZXVD18AI,0,0,0
CAN-LGA0XUDNG9,0,0,0
CAN-2MZAOEZKG9,0,0,0
CAN-84QF2MGB9T,0,0,0
CAN-K0OS7PBL35,0,0,0
CAN-RV85O79X3S,0,0,0
CAN-1CFC0MA0UM,0,0,0
CAN-SL72IRO8DW,0,0,0
CAN-RTV4GNV2HV,0,0,0
CAN-QU7Z01L8GD,0,0,0
CAN-CD69KRGZBV,0,0,0
CAN-QAUD4ILOEJ,0,0,0
CAN-5SJM4EM9WL,0,0,0
CAN-ZIHNWT03V6,0,0,0
CAN-CBHHMIY8EB,0,0,0
CAN-MUVVVZBJZQ,0,0,0
CAN-2FN81FQF57,0,0,0
CAN-HPNL0VBRZT,0,0,1
CAN-OV2OP0BPC2,0,0,0
CAN-J78NJ2AHT5,0,0,0
CAN-2KA31FPATP,0,0,0
CAN-XHDRZM7Y9U,0,0,0
CAN-L35FPSYBS9,0,0,0
CAN-5A4YPDFGU4,0,0,0
CAN-IX5IA5JADP,0,0,0
CAN-WOZ3N0UTWX,0,0,0
CAN-F7NOKFVVYP,0,0,0
CAN-CEFAIKRM4H,0,0,0
CAN-1UULE9Q86K,0,0,0
CAN-1HHL9UQ4P9,0,0,0
CAN-I3WY1YN5MM,0,0,0
CAN-DNFNFD4KXH,0,0,0
CAN-1WPWIHSONZ,0,0,0
CAN-8XIHSUEAA6,0,0,0
CAN-YS54SF0OUX,0,0,0
CAN-GBR2O4TCRW,0,0,0
CAN-3SZEYSBW8U,0,0,0
CAN-O0K6PH4XDY,0,0,0
CAN-3GFI11EZZX,0,0,0
CAN-25PZV3HTDW,0,0,0
CAN-TG18E6LGJB,0,0,0
CAN-62Y4IXVB9L,0,0,0
CAN-5FOL71ZS6J,0,0,0
CAN-8465UB8VHY,0,0,0
CAN-080KS9QESC,0,0,0
CAN-Y5LNZ2QQRV,0,0,0
CAN-Z8G0I9IEIO,0,0,0
CAN-8BR6ZCR6C5,0,0,0
CAN-HK7CJJ6YQS,0,0,0
CAN-7E3JDL4KLT,0,0,0
CAN-M5PX3JZR1B,0,0,0
CAN-C32YV5AU96,0,0,0
CAN-MBW8WBYWFG,0,0,0
CAN-8HZINOIFJ2,0,0,0
CAN-CG2A61INXT,0,0,0
CAN-8XKUV0MZRM,0,0,0
CAN-N7VNTG4VE7,0,0,0
CAN-G8WNEGXUR6,0,0,0
CAN-KQNSWJPUXZ,0,0,0
CAN-ILQHWNFY1X,0,0,0
CAN-K2NWEFTQFG,0,0,0
CAN-LVU99IQKI3,0,0,0
CAN-EJPJFXGXE5,0,0,0
CAN-I64GC1F73O,0,0,0
CAN-0US491WXTV,0,0,0
CAN-WQQAVM6KJ0,0,0,0
CAN-N5AXIPSRC1,0,0,0
CAN-TIKTV8FFXI,0,0,0
CAN-XY0O7LG86Z,0,0,0
CAN-XPOV43KRPJ,0,0,0
CAN-QOZNNY3XOS,0,0,0
CAN-F102SVS6S0,0,0,0
CAN-PKKYF4LJQN,0,0,0
CAN-VRR5TXWLM2,0,0,0
CAN-LVM3G1ENCA,0,0,0
CAN-5ZRFL67M04,0,0,0
CAN-SCIH4OCEWX,0,0,0
CAN-6PNSYH2K6Q,0,0,0
CAN-IDDAQ1XAR5,0,0,0
CAN-WFEJAHA4KJ,0,0,0
CAN-7IB2XRK8UK,0,0,0
CAN-B3QI1D6V07,0,0,0
CAN-UI9LP06WKT,0,0,0
CAN-GXTMUF9MJ2,0,0,0
CAN-IMC1NN34G5,0,0,0
CAN-1L4D38HZJM,0,0,0
CAN-9TD1AMCR28,0,0,0
CAN-XHTD9G07HA,0,0,0
CAN-W7WMLA59ID,0,0,0
CAN-NGXBC56SDK,0,0,0
CAN-5RPHT5Z5E7,0,0,0
CAN-U6ZRK60961,0,0,0
CAN-6TT1MJ89A2,0,0,0
CAN-CLS969XCYT,0,0,0
CAN-X66G0DQZY1,0,0,0
CAN-2YRGQCJE0E,0,0,0
CAN-9E9GN8J9TO,0,0,0
CAN-U79ZNXBNVQ,0,0,0
CAN-X58X5JQINC,0,0,0
CAN-KWP1997X87,0,0,0
CAN-8G6HTDW3TS,0,0,0
CAN-QLPFPO5OLD,0,0,0
CAN-JJ95M9863N,1,0,0
CAN-488ZQMJUIO,0,0,1
CAN-CC1516YZ47,0,0,0
CAN-GH7D4D514K,0,0,0
CAN-RIG27I4PY5,0,0,1
CAN-IX71UNKLCC,0,0,0
CAN-A80B8BWYTA,0,0,0
CAN-1E45WZY43D,0,0,0
CAN-7CVLBD738V,0,0,0
CAN-4S4D0383VK,0,0,0
CAN-UCE4G3CNP9,0,0,0
CAN-6MK64XUAXF,0,0,0
CAN-27YWM1IRR1,0,0,0
CAN-J54ARAPJC7,0,0,0
CAN-N173K08RKT,0,0,0
CAN-GD4B5D13OH,0,0,0
CAN-FZZQVJEZSA,0,0,0
CAN-I2CVJM8PJW,0,0,0
CAN-UH5R088C8K,2,1,0
CAN-LXYLRL6MJ2,0,0,0
CAN-NPJBBTGHAX,0,0,0
CAN-PKZ6W4GT5P,0,0,0
CAN-1Z0OG9C3TF,0,0,0
CAN-MP734TY95Y,0,0,0
CAN-UAQJ9DF4RS,0,0,0
CAN-PEJWN6CP0I,0,0,0
CAN-9F616ETT88,0,0,0
CAN-LDLXA7UGZE,0,0,0
CAN-VPRHAUUYMV,0,0,0
CAN-8D9020AF7D,0,0,0
CAN-L6JR386TAR,0,0,0
CAN-2N9I7A84OI,0,0,0
CAN-2ED9JBIFB3,0,0,0
CAN-6Y93CLAE2C,1,0,0
CAN-JDUDM5GWWV,0,0,0
CAN-BO253PSTSZ,0,0,1
CAN-BQ2E1CA8JA,0,0,0
CAN-C6JQXV1H28,0,0,0
CAN-KFG9FWRCTM,0,0,0
CAN-KU36S1J0NR,0,0,0
CAN-Z0FD21257G,0,0,0
CAN-XN1VY03MT9,0,0,0
CAN-MKMYP0AXKD,0,0,0
CAN-36ES5F5MIS,0,0,0
CAN-1RGPT3AZY3,0,0,0
CAN-X2VG0ZIVDY,0,0,0
CAN-PU7MLLXY3I,0,0,0
CAN-WTLISF84SF,0,0,0
CAN-3IP2RGXD1E,0,0,0
CAN-FWVARAKN5X,0,0,0
CAN-7Z4I6X76ZY,0,0,0
CAN-X60E0PZP7G,0,0,0
CAN-4DQEX1DFLP,0,0,0
CAN-P8LGLZ1UJT,0,0,0
CAN-71FHD9MXYM,0,0,0
CAN-IZDW24DNJP,0,0,0
CAN-HQ5CIZUDEH,0,0,0
CAN-1XZWGFWQZE,0,0,0
CAN-P1XE1ZZYBQ,0,0,0
CAN-101FE75TKM,1,1,1
CAN-BC336PGI90,0,0,0
CAN-ECPL4T6C8Y,0,0,0
CAN-RWMYHQSX0S,0,0,0
CAN-P5JD4KLID6,0,0,0
CAN-OBPVJ18GSS,0,0,0
CAN-R0P86GFWPR,0,0,0
CAN-VWM3SI5X46,0,0,0
CAN-6US4XAE8JS,0,0,0
CAN-6860C0OOGW,0,0,0
CAN-P1Z9MNXF91,0,0,0
CAN-CZM5PEVNQ6,0,0,0
CAN-IPQBUFFA7S,0,0,0
CAN-Z0QGHEHD6O,0,0,0
CAN-TDJP1I41NA,0,0,0
CAN-R0PIGPLMPB,0,0,0
CAN-7E682N7FZH,0,0,0
CAN-RHF8XN5P9S,0,0,0
CAN-I8YMVQ0V2C,0,0,0
CAN-QUA493P943,0,0,0
CAN-1RHY4XZFGR,0,0,0
CAN-ZG72R63IV4,0,0,0
CAN-PJ5N0BB82P,0,0,0
CAN-26Q0QTVVCQ,0,0,0
CAN-EHFHJIF452,0,0,0
CAN-5HIC6KT8VM,0,0,0
CAN-Z52NIBEBB6,0,0,0
CAN-KYNUOKTIIJ,0,0,0
CAN-BWTX1USE5Z,0,0,0
CAN-FG8BVUJIL4,0,0,0
CAN-FCMG0L7A87,0,0,0
CAN-EA5PODN9M5,0,0,0
CAN-0GUKUDDD2O,0,0,0
CAN-VX1CJ9WG1D,0,0,0
CAN-ZH34ZVG2Z7,0,0,0
CAN-8FR51ZL55T,0,0,0
CAN-D5Q0PT8VQY,0,0,0
CAN-0HLYE2H0TN,0,0,0
CAN-ZYUV662WKM,0,0,0
CAN-WOS1FRIWHU,0,0,0
CAN-JV4WC2QWJG,0,0,0
CAN-QVM4RVFBHO,0,0,0
CAN-YF2X5CG43X,0,0,0
CAN-GTRZMV90GK,0,0,0
CAN-VYA1YG3SVV,0,0,0
CAN-ZY11U6QKDR,0,0,0
CAN-Y5M2PI53HR,0,0,0
CAN-9KJGDRQ3DO,0,0,0
CAN-AQ7SQ8BCYU,0,0,0
CAN-28HOG1H1PI,0,0,0
CAN-HOS3TOXVMG,0,0,0
CAN-70XY0TEUWP,0,0,0
CAN-J477L1NDZT,0,0,0
CAN-9Y537L4WN7,0,0,0
CAN-ZFM58SH2WK,0,0,0
CAN-GIGVAFU07O,0,0,0
CAN-QK55RMY34K,0,0,0
CAN-J0YDPYCGXW,0,0,0
CAN-3HVWTE0LJH,0,0,0
CAN-SF9Z9SI7SE,0,0,0
CAN-M73WIKZ1NQ,0,0,0
CAN-0K1X49WOQ6,0,0,0
CAN-DINSAL0ZOO,0,0,0
CAN-NCTJEAZDCI,0,0,0
CAN-N6MB5JMR23,0,0,0
CAN-4CIVOPZ6FI,0,0,0
CAN-4ASICCO3U7,0,0,0
CAN-FZR5U4N6JG,0,0,0
CAN-MCLTNEFPWN,0,0,0
CAN-6CUOJO3IWF,0,0,0
CAN-AI7QWEPZJG,0,0,0
CAN-W3GHHSX31U,0,0,0
CAN-ML3KOAUISZ,0,0,0
CAN-SNVE4KI9V1,0,0,0
CAN-VTKA4UKRE5,0,0,0
CAN-KW96JAFLM0,0,0,0
CAN-YCVK0JCYLE,0,0,0
CAN-U49YVQ0Y22,0,0,0
CAN-UFGA7A431E,0,0,0
CAN-G4VWZEZE2A,0,0,0
CAN-Z19AG9AOM8,0,0,0
CAN-TGZI10D7MT,0,0,0
CAN-S2C4OC883V,0,0,0
CAN-UXN3POM7C3,0,0,0
CAN-TIZW6C1EMA,0,0,0
CAN-DUFIJ59SRI,0,0,0
CAN-6PNBRMQ3EV,0,0,0
CAN-2QLPQ3FXQW,0,0,0
CAN-NGQ1IY08Z8,1,1,0
CAN-4WDL3XVT4E,0,0,0
CAN-TRN7OFGD0J,0,0,0
CAN-RWSBAODM0I,0,0,0
CAN-2J6DKBMHRR,0,0,0
CAN-08QEU4BAML,0,0,0
CAN-RLQHKQQST9,0,0,0
CAN-X02IZ2D16Y,0,0,0
CAN-LT1FZJP48I,0,0,0
CAN-IQXXNR7JXF,0,0,0
CAN-J7C3PW4MDD,0,0,0
CAN-6ZVPSI8O93,0,0,0
CAN-0FEIQNB3SA,0,0,0
CAN-TDW8X226WX,0,0,0
CAN-B7I0ZY2FZT,0,0,0
CAN-8NVF5MBIQB,0,0,0
CAN-YOE5B69H00,0,0,0
CAN-31MUZ1H0K7,0,0,1
CAN-Q25OHIFYW6,0,0,0
CAN-TLIZCIV2DC,1,1,0
CAN-UWSHNU3MMX,0,0,0
CAN-A71C7L5EIY,0,0,0
CAN-VECS372APN,0,0,0
CAN-J4ETG9SDXN,0,0,0
CAN-SRKZ33WHYT,0,0,0
CAN-Y1IZN6L1ZV,0,0,0
CAN-MK4T15AH7A,0,0,0
CAN-MA1Z0HZB4Z,0,0,0
CAN-J2WE7JK933,0,0,0
CAN-AG0FAJKMGM,0,0,0
CAN-HJH9P9V2ZS,0,0,0
CAN-8467CAI41V,0,0,0
CAN-UW3XAH0FKA,0,0,0
CAN-SC4NBNQOEY,0,0,0
CAN-KKKH6CL5ZG,0,0,0
CAN-A8RUHP98S6,0,0,0
CAN-7ITIRBP2SX,0,0,0
CAN-DEFCQ46ANJ,0,0,0
CAN-QM2JTRXQVZ,0,0,0
CAN-D4Z32118CP,0,0,0
CAN-LPOEU0T8L8,0,0,0
CAN-IR89KQAPNH,0,0,0
CAN-CZ94GT8AIS,0,0,0
CAN-4RRD71B38E,0,0,0
CAN-SDLIZ8KRN1,0,0,0
CAN-ZGZK972HIC,0,0,0
CAN-FHE8ROV90X,0,0,0
CAN-I75H5I3TAW,0,0,0
CAN-EYRNA4SVLL,0,0,0
CAN-6V62FSKT6K,0,0,0
CAN-SAC7HWNBF8,0,0,0
CAN-O1UJ5ZE9G8,0,0,0
CAN-97GYMH2W98,0,0,0
CAN-LNKYRNWEBT,0,0,0
CAN-G8Y57LP84G,0,0,0
CAN-Z71UP542XS,1,0,0
CAN-4JWPB1NS8O,0,0,0
CAN-P09I5QXWAL,0,0,0
CAN-N3Z0C6YMT2,0,0,0
CAN-6OUG9A8BMO,0,0,0
CAN-V42T2ZVPT5,0,0,0
CAN-82H4VKFG3O,0,0,0
CAN-P7DDCGCOG1,0,0,0
CAN-GZUB0H45I3,0,0,0
CAN-BH54HUUYCY,0,0,0
CAN-OT4XREA68P,0,0,0
CAN-3WSM8WDYEO,0,0,0
CAN-31IUZGGVJ9,0,0,0
CAN-NBO5OG9TWM,0,0,0
CAN-MJN2OR273J,0,0,0
CAN-HCWEEY3YDU,0,0,0
CAN-N8I41Q3CSD,0,0,0
CAN-MYGUUC14FW,0,0,0
CAN-8J88ZSUDYF,0,0,0
CAN-5AITIRYJOV,0,0,0
CAN-48C2D4O5DX,0,0,0
CAN-XJPA2ROKKS,0,0,0
CAN-FNRLYWFM6B,0,0,0
CAN-RED0F809QB,0,0,0
CAN-MKMQ1XEC1C,0,0,0
CAN-TIPOLC684X,0,0,0
CAN-D95VGR4ESJ,0,0,0
CAN-9PKMYV93GO,0,0,0
CAN-T0CGHDSTEG,0,0,0
CAN-74AL3B9H6M,0,0,0
CAN-E3SLY07F7C,0,0,0
CAN-IX3NJYMYMG,0,0,0
CAN-HW442XS312,0,0,0
CAN-5S5OOMKX7X,0,0,0
CAN-7EQMMMLPZI,0,0,0
CAN-HMDGX8OXCP,0,0,0
CAN-NIGIZJMUU6,0,0,0
CAN-Y0F08BD3RJ,0,0,0
CAN-Q9B2XEA0GM,1,1,0
CAN-4ZYHTUBMRG,0,0,0
CAN-JB37DNW0NX,0,0,0
CAN-UT5RW1KFOB,0,0,0
CAN-K4RDFO707V,0,0,0
CAN-4WW8JRNEU9,0,0,0
CAN-PZEI55M0T2,0,0,0
CAN-115E6R0TVA,0,0,0
CAN-J0DPR4NDSO,0,0,0
CAN-2ZZ9CVQ4BB,0,0,0
CAN-AZVGB4JZT3,0,0,0
CAN-3Y9K6Y4VVS,0,0,0
CAN-OWS3QWL0GW,1,0,0
CAN-QXZLSQC85G,0,0,0
CAN-RJTOS8HMPW,0,0,0
CAN-QARVV3J0GP,0,0,0
CAN-4KNMD4UME8,0,0,0
CAN-KSO64N1VQ4,0,0,0
CAN-GKIY8211G3,0,0,0
CAN-59HB4659T8,0,0,0
CAN-GWAEVOUXZH,0,0,0
CAN-T0O6IL9QTB,0,0,0
CAN-Q1MGLC2BHN,0,0,0
CAN-CDO93JBDPP,0,0,0
CAN-4C9A1LJYCO,0,0,0
CAN-2WY3QK5N4V,0,0,0
CAN-IUHXBH8HR7,0,0,0
CAN-0K9ZMGMVXU,0,0,0
CAN-6QLZ0SPYFK,0,0,0
CAN-CSIU24JP7R,0,0,0
CAN-5U5IK8VVCA,0,0,0
CAN-J8HBTS5APO,0,0,0
CAN-QTZTO1EZQY,1,1,0
CAN-RPE1594X08,0,0,0
CAN-N23HJAQNSV,0,0,0
CAN-TKNECBPKQV,0,0,0
CAN-RHVAHA78QC,0,0,0
CAN-QRFUZUTBGB,0,0,0
CAN-SPWV3AT6QE,0,0,0
CAN-NQ010MEBQA,0,0,0
CAN-WXMOJJ9BA0,0,0,0
CAN-XN7O7TQV5Q,0,0,0
CAN-YK2N80NUMI,0,0,0
CAN-J06RKTPZYF,0,0,0
CAN-UU4RE1OE9O,0,0,0
CAN-3YJFR1B3T0,0,0,0
CAN-2E4PYIM0N9,0,0,0
CAN-3EWL5E7AF9,0,0,0
CAN-EWINGK5GFQ,0,0,0
CAN-MGZUY7ZT7Y,0,0,0
CAN-MUQQFLP9RC,0,0,0
CAN-BZ6HY38742,0,0,0
CAN-K27NGN0466,0,0,0
CAN-7P7VRCSYMF,0,0,0
CAN-OPOUSJ7BKW,0,0,0
CAN-O9JJKU2OC6,0,0,0
CAN-F9Z65E9BNP,0,0,0
CAN-QIGO7R4L93,0,0,0
CAN-SNURRYY21D,0,0,0
CAN-FLL9D2QEOV,0,0,0
CAN-5YUGOYBYGN,0,0,0
CAN-OYKE1NRFQF,0,0,0
CAN-V4BN8OG63U,0,0,0
CAN-PN8CXSA4UY,0,0,0
CAN-WM27G4N7RI,0,0,0
CAN-X00JLUGSHG,0,0,0
CAN-98HG5SXLQ2,0,0,0
CAN-S1P1G57QU1,0,0,0
CAN-JFUC8HQZ9P,0,0,0
CAN-D0WRPIQR1S,0,0,0
CAN-B1NTZ8CSZC,0,0,0
CAN-4IYKTVD0Y2,0,0,0
CAN-V55HNR1FB6,0,0,0
CAN-WQUXEUDWH8,0,0,0
CAN-WB4ZPM5PTW,0,0,0
CAN-NSK4OV97DW,0,0,0
CAN-V9C13UU7X4,0,0,0
CAN-1AMMUCF5R6,0,0,0
CAN-QKWVWNU62J,0,0,0
CAN-IY693SK5SX,0,0,0
CAN-5HZLMG9DM2,0,0,0
CAN-Y6F2JFCLDF,0,0,0
CAN-Y20TQB3TS5,1,1,0
CAN-6FIO389AU7,0,0,0
CAN-GRA38D14NY,0,0,0
CAN-8GA93H6KIG,0,0,0
CAN-B59SITVGUU,0,0,0
CAN-EB58KEL4UN,0,0,0
CAN-PPYZ15G93Y,0,0,0
CAN-14KOFXWOII,0,0,0
CAN-CKLXPC2OP3,0,0,0
CAN-XZTOPHGQLA,0,0,0
CAN-IX8Y3DKM80,0,0,0
CAN-5AVZEGFE2H,0,0,0
CAN-V8CINKV6MD,0,0,0
CAN-VTT1P0TVT3,0,0,0
CAN-F9ZSNIC7ZF,0,0,0
CAN-8G8DNC475G,0,0,0
CAN-DC1GA9MDH1,0,0,0
CAN-KTHXUQ2414,0,0,0
CAN-TK9TB1S19Y,0,0,0
CAN-FKLYJ7U1YS,0,0,0
CAN-AZ16WO3HMM,0,0,0
CAN-D6X2W1YHOP,0,0,0
CAN-QMY2HW9Z2L,0,0,0
CAN-NBY8LIJY2H,0,0,0
CAN-RLYHGGB812,0,0,0
CAN-1VI3VJALX0,0,0,0
CAN-LDZLCJBUXC,0,0,0
CAN-XQB0VYH16Q,0,0,0
CAN-C0IOUR82A9,0,0,0
CAN-O9USYJHQMC,0,0,0
CAN-IT144LSF3N,0,0,0
CAN-25Z0WY8KD6,0,0,0
CAN-FIZHRZAR05,0,0,0
CAN-GILJ7LILF0,0,0,0
CAN-8KKC5F5AQD,0,0,0
CAN-ZFXYQS3LE0,0,0,1
CAN-YXK9SET97I,0,0,0
CAN-2PCC3NOW4K,0,0,0
CAN-YJ8LGGS30N,0,0,0
CAN-QXMH7RZQL4,0,0,0
CAN-ZKQBFUAFRU,0,0,0
CAN-N16LL8NXK4,0,0,0
CAN-3NXAVY8SDC,0,0,0
CAN-VRA3QD4LKN,0,0,0
CAN-BQIQJRH9EA,0,0,0
CAN-HM7OL3T2UR,0,0,0
CAN-PGKS43FOZA,0,0,0
CAN-D2PFDQ12NJ,0,0,0
CAN-FQM2P9C434,0,0,0
CAN-H9S24QT57H,0,0,0
CAN-JNL2Y64NDE,0,0,0
CAN-NHYBV973VF,1,1,0
CAN-VV8EGL3P7J,0,0,0
CAN-6045ADGW9W,0,0,0
CAN-7V5BRMWDYN,0,0,0
CAN-0LXDBUWLQ7,0,0,0
CAN-2B6CKB4AM3,0,0,0
CAN-IB1UKY7N49,0,0,0
CAN-62QUHP68MF,0,0,0
CAN-V8HPD7A03Y,0,0,0
CAN-YVRMB50LXO,0,0,0
CAN-VEK7XHPIZ6,0,0,1
CAN-3MZEWJWVQV,0,0,0
CAN-XYEX43VOYI,0,0,0
CAN-X79KUGCGXF,0,0,0
CAN-MABXUV3TAL,0,0,0
CAN-7D5DQF7XL8,0,0,0
CAN-7N1QIS1P0T,0,0,0
CAN-Q6MZ6ATUA3,0,0,0
CAN-22C0KBIBGX,0,0,0
CAN-QXSZDS1R7A,0,0,0
CAN-QER84ULG9Y,0,0,1
CAN-4ITWAMFK9B,0,0,0
CAN-VJ1ATXQ4KR,0,0,0
CAN-SAG6OOLHJ4,0,0,0
CAN-NEE7OHMDBH,0,0,0
CAN-VSJ3C41K8Q,0,0,0
CAN-OA6NKRF6V4,0,0,0
CAN-D5NC4Z9MRT,1,1,0
CAN-OEHFM0HS62,0,0,0
CAN-BKC59F5ISB,0,0,0
CAN-23GYE6HE20,0,0,0
CAN-VDCOXWSZXH,0,0,0
CAN-8OR3H1DVKB,0,0,0
CAN-G3H2H70T1A,0,0,0
CAN-A2RLXDB62M,0,0,0
CAN-TFIY9NVZ36,0,0,0
CAN-REDCIZDXQE,0,0,0
CAN-AMCMM74SFC,0,0,0
CAN-5EJMGHC7OC,0,0,0
CAN-UI1U043NP9,0,0,0
CAN-89FRT03JTJ,1,1,0
CAN-UAQ6A2MRLN,0,0,0
CAN-ECUKBF2RLK,0,0,0
CAN-KW0T6CZF0L,0,0,0
CAN-7ORK8UDKVH,0,0,0
CAN-4ZGH2F12FP,0,0,0
CAN-54KWA4BNP7,0,0,0
CAN-SG5U028016,0,0,0
CAN-HJS5W082N0,0,0,0
CAN-QEGWAHB7RD,0,0,0
CAN-8TJHW4WBK3,1,1,0
CAN-VYOKKOADRW,0,0,0
CAN-SDM4G1BDLU,0,0,0
CAN-Y1Y3LQ7S0L,0,0,0
CAN-Y7RX7KEVXX,0,0,0
CAN-2DW9MSYMJQ,0,0,0
CAN-AITYIWW83A,0,0,0
CAN-BJTZ2DB4B3,0,0,0
CAN-3Q3YHKOENF,0,0,0
CAN-GJSIBIEMVI,0,0,0
CAN-NNRES5LUF3,0,0,0
CAN-NLMN0T07BP,0,0,0
CAN-ESMS79TW4C,0,0,0
CAN-EFMLH4AZ8C,0,0,0
CAN-8ACIB3TIXZ,0,0,0
CAN-3NCAYDN8CP,0,0,0
CAN-PKIE7Q0H3U,0,0,0
CAN-QQD7AB5NP9,0,0,0
CAN-IS90B3HO56,0,0,0
CAN-0L3CPINI4S,0,0,0
CAN-VJN7UPSHOJ,0,0,0
CAN-8KGWUW4SKS,0,0,0
CAN-EAIKZUPUCZ,0,0,0
CAN-BTEY34OLQN,0,0,0
CAN-6YFVP55M71,0,0,0
CAN-DUM3MGSSVO,0,0,0
CAN-1EQ7SMS5JH,0,0,0
CAN-BKOQVVDXUK,0,0,0
CAN-31V14CVNRN,0,0,0
CAN-YRN7H93CAX,0,0,0
CAN-LEAVRTKVKC,0,0,0
CAN-PN9BSQN8BF,0,0,0
CAN-HCGEAS3XIO,0,0,0
CAN-801W1A4WEY,0,0,0
CAN-9CWVT8WCDN,0,0,0
CAN-TXTL7SNHZM,0,0,0
CAN-8QXJ8716JA,0,0,0
CAN-WW2REK6C37,0,0,0
CAN-GSA1V1C5XY,0,0,0
CAN-J0TRN9J5WF,0,0,0
CAN-4R3PLMWKWY,0,0,0
CAN-PWCBV4LX81,1,1,0
CAN-BORYXXCWLN,0,0,0
CAN-K2A4JNVXUW,0,0,0
CAN-M51UR78723,0,0,0
CAN-8YA7HMZ3G4,0,0,0
CAN-YDF3FMFDY1,0,0,0
CAN-TQB2ZHM7AW,0,0,0
CAN-06KQJT3GYE,0,0,0
CAN-RYU04TI8VK,1,1,0
CAN-GZEALX7JNA,0,0,0
CAN-U1FVNAE86G,0,0,0
CAN-693NHGTCCO,0,0,0
CAN-SERRXL90E8,0,0,0
CAN-296OQT3940,1,0,0
CAN-7U9I4X4FVY,0,0,0
CAN-JETF89TPVE,0,0,0
CAN-QZE5QAIJ2T,0,0,0
CAN-L1EZLEJAPN,1,1,0
CAN-AVM29L6DN0,0,0,0
CAN-U60RDCJCIF,0,0,0
CAN-ETTCRBIX78,0,0,0
CAN-L7FT92XBXZ,0,0,0
CAN-9HFYK4ACVA,0,0,0
CAN-9376DNJQQG,0,0,0
CAN-F3ZIWGQXP8,0,0,0
CAN-HXRO70A82F,0,0,0
CAN-7D2MPV07R1,0,0,0
CAN-Z62EUI237C,0,0,0
CAN-8L34KZS6NQ,0,0,0
CAN-YG0U7FRBGR,0,0,0
CAN-U5Z6O3N2U3,0,0,0
CAN-1HCUV195DS,0,0,0
CAN-S3RG8F0GRD,0,0,0
CAN-90BWPU99GZ,0,0,0
CAN-89W39GXL5C,0,0,0
CAN-XZ98GCGHCU,0,0,0
CAN-1K57GST90P,0,0,0
CAN-GO5W166Q1U,0,0,0
CAN-XV4LYFVWOG,0,0,0
CAN-6Q8N38GZS6,0,0,0
CAN-IJ7GD6SUFL,0,0,0
CAN-JD5CE2WCX7,0,0,0
CAN-1PBR359D2Y,0,0,0
CAN-JGPS9MTYOD,0,0,0
CAN-YMZ8GXT0V7,0,0,0
CAN-4WHAIGCX2N,0,0,0
CAN-M5IT4ZBOWO,0,0,0
CAN-NJOXYJBQD9,0,0,0
CAN-GAX0YPE2FX,0,0,0
CAN-DC1VLNRXPS,0,0,0
CAN-2FXP57ARJC,0,0,0
CAN-E3LLO4UPYF,1,0,0
CAN-09G36G25MN,0,0,0
CAN-TTMLCSCZNT,0,0,0
CAN-6F53JLLC6U,0,0,0
CAN-74XUC8U3CX,0,0,0
CAN-2K94183LQ5,0,0,0
CAN-VKAWM4YETJ,0,0,0
CAN-XPVYI6742H,0,0,0
CAN-5IO5CTO1JJ,0,0,0
CAN-Q0KKP22A95,0,0,0
CAN-ORKZN824RG,0,0,0
CAN-WI78IBGSKU,0,0,0
CAN-VXBX97401O,0,0,0
CAN-XO1VMB981I,0,0,0
CAN-LNWVJ017E1,0,0,0
CAN-WRDGX4Q3WL,0,0,0
CAN-Y2HUHC2X5N,0,0,0
CAN-548S5A0NB4,0,0,0
CAN-G1VE84XEWB,0,0,0
CAN-97KW2GJO7R,0,0,0
CAN-CHAXL7M28V,0,0,0
CAN-FWJQU5U5J5,0,0,0
CAN-83KSJN75YE,0,0,0
CAN-NCOZKUNQOB,0,0,0
CAN-KS0O4ZF6PM,0,0,0
CAN-V5ALQLD56F,0,0,0
CAN-OEWO6KZPSB,0,0,0
CAN-O9KD78X3AD,0,0,0
CAN-8CUR0BA8NM,0,0,0
CAN-UITSBC81FI,0,0,0
CAN-4O6SZLDUHD,0,0,0
CAN-AVCBZA7MBS,0,0,0
CAN-2DCEFWCLPD,0,0,0
CAN-WKLVROPBPC,0,0,0
CAN-ACSU8HRDEN,0,0,0
CAN-IQQZ081V85,0,0,0
CAN-Y98BA36YDB,0,0,0
CAN-8FIBOV1YMG,0,0,0
CAN-ZF030PHF1M,0,0,0
CAN-Y3W3KA22G9,0,0,0
CAN-CKSIE8OX85,0,0,0
CAN-2PR0HCI80H,0,0,0
CAN-R65WXKMAWY,0,0,0
CAN-YQRUKBCOZP,0,0,0
CAN-82LO3SHCO7,0,0,0
CAN-L2O3MUZAJP,0,0,0
CAN-TWIO5Q5WWU,0,0,0
CAN-66JZFYYG2J,0,0,0
CAN-J2HPSO98LK,0,0,0
CAN-ILBQL57PPN,0,0,0
CAN-SR7DX9OFT9,0,0,0
CAN-WWFHEH59JJ,0,0,0
CAN-LYDIHB8XH0,0,0,0
CAN-J2926COTNB,0,0,0
CAN-XN7DIQYEKW,0,0,0
CAN-6I4345GKV7,0,0,0
CAN-LFGP4CL8LP,0,0,0
CAN-ZA0BFNFP7A,0,0,0
CAN-PIVOP1KXYY,0,0,0
CAN-8TEJTE9XDF,0,0,0
CAN-JVZIZTQC52,0,0,0
CAN-JMVUB26Z57,0,0,0
CAN-OD86QDASWH,1,1,1
CAN-MCFA00TFNH,0,0,0
CAN-0L38G1N75Y,0,0,0
CAN-JFZC3LI1DK,0,0,0
CAN-ZK3IZQ6BX4,0,0,0
CAN-CNXJCQGO57,0,0,0
CAN-881UVQO0EH,0,0,0
CAN-JPFX6X3Y69,0,0,0
CAN-06UWNYPQNN,0,0,0
CAN-F9UEJIEDYN,0,0,0
CAN-SJZX3G1ZMX,0,0,0
CAN-Q4HF309UD0,0,0,0
CAN-SA9ZUP5KGW,0,0,0
CAN-HJCBJ374WI,0,0,0
CAN-ZQ71TFGBHT,0,0,0
CAN-RVGJUWBCI5,0,0,0
CAN-KRR3BB9H9M,1,1,0
CAN-FZX8UBSYU5,0,0,0
CAN-LTLE85F8XR,0,0,0
CAN-GHPUPXQE1G,0,0,0
CAN-ES2U390D1N,0,0,0
CAN-YLEQO33HOV,0,0,0
CAN-AGPL8EXNCY,0,0,0
CAN-U39TZS4HCR,0,0,0
CAN-WBUAYAATC5,0,0,0
CAN-0CSFV0P1SW,0,0,0
CAN-B0LWZEV6SL,0,0,0
CAN-ES5QWOHZTZ,0,0,0
CAN-JWJSPWX53O,0,0,0
CAN-SB5B6QBOOB,0,0,0
CAN-DLWL0T4GZQ,0,0,0
CAN-BW6SN4EZ7A,0,0,0
CAN-GEAE44KQIJ,0,0,0
CAN-VPWOPXMKUK,0,0,0
CAN-SQWVD37T1Q,0,0,0
CAN-2Y009WBA3R,0,0,0
CAN-V3HLLMZ9QJ,0,0,0
CAN-ER2L4DZCNR,0,0,0
CAN-CBMK5MIY2C,0,0,0
CAN-A9ML7D9MAI,0,0,0
CAN-U45RJTIE0D,0,0,0
CAN-GTNKMZPPU2,0,0,0
CAN-CR05RAJKSX,0,0,0
CAN-KIJPG4YR44,0,0,0
CAN-ND9HQCBYX0,0,0,0
CAN-H517PK20RP,0,0,0
CAN-NDYGDP4SE2,0,0,0
CAN-V2LARIK6QO,0,0,0
CAN-FNG444MU0X,0,0,0
CAN-93298QFQQL,0,0,0
CAN-JHS0ZRTM9F,0,0,0
CAN-0SYUSUFDHW,0,0,0
CAN-VB1685ICUZ,0,0,0
CAN-G6VOB9WW9T,0,0,0
CAN-HY8DSZOKBC,0,0,0
CAN-2X4L1APEZG,0,0,0
CAN-2AZ6MY05RD,0,0,0
CAN-V2PYKHSXHH,0,0,0
CAN-0F9KXWTWU0,0,0,0
CAN-N5CLO5XVZV,0,0,0
CAN-YHLIBLHM5B,0,0,0
CAN-Q2L71B0VME,0,0,0
CAN-D2VKHW2SOC,0,0,0
CAN-ZM71LNU5WP,0,0,0
CAN-LF35ACB9VV,0,0,0
CAN-3SIRI5RUX4,0,0,0
CAN-XXAK63DUO4,0,0,0
CAN-CM79HDNKR7,0,0,0
CAN-C5XO3DHQXE,0,0,0
CAN-9AKIDMY9KY,0,0,0
CAN-VNPISGXD4Q,0,0,0
CAN-U8T78OTGBW,0,0,0
CAN-9UBZRHEFMK,0,0,0
CAN-12C1PDFYUO,0,0,0
CAN-XISCA042DN,0,0,0
CAN-M3ER3DGRHF,0,0,0
CAN-480XHKWI7J,0,0,0
CAN-DPOH9WQY0M,0,0,0
CAN-4GN44TU2DL,0,0,0
CAN-77AARFYXE5,0,0,0
CAN-X2WR2QC2FN,0,0,0
CAN-RVTTN4KTXO,0,0,0
CAN-BTN5C4QKTY,0,0,0
CAN-941MAHPFBZ,0,0,0
CAN-TN2YSZ6FJ7,0,0,0
CAN-FBIRKE769M,0,0,0
CAN-SWFDWZ3YAH,0,0,0
CAN-E2FZJZ8WLH,0,0,0
CAN-K1P3DVRGW7,0,0,1
CAN-LYJEX8CNJR,0,0,0
CAN-KD2APTUTFT,0,0,0
CAN-FUYCR0PA0F,0,0,0
CAN-V9QV2TXP9Z,0,0,0
CAN-R13A04Z967,0,0,0
CAN-FRK6W08HI8,0,0,0
CAN-KJF4SOHFVC,0,0,0
CAN-MS1JDEZQEQ,0,0,0
CAN-PGLS2JWCPP,0,0,0
CAN-LLUAE16P7R,0,0,0
CAN-4XHWTYGOI2,0,0,0
CAN-S2UUCCTCKA,0,0,0
CAN-SMFRPJRP72,0,0,0
CAN-O9QS1OM36X,0,0,0
CAN-D9MT87LQ0P,0,0,0
CAN-OGO208KFFB,0,0,0
CAN-Q0VW7ZW97L,0,0,0
CAN-SZVXZRTQ4Y,0,0,0
CAN-LHWN3WS38J,0,0,0
CAN-PL7FMLQD69,0,0,0
CAN-5UHIUJNF37,0,0,0
CAN-BFLPDUM3F7,0,0,0
CAN-TAJRN20Y78,0,0,0
CAN-KCTCZX29AX,0,0,0
CAN-FV2NYFB7L9,0,0,0
CAN-LEJZ8XH8YE,0,0,0
CAN-HL9MLSZ0R8,0,0,0
CAN-YDB0LV7942,0,0,0
CAN-3XBR7X617E,0,0,0
CAN-OH7449Q36R,0,0,0
CAN-W4OM56YFIJ,0,0,0
CAN-6DJBIYR1BC,0,0,0
CAN-YGKQVC9DJ8,0,0,0
CAN-1ISCPP5NDJ,0,0,0
CAN-J21ABGO3BD,0,0,0
CAN-7QQQAA6TKH,0,0,0
CAN-A5M7Z5JX4E,0,0,0
CAN-J18LNRZDF3,0,0,0
CAN-PKR0WEKCF1,0,0,0
CAN-KVT0C4WZV0,0,0,0
CAN-U6AX4WRGZ8,0,0,0
CAN-4ONDS3W7FN,0,0,0
CAN-8YW24TKYFS,0,0,0
CAN-P57CE060Z1,0,0,0
CAN-FVVYVC97VN,0,0,0
CAN-HZD33GJHAZ,0,0,0
CAN-HI0DNIUPRV,0,0,1
CAN-FIT5D5AN7R,0,0,0
CAN-WHNUQNQ0VY,0,0,0
CAN-HDRLBAMXUN,0,0,0
CAN-DLVLGTNYBC,0,0,0
CAN-F69IVYX6K1,0,0,0
CAN-3MJD8YUA9H,0,0,0
CAN-M5N8BNU639,0,0,0
CAN-48NP6SHH30,0,0,0
CAN-BZ9X81PUD3,0,0,0
CAN-15ZSD2DFHS,0,0,0
CAN-ASFMO2KY4Z,0,0,0
CAN-VLNJK0IBJX,0,0,0
CAN-CSI83IL92R,0,0,0
CAN-2FXR65IB6I,0,0,0
CAN-PHYVHWFBW1,0,0,0
CAN-7OBBCBSVZA,0,0,1
CAN-6F642M29TQ,0,0,0
CAN-S8263KQSGO,0,0,0
CAN-OKQVMADTMW,0,0,0
CAN-SFBGOZR2HS,0,0,0
CAN-U87XFGJEB8,0,0,0
CAN-S05AQGQOU0,0,0,0
CAN-M31HZE9ZQ6,0,0,0
CAN-6B8V8CMILH,0,0,0
CAN-U1GLI5BTMU,0,0,0
CAN-9LCBHQJMC0,0,0,0
CAN-UXNEQD7CFR,0,0,0
CAN-ZOBA0DMMJC,0,0,0
CAN-T440345RIA,0,0,0
CAN-RCEJI5FSAL,0,0,0
CAN-QPM5PJVU7F,1,1,1
CAN-SJ3A0N6BU7,0,0,0
CAN-PQ0OITI6G6,0,0,0
CAN-L5VCMM3YPM,0,0,0
CAN-Z3FAQI2G04,0,0,0
CAN-UQWPKEHZVE,0,0,0
CAN-ZZS70HW3P0,0,0,0
CAN-9JL0KHJ0TH,0,0,0
CAN-QZY3CND33K,0,0,0
CAN-X9J4O4E4JJ,0,0,0
CAN-H56AL0TYGO,0,0,0
CAN-7K57HWNVOY,0,0,0
CAN-MFZGKRSN27,0,0,0
CAN-4EVC59MBZC,0,0,0
CAN-GVX2JHU3F1,0,0,0
CAN-VW440D673W,0,0,0
CAN-9Y19JYHQY6,0,0,0
CAN-R7PA6BQXB9,0,0,1
CAN-V3SRU8CLPU,0,0,0
CAN-8K8404EXI4,0,0,0
CAN-XPCXXOXPRA,0,0,0
CAN-4P5Z1XL05J,0,0,0
CAN-X7J8JBBLTB,0,0,0
CAN-SHRRQNVCIC,0,0,0
CAN-QVZVPPNFZD,0,0,0
CAN-M6TBJ4FUOH,0,0,0
CAN-8QZLRIJ81M,0,0,0
CAN-T2LQ6VGYAR,0,0,0
CAN-K6CM1XZ5FG,0,0,0
CAN-WVISC7WXD1,0,0,0
CAN-9E7I39WGCF,0,0,0
CAN-QMIFBZB7X0,0,0,0
CAN-3T6RZQGFVF,0,0,0
CAN-M7YXSUDQCQ,0,0,0
CAN-2P8J585DQF,0,0,0
CAN-G86JAE8X7Q,0,0,0
CAN-Z0QWTO0INO,0,0,0
CAN-GBTCFZKNTE,0,0,0
CAN-QUT1NMMA7W,0,0,0
CAN-N0RPUET8UF,0,0,0
CAN-7DPBF8N3A1,0,0,0
CAN-VA0554TE4T,0,0,0
CAN-59JF498R8J,0,0,0
CAN-44XCXC5238,0,0,0
CAN-CKRN2XCC6D,0,0,0
CAN-ZVCVSTTM8X,0,0,0
CAN-C7EOK39PRW,0,0,0
CAN-ZB2VCUSHNC,0,0,0
CAN-6WRH2LTW8B,0,0,0
CAN-6XLMFO2XRG,0,0,0
CAN-T3M2YNZFVF,0,0,0
CAN-D1USQKM3G9,0,0,0
CAN-RT2EV5PN6Y,0,0,0
CAN-3RAJMKTTGU,0,0,0
CAN-BQW2ZUD313,0,0,0
CAN-8LF2PPDABK,0,0,0
CAN-91DSB67355,0,0,0
CAN-ZVSY4BPXXZ,0,0,0
CAN-4FUY16ARU2,0,0,0
CAN-DYZQIXF421,0,0,0
CAN-H87CPEU86B,0,0,0
CAN-DKCXLRRJQ3,0,0,0
CAN-4AFUTYX804,0,0,0
CAN-TOAZKGIKZF,0,0,0
CAN-B04CPDRBCN,0,0,0
CAN-Q5DLT1TF8N,0,0,0
CAN-BR6DFDQVHI,0,0,0
CAN-0WR4HBR5PP,0,0,0
CAN-T06TS53MSZ,0,0,0
CAN-W2GIXX7WLD,0,0,0
CAN-O49RZ4RZTF,0,0,0
CAN-3UEV3USNXZ,0,0,0
CAN-S5AS20Z1SY,0,0,0
CAN-M98SHUTI2G,0,0,0
CAN-VMOGJ0DUM9,0,0,0
CAN-KRSWFLRHRA,0,0,0
CAN-8MG6WDM3P5,0,0,0
CAN-02L2R6GT3U,0,0,0
CAN-EXOTEAF4LL,0,0,0
CAN-8MT15132MW,0,0,0
CAN-KZ3Y3MKVXX,0,0,0
CAN-918CF5TCBA,0,0,0
CAN-FVIE85V2BK,0,0,0
CAN-QMIRAVS1HV,0,0,0
CAN-ONHTDF249M,0,0,0
CAN-5SI4K0TZWA,0,0,0
CAN-TCP2AQ2MPB,0,0,0
CAN-QGBNNBL10L,0,0,0
CAN-WZ4PDX546V,1,0,0
CAN-JBY9O96IVU,0,0,0
CAN-M4DK5Q51YA,0,0,0
CAN-RFKRLTGBDO,0,0,0
CAN-T49ZVE0JPA,0,0,0
CAN-LEU1R1M1DA,0,0,0
CAN-9NGE37O4S1,0,0,0
CAN-A0NEAP9FUE,0,0,0
CAN-OG8X9KPTCY,0,0,0
CAN-3KBYP8DLG3,0,0,0
CAN-KV00QPIWWX,0,0,0
CAN-W47LC4HEXK,0,0,0
CAN-NQ68UD86BY,0,0,0
CAN-9FWTB76OAZ,0,0,0
CAN-CUQRTWQD1E,0,0,0
CAN-PDNOQLBPQ7,0,0,0
CAN-HNVBKNMAQL,0,0,0
CAN-SA6IJDUDAN,0,0,0
CAN-1NGTII9KQH,0,0,0
CAN-ABFF1IHEL2,0,0,0
CAN-AF3CWVHP59,0,0,0
CAN-RYM6NK7V5O,0,0,0
CAN-YARW9LH5NX,0,0,0
CAN-9FQW8NK029,0,0,0
CAN-JIU1SQN3OI,0,0,0
CAN-8S8S93FX4B,0,0,0
CAN-8V486RKQDJ,0,0,0
CAN-KNOZLG3838,0,0,0
CAN-HLUF8UHZ87,0,0,0
CAN-1CVFSSZSCM,0,0,0
CAN-VU7XMSEPF1,0,0,0
CAN-1TEDNYJKP3,0,0,0
CAN-Q139BOHFZF,0,0,0
CAN-KPSGVBSM57,0,0,0
CAN-JIDHGRRQCZ,0,0,0
CAN-9BM7I4LOBM,1,1,0
CAN-U8577Q4HMF,0,0,0
CAN-9YEWS6XRPL,0,0,0
CAN-IZS3H7D47K,0,0,0
CAN-TTMFEJ9YKT,0,0,0
CAN-W9D3ENL8OC,0,0,0
CAN-YKXIDGE9PM,1,0,0
CAN-KTNR7Q8B0H,0,0,0
CAN-6FJ4LQQNT7,0,0,0
CAN-8WBU0YZEJ0,0,0,0
CAN-UVY7MS3TYZ,0,0,0
CAN-EAYND5V55B,0,0,0
CAN-ZA0NA5T8A3,0,0,0
CAN-1JYTU9DS21,0,0,0
CAN-3T7W6Z3JCW,0,0,0
CAN-TGLQK41QER,0,0,0
CAN-7TA2J05H73,0,0,0
CAN-ZD08OV0SMJ,0,0,0
CAN-X7NHOPR4D9,0,0,0
CAN-ZZ6GZAQWCS,0,0,0
CAN-1G4R18EVYQ,0,0,0
CAN-ZWF0AYKB18,0,0,0
CAN-3LLTUIMPAE,0,0,0
CAN-N0VJ7C53P5,0,0,0
CAN-TDXLZPY2XI,0,0,0
CAN-HC7VWRKBC4,0,0,0
CAN-YK377ONC0W,0,0,0
CAN-HGDSEZ1NAM,0,0,0
CAN-1OLSOJJEVZ,0,0,0
CAN-EPQ9UEB40T,2,1,0
CAN-41XBU2JZ9O,0,0,0
CAN-6ER4R8N45Q,0,0,0
CAN-0P7Q4TLQQ6,0,0,0
CAN-2TY991V0G8,0,0,0
CAN-GGL7WEFZYY,0,0,0
CAN-9JWCAE4SJS,0,0,0
CAN-SMXZIEWY61,0,0,0
CAN-GIEAVY780C,0,0,0
CAN-JSDWLPFPCW,0,0,0
CAN-3YNM2680ID,0,0,0
CAN-IV4POVJ4G9,0,0,0
CAN-IESTAL527F,0,0,0
CAN-KFTWQA0P2N,0,0,0
CAN-GQFTJKG8AJ,0,0,0
CAN-L5Q5Z64RNY,0,0,0
CAN-TL2H0AL05Y,0,0,0
CAN-2QCMT8HU88,0,0,0
CAN-A0IANQKCW1,0,0,0
CAN-UBPM0Q0YL5,0,0,0
CAN-KNNDTT48NQ,0,0,0
CAN-708HPHZ1WT,0,0,0
CAN-JOI4TGH7RN,0,0,0
CAN-QTMM4197LL,0,0,0
CAN-FEB0SJE5HQ,0,0,0
CAN-87G4S3WBU4,0,0,0
CAN-N9ZQRHO6JS,0,0,0
CAN-HY1KDQ4FNU,0,0,0
CAN-KNG4PYZV0R,0,0,0
CAN-4WZJAHZ86K,0,0,0
CAN-6O36VBSAI9,0,0,0
CAN-ZTG7MQ3I88,0,0,0
CAN-YAWFQ9SR5Q,0,0,0
CAN-69A3JKP15N,0,0,0
CAN-21FJHWNRNM,0,0,0
CAN-D5Y52OVWYW,0,0,0
CAN-CN3COEJD4O,0,0,0
CAN-ET88MOQGMR,0,0,0
CAN-SIXXIRSWEX,0,0,0
CAN-8GZH6R9PVQ,0,0,0
CAN-SGA7WFO0IG,0,0,0
CAN-D6LRZE9EHU,0,0,0
CAN-J8P0074UCY,0,0,0
CAN-Y2UBIJEYW1,0,0,0
CAN-80HVVFGU3K,0,0,0
CAN-SKSDRIIG1N,0,0,0
CAN-MQ8IVRV6FI,0,0,0
CAN-9VTN5K6JQ5,0,0,0
CAN-DU7Y0Y4SU0,0,0,0
CAN-XZEU8DSR50,0,0,0
CAN-IWZEJ17ZGE,0,0,0
CAN-MWH39NG1BF,0,0,0
CAN-X577EBMK6A,0,0,0
CAN-GQC1GCT24L,0,0,0
CAN-2IKQAD5WG7,0,0,0
CAN-C59XY5L3DN,0,0,0
CAN-JY2NNODKGI,0,0,0
CAN-YKYBOYEHKV,0,0,0
CAN-CMZJ3YE93K,0,0,0
CAN-BJ4R6OCOQB,0,0,0
CAN-XQGGYN1LF5,0,0,0
CAN-73FTKG8G93,0,0,0
CAN-DALWFSQUX4,0,0,0
CAN-JAZBWXMCJ6,0,0,0
CAN-8B4DPKOY99,0,0,0
CAN-Y6N52BHROD,0,0,0
CAN-N85JZAIT4Y,0,0,0
CAN-8DBX98GV5U,0,0,0
CAN-DLA901K1V4,0,0,0
CAN-J38TI3SNPV,0,0,0
CAN-KNT3LGRVNX,0,0,0
CAN-YWP6QBJWKA,1,0,0
CAN-S3D5K52T03,0,0,0
CAN-PJVZZODIGU,0,0,0
CAN-8SOTXUHUH3,0,0,0
CAN-KW8NBY0ME4,0,0,0
CAN-3VLV5P4TAW,1,0,0
CAN-MQT9PVFBFW,0,0,0
CAN-VIA8PNVAA7,0,0,0
CAN-J61NPU4T8M,0,0,0
CAN-SSXAJL3IBH,0,0,0
CAN-6QEJHW6AIF,0,0,0
CAN-I91HBENN2D,0,0,0
CAN-UYEOYYZAIB,0,0,0
CAN-KMWUX8QMJ0,0,0,0
CAN-7T4YCDNCWZ,0,0,0
CAN-FRDT51M65B,0,0,0
CAN-3KQR4D9O8Q,0,0,0
CAN-W5IZ44H8YP,0,0,0
CAN-MFEM0P1BJN,0,0,0
CAN-01BTBMC5ZN,0,0,0
CAN-O444PJLHDX,0,0,0
CAN-0YHI13HWKO,0,0,0
CAN-1137LOL018,0,0,0
CAN-N83M0A4FM5,0,0,0
CAN-8KCL2X0BUP,0,0,1
CAN-2IENMVBM85,0,0,0
CAN-DN56L9BVN3,1,1,0
CAN-DU2SSLAZUF,0,0,0
CAN-OJ1M5ZWG6C,0,0,0
CAN-2V99A4AMVF,0,0,0
CAN-JIS4BL2S3M,0,0,0
CAN-FI1FJ3O62A,0,0,0
CAN-ECHG52XPY0,0,0,0
CAN-IX6O5CSNHV,0,0,0
CAN-RZ34BLT29T,1,0,0
CAN-BFOUW1OINR,0,0,0
CAN-Z7574XHMIS,0,0,0
CAN-N2NHMRDROK,0,0,0
CAN-F46VRCBCJ1,0,0,0
CAN-FMUTP5KWGH,0,0,0
CAN-IKAKWV55PQ,0,0,0
CAN-CK5FL4BPXV,0,0,0
CAN-VYP0TQHFVS,0,0,0
CAN-Q74ZR1T20H,0,0,0
CAN-845KUQN13F,0,0,0
CAN-LX8HR6IWF8,0,0,0
CAN-CU7Z8XW4BY,0,0,0
CAN-7F7I66W3DK,0,0,0
CAN-RX62W31GXN,0,0,0
CAN-ZJULU6ATS3,0,0,0
CAN-4EK13UOVMH,0,0,0
CAN-5A6EVH95DX,0,0,0
CAN-GALQRDEWWO,0,0,1
CAN-9T8MCA7K09,0,0,0
CAN-A7H84ZC3HH,0,0,0
CAN-6TWONLPNEL,0,0,0
CAN-AEYMRGVIX4,0,0,0
CAN-NXH5BEWLMK,0,0,0
CAN-MEMZOTXYET,0,0,0
CAN-EJYTTVOEZ0,0,0,0
CAN-2FE12S3MN1,0,0,0
CAN-5QKUHT1A9U,0,0,0
CAN-CEJE7UUT1W,0,0,0
CAN-EZIE0FDQZC,0,0,0
CAN-4JML2H5550,1,0,0
CAN-LL62HZD0MW,0,0,0
CAN-T9AMCCOFGN,0,0,0
CAN-OZSBG6A70H,0,0,0
CAN-UQ2V6RD19Q,0,0,0
CAN-F9S150V79C,0,0,0
CAN-NYYJF9214C,0,0,0
CAN-DYP6CNQHY3,0,0,0
CAN-UOIPPNBX0K,0,0,1
CAN-3EH849N0SB,0,0,0
CAN-PSOTXA3LJU,0,0,0
CAN-NKIFD1D35N,0,0,0
CAN-0RQIRS621U,0,0,0
CAN-YR3V13ATJR,0,0,0
CAN-G5KD7I9HNW,1,1,0
CAN-8DQBGYQ8LC,0,0,0
CAN-13J0SR6O56,0,0,0
CAN-0B47IE28TR,0,0,0
CAN-RVHKD635ZK,0,0,0
CAN-GJT3G9RE1E,0,0,0
CAN-7GLZGKVF9C,0,0,0
CAN-F7T7ZOCE7K,0,0,0
CAN-WK1QO904VX,0,0,0
CAN-XJV3ZUPY74,0,0,0
CAN-H7XDADMFR2,0,0,0
CAN-UWJOZYBQKB,0,0,0
CAN-IPJDDR0Q0A,0,0,0
CAN-2LGOQ5MPWD,0,0,0
CAN-W803WTVEJV,0,0,0
CAN-7PX49SXKTJ,0,0,0
CAN-R98OM6N9ZF,0,0,0
CAN-FY6WMIVMBQ,0,0,0
CAN-553PFROK4Z,0,0,0
CAN-2ODM2X2U43,0,0,0
CAN-PO37XAHD3U,0,0,0
CAN-864NJSVOO7,0,0,0
CAN-XRHICVMZE1,0,0,0
CAN-KD7ASK3MS8,0,0,0
CAN-5H6NTEU44Y,0,0,0
CAN-ZSHVEIBK3N,0,0,0
CAN-OQYD74N928,0,0,0
CAN-0MG046ZIRG,0,0,0
CAN-ROCGQIBPAB,0,0,0
CAN-IGX948MWV4,0,0,0
CAN-WD6E3S5W14,0,0,0
CAN-34U34420AN,0,0,0
CAN-7GQ6TGC3U4,0,0,0
CAN-YRU1S05LB8,0,0,0
CAN-NMDSAHJ8NJ,0,0,0
CAN-U2OSKFV69H,0,0,0
CAN-OEN2I9HIBP,0,0,0
CAN-A51B22TW12,0,0,0
CAN-2SMFCMOAJJ,0,0,0
CAN-IR42DFXV9H,0,0,0
CAN-HKPXELSU43,0,0,0
CAN-CMA906BMBI,0,0,0
CAN-4BIWNWBHVN,0,0,0
CAN-X15P9P6SU6,0,0,0
CAN-H8DXZ0CH3P,1,1,0
CAN-2TB6A5H5H1,0,0,0
CAN-J1PQCDNCX0,0,0,0
CAN-LYD22LKJB7,0,0,0
CAN-L12X2Z3GKS,0,0,0
CAN-AKXKAYRN3W,0,0,0
CAN-LFHRST0WNC,0,0,0
CAN-MP5W1PZE3C,0,0,0
CAN-7VW4WQ5M64,0,0,0
CAN-Q128ZA041B,0,0,0
CAN-VJUPT3OFE1,1,0,0
CAN-VZDV8CP121,0,0,0
CAN-PJSFTHWFCW,0,0,0
CAN-Y5E0YD8ENG,0,0,0
CAN-A46GFBZVKL,0,0,0
CAN-F385NAT4XP,0,0,0
CAN-84X61NBPJB,0,0,0
CAN-NJ29EQYH24,0,0,0
CAN-V6H1VI9G4S,0,0,0
CAN-PFRFLWK7FF,0,0,0
CAN-9VRL0SCBTA,0,0,0
CAN-GQI5U641FJ,0,0,0
CAN-ELSZ3Z32PE,0,0,0
CAN-51MUS6TJET,0,0,0
CAN-K0WPLACUNX,0,0,0
CAN-C8FBONIN6P,1,0,0
CAN-X329AJP69T,0,0,0
CAN-B6WV6HQ3JW,0,0,0
CAN-CJKUQYBENS,0,0,0
CAN-ZYY4URV716,0,0,0
CAN-ELETUJBLKO,1,1,1
CAN-3AYCNK2KL3,0,0,0
CAN-BKKNGKF23C,0,0,0
CAN-8VGVOCXYIR,0,0,0
CAN-U5DE3E6MP9,0,0,0
CAN-BSD6D5GVWD,0,0,1
CAN-ZXCDS645JP,0,0,0
CAN-DFNUJCOL1U,0,0,0
CAN-9KZA0PD9Z6,0,0,0
CAN-7C6BKN8Z8W,0,0,0
CAN-9L66RYTA1L,0,0,0
CAN-L6U6PVU1CX,0,0,0
CAN-6BCTMMU037,0,0,0
CAN-VRYXYBBG1H,0,0,0
CAN-CZUIQOUJB2,0,0,0
CAN-TUKG7J2I21,0,0,0
CAN-8JB4ZXPI3P,0,0,0
CAN-4BTVNYNNBL,0,0,0
CAN-50CHM1TL9Y,0,0,0
CAN-DSODL6M0L0,0,0,0
CAN-NNFNT3P805,0,0,0
CAN-Y0RJM2TL6G,0,0,0
CAN-P0QFZIDOBC,0,0,0
CAN-E5CHW8JN1G,0,0,0
CAN-O94UTNL5H6,0,0,0
CAN-8SVP8MPUEA,0,0,0
CAN-XNEM721MCA,0,0,0
CAN-9H8MQ4ROFL,0,0,0
CAN-CGACMVZFCV,0,0,0
CAN-I8NVUJI775,0,0,0
CAN-RBCB8EQD6U,0,0,0
CAN-R3MGMJOLZ0,0,0,0
CAN-OHWO4HX7UR,0,0,0
CAN-A8CKQSMN6S,0,0,0
CAN-T2ERL9QRO9,1,1,0
CAN-S8RE7BQLRD,0,0,0
CAN-1GVSRLZ6VY,0,0,0
CAN-Z6NM01QDA5,0,0,0
CAN-TWJGU0IA97,0,0,0
CAN-M07Y1R8WKY,0,0,0
CAN-O070CHPAHC,0,0,0
CAN-U27ECB7EQL,0,0,0
CAN-K5YKZUAS1C,1,1,0
CAN-Y089O6IWKJ,0,0,1
CAN-QG3KI6D803,0,0,0
CAN-TSENH46WJS,0,0,0
CAN-RD8DGWK9H1,1,0,0
CAN-Y7SKKN0DVH,0,0,0
CAN-XRB6CUMQEF,0,0,0
CAN-B7466K866E,0,0,0
CAN-NW5A0GKC83,0,0,0
CAN-61ZRXKA0LJ,0,0,0
CAN-ZR2AROK949,0,0,0
CAN-UZP9QBCQ71,0,0,0
CAN-ACR5OTNROS,0,0,0
CAN-5W0JXE52TZ,0,0,0
CAN-2DL50YHVYR,0,0,0
CAN-ZBUF5E8AOD,1,0,0
CAN-6KUFN7RQC0,0,0,0
CAN-5BFY9VZFSK,0,0,0
CAN-7SQ8A3HAEA,0,0,0
CAN-T7569GEAIP,0,0,0
CAN-JUC24LFFK0,0,0,0
CAN-GI61VUTNR4,0,0,0
CAN-N4XFL9XJES,0,0,0
CAN-7K5WMKJ0Z5,0,0,0
CAN-SN95MSLLIW,0,0,0
CAN-5WLDEVG5AK,0,0,0
CAN-L625KEA7NN,0,0,0
CAN-IKJQXZWWY4,0,0,0
CAN-ZJCTDZEWGX,0,0,0
CAN-0K7QH8O3CX,0,0,0
CAN-N66VRL9EO2,0,0,0
CAN-6BQ1VS97DK,0,0,0
CAN-6S67LM7Y0T,0,0,0
CAN-6NVE317J7O,0,0,0
CAN-9X0UIE2ZPA,0,0,0
CAN-Q1BYA7ORB1,0,0,0
CAN-SIMHCN6671,0,0,0
CAN-1U73240VYC,0,0,0
CAN-7OPJMLI675,1,0,0
CAN-FJ8AI7YCR1,1,0,0
CAN-YLNMGXJA2S,0,0,0
CAN-1JQKMVCC0E,0,0,0
CAN-4RUH8WY7PE,0,0,0
CAN-M8DKM6TFYN,0,0,0
CAN-DY9T94740Z,1,1,0
CAN-ATLT62VDIL,0,0,0
CAN-0ZESGY72WE,0,0,0
CAN-AYQ5UN4OZQ,0,0,0
CAN-RNURB6RJX4,0,0,0
CAN-INNB9CKBY1,0,0,0
CAN-G512WXR5FQ,0,0,0
CAN-THUN32DVI9,0,0,0
CAN-7048BXEXNP,0,0,0
CAN-04RH56AKFJ,0,0,0
CAN-RK1K3CUN6G,0,0,0
CAN-Z9WF3ELLQH,0,0,1
CAN-BVU8JC7JRF,0,0,0
CAN-SVFVY13V42,0,0,0
CAN-V6K00HG656,0,0,0
CAN-OG91HI4LKF,1,0,0
CAN-FJ7AJX5AG0,0,0,0
CAN-KV96Y0ODI9,0,0,0
CAN-273JV6RPY1,0,0,0
CAN-F9FOZ91KDR,0,0,0
CAN-2TBE5UE4ON,0,0,0
CAN-7DH2U4BZ66,0,0,0
CAN-UD7AS9A1NG,0,0,0
CAN-5PB42NUKIB,0,0,0
CAN-MTSDOHUAVO,0,0,0
CAN-L7P9EYYT6B,0,0,0
CAN-4B4C5VBGEE,0,0,0
CAN-2NFR2H1YEK,0,0,0
CAN-IVBEN9S39K,0,0,0
CAN-8M14QK9NU7,0,0,0
CAN-D2D0LEC4LG,0,0,0
CAN-YJM5FGXMR9,0,0,0
CAN-XHOF8BIK7A,0,0,0
CAN-4W9APN7PSA,0,0,0
CAN-2M5SXKJ89V,0,0,0
CAN-4E6EH9OBTO,0,0,0
CAN-SPPCWVFH0V,0,0,0
CAN-H4U1T2TYBL,0,0,0
CAN-6AX4TJ3T0S,0,0,0
CAN-UCJTKUWCZ7,0,0,0
CAN-I21UNSOKSW,0,0,0
CAN-BQOZJOB9PJ,0,0,0
CAN-DNLI47SNAV,0,0,0
CAN-MY2BLAMG2L,0,0,0
CAN-VKN8NRWJCL,0,0,0
CAN-UM17KR54LH,0,0,0
CAN-OIRHAS1PVD,0,0,0
CAN-CHO3YN28P9,0,0,0
CAN-N39QFRI8B0,0,0,0
CAN-0TPRJRTQ0Z,0,0,0
CAN-RPKL946CD1,0,0,0
CAN-SP4GNRXYI4,0,0,0
CAN-EPCDX3XKEK,0,0,0
CAN-NFIVSUTCZA,0,0,0
CAN-KRN7XD2LDH,0,0,0
CAN-JA6SW3OT3S,0,0,0
CAN-RBEFJM47U8,0,0,0
CAN-0H44R5I7XN,0,0,0
CAN-28MMBJNJTW,0,0,0
CAN-BKBDQIQ1T3,0,0,0
CAN-GLWTVGJXMJ,0,0,0
CAN-PRTTL4FIEG,0,0,0
CAN-46MSIUSBPJ,0,0,0
CAN-8668F4N08A,0,0,0
CAN-EK1HPERFOV,0,0,0
CAN-DK7PPDL879,0,0,0
CAN-8IFP2OOMAD,1,1,1
CAN-ERE4JWXFZ4,0,0,0
CAN-T9D9WFJ4NQ,0,0,0
CAN-ZGAVJGIF5M,0,0,0
CAN-38ZLZGIL10,0,0,0
CAN-DEA7OQDTZW,0,0,0
CAN-8AGFM55G7A,0,0,1
CAN-APPF5PYH1E,1,0,0
CAN-XBJNC20RLN,0,0,0
CAN-FZOF8K3Z4I,0,0,0
CAN-RCCG6PPHRL,0,0,0
CAN-OLNQC7XNS4,0,0,0
CAN-96EFWF5YZL,0,0,0
CAN-9NSAZBVTD8,0,0,0
CAN-RNKBDA8WE0,0,0,0
CAN-1MTD8PQRRB,0,0,0
CAN-C9MPSQA14U,0,0,0
CAN-0DDQ7WMHVF,0,0,0
CAN-8YNCD5K33F,0,0,0
CAN-YFJE0SY9BU,0,0,0
CAN-GUCYUDDPRT,0,0,0
CAN-DIOWK2XSTS,0,0,0
CAN-5U0ZA2R2KZ,1,1,0
CAN-Y61BUD89JM,0,0,0
CAN-1P0T5287Z5,0,0,0
CAN-BG22YXIIXX,0,0,0
CAN-PFB5DKD37Z,0,0,0
CAN-EJJFRVK13I,0,0,0
CAN-TMGXQO8JDP,0,0,0
CAN-11BP7WD7CL,0,0,0
CAN-MRA1VQ9ZRX,0,0,0
CAN-FN7LTXIQ04,0,0,0
CAN-88CCEHJ5VU,0,0,0
CAN-WLX33IU152,0,0,0
CAN-YQ7T9U88RP,0,0,0
CAN-KFRGVF3L4K,0,0,0
CAN-UJG6LJNTS3,0,0,0
CAN-6GW1ONM0DZ,0,0,0
CAN-XI53CHBSZB,0,0,0
CAN-GN4CG38WQP,0,0,0
CAN-9AF5UQS2XQ,0,0,0
CAN-P2IHKZ40W8,0,0,0
CAN-WFV8GZCPGD,0,0,0
CAN-ZV4U12AVUO,0,0,0
CAN-4ZTZGGFGMG,0,0,0
CAN-6O77F2818H,0,0,0
CAN-POVEVM7RW7,0,0,0
CAN-3DQZSF6KT9,0,0,0
CAN-IH7JJ81BIM,0,0,0
CAN-QP4PGHWTWW,0,0,0
CAN-ZYWWWHHYOS,0,0,0
CAN-QLTF7DZ5WC,0,0,0
CAN-36DQS51RI0,0,0,0
CAN-5JDCMLEU04,0,0,0
CAN-ITXNU53MZG,0,0,0
CAN-YUL26WK29Z,0,0,0
CAN-8RTRBHEAMO,0,0,0
CAN-TKSCEI05HW,0,0,0
CAN-72FKPUM4XH,0,0,0
CAN-6ARR91Z8VN,0,0,0
CAN-E24J4HA5MP,0,0,0
CAN-WWNB2ZQDE7,0,0,0
CAN-HF5IP7YHKP,0,0,0
CAN-81KOP4BPYO,0,0,0
CAN-IPRHKZ4ND3,0,0,0
CAN-J13KO0CUU5,0,0,0
CAN-9IMX6OV25Z,0,0,0
CAN-YFEBY1CAU8,0,0,0
CAN-BO02ARNB5P,0,0,0
CAN-IFNH9TJMCM,0,0,0
CAN-9CRC63B07P,0,0,0
CAN-CYLDKGRF42,0,0,0
CAN-LB6CRVV6HQ,1,1,0
CAN-00BU69PSPC,0,0,0
CAN-TMX7AIWS5T,0,0,0
CAN-3B5APIGJQB,0,0,0
CAN-30UIAZTBJQ,0,0,0
CAN-9B4U7W1A0V,0,0,0
CAN-ZPKNCF2FRC,0,0,0
CAN-MV45QL5P08,0,0,0
CAN-GNESGAV7RA,0,0,0
CAN-QLBMD69NQT,0,0,0
CAN-VSKIS7N383,0,0,0
CAN-2CPTU57VV1,0,0,0
CAN-HSXYMUWT4T,0,0,0
CAN-G4MDRMOFTP,0,0,0
CAN-HVEVY568P4,0,0,0
CAN-96OZYAV9QZ,0,0,0
CAN-DFFSU7BAIY,0,0,1
CAN-S1DPPO2PJV,0,0,0
CAN-UXT1FVC6K8,0,0,0
CAN-GQ9UNC6ISZ,0,0,0
CAN-VFIYE71G6N,0,0,0
CAN-665S6UGQAT,0,0,0
CAN-Z5UT1XU9JA,0,0,0
CAN-06QYUPUDBJ,0,0,0
CAN-63YSVMR29T,0,0,0
CAN-XFQV9I6F7Q,0,0,0
CAN-FCBE5NO4LX,0,0,0
CAN-0A4B725X8P,0,0,0
CAN-C2IXUQFCTM,0,0,0
CAN-D8U5ROGI97,0,0,0
CAN-61GMISV59G,0,0,0
CAN-UFDXUJ75EH,0,0,0
CAN-1ZPBXVK6ZW,0,0,0
CAN-DL5BCHYABQ,0,0,0
CAN-2Q3D9PH4TH,0,0,0
CAN-HZTZD6SFJO,1,1,0
CAN-VNNKA4B2KW,0,0,0
CAN-B1EER6P27P,0,0,0
CAN-PQSMJT6EP4,0,0,0
CAN-Y9QU3B5ATF,0,0,0
CAN-8DETFQTDEE,0,0,0
CAN-P9G5UBJREY,0,0,0
CAN-KO00A3VXST,0,0,0
CAN-UL0DHDDS5J,0,0,0
CAN-VAY8PA7G8D,0,0,0
CAN-O4VCSHLF6V,0,0,0
CAN-8C0C3V9QTZ,0,0,0
CAN-T5GOWP68AA,0,0,0
CAN-NRFJRO397T,0,0,0
CAN-2NS6BPYRTR,0,0,0
CAN-MO5GK92X2D,0,0,0
CAN-EP5G6KKNBM,0,0,0
CAN-5KVJWP7416,0,0,0
CAN-HJUEU4HOME,0,0,0
CAN-UJOF3CT5GL,0,0,0
CAN-XNQ76FUD2N,0,0,0
CAN-8CTS8ZS53F,0,0,0
CAN-91USYKXCDQ,0,0,0
CAN-PM64X93NG9,0,0,0
CAN-9OM13YYF2P,0,0,0
CAN-4OCV4SSYTI,0,0,0
CAN-GA6T2OJJH5,0,0,0
CAN-IVS7JGM0U5,1,0,0
CAN-LE2FQYRBNT,0,0,0
CAN-JS0TD7RAVV,0,0,0
CAN-7BA1JINTDP,0,0,0
CAN-6N8NUY6QNZ,0,0,0
CAN-SAXOB72M0H,0,0,0
CAN-9CZ35IYZNU,0,0,0
CAN-NQHRX5RYBM,0,0,0
CAN-E80OH5BMYI,0,0,0
CAN-QXMFWJX8HU,0,0,0
CAN-SKOTY34HQW,0,0,0
CAN-QFAPF6L3HJ,0,0,0
CAN-OJH5BMQMW9,0,0,0
CAN-IFHPBFT1DT,0,0,0
CAN-A487SWH8IG,0,0,0
CAN-HK03PURU69,0,0,0
CAN-OQBHFV0R54,0,0,0
CAN-E3FRL3SIF7,0,0,0
CAN-JXJG6A56AZ,0,0,0
CAN-S220YRACUP,0,0,0
CAN-ICV9EJLNDC,0,0,0
CAN-3VH9OB1Y6I,0,0,0
CAN-XNVS907HHT,0,0,0
CAN-HXSCGM25DZ,0,0,0
CAN-66JQIV3ZPY,0,0,0
CAN-E5CJUNG3O7,0,0,0
CAN-7FIS7SLS7K,0,0,0
CAN-G78O00NJGH,0,0,0
CAN-TEGW8ULWGW,0,0,0
CAN-TTHZ247M0K,0,0,0
CAN-V9A05RHBNZ,0,0,0
CAN-PULPBIQC7R,1,1,0
CAN-SORBZAICPY,0,0,0
CAN-XCBENVJ4WX,1,0,0
CAN-GAYIXDP21C,0,0,0
CAN-1GSUL0RUCK,0,0,0
CAN-YG2MTECT4P,0,0,0
CAN-RVOUK43OU4,0,0,0
CAN-T3YBHA8NB8,0,0,0
CAN-KEDKSYGNII,0,0,0
CAN-2Y439DA81Q,0,0,0
CAN-5F2T570JMK,0,0,0
CAN-0ADHJV0X8I,0,0,0
CAN-NJ4XYUTBW4,0,0,0
CAN-14VGJ1DDBM,0,0,0
CAN-QM23NX46TX,0,0,0
CAN-MSUE3RKTNG,0,0,0
CAN-7S4F71JQZJ,0,0,0
CAN-DHGNLHHB28,0,0,0
CAN-W6XIWEIIV0,0,0,0
CAN-7XPLJJCW50,0,0,0
CAN-AM8AOLPDZA,0,0,0
CAN-XGACJBOABG,0,0,0
CAN-MS59YQ5F2T,0,0,0
CAN-3D4DX5VMPF,0,0,0
CAN-9YZTXIDHHF,0,0,0
CAN-21M25FY4UU,0,0,0
CAN-815CKTQ5D9,0,0,0
CAN-TTUUVHES17,0,0,0
CAN-LIC2LRK72W,0,0,0
CAN-T68WXC1JGJ,0,0,0
CAN-HIF5I6YL3L,0,0,0
CAN-HCIIRWWMSO,0,0,0
CAN-HPDFJELOWJ,0,0,0
CAN-CHNYH3UE55,0,0,0
CAN-L86WDADQ2Y,0,0,0
CAN-DRB89GCQ3U,0,0,0
CAN-N9ZOUIZDPW,0,0,0
CAN-IQWEPRYGGH,0,0,0
CAN-PKHG4FI630,0,0,0
CAN-LTZBGT14ET,0,0,0
CAN-JAF4N276EV,0,0,0
CAN-0SBCFRBO0A,0,0,0
CAN-YQ8SIVUQ6G,0,0,0
CAN-YN61UWT39N,0,0,0
CAN-QVT64QCDRT,0,0,0
CAN-6054381ZRN,0,0,0
CAN-5WYGMANFMV,0,0,1
CAN-J89759N3NE,0,0,0
CAN-NLMDTD9VCV,0,0,1
CAN-QY06N4F3GF,0,0,0
CAN-K79BSPHXO3,0,0,0
CAN-I9JGDG2UCW,0,0,0
CAN-ZELW8D5E21,0,0,0
CAN-FEHFXFG7B9,1,1,1
CAN-EYVB8454HZ,0,0,0
CAN-N1C96CDXBQ,0,0,0
CAN-6LTUE3XZJ4,0,0,0
CAN-4RKXY1JINP,1,0,0
CAN-AB9G323BJL,0,0,0
CAN-WJEE6FBJQT,0,0,0
CAN-R0F2JU1XPS,0,0,0
CAN-36XJM7CYKW,0,0,0
CAN-EA4UOZQPCY,0,0,0
CAN-3W1WRGSSBR,0,0,0
CAN-QEUA4K5EGY,0,0,0
CAN-70DV50Z989,0,0,0
CAN-P6QQIY7T5P,0,0,0
CAN-H1T1T8N4KC,0,0,0
CAN-6NBOOJ2V4L,0,0,0
CAN-HALZUG2QRC,0,0,0
CAN-YXQ3WUHORR,0,0,0
CAN-E3HX59CFYH,0,0,0
CAN-3RAVTPTN6J,0,0,0
CAN-X4MQETL184,0,0,0
CAN-K067ZS1HAB,2,0,0
CAN-PPLU1RUSBB,0,0,0
CAN-74AHH6VA52,0,0,0
CAN-M0V0NDR8QD,0,0,0
CAN-REHBEFHN0X,0,0,0
CAN-2XJ478L64K,0,0,0
CAN-HBNMBALFGH,0,0,0
CAN-7SEVKFP7E1,0,0,0
CAN-000UUPHTCY,0,0,0
CAN-DAXG4OGSFE,0,0,0
CAN-YHUOWBN9L6,0,0,0
CAN-OSVVQTWE1G,0,0,0
CAN-8XV98GAVN8,0,0,0
CAN-Q92FQCLUFK,0,0,0
CAN-YCHTPBG58Z,0,0,0
CAN-TWFZKOTHEE,0,0,1
CAN-ILI5PIGLWL,0,0,0
CAN-1ZO27IJELZ,0,0,0
CAN-98EZIXVSFV,0,0,0
CAN-K8JUS50M5V,0,0,0
CAN-MDE4ME05RN,0,0,0
CAN-WD445TNR4Q,0,0,0
CAN-5HM3GH9VS5,0,0,0
CAN-1A4D4CB48Y,0,0,1
CAN-RIUV3JR5FP,0,0,0
CAN-LUS817N1DJ,0,0,0
CAN-Z4RQN1CCUQ,0,0,0
CAN-6EOYH6P2E6,0,0,0
CAN-PA8T3ZEHMC,0,0,0
CAN-UIP9ZM3XAS,0,0,0
CAN-PZYRM7RGN2,0,0,0
CAN-PJFRDB346X,0,0,0
CAN-Q33XD1X7U5,0,0,0
CAN-3363JGFP2R,0,0,0
CAN-LT75PQRCOT,0,0,0
CAN-PVJL9USQXF,0,0,0
CAN-FMZRJFDW70,0,0,0
CAN-HXYN2IHKXK,0,0,0
CAN-VALPQKED92,0,0,0
CAN-3C7C856L53,0,0,0
CAN-QZ76P4Y1KN,0,0,0
CAN-F38K781VJU,0,0,0
CAN-RLFHYDAOTO,0,0,0
CAN-LDUTSHXKY9,0,0,0
CAN-Y1Y8P86ZLR,0,0,0
CAN-6LJSSY2ARH,0,0,0
CAN-NYKJ8MNCKV,0,0,0
CAN-14SRJ1L18Z,0,0,0
CAN-6YZ2MZIFFI,1,0,0
CAN-GQH89H5FMT,0,0,0
CAN-SJ47LEO7I8,0,0,0
CAN-FB3A0B626V,0,0,0
CAN-74MW38G2B2,0,0,0
CAN-N58Z3OD382,0,0,0
CAN-7GQKP0AOM9,0,0,0
CAN-VMJSN3VE7R,0,0,0
CAN-XWPOGKY3HU,0,0,0
CAN-9HORWUZIEV,0,0,0
CAN-2AY4KS0BST,0,0,0
CAN-YL8DSH1JE5,0,0,0
CAN-C92F3VCOVI,0,0,0
CAN-SBHKC4O0P4,0,0,0
CAN-AF5MDPLMGV,0,0,0
CAN-88QLPCHFVU,0,0,0
CAN-USBPGXP3DA,0,0,0
CAN-PXHL2F57BV,0,0,1
CAN-V5QN569SOM,0,0,0
CAN-QNOY5045NC,0,0,0
CAN-UMLP3YSQW7,0,0,0
CAN-ZV6S293UDY,0,0,0
CAN-C1LEEXSAIK,0,0,0
CAN-PYERQ3G8AI,0,0,0
CAN-JV5J561CM8,0,0,0
CAN-INC0EVTANS,0,0,0
CAN-3COLF9JBC8,0,0,0
CAN-NM7HQI8IA5,0,0,0
CAN-MMDZ14EJ3L,0,0,0
CAN-7PJ2H4A2TK,0,0,0
CAN-HFZ1R110K3,0,0,0
CAN-GLKSSK54OR,0,0,0
CAN-F640D3DCIR,0,0,0
CAN-TTGF19JN3G,0,0,0
CAN-0A77LRZ6PB,0,0,0
CAN-JG3HUHOTT6,0,0,0
CAN-RWR0COP7LS,0,0,0
CAN-0WDZDRPAHM,0,0,0
CAN-SEMWY6TBUA,0,0,1
CAN-FQ6C2CQW9I,0,0,0
CAN-7ANKU1TNTS,0,0,0
CAN-8VAI7W5C0R,0,0,0
CAN-BFONOPMEZO,0,0,0
CAN-Z1EO9FVE71,0,0,0
CAN-8YMMPP4AUC,0,0,0
CAN-RRVUUQIUH8,0,0,0
CAN-3Y3TF6BIXP,0,0,0
CAN-8A0U0E545D,0,0,0
CAN-DCP2SIPNXR,0,0,0
CAN-3KOTZEFXJR,0,0,0
CAN-JDQFX6EWTQ,0,0,0
CAN-FZN9CXQTZH,0,0,0
CAN-D20CI00RSE,0,0,0
CAN-GEMG5ZOUCP,0,0,0
CAN-J538MFH2RZ,0,0,0
CAN-C9VXJB2YH1,0,0,0
CAN-G8M99BJVE9,0,0,0
CAN-YVWI4Y222D,0,0,0
CAN-7N3UP1GC6M,0,0,0
CAN-T3BSOKDD2P,0,0,0
CAN-C5MXVNEQIE,0,0,0
CAN-CVLVMLSPPW,0,0,0
CAN-TIC9NM3PS1,0,0,0
CAN-0K8F9TKWWU,0,0,0
CAN-87GE693SLE,0,0,0
CAN-57OOFQ63J2,1,0,0
CAN-LZ3YIRQJ79,0,0,0
CAN-DD92YFVYXO,0,0,0
CAN-64UV9WR297,0,0,0
CAN-GKARFIGAPI,0,0,0
CAN-W5JJROD9JX,0,0,0
CAN-97WSFQTHF5,0,0,0
CAN-55NZUZ3VR8,0,0,0
CAN-TA661BY5LK,0,0,0
CAN-LN1VMRG0Z7,0,0,0
CAN-3EM50WHJCL,0,0,0
CAN-USVJLIY0EB,0,0,0
CAN-ZHDQC95DYH,0,0,0
CAN-BZ762VI3MF,0,0,0
CAN-QAGS5UIXRY,0,0,0
CAN-YZUVZSIVT5,0,0,0
CAN-1O3YPOAJAT,0,0,0
CAN-DEHSRYTHG2,0,0,0
CAN-M4M40P1Y0S,0,0,0
CAN-R2IALNQ8H9,0,0,0
CAN-CX8BTZ1A7O,0,0,0
CAN-MTYIUZ7IR0,0,0,0
CAN-XM21X00LKY,0,0,0
CAN-ACHU1VNPAU,0,0,0
CAN-WW1YA4KDKG,0,0,0
CAN-ZU8QTE4XDA,0,0,0
CAN-5831S6Y1VZ,0,0,0
CAN-HYMYBN588L,0,0,1
CAN-6I9JYSNFHD,0,0,0
CAN-L8NXUUA3RJ,0,0,0
CAN-NJBINOQ2W9,0,0,0
CAN-FEO3GQ8XT6,0,0,0
CAN-F548FR1676,0,0,0
CAN-FRIG4NTVJX,0,0,0
CAN-2WNGH60WI9,0,0,0
CAN-8T3NNWVGPL,0,0,0
CAN-U21L6C4Z08,0,0,0
CAN-LQJC96JQ5R,0,0,0
CAN-19XO12WFCZ,0,0,0
CAN-RAJJHC20KR,0,0,0
CAN-LJC1GBZ1A9,0,0,0
CAN-5SLPV827L2,0,0,0
CAN-JT2FDR3QEC,0,0,0
CAN-IWS1F3GDUY,0,0,0
CAN-SVE47XKJ0P,0,0,0
CAN-1UXZVZSG4A,0,0,0
CAN-V5109OYY1T,0,0,0
CAN-RKIC97X4FK,0,0,0
CAN-VUP0QI9WY8,0,0,0
CAN-ZLN4NDM06Y,0,0,0
CAN-N5E1QN73XM,0,0,0
CAN-3RU473OQA6,0,0,0
CAN-5ICW8QILEP,0,0,0
CAN-CTJCWLK1Q5,1,0,0
CAN-EAI0FVQYN3,0,0,0
CAN-HRB6C4QXJ1,0,0,0
CAN-L5HCXO0IV3,0,0,0
CAN-XM834YHKHR,0,0,0
CAN-96TZ2VAMCO,1,0,0
CAN-XK23UIZL6J,0,0,0
CAN-3F2FJS3A1Q,0,0,0
CAN-TY8UJQL1X3,0,0,0
CAN-I63QH0YDUN,0,0,0
CAN-SUSMLP6YWM,0,0,0
CAN-5GH7YOH1Q0,0,0,0
CAN-AM5TTF6H9F,0,0,0
CAN-F90ECGJD7B,0,0,0
CAN-LBSUFLZHIH,0,0,0
CAN-VAZNR7W6ZG,0,0,0
CAN-ZCT4T4QW9X,0,0,0
CAN-F9Q4YF7KJJ,0,0,0
CAN-PIAGPBOQJ8,0,0,0
CAN-AFE7Y28G0F,0,0,0
CAN-C3ZIFX1I1U,0,0,0
CAN-7C964FIDMD,0,0,0
CAN-ZH2BQ3ATUM,0,0,0
CAN-LBERJDC69U,0,0,0
CAN-OYXB45GKM8,0,0,0
CAN-QU6MD5TN0F,0,0,0
CAN-W46CQP38T5,0,0,0
CAN-OZBDBU2C8V,0,0,0
CAN-1G33R5ZP33,0,0,0
CAN-FX0CXCTTT5,0,0,0
CAN-GE1OF12M02,0,0,0
CAN-S7ILK3VXLA,0,0,0
CAN-JE50LL66V5,0,0,0
CAN-AA66HFR8N1,0,0,0
CAN-L82L7C3JFH,0,0,0
CAN-31HR190D49,0,0,0
CAN-DTKKRG4TH0,0,0,0
CAN-27XP55ESZT,0,0,0
CAN-2UKRTA000H,0,0,0
CAN-KFFO1IUNQ2,0,0,0
CAN-66TQRR9EOU,0,0,0
CAN-XFNGVN2MK8,0,0,0
CAN-HSAFCDVIEX,0,0,1
CAN-134Q72471I,0,0,0
CAN-KBTC63C8LL,0,0,1
CAN-HFWCF7T2WV,0,0,0
CAN-S7CYNBBGBC,0,0,0
CAN-HH1FGVCSHO,0,0,0
CAN-H2TOKOI56S,0,0,0
CAN-WFMGVZBGVH,0,0,0
CAN-H037Q3HE9S,0,0,0
CAN-LOEQ5CPJMJ,0,0,0
CAN-6MQ4BCKDD4,0,0,0
CAN-10S81QV4SG,0,0,0
CAN-UQTGM0YBSB,0,0,0
CAN-NIV4J5MPW9,0,0,0
CAN-5FZ8IHPB9N,0,0,0
CAN-TOLELNDENL,0,0,0
CAN-WKGL22S1B5,0,0,0
CAN-ARNXXD7017,0,0,0
CAN-UNZSC2IUOL,0,0,0
CAN-3JLS3ZDCSS,0,0,0
CAN-GIUGFHWVK2,0,0,0
CAN-L8S03B5SFS,0,0,0
CAN-R4BTESUGV2,0,0,0
CAN-18SWCOETPJ,0,0,0
CAN-LJCCF4H8VT,0,0,0
CAN-RTFD4JE4RL,0,0,0
CAN-PQMCH04UHF,0,0,0
CAN-OC2QQ1YY7X,0,0,0
CAN-KDW9U4GF04,0,0,0
CAN-3MF621GS8G,0,0,0
CAN-JTDCUWP9TG,0,0,0
CAN-IENKCEQWTH,0,0,1
CAN-2J7GQZ8NGK,0,0,0
CAN-8NLI9DHKDP,1,0,0
CAN-CX8EHBX3GU,0,0,0
CAN-8TFJ1QCYJH,0,0,0
CAN-TRLI5ZEXYN,0,0,0
CAN-2S1HCEPUZP,0,0,0
CAN-RIB29L9J0F,0,0,0
CAN-KUAMZ3SRTE,0,0,0
CAN-9BOYUMU39U,0,0,0
CAN-O69LTV9J76,0,0,0
CAN-R0RIIPN378,0,0,0
CAN-0PUBEEFNJF,0,0,0
CAN-NI3EXZF6CP,0,0,0
CAN-O8PPBKM3MV,0,0,0
CAN-HWFFS7J4GL,0,0,0
CAN-2CQZJ2V3CM,0,0,0
CAN-XX3E1LT2BT,0,0,0
CAN-BJI1VHJ3CK,0,0,0
CAN-1JVS8CDYKC,0,0,0
CAN-MTOIXEJ24R,0,0,0
CAN-35BVLABB1O,0,0,0
CAN-5FH2KBW0IB,0,0,0
CAN-GJU4OLMW0Y,0,0,0
CAN-RLCSRC32RJ,0,0,0
CAN-DXLWZSVTLD,0,0,0
CAN-ZQ7MML5BC7,0,0,0
CAN-TNGG2D7HTK,0,0,0
CAN-OM2KFXJYRI,0,0,0
CAN-OFWL1O0B77,0,0,1
CAN-8QUZRCKOV4,0,0,0
CAN-EPGB8TZLLX,0,0,0
CAN-IMY77EFJ28,0,0,0
CAN-N37XHMXQTZ,0,0,0
CAN-3TRYQDDOYM,0,0,0
CAN-VFIRB7S3DJ,0,0,0
CAN-MO5C5LJP1Q,0,0,0
CAN-ZRR6UOMQ31,0,0,0
CAN-16781ZDSII,0,0,0
CAN-QPLU57HPDX,0,0,0
CAN-K0WP60CCEA,0,0,0
CAN-5O5INNDPXU,0,0,0
CAN-FBLOB9PQG8,0,0,0
CAN-54RMBU222R,0,0,0
CAN-50AM2HPZIZ,0,0,0
CAN-IHV15U5PJI,0,0,0
CAN-A9U2HW5MKX,0,0,0
CAN-WUS8A46KEX,0,0,0
CAN-WNYIZETNQR,0,0,0
CAN-O3V36SEZCJ,0,0,0
CAN-5MY6VCOMH0,0,0,0
CAN-HMUFM4DVIK,0,0,0
CAN-CKRAZOSJ37,0,0,0
CAN-5YZ0RPB265,0,0,0
CAN-K65HDN1ATG,0,0,0
CAN-UHDITUZHG1,0,0,0
CAN-OI6FZOYG9T,0,0,0
CAN-1CDIAV922I,0,0,0
CAN-DCJJATMXNB,0,0,0
CAN-CHIC5MHFYU,0,0,0
CAN-6DGGX2XZ38,0,0,0
CAN-T3FLSVUPBS,0,0,0
CAN-FJTVPREP8F,0,0,0
CAN-HHNOHMQUB3,1,1,1
CAN-NRI0XG94SF,0,0,0
CAN-EKWS2D62VH,0,0,0
CAN-GL4FNJHQYN,0,0,0
CAN-V50S26LNST,0,0,0
CAN-CZ8GPI1592,0,0,0
CAN-UNEB0Q8JQY,0,0,0
CAN-5MJLWHQZY2,0,0,0
CAN-1M7H6NP3DT,0,0,0
CAN-0UXGGH2GXR,0,0,0
CAN-NK2GUC3LAP,0,0,0
CAN-BZPERBLAMY,0,0,0
CAN-45Q859JI0W,0,0,0
CAN-BT0Y88Z5VY,0,0,0
CAN-PK6PNDGU61,0,0,0
CAN-0LNHQ2IVK1,0,0,0
CAN-ZDYJSHU35Q,0,0,0
CAN-1NJOOV39RY,0,0,0
CAN-8QJO365LH5,0,0,0
CAN-A3Y30H2H61,0,0,0
CAN-J98COE867B,0,0,0
CAN-M9VZCYUHRC,0,0,0
CAN-G0CY62SMYJ,0,0,0
CAN-8MEB4NKWN8,0,0,0
CAN-STKXGTXJUZ,0,0,0
CAN-45FRY9KLQO,0,0,0
CAN-066AL6SEUM,0,0,0
CAN-SURQR30T83,0,0,0
CAN-HUEDVB4MB1,0,0,0
CAN-DWHLJHWCLH,0,0,0
CAN-W7JQ7R55OK,0,0,0
CAN-U3F5L0C4O8,0,0,0
CAN-JINWOM659W,0,0,0
CAN-5PA5NRBXTI,0,0,0
CAN-WQIC1VU4AR,0,0,0
CAN-H13QSJ3JWL,0,0,0
CAN-VMISWMYAEU,0,0,0
CAN-719M8PBOLB,0,0,0
CAN-R1QL7HWQD0,0,0,0
CAN-MON4FSBVB4,0,0,0
CAN-2NNBV09FWN,0,0,0
CAN-BDKNZLJ28U,0,0,0
CAN-RA6YOKX6QU,0,0,0
CAN-TVJI0EAZ3Y,0,0,0
CAN-QGSE5L8SLQ,0,0,0
CAN-NL0UYGFDUR,0,0,0
CAN-1PP3RRRUUA,0,0,0
CAN-31RDA06DSF,0,0,0
CAN-LF9OHBZE2J,0,0,0
CAN-20LP6R01W2,0,0,0
CAN-2ZDS1HIF9Q,0,0,0
CAN-D1RU5LEHK8,0,0,0
CAN-9W2GCFOPK4,0,0,0
CAN-P5XIR0JMT0,0,0,0
CAN-G4SHQWDR3R,0,0,0
CAN-3XQUYWMQ1Y,0,0,0
CAN-ZUNHC34I77,0,0,0
CAN-WVCXVDDEAN,0,0,0
CAN-ZK0YWHISD3,0,0,0
CAN-GMH1PKUH7W,0,0,0
CAN-E1OZ3X8VFF,0,0,0
CAN-DOEE4ZYTV0,0,0,0
CAN-IB3W6SLY38,0,0,0
CAN-LKC9WTMYKQ,0,0,0
CAN-KBV7LALMTC,0,0,0
CAN-Q8KSUXGRB2,0,0,0
CAN-FDC2640AS4,0,0,0
CAN-OLZQMRM02P,0,0,0
CAN-MQMN66MILA,1,1,0
CAN-N8QLM2BJ5Z,0,0,0
CAN-L8GSV1XCHQ,0,0,0
CAN-Q4ZZ5M0LQI,0,0,0
CAN-6SED3E6302,1,1,0
CAN-HZF40QUBHB,0,0,0
CAN-2OCJ7ZQ5N7,0,0,0
CAN-LFK60NGL4B,0,0,0
CAN-80A70X1TAB,0,0,0
CAN-FUDMTMFDTZ,0,0,0
CAN-DQJ5KUYVJ2,0,0,1
CAN-VP1UULDQVK,0,0,0
CAN-EHFI7DCQAX,0,0,0
CAN-3L0R4UMX7M,0,0,0
CAN-YYTDQSM9DL,0,0,0
CAN-KSIEJOAZDY,0,0,0
CAN-EFMW1GNFJB,0,0,0
CAN-KHXLKFD6F8,0,0,0
CAN-8N0KADA1T3,0,0,0
CAN-4TETZA37AS,0,0,0
CAN-81HQ0LZK2T,0,0,0
CAN-D70H67I3HF,0,0,0
CAN-58M05RL8CQ,0,0,0
CAN-RLBVAWXBNZ,0,0,0
CAN-Z3P9S6OF9B,0,0,0
CAN-T8HGJAG0XR,0,0,0
CAN-611Y92Z4A7,0,0,0
CAN-LGWMVW7CV2,0,0,0
CAN-Y1SNVQQLCG,0,0,0
CAN-ZW6CW7N9LZ,0,0,0
CAN-D4T2GW7O2N,0,0,0
CAN-OK8MKOULCV,0,0,0
CAN-NSSUYJHLXD,0,0,0
CAN-TR3TUNAOEO,0,0,0
CAN-CIZJBQQUF5,0,0,0
CAN-WEHO2Y8BUF,0,0,0
CAN-L271JV4INT,0,0,0
CAN-OAOUNL3UQ7,0,0,0
CAN-CJAWMMKJRY,0,0,0
CAN-ZN7SVKEGTJ,0,0,0
CAN-QKGJ0HJQFN,1,0,0
CAN-PSC1AC3H24,0,0,0
CAN-LK9S954CJO,0,0,0
CAN-DRPQG97ZMJ,0,0,0
CAN-10AVIPACKV,0,0,0
CAN-CCKYOCEJJS,0,0,0
CAN-9PND4855FJ,0,0,0
CAN-ABXR8LP8FT,0,0,0
CAN-YM6WVPHZEC,0,0,0
CAN-AYFXNRK0G2,0,0,0
CAN-OSJJCOSG01,1,1,0
CAN-DBAXIUQQQN,0,0,0
CAN-UC0GHJXT0O,0,0,0
CAN-RC0K12E5Q4,0,0,0
CAN-4N6ZB3SCSY,1,1,0
CAN-GT29QK48ZR,0,0,0
CAN-N7T97XJSDJ,0,0,0
CAN-U7K3J0KVSW,0,0,0
CAN-RF720ADMZ2,1,1,0
CAN-0F0VMOUIEQ,0,0,0
CAN-OHAZFPUO47,0,0,0
CAN-5NQ7W5RP4X,1,0,0
CAN-RO48CSXWUL,0,0,0
CAN-V01M397SMR,0,0,0
CAN-DIRYQXL085,0,0,0
CAN-66F8GOR1FM,0,0,0
CAN-Y0RU3M6P2H,0,0,0
CAN-NR0AYKI3M9,0,0,0
CAN-JTU00IS95H,0,0,0
CAN-T5SOQ9YGJ1,0,0,0
CAN-P5RES6TZZS,0,0,0
CAN-ABWG2FL5S0,0,0,0
CAN-4N0QDU2NI7,0,0,0
CAN-DUE034IE7Q,0,0,0
CAN-YLM705YR8H,0,0,0
CAN-82NJHE68YM,0,0,0
CAN-1C49P4UUJ3,1,1,1
CAN-KLQH9G2XAA,0,0,0
CAN-26T1WYSEP1,0,0,0
CAN-UPUMI2KSIM,0,0,0
CAN-LIUMROEK1Y,0,0,0
CAN-WR2QE4VZKF,0,0,0
CAN-XIYAPJ1T6I,0,0,0
CAN-2O1H60X59W,0,0,0
CAN-2A3Z2N4S86,0,0,0
CAN-IE7RKO4EZ8,0,0,0
CAN-M0PEADSA0A,0,0,0
CAN-BACYF0U6FM,0,0,0
CAN-0WBXPAWO44,0,0,0
CAN-S3QTMNVOSZ,0,0,0
CAN-KHR6AUNZV5,0,0,0
CAN-DOTWJ93Z1W,0,0,0
CAN-FCK9PMEEO7,0,0,0
CAN-LE8JJYRH3J,0,0,0
CAN-6ONS4LQXLF,0,0,0
CAN-NNXSR3SJYI,0,0,0
CAN-3DYKGZFUZY,0,0,1
CAN-4TUKXHSH83,0,0,0
CAN-9BXSUTHRNN,0,0,0
CAN-7CRX6UKF95,0,0,0
CAN-OQ387SPDJB,0,0,0
CAN-QFG2O2ATE4,0,0,0
CAN-L2ZC2VLJIG,1,0,0
CAN-IPG2ZD4XYJ,0,0,0
CAN-1X36MKKDTS,0,0,0
CAN-8LZXDTGJZ2,0,0,0
CAN-4SY34TJ8WB,0,0,0
CAN-2QXFGOCS82,0,0,0
CAN-Z023725PWD,0,0,0
CAN-6Z0SOWAGU0,0,0,0
CAN-964UDWFB02,0,0,0
CAN-85NYJLHN98,0,0,0
CAN-9KJY0Z76YU,0,0,0
CAN-UEST8OHL1H,0,0,0
CAN-0FN4BHPFBQ,0,0,0
CAN-1JFLJL5U1Q,0,0,0
CAN-5TZXKXQVDG,0,0,0
CAN-3BG3ASNV10,0,0,0
CAN-HBCPEPA3IJ,0,0,0
CAN-XZWB50SAMR,0,0,0
CAN-HGP0XS56XM,0,0,0
CAN-VRMK250BRV,0,0,0
CAN-9S6TJ2MPE5,0,0,0
CAN-AXK0UG0Z0Y,0,0,0
CAN-MZST7YS1CX,0,0,0
CAN-ECDW59FZDD,0,0,0
CAN-NEQD8T8Y4V,1,1,0
CAN-ED1UC1TC2K,0,0,0
CAN-HOS646LJXT,0,0,0
CAN-I62DXWZ95H,0,0,0
CAN-25LMWMAMGS,0,0,0
CAN-2597L3FKIY,0,0,0
CAN-ZYHP1O55E0,0,0,0
CAN-5WTXQHY9LH,0,0,0
CAN-UH6NTP94H6,0,0,0
CAN-FI5OEH5HUP,0,0,0
CAN-9G01B5FEPN,0,0,0
CAN-ENHNXYD6HS,0,0,0
CAN-7N5FD132IE,0,0,0
CAN-OUNC7PFQTX,0,0,0
CAN-FIMKN2B6N9,0,0,0
CAN-TL3YIZO04X,0,0,0
CAN-JHL8KJCMN4,0,0,0
CAN-67NV15XHIP,0,0,0
CAN-O55QK6XGES,0,0,0
CAN-R6CFEESX4B,0,0,0
CAN-YG258Y8E5V,0,0,0
CAN-F3CUA9G8PS,1,0,0
CAN-NDGYV13VDH,0,0,0
CAN-DDDO2KOV9W,0,0,0
CAN-VNORUL0X1E,0,0,0
CAN-02AOIJ2DWC,0,0,0
CAN-LNI9ZV9QCB,0,0,0
CAN-P80W5Q4HRF,0,0,0
CAN-KOQL8CJAAD,0,0,0
CAN-NGRJ8QDSTY,0,0,0
CAN-5UDJQEQQE2,0,0,0
CAN-GAU1X1WWAD,0,0,0
CAN-XHLKLHCHK0,0,0,0
CAN-MHTVXHJ8AE,0,0,0
CAN-HFDVV02OGM,0,0,0
CAN-HXZL2FOKNW,0,0,0
CAN-JM3AHSD18E,0,0,0
CAN-0NMGQU5ZE8,0,0,0
CAN-RP4I8FBIM0,0,0,0
CAN-DANXMJUTSN,0,0,0
CAN-JLX15R9SNO,0,0,0
CAN-B0HJ89JFL9,0,0,0
CAN-YJ40ZAR1CQ,0,0,0
CAN-OTVM2YSGKP,0,0,0
CAN-S039J7ZSOL,0,0,0
CAN-2133S4VMOE,0,0,0
CAN-QYBTNVESUM,0,0,0
CAN-CGCUCMR2UJ,0,0,0
CAN-O6YKKH8WK5,0,0,0
CAN-X40DIGA2AY,0,0,0
CAN-F1XR6DC0U5,1,1,1
CAN-FPDLHPZVQA,0,0,0
CAN-8M60ZD7HC8,0,0,0
CAN-R6HPCSR4R9,0,0,0
CAN-FC2QWP11E8,0,0,0
CAN-9ZM14XVFWG,0,0,0
CAN-JN50LU3MU1,0,0,0
CAN-9UCQNJV20U,0,0,0
CAN-U5I3BB7LIK,0,0,0
CAN-3PA7NJ2VGS,0,0,0
CAN-S5J25O9YQO,0,0,0
CAN-9MH8GV2AQY,0,0,0
CAN-VEBQ7CDIFU,0,0,0
CAN-I4M8DOQQJN,0,0,0
CAN-L16ZDGA6KP,0,0,0
CAN-WQ194VKY85,0,0,0
CAN-U78UCXWZRW,0,0,0
CAN-2LRK5RM4LC,0,0,0
CAN-ICKK4E813F,0,0,0
CAN-8XB6MC2LP0,0,0,0
CAN-WMUJ91SAPI,0,0,0
CAN-BNA4AZVK13,0,0,0
CAN-NRR866PLPW,0,0,0
CAN-VMLIWPAKE9,0,0,0
CAN-CMQPG9M71Q,0,0,0
CAN-4KWOFQ6VT5,0,0,0
CAN-V35498U7OR,0,0,0
CAN-4LW4J5SLUT,0,0,0
CAN-MU4NKSC92R,0,0,0
CAN-DB5GKXNSQ6,0,0,0
CAN-FAO9BSCYVI,0,0,0
CAN-PYV5I2QIAF,0,0,0
CAN-XYU5S9JGEQ,0,0,0
CAN-PYFOM7YAGL,0,0,0
CAN-PC1D12OBB3,0,0,0
CAN-F8LGTB0TAT,0,0,0
CAN-98XPXJQ9TO,1,0,0
CAN-BQA0QBKTW1,0,0,0
CAN-KARQLHONG1,0,0,0
CAN-OQE8OT7BXB,0,0,0
CAN-907RG3GQZE,0,0,0
CAN-Q5YEIXZFSI,0,0,0
CAN-IN7ZUCO3DG,0,0,0
CAN-SL5PJBY35Q,0,0,0
CAN-3IW1Z1AUQB,0,0,0
CAN-HTRP0K43CB,0,0,0
CAN-BLYCX6KVEN,0,0,0
CAN-4S2AFB2CAX,0,0,0
CAN-FUQ1DTWBT0,0,0,0
CAN-MDPGNBXQU8,0,0,0
CAN-0VY3JFUKEN,0,0,0
CAN-8UKH4K3E3I,0,0,0
CAN-GE61791MG4,0,0,0
CAN-4DG6JXOVME,0,0,0
CAN-9E7AZMG9BQ,0,0,0
CAN-PDEJDWBEWJ,0,0,0
CAN-FY0ZMQPXYB,0,0,0
CAN-IUPB38FZO6,0,0,0
CAN-94B4YW9ZRS,0,0,0
CAN-IH5PZC8ODU,0,0,0
CAN-V893PIQ6NO,0,0,0
CAN-LMJ54SLK0Q,0,0,0
CAN-W284AS6U1Z,0,0,0
CAN-QVMZ12HJ3D,0,0,0
CAN-KWQRR7Z9OV,0,0,0
CAN-1PPDDJWQSB,0,0,0
CAN-FRPH34AB4Y,0,0,0
CAN-B5GZFYKRIO,0,0,0
CAN-GHGUVA2IV6,0,0,0
CAN-BR1LBD1IYW,1,0,0
CAN-BOZC3QCAOQ,0,0,0
CAN-01WBIVSAFX,0,0,0
CAN-ID87G4IDD7,0,0,0
CAN-5BQDD3SIED,0,0,0
CAN-6NBFZQP7VX,0,0,0
CAN-WFQVI5ILP2,0,0,0
CAN-7BMO1PTFD9,0,0,0
CAN-5Y27TX6LU7,1,0,0
CAN-6SIZTH8V1X,0,0,0
CAN-V1XML3BGH8,0,0,0
CAN-ADVEI3U8ZX,0,0,0
CAN-0CT06UIHTU,0,0,0
CAN-LCL9HF7B7K,0,0,0
CAN-3UEN5R9OUD,0,0,0
CAN-0ODRDWHL0E,0,0,0
CAN-F2LFFORA0M,0,0,0
CAN-8GEUMCFKI8,0,0,0
CAN-PBRR29HATJ,0,0,0
CAN-AW8GWCTN15,0,0,0
CAN-7TOAJR9ETG,0,0,0
CAN-2VQ4PC035C,0,0,0
CAN-LT91W3I4ND,0,0,0
CAN-XEE8H9679C,0,0,0
CAN-LUTC7Z7NJP,0,0,0
CAN-YU8RXAT9FV,0,0,0
CAN-C83RYWGZ4R,0,0,0
CAN-5ERUHETQUS,1,0,0
CAN-3ML7B00NJ8,0,0,0
CAN-I1Z23W6W6U,0,0,0
CAN-D3MFLV5911,0,0,0
CAN-1ZB8BH3HU0,0,0,0
CAN-BEV6OL02V0,0,0,0
CAN-7PTW0353YR,0,0,0
CAN-EFV7EGN0P9,0,0,0
CAN-NQP7T7T56O,0,0,0
CAN-QA0VJATZQN,0,0,0
CAN-UCP1FZUH20,0,0,0
CAN-8IF5PQDEJM,0,0,0
CAN-2VB5CD9ZHP,0,0,0
CAN-7M2622IRTL,0,0,0
CAN-5IB9W1QTZ3,0,0,0
CAN-A8AQ82TB3E,0,0,0
CAN-B1HX6EIFFL,0,0,0
CAN-GSLQG308N9,0,0,0
CAN-Y81IKUIDD8,0,0,0
CAN-CUMYPJ11CF,0,0,0
CAN-V9S6LB9IYA,0,0,0
CAN-FEYUQU3N93,0,0,0
CAN-I05EZ98G8S,0,0,0
CAN-OX48UZK41K,0,0,0
CAN-76IXWXMOI5,0,0,0
CAN-OH1KRJV6VM,0,0,0
CAN-JUJXSTXXPX,0,0,0
CAN-WRV28UU66H,0,0,0
CAN-LUUL4DIIN0,0,0,0
CAN-NUEOJ207MT,0,0,0
CAN-UP4S8F4IRW,0,0,0
CAN-ZIDWTKP5YB,0,0,0
CAN-IH9IR1AXZI,0,0,0
CAN-M5L7XQ4S0I,0,0,0
CAN-SP7A6S70C1,0,0,0
CAN-EKY7G4EU46,0,0,0
CAN-YQBIXVTORW,0,0,0
CAN-CHEJ8SN7LP,0,0,0
CAN-FLUD5EV2XE,0,0,0
CAN-2I2OQG3JQ5,0,0,0
CAN-46TSTFJR3D,0,0,0
CAN-KI8YBQWRHD,0,0,0
CAN-K2HLKDS77F,0,0,0
CAN-99BDBGE2BW,1,0,0
CAN-NET4MCE1UP,0,0,0
CAN-SL47M1MADH,0,0,0
CAN-FPHD650ZT0,1,0,0
CAN-BQ66XYH90G,0,0,1
CAN-TJHA7WPVR8,0,0,0
CAN-QEM0MI7T5X,0,0,0
CAN-N85NU82IJP,0,0,0
CAN-25Z7A5K0O4,0,0,0
CAN-YMOVPA1ED7,0,0,0
CAN-NRPYU14PAF,0,0,0
CAN-2JZJZZP3AB,0,0,0
CAN-FKLS5CUZ7D,0,0,0
CAN-YGRQ7V5944,0,0,0
CAN-HYHVLGP2QQ,0,0,0
CAN-KOFOQWL1S1,0,0,0
CAN-OVBR45Z28B,1,0,0
CAN-OBE3KCHPKY,0,0,0
CAN-F6I4UBI5HU,0,0,0
CAN-JV2RHXJ29V,0,0,0
CAN-AFCUISJ5OP,0,0,0
CAN-SFHQEMA9F0,0,0,0
CAN-4ZRZCXJDQU,0,0,0
CAN-GG7UGUC1MX,0,0,0
CAN-ZGS5CLZ2FW,0,0,0
CAN-II5XTSOPJO,0,0,0
CAN-0KEV9OAY82,0,0,0
CAN-YIM1G6USY4,0,0,0
CAN-2XJTZT7VLJ,0,0,0
CAN-NSH73J031R,0,0,0
CAN-MLI5UJLV4E,0,0,0
CAN-AM5ABVBF2V,0,0,0
CAN-JV9YLX8XV3,0,0,0
CAN-S84A8IWDBD,0,0,0
CAN-83N6T5BBMV,0,0,0
CAN-MPJ2TBF4M8,0,0,0
CAN-K49G5VH2IL,0,0,0
CAN-7QMLOKY0XH,0,0,0
CAN-ONR5AITJZH,0,0,0
CAN-1LG5PRPZQM,0,0,0
CAN-JBPTC8MDS1,0,0,0
CAN-OOWQBFUC6K,0,0,0
CAN-8L1SKEQ715,0,0,0
CAN-IV3YUYN86K,0,0,0
CAN-MTHXGHS1BR,0,0,0
CAN-DHSNC7SHK7,0,0,0
CAN-CRIBPDMSIF,0,0,0
CAN-T5WWVMIB2P,0,0,0
CAN-672KYIW2ME,0,0,0
CAN-TXXR6KUQVH,0,0,1
CAN-3AZTT5O6MJ,0,0,0
CAN-JVGTTFJJ3K,0,0,0
CAN-XMBBB6J3MP,0,0,0
CAN-XZPOP932B4,0,0,0
CAN-OVLPI65QBX,0,0,0
CAN-A9AEDAWKIX,0,0,0
CAN-RWVLQ6JSLV,0,0,0
CAN-5IAHJKOGCO,0,0,0
CAN-6TKZPM6KJ6,0,0,0
CAN-1PTCG075Q6,0,0,0
CAN-V38ZXZD1R0,0,0,0
CAN-QBZJP7CX0L,0,0,0
CAN-RJX83WQ8PD,0,0,0
CAN-2H9RNDA21N,0,0,0
CAN-FZCK383DW5,0,0,0
CAN-FVLZWRSB7C,0,0,0
CAN-LEUEJ08DOR,0,0,0
CAN-YRZEGAKE74,0,0,0
CAN-PVC5KEESXU,0,0,0
CAN-Q77IIX6DNU,0,0,0
CAN-X91KDDMBZ7,0,0,0
CAN-0PM9H569Z9,0,0,0
CAN-O4Q18XCEVD,0,0,0
CAN-UFANWF25BM,0,0,0
CAN-EQC8OPCR9F,0,0,0
CAN-3E58Z2YPLD,0,0,0
CAN-HKYQQGMV73,0,0,0
CAN-398UNBPMWV,0,0,0
CAN-N246DONVPX,0,0,0
CAN-A0CISDUV3Z,0,0,0
CAN-8R8YQYD52O,0,0,0
CAN-DWMRH9GUH1,0,0,0
CAN-FMGFGOAV3G,0,0,0
CAN-ZAHFOY8PR2,0,0,0
CAN-ZRTGG1JJ1U,0,0,0
CAN-9PGUK11TNV,0,0,0
CAN-D0A5SDWYO9,0,0,0
CAN-LAAZKJS0G8,0,0,0
CAN-4KD627DTTU,0,0,0
CAN-S7U3Q5K51Q,0,0,0
CAN-2KBH93QAU9,0,0,0
CAN-XV4Q5M4TS2,0,0,0
CAN-HA4CLFLERR,0,0,0
CAN-9UF00BV0SU,0,0,0
CAN-XD28GWN10O,0,0,0
CAN-NIX3RG2390,0,0,0
CAN-5BNE64GPL0,0,0,0
CAN-X439P9W92L,0,0,0
CAN-R1AYC3GC8X,0,0,0
CAN-NRE13DO0QK,0,0,0
CAN-YQ9B1T44SL,0,0,1
CAN-3EI6F86KWC,0,0,0
CAN-WJR1C7X3Z3,0,0,0
CAN-J8KSU6Q58S,0,0,0
CAN-1B01W4DLBR,0,0,0
CAN-MKF3YF01TG,0,0,0
CAN-BXZQ3D6TSK,0,0,0
CAN-6FKVU8SUH5,1,0,0
CAN-5F2G63X3NM,0,0,0
CAN-IC6ITMKYDJ,0,0,0
CAN-N9I4V4NEQF,0,0,0
CAN-4NR049X6I7,0,0,0
CAN-P049Y8KP5Z,0,0,0
CAN-14415SZF40,0,0,0
CAN-6H4R8XQT8V,0,0,0
CAN-6U738Q1GJP,0,0,0
CAN-URKPLZ5I1K,0,0,0
CAN-QHCOTPKXVQ,0,0,0
CAN-NXGQJPMN1X,0,0,0
CAN-GDMYWEL8PF,0,0,0
CAN-4LXOYAAA7M,0,0,0
CAN-74M7TKVBWW,0,0,0
CAN-V8DWK8OWOR,0,0,0
CAN-2J4RUM39VJ,0,0,0
CAN-MAS1HUGFST,0,0,0
CAN-6JZ28KCMMJ,0,0,0
CAN-1O03BSPDC7,0,0,0
CAN-KTONCTKQSK,0,0,0
CAN-464D42UUJY,0,0,0
CAN-9SKYY4QMLO,0,0,0
CAN-LPRRGXF428,0,0,0
CAN-YZXIS3SPRB,0,0,0
CAN-Q4AJOSENJE,0,0,0
CAN-N54P71YQF1,0,0,0
CAN-7CXE5P85Z2,0,0,0
CAN-7OU0VPVKUB,1,0,0
CAN-9QFCVJJ3K6,0,0,0
CAN-APTZOQL7K0,0,0,0
CAN-FYA8QEUS84,0,0,0
CAN-49CVLDHS8L,0,0,0
CAN-HREDXBMUVM,0,0,0
CAN-FFAAL5R4ZC,0,0,0
CAN-B0FYO3ENSX,0,0,0
CAN-N1Z53XOVJ5,0,0,0
CAN-LXP6XG31J7,0,0,0
CAN-EMVSY437XL,0,0,0
CAN-1D81RWZQ08,0,0,0
CAN-6KC42CV8A8,0,0,0
CAN-WQAPRF1QXP,0,0,0
CAN-7LJ2M5MWFZ,0,0,0
CAN-4D00CF6EPS,0,0,0
CAN-5V92HW0YO3,0,0,0
CAN-ZTT7KNCCLT,0,0,0
CAN-UT0X0T5GCG,0,0,0
CAN-706I85SIG4,0,0,0
CAN-499GVS2E1T,0,0,0
CAN-9ZWDQLROGS,0,0,0
CAN-TPLA4CORQE,0,0,0
CAN-EDHOVCDFG1,0,0,0
CAN-AO5GA0LWM4,0,0,0
CAN-1MXOER5345,0,0,0
CAN-LVYG2G45BL,0,0,0
CAN-JKR4HWV619,0,0,0
CAN-1PCZRRORGK,0,0,0
CAN-QSJCJ6KAJE,0,0,0
CAN-CXKEYL48RC,0,0,0
CAN-0I1Q8PFM34,0,0,0
CAN-VVL29RT8BD,0,0,0
CAN-AMTDYZI3HZ,0,0,0
CAN-OV1G9PCWBT,0,0,0
CAN-U2C049VHK5,0,0,0
CAN-YI4X4L85KU,0,0,0
CAN-3ACS9ZUGAO,0,0,0
CAN-ZUP3ULJWQN,0,0,0
CAN-AEU256AXD9,0,0,0
CAN-YENARBNKOP,0,0,0
CAN-TBR7VXCXJQ,0,0,0
CAN-5GVAH8DKCQ,0,0,0
CAN-406U4IKDB5,0,0,0
CAN-A2BY8G91B7,0,0,0
CAN-KOLHG1ZJ8T,0,0,0
CAN-Z9N8S3FCJD,0,0,0
CAN-MN1Z9OKZS8,0,0,0
CAN-AXKN7U87M8,0,0,0
CAN-9QKDWOH19V,0,0,0
CAN-NHJ0NVRTSF,0,0,0
CAN-PIB20XIU92,0,0,0
CAN-BM9MG23QDR,1,0,0
CAN-NMU0XIMRRV,0,0,0
CAN-D1LE4PGLVR,1,1,1
CAN-D1JHDUGLOT,0,0,0
CAN-7XOWDC16P8,0,0,0
CAN-QEJBUO2BKT,0,0,0
CAN-PHK0FEQFVM,0,0,0
CAN-VO88CCSMUK,0,0,0
CAN-MHMEZRES10,0,0,0
CAN-DF3BJD4NV8,0,0,0
CAN-4482P65PBG,0,0,0
CAN-9TQGWQM1VP,0,0,0
CAN-GZPJMLRT6V,1,0,0
CAN-9AXKSJUR1T,0,0,0
CAN-HC28AFKT7T,0,0,0
CAN-AUW0UY2XL1,0,0,0
CAN-98I5AT4QIF,1,1,1
CAN-TCHKUFS8QG,0,0,0
CAN-9CLBU4K6QV,0,0,0
CAN-4N47VE3O6X,0,0,0
CAN-LZ95TD4R17,0,0,0
CAN-7E0QK4A3MI,1,1,1
CAN-QYV0HN776X,0,0,0
CAN-CAT4Y47LVY,0,0,0
CAN-KZRPZ8Y4WR,0,0,0
CAN-KGIL18G5X6,0,0,0
CAN-L9MDVOQJXL,0,0,0
CAN-W7VYPCCFI7,0,0,0
CAN-PMQ2R9B6HJ,0,0,0
CAN-8UQCQX3WZD,0,0,0
CAN-QRWD6KB0K5,1,1,0
CAN-RWGNRZY44I,0,0,0
CAN-9RCDAANL2R,0,0,0
CAN-8ABXAD2XLX,0,0,1
CAN-BJ8BSEP997,1,0,0
CAN-M65WQNUH1C,0,0,0
CAN-OBXOISI4XH,0,0,0
CAN-EHR0Y8AUYE,0,0,0
CAN-4WM13BFOCI,0,0,0
CAN-V1D4IJXKEP,0,0,0
CAN-WO2ZYZ1SRI,0,0,0
CAN-D6HNOBYLHH,0,0,0
CAN-3K4WRFR2SJ,0,0,0
CAN-950G1340VO,0,0,0
CAN-0IPKKFRP84,1,0,0
CAN-IDP2E7FJRK,0,0,0
CAN-TX4V5V7V1B,0,0,0
CAN-HG6Y5G1DIB,0,0,0
CAN-VL18L423X7,0,0,0
CAN-CEECNK9KI7,0,0,0
CAN-FOCDW3FOOP,0,0,0
CAN-OLGGAQ8CTD,0,0,0
CAN-LS5963ZRPX,0,0,0
CAN-LUCB2BKV58,0,0,0
CAN-A75GWZZ54H,0,0,0
CAN-9E8RFFGP6W,0,0,0
CAN-G35EFDOYS5,0,0,0
CAN-ZII3QKSCVM,0,0,0
CAN-11IZSEDLEF,0,0,0
CAN-JT1SB38WV9,0,0,0
CAN-G5OMRSP3LT,0,0,0
CAN-CCISYJU19J,0,0,0
CAN-WMQ82N75NO,0,0,0
CAN-17OPU1A2IG,0,0,0
CAN-LCXPZKSRYV,0,0,0
CAN-2XS9EZAKR5,0,0,0
CAN-1DF0NROYGZ,0,0,0
CAN-W7F5AI2SMA,0,0,0
CAN-ZVU9M58IQR,0,0,0
CAN-OQ34DZXPQ6,0,0,0
CAN-3RBX7ZYF1H,0,0,0
CAN-0A8LKMABRT,0,0,0
CAN-689443FETD,0,0,0
CAN-OIQ53W66OQ,0,0,0
CAN-8962EOMQSF,0,0,0
CAN-K6XOIMBS06,0,0,0
CAN-84TB715IQ5,0,0,0
CAN-W06HCUEJ83,0,0,0
CAN-H36KKVHY4D,0,0,0
CAN-4VFJPCS9IB,0,0,0
CAN-ODN86AUP6L,0,0,0
CAN-IETMK1O2LE,0,0,0
CAN-YUUHAFK7TU,0,0,0
CAN-TS8HSEB52I,0,0,0
CAN-CBNWEPCW3B,0,0,0
CAN-9ZR52RTEIB,0,0,0
CAN-7PSDLECI0L,0,0,0
CAN-SOMCV5UNSH,0,0,0
CAN-J7ZHEGMB57,0,0,0
CAN-FGWVDW98EG,0,0,0
CAN-G8Q3COWK5Y,0,0,0
CAN-R7MQFHB2V6,0,0,0
CAN-1G8IXXTJK7,0,0,0
CAN-9HZ789RL3G,0,0,0
CAN-AHTI0EJ13D,0,0,0
CAN-DQC11XB1E7,0,0,0
CAN-4TOM5XK9MO,0,0,0
CAN-IL9HQK9XRU,0,0,0
CAN-VRAPYC5M20,0,0,0
CAN-J8WIJF1S7F,0,0,0
CAN-ME5NUTVYA6,0,0,0
CAN-8BV4VUSKW7,0,0,0
CAN-NARVEN3MJH,0,0,0
CAN-L3SXXC0B9H,0,0,1
CAN-PV73MW2G5L,0,0,0
CAN-7VO4BFNRW3,0,0,0
CAN-N2X96S40R7,0,0,0
CAN-B146GID8U4,0,0,0
CAN-VLEWUQAI6D,0,0,0
CAN-UZP1ZVRX57,0,0,0
CAN-0NR5YQ1AEB,0,0,0
CAN-KDC4N7V13P,0,0,0
CAN-8R18AUGHQD,0,0,0
CAN-HNUO1DBT1L,0,0,0
CAN-AC4EP128F9,0,0,0
CAN-4JPG6206PO,0,0,0
CAN-IYHN202NU0,0,0,0
CAN-0G828H67W0,0,0,0
CAN-MKHRKI58EY,0,0,0
CAN-5UWJULLKSF,0,0,0
CAN-STAVD6VAOK,0,0,0
CAN-T4RLTAM0HO,1,1,0
CAN-D2OUJEBS8S,0,0,0
CAN-NUV0DTD3GI,0,0,0
CAN-G419AW8JJR,0,0,0
CAN-5VM75XA64N,0,0,0
CAN-789TPYFLGP,0,0,0
CAN-7YUNWO66EZ,0,0,0
CAN-FXEI3MQAXQ,0,0,0
CAN-6NQDWVNT8N,0,0,0
CAN-5ZNQX7J8NU,0,0,0
CAN-36Y2JN28OS,0,0,0
CAN-BAI3FJFR3Q,0,0,0
CAN-FK966VXSOZ,0,0,0
CAN-YH9MK78AWH,0,0,0
CAN-MN1II9Y5XV,0,0,0
CAN-121OJXMUBX,0,0,0
CAN-UBP1TJTA39,0,0,0
CAN-EWN1MQ90OA,0,0,0
CAN-HR9SZ85H7R,0,0,0
CAN-YRBPCDASIX,0,0,0
CAN-IB1S1Q7GFW,0,0,0
CAN-8FRCE57R7X,0,0,0
CAN-8K6P7PAAQU,0,0,0
CAN-O7O90E21DR,0,0,0
CAN-US9P8YB5J3,0,0,0
CAN-GONUQXD6ZM,0,0,0
CAN-QJYRSTF1IK,0,0,0
CAN-9EB710SZON,0,0,0
CAN-C18OHFJNPJ,1,1,1
CAN-JHRJNHTLA9,0,0,0
CAN-954NX7N7DT,0,0,0
CAN-1MIHHSRS9T,0,0,0
CAN-S8O0WNC71E,0,0,0
CAN-P5GVEIGADJ,0,0,0
CAN-4ERV3ODEEF,0,0,0
CAN-TPFCI8SJB5,0,0,0
CAN-ARZYFU9I73,0,0,0
CAN-YZCNT0MP6E,0,0,0
CAN-LNTYJNMT13,0,0,0
CAN-VR705HQYEF,0,0,0
CAN-3DERSPBDA3,0,0,0
CAN-OG5EXJKSX5,0,0,0
CAN-41WARHBKZC,0,0,0
CAN-4R5IIA7H0K,0,0,0
CAN-7NXZK0KED6,0,0,0
CAN-YGV2F234AT,0,0,0
CAN-9WUTIHKLA1,0,0,0
CAN-2MPIJSE7PT,0,0,0
CAN-SVRWE30BPC,0,0,0
CAN-UKRVJAR6X3,0,0,0
CAN-GZ0JOILFPS,0,0,0
CAN-36S4MFSWLZ,0,0,0
CAN-UO7U3URT3D,0,0,0
CAN-145UE9UWXG,0,0,0
CAN-PVTW9DMPZD,0,0,0
CAN-J968LY5IW7,0,0,0
CAN-2BSMIFAOJI,0,0,0
CAN-K4Z0BSU2DB,0,0,0
CAN-TEVEN02STE,0,0,0
CAN-4I9M2DHWV9,0,0,0
CAN-XMCDQBUBZU,0,0,0
CAN-IT609QN1JJ,1,1,0
CAN-0USI2EATJK,0,0,0
CAN-HC5RU03981,0,0,0
CAN-YC2GMOHCS1,1,1,0
CAN-6ULFMKJ73X,0,0,0
CAN-7SDKGILB55,0,0,0
CAN-XUPAU1OA4C,0,0,0
CAN-MXBRZSPRGG,0,0,0
CAN-94XP2H3SCY,0,0,0
CAN-8A0CZGGMSK,0,0,0
CAN-EDOABE70KL,0,0,0
CAN-U6OMLLT84G,0,0,0
CAN-6JKIW7A9WC,0,0,0
CAN-0FRMDI13S2,0,0,0
CAN-Z9YI72GQXR,0,0,0
CAN-6K0PMI53BJ,0,0,0
CAN-OE95G7A754,1,0,0
CAN-JOBPFQ6GTT,0,0,0
CAN-BSWKXATMDX,0,0,0
CAN-6HUHGSUROF,0,0,0
CAN-Y2VAL65W3D,0,0,1
CAN-3K5R9HH5UV,0,0,0
CAN-X0B364BBWK,0,0,0
CAN-SZ450MLH1S,0,0,0
CAN-92VWBCOOON,0,0,0
CAN-Y8AGL94LN4,0,0,0
CAN-3880HNVXS4,0,0,0
CAN-L2IZELPZA7,0,0,0
CAN-P3SKY53QHZ,0,0,0
CAN-T1Q0KVFWYN,0,0,0
CAN-AU2519S1ER,0,0,0
CAN-ID5BBC08V9,0,0,0
CAN-3S6B99FIIO,0,0,0
CAN-RQD8UZ27UA,0,0,0
CAN-6GICHK814E,0,0,0
CAN-JZIG5KNE63,0,0,0
CAN-4NL7SGRD16,0,0,0
CAN-LS3V918WBH,0,0,0
CAN-96KVJVM4OQ,0,0,0
CAN-PKZLAW4Y16,0,0,0
CAN-2ZEV9S20O9,0,0,0
CAN-PPJA38U2RZ,0,0,0
CAN-5DNAF4ZHP9,0,0,0
CAN-RGNBTM88YG,0,0,0
CAN-6GIXMZYYHQ,0,0,0
CAN-FPF18Q2F2S,0,0,0
CAN-EUN1RKQWYL,0,0,0
CAN-UPHCAMLTVW,0,0,0
CAN-LNUZFOJ0IW,0,0,0
CAN-ECVB64F7LW,0,0,0
CAN-J75V90GRWP,0,0,0
CAN-MQ4F14UBIJ,0,0,0
CAN-4ETK2TA989,0,0,0
CAN-YTTUSPC5X8,0,0,0
CAN-I2MS2V39RY,0,0,0
