candidate_record_id,t0__address_history,t0__external_context_signals,t0__license_id_events,t0__vehicle_title_events,t0__work_location_signals,t1__evidence_update_stream
CAN-Z1CEVWXUT0,3,3,3,3,2,0
CAN-SIB7ACY70G,3,2,3,3,2,2
CAN-PQXQQ41OZ5,3,2,3,3,2,1
CAN-QCF4GZN8TD,3,3,3,3,2,1
CAN-TP15Z7VRP7,2,3,3,3,2,2
CAN-IM8E9J8Y7H,2,3,3,3,2,2
CAN-IKOH5MXPHE,4,3,3,4,2,2
CAN-NPLI344G66,1,3,3,3,2,2
CAN-ZOT5VL4MCH,3,4,3,4,3,2
CAN-4OF8Y9P3W7,2,2,3,3,2,2
CAN-Z9GFHZRGVT,3,3,3,2,2,2
CAN-VEM9FLAUD4,2,3,3,3,2,2
CAN-7S5O3NF7VE,3,2,3,3,1,2
CAN-TF8EEP4TNZ,3,3,3,3,2,0
CAN-58WQJ4U3GW,2,3,3,3,2,1
CAN-AMJ562SVCQ,2,3,3,3,2,1
CAN-RODZDIBM5J,3,2,3,3,2,2
CAN-AX19D3S77C,3,2,3,4,2,2
CAN-4KGSUV4HFA,3,3,3,2,2,1
CAN-BTSSA3BW02,3,3,3,2,2,1
CAN-O523BGV6IR,2,3,3,3,2,1
CAN-NT7RNCYJL3,3,3,3,3,2,0
CAN-YZYTAO4MG4,3,5,2,3,2,1
CAN-2Z7D2FBM05,3,3,3,3,2,1
CAN-S177BFJOH6,2,3,3,3,2,1
CAN-6TS8MFZNG7,2,3,3,2,2,2
CAN-J3IXYWVLX8,2,3,2,2,2,2
CAN-VMUFIBZQYL,3,3,3,3,1,2
CAN-34OU3CD4LO,3,2,3,3,2,2
CAN-39WXVWGNAS,3,3,3,1,2,1
CAN-K3GD1R3ANL,3,3,3,3,2,2
CAN-P3X1HRNZ0X,2,3,3,3,2,1
CAN-I041L39VMI,2,3,3,2,2,2
CAN-Z7V3713XL1,2,2,3,3,2,2
CAN-03B5WWQ0NT,2,2,3,3,2,1
CAN-Y6C6DTXZ5C,3,2,3,3,1,1
CAN-O3J1RKC9U9,3,2,3,3,2,2
CAN-MF20NJLL6U,3,3,3,3,2,1
CAN-39PQSDB3AY,3,3,3,2,2,2
CAN-DKDW3YA09O,3,2,3,3,2,2
CAN-68262CC3UB,2,2,3,3,2,0
CAN-2M5IXJ7KVX,2,3,3,3,1,1
CAN-53A3L81YS3,3,3,3,2,2,1
CAN-DDCE810DNO,3,3,3,3,2,2
CAN-9ZBAACKT5G,3,1,3,3,2,1
CAN-PY1ABCR9PI,1,2,3,2,2,1
CAN-C2K0J7T6EI,3,2,3,3,1,1
CAN-4IF0CSKHW3,2,1,3,3,2,1
CAN-W54K6RF6BF,3,3,3,3,1,1
CAN-51BRUH7TPO,3,3,3,3,2,1
CAN-EUJ0RZ9M2G,3,2,3,3,1,2
CAN-OH8DYHHVII,3,2,3,3,2,1
CAN-W371W1IRIZ,2,3,3,3,2,1
CAN-WXWQ2B8FBC,3,3,3,3,2,2
CAN-RV83KBIIKN,2,3,3,3,2,1
CAN-9VHPPBI046,2,2,3,3,2,1
CAN-IKPHHGPHH7,3,3,3,1,2,2
CAN-L6EJWJAITB,3,3,3,3,2,1
CAN-A5IDDPXXBN,3,2,3,2,2,2
CAN-OKLWI031HO,3,3,3,3,2,0
CAN-ZSBIH6WYTH,3,3,3,3,2,1
CAN-LJ5V2FYXLM,3,3,3,2,2,1
CAN-VRLP6FJR5E,3,3,3,3,2,1
CAN-D5LJOJM6RO,3,3,3,3,2,2
CAN-3CL1045CGX,2,3,3,2,2,2
CAN-R0TKOFOSVU,3,3,4,4,3,1
CAN-V95EHLZUHQ,3,3,3,3,2,0
CAN-JUR9CRBOBB,3,2,3,3,2,2
CAN-VLWN74ODYS,2,3,3,3,2,1
CAN-3X6FPE9Q6I,3,3,3,3,1,1
CAN-337GK316E5,3,3,3,3,2,2
CAN-76ADVG9NVE,1,3,3,3,2,1
CAN-NTAINPIZ0A,3,4,3,3,2,2
CAN-IW6JXZW0WC,2,3,3,2,2,1
CAN-HHCL4OHBWI,3,3,3,2,2,1
CAN-070IVOS11T,3,3,2,3,2,1
CAN-92WQFWID3C,1,2,3,3,2,2
CAN-OUUU51REC4,3,3,3,3,2,1
CAN-54YPSJ2HOY,3,3,3,3,2,2
CAN-6GYH2VM17T,3,3,3,3,2,2
CAN-I1I5ZEBNOS,3,3,3,3,2,2
CAN-VGA5ERF323,3,3,3,2,1,1
CAN-1ILR4V7QSU,3,3,3,2,2,1
CAN-UAT456IPE8,3,3,2,2,2,2
CAN-JPQG1LX2MI,3,3,3,3,3,1
CAN-WIW90UQ920,2,3,3,3,2,0
CAN-E3C8YWWQ7Y,2,3,3,2,1,0
CAN-3KH9A6IWRD,3,3,1,2,1,1
CAN-3EBVNYT2KD,4,3,3,3,2,2
CAN-1EJVSHCWNY,3,3,3,2,2,2
CAN-V2R3ZOQEJ1,2,4,3,2,1,0
CAN-WOQVTRSPZN,3,3,3,3,2,0
CAN-MDWNE723VW,3,2,3,2,2,1
CAN-DOPNRIG3J7,3,3,3,3,1,1
CAN-6QAYDH0ADT,2,2,3,3,2,2
CAN-4IPKUJXM5L,3,3,3,3,2,2
CAN-XFPTBZAKD4,3,3,3,2,1,2
CAN-FR0BWWT3A8,3,2,3,3,2,2
CAN-G0L4UBD0A7,5,6,7,4,2,2
CAN-JCK74X4W0W,3,2,3,1,2,1
CAN-HDSDDNZC20,3,3,3,3,2,1
CAN-TVWR08PFRB,3,3,3,3,2,1
CAN-1AASQGX2CY,3,3,3,2,2,1
CAN-QN7D4RMLGM,4,4,3,4,2,4
CAN-908V6WHWCS,3,3,3,3,1,0
CAN-LN7251FHUX,2,3,3,3,2,0
CAN-3NG91MHXO7,3,3,3,2,1,2
CAN-Z10NEOQ4MK,5,5,4,4,2,2
CAN-4TE7NMPPJE,3,3,3,3,1,1
CAN-BC7LWI7DC0,3,3,3,3,2,2
CAN-7LDHGE6GQ9,3,3,3,3,2,0
CAN-ZL6567MUKS,3,3,3,3,1,1
CAN-5AP4PCTW20,3,3,3,3,2,2
CAN-0LVRQM5VTY,3,3,3,3,1,2
CAN-2RUM709LFI,3,3,3,3,2,1
CAN-F953MK2ZGB,3,2,4,3,2,0
CAN-2UGC3PJWW5,3,3,3,3,2,2
CAN-T2MXQ0S8A2,2,3,3,3,1,2
CAN-T24W1R3U06,2,3,3,2,2,2
CAN-AUAYH7RVG1,3,3,3,3,2,1
CAN-Z8MAV3XV6H,2,3,3,3,1,1
CAN-EXFZPJ9GFU,2,3,3,1,2,1
CAN-7KCFS10PN4,3,3,3,3,2,2
CAN-2ZBXTGTFXO,0,1,3,0,0,0
CAN-A272JRB7SZ,3,3,3,3,2,1
CAN-FUNIRZSNWI,3,3,3,3,2,2
CAN-NBHBPULX8I,3,1,3,3,1,2
CAN-OOYNDOAL1O,2,3,3,2,2,2
CAN-07NH0GGO91,3,3,3,3,2,1
CAN-Y7C3SKI1TJ,2,3,3,3,2,0
CAN-1N0TT133VC,2,2,3,2,1,0
CAN-TF8F7HXS8H,3,3,3,3,2,0
CAN-NLM2FQOWDX,2,2,3,3,2,1
CAN-71NZ4LLTW0,3,3,3,3,2,2
CAN-0ELVPE0E8Z,3,3,3,3,2,1
CAN-I3PXA23LZ0,3,3,3,3,2,1
CAN-VR0B81LPAT,1,3,2,2,1,2
CAN-1JVUE0ZDL6,3,2,3,3,1,1
CAN-RV93OF6JXL,2,3,3,3,2,2
CAN-T6ZUORBXEU,3,4,3,3,2,2
CAN-U36WPUW3RA,3,3,3,3,2,2
CAN-J3GS6236AW,3,3,3,3,1,0
CAN-6RRN2MTNG4,3,3,2,3,2,1
CAN-Z0CGKQO04W,3,2,3,2,2,1
CAN-3YZWCSOHI9,2,2,3,2,2,1
CAN-LT86W69K2H,3,3,3,3,2,2
CAN-46MO9NSNRF,3,3,3,3,1,2
CAN-YRP1M0OW0R,3,3,3,3,2,2
CAN-18Q1KNHG43,2,3,3,3,2,1
CAN-EG8RAQ3DCT,2,2,3,3,1,1
CAN-JDEJWQ7CVV,3,3,3,3,1,1
CAN-QBCN8GCKZY,3,2,3,3,2,2
CAN-LWMJSXHIC7,6,4,4,4,3,3
CAN-JDCQU5WA5S,3,2,3,3,2,2
CAN-Q7HNG2GSBG,2,3,3,3,2,2
CAN-6NARL779MS,3,3,3,3,2,1
CAN-I6A6TLNAEK,3,2,3,3,1,1
CAN-FMUDUDCCQ1,5,3,4,2,2,1
CAN-6PXEHF8U9A,3,2,3,2,2,1
CAN-77C3LN7F3W,3,3,3,3,2,1
CAN-R2GQ9QC70X,2,1,3,2,1,2
CAN-JFXPNATKCB,3,3,3,3,2,0
CAN-XQ03J0NVRE,3,3,3,3,2,2
CAN-D6N1PRVZX4,3,3,3,3,2,1
CAN-XEBO74HVI2,3,3,3,2,1,2
CAN-NM1ZI3SR0Z,3,2,3,3,2,2
CAN-9MZNFXW1XL,2,2,3,2,2,1
CAN-B08WKL6OXJ,3,3,3,3,2,2
CAN-UU6X53E692,2,3,3,3,1,0
CAN-9JDS02RP60,3,3,4,3,2,2
CAN-2G1JFT6ZTJ,3,2,3,3,2,1
CAN-L0SP7JMIHO,2,2,3,3,2,2
CAN-LLTSKFVXT5,3,2,3,2,1,2
CAN-BI6UPTQNW3,3,2,3,3,2,0
CAN-TELUJ788TA,3,1,3,3,2,1
CAN-MF3YOTPYUG,3,3,3,3,2,0
CAN-U335I66X1L,2,3,3,2,2,1
CAN-EE22T85Z00,3,3,3,3,2,2
CAN-1EDIVO89WQ,3,3,3,3,2,2
CAN-7US9OUHJZZ,3,1,3,3,2,1
CAN-XP0H4OGY4R,2,3,3,3,2,2
CAN-R2K9KWW4IR,2,3,3,3,2,2
CAN-73I5UOYJ8S,3,2,3,2,1,2
CAN-U1Z8R52VZL,3,3,3,3,2,2
CAN-XG27DZO3KB,2,3,3,3,2,2
CAN-P1PYL25ZL9,3,3,3,3,2,2
CAN-1ECQAGI5JP,3,2,3,3,2,2
CAN-N4BSTUTXRQ,2,3,3,3,2,1
CAN-F7ABXDAHZE,3,3,3,3,2,1
CAN-D40KMUYRCC,3,3,3,3,1,0
CAN-84VS7OTHWK,3,3,3,3,2,2
CAN-WM9XMB3PWK,3,2,3,3,2,2
CAN-LGTT4L633J,3,2,3,3,2,1
CAN-2B1096MPJS,3,3,2,2,2,1
CAN-046H2OTGZ2,3,3,3,3,2,1
CAN-MEIBJK60VH,3,3,3,3,3,2
CAN-O4D2DLAWKI,3,2,3,2,2,1
CAN-IL8QQWT5OK,3,3,3,3,2,2
CAN-NEJAGGG787,4,4,5,4,2,2
CAN-GVYIKMFI01,3,3,3,1,3,2
CAN-E8WREAT26H,3,2,3,3,2,1
CAN-UK90NK9MK6,2,2,3,3,1,1
CAN-N475PRCCVF,3,3,3,3,2,2
CAN-T5ACUEME65,3,3,2,2,2,0
CAN-QHZI2LU513,6,5,3,5,2,1
CAN-FPLA3VZS48,3,3,3,3,1,1
CAN-GXJ24HCJNA,2,3,3,3,1,1
CAN-ZT2IKHIVWC,3,3,3,2,2,2
CAN-MUPLMDT834,3,3,3,3,2,1
CAN-OW71KH6RQ7,3,3,3,3,2,1
CAN-G36TJAL2Q4,3,3,3,3,2,1
CAN-B5EQTB2LC6,2,2,3,2,2,0
CAN-O0L31WSOXI,3,3,3,3,2,0
CAN-CJG1ESE5OV,3,3,3,3,1,1
CAN-15LMACETZC,2,3,3,3,2,1
CAN-OQJMDWVDR6,3,3,3,3,2,2
CAN-5SULZ3EPLX,3,3,3,3,2,1
CAN-B71NIJK0PO,3,2,3,3,1,1
CAN-3RND4T0X14,3,2,3,3,2,2
CAN-Z3AKT906IV,3,3,4,3,2,1
CAN-D7OFE7904M,3,3,3,3,1,1
CAN-TH7FSXK3PY,3,3,3,3,2,2
CAN-YQ838YTNHA,3,3,3,3,2,1
CAN-2Z0DNB6RWM,3,2,3,2,2,1
CAN-U2DOG5J182,2,3,3,3,2,1
CAN-2RO39SR77J,3,2,3,2,1,2
CAN-238AB5ILJG,3,3,3,3,2,1
CAN-VZ650TYCSE,3,4,3,3,2,1
CAN-M8GSUMHUBV,3,2,3,2,2,1
CAN-ZXU3GWSYOV,3,3,3,3,2,1
CAN-ODJE98CJ4M,3,3,4,3,2,1
CAN-BA7BKK47E5,3,3,3,3,2,2
CAN-VPVPZMJCKO,3,3,3,2,2,2
CAN-B93C5LMJ1D,3,1,3,3,2,1
CAN-SXZMFLL39T,3,2,3,3,2,2
CAN-A9BVZ5VI2P,1,2,3,3,2,2
CAN-PME4SMBLB0,3,3,3,3,2,2
CAN-FHDP42GS8Z,3,3,3,2,2,2
CAN-RS43Q0NBOV,2,3,3,3,1,2
CAN-Q1Z2W4ETWX,3,2,3,0,1,2
CAN-JKVNCFXC88,3,2,3,3,2,2
CAN-TILN0CJCT7,3,3,3,3,2,2
CAN-ADAXVSSUQF,3,3,3,3,2,0
CAN-MJU9VHX1LM,3,4,3,3,2,1
CAN-EGXGIG4YH3,3,3,3,3,1,2
CAN-KD1SWPBEUL,2,2,3,3,1,1
CAN-V8EZMZD6H1,3,3,3,3,2,1
CAN-9HENFFRV46,2,2,3,2,2,2
CAN-E9ONKPD15H,2,3,3,2,2,1
CAN-M7BPIOIH96,2,3,2,3,0,2
CAN-6Y11Q8U4ES,0,0,3,0,0,0
CAN-O9AGCHKFCR,3,3,3,3,2,1
CAN-VRYEWNRGLR,3,3,3,3,2,2
CAN-Q46VSR3OE1,2,3,3,3,2,1
CAN-WYAA29SJU3,3,3,3,3,2,2
CAN-UJ2IJ4UB9A,3,3,3,1,2,0
CAN-FVNWVK9CAW,3,3,3,2,2,2
CAN-QKAQ046RJ3,3,2,3,3,2,0
CAN-1I4VBWBOUB,3,3,3,3,2,2
CAN-X04I0MT32Q,2,2,3,2,1,0
CAN-R4F5MPCFRW,3,3,3,3,2,1
CAN-PP905GVOL3,3,3,3,2,2,1
CAN-6TCJ68NE5F,3,5,3,3,7,2
CAN-FVCOOEFE96,3,3,3,3,2,2
CAN-QK37TROH55,2,2,3,3,1,1
CAN-PK8S4T200Z,3,2,3,3,2,2
CAN-DWRQLJKRQE,3,3,3,3,2,1
CAN-1NJUOH6PAE,3,3,3,3,2,0
CAN-BENX1VQFJF,2,3,3,3,1,1
CAN-LOM6XIWEA8,3,3,3,3,2,2
CAN-NVAM1XKZYL,3,3,3,1,2,1
CAN-A2939UCI7E,3,2,3,3,2,0
CAN-O9HDMRT9CJ,3,3,3,3,2,1
CAN-74P8UWOUTX,3,3,3,3,2,2
CAN-XZ04SFYWJK,3,3,2,3,1,1
CAN-F6JMQ1V0RP,3,2,3,3,2,0
CAN-S1PMITD76I,4,4,3,4,2,3
CAN-SDCTUKCV9S,2,3,3,3,2,1
CAN-LV5Z3IMMF4,2,2,3,2,1,1
CAN-JP0A0U961M,5,4,8,5,4,3
CAN-Y2M1G8VXH3,3,3,3,3,2,2
CAN-3OXMP61K0O,4,3,3,3,2,1
CAN-ESGY1IJI90,3,3,3,2,2,2
CAN-CQL85QKN14,3,3,3,2,2,0
CAN-VW94BYFHRS,3,3,3,2,2,1
CAN-951YRIQW3Y,3,2,3,2,2,2
CAN-1MKCNQM8CT,3,2,3,3,2,2
CAN-42W13LFLZQ,3,3,3,3,2,1
CAN-79FVQOOKBW,3,3,4,4,2,3
CAN-4CBHWQ1F1L,3,3,3,2,0,2
CAN-U0IB690PWT,3,3,3,3,2,2
CAN-6UI1GM8Q6M,3,3,3,3,2,2
CAN-MG8XYRNB7R,1,3,3,3,2,2
CAN-Z10A1WRYYU,0,0,3,0,0,0
CAN-ZCVRZGDVZO,3,3,3,3,2,1
CAN-90EPRXIVM2,3,3,3,3,2,1
CAN-70O6X3U5EE,2,3,3,3,3,1
CAN-ZTPKFDD2I5,3,3,3,3,2,1
CAN-KJDT7PHHNR,3,3,3,3,2,2
CAN-3WGSA16VB0,3,2,3,3,2,1
CAN-I7ALBD8N6D,2,3,2,3,1,2
CAN-A002XBYABO,3,2,3,3,2,1
CAN-DJ67L9VTNZ,3,3,3,3,2,1
CAN-S2HIC9MUFO,3,2,3,3,2,1
CAN-6GEGC7ZW6I,3,3,3,3,2,2
CAN-N4QFJS875I,3,2,3,3,2,1
CAN-11R1839U50,3,3,3,3,2,2
CAN-EU4R3SDM2F,2,2,3,3,2,1
CAN-VAUMWIHHBF,3,3,3,3,2,1
CAN-X2D1TYHKF2,3,2,3,3,2,2
CAN-GV4QYZUWJP,3,2,3,3,2,0
CAN-BUP5U8C8KA,3,3,3,3,3,2
CAN-LISZRCQXU0,2,2,3,3,2,1
CAN-D8KGEPJ465,3,3,3,3,2,1
CAN-Q070V1JUYZ,4,3,3,3,2,1
CAN-WDYP2JS7IJ,3,3,3,3,2,0
CAN-UO7MNTLNF8,3,3,3,3,2,1
CAN-RGH3OJ5RS0,2,3,3,3,2,2
CAN-HXY28UIBI3,3,3,3,3,2,1
CAN-IOWZGW8YRG,3,3,3,3,1,1
CAN-X11R1PNTQH,2,1,3,3,2,1
CAN-8ZLAGRLH9Z,2,3,3,3,2,1
CAN-SBHARUVC3K,2,3,3,2,2,1
CAN-ZHNM78PYRP,3,1,3,3,2,0
CAN-ZFI3LXQPF7,1,2,3,2,2,1
CAN-JZFCL1LMF2,3,2,3,2,2,0
CAN-OY02RUIUHA,3,3,3,3,1,1
CAN-V23BVE8JED,3,3,3,3,2,1
CAN-OHVI503YC2,3,3,3,3,2,2
CAN-YRYJP3WKT0,2,3,3,2,2,1
CAN-4T5MQ6DTMK,3,3,3,3,2,2
CAN-VT1HTL05FG,0,0,2,0,0,0
CAN-VX0GJQ925U,3,3,3,2,2,2
CAN-YB41B3K2FF,2,2,3,3,2,2
CAN-S905Z3V22F,3,3,3,3,2,1
CAN-7EWA1CEXU0,2,3,2,3,2,2
CAN-G0YNL7EGC4,3,3,3,3,1,1
CAN-2HE66Z1PCJ,3,3,3,3,2,2
CAN-J6L384U1LG,3,3,3,3,2,2
CAN-IPII0E5DLT,3,3,3,3,2,2
CAN-ND96EXI4EE,3,3,3,3,2,0
CAN-SZ3MK97K2Z,3,3,3,3,2,1
CAN-X3LKCF3BUH,3,3,3,3,2,2
CAN-XXHNN3IF5L,3,3,3,3,2,1
CAN-UXHS144R9C,3,2,2,2,2,1
CAN-4J78IMA3Y1,3,3,3,3,2,1
CAN-ZE5TYBKI30,3,3,3,3,1,0
CAN-1DBVHKQRS4,3,3,3,3,2,2
CAN-NL6FBZTAH9,3,2,4,2,2,1
CAN-F94U3N6D7E,3,3,3,3,2,1
CAN-R200K8MNRL,2,4,3,2,2,1
CAN-CQXD0TIS5J,3,3,3,3,2,0
CAN-CX7WHQUW5X,2,3,3,2,1,1
CAN-FW1F6FS1R5,3,2,3,3,1,2
CAN-N8TYV8M53P,3,3,1,3,2,2
CAN-KUKS069BB4,3,3,3,3,2,2
CAN-E5DHE2JD6F,2,3,3,3,2,1
CAN-22C4JMHDD1,1,3,3,3,1,0
CAN-9VYHM0PSVP,2,3,3,3,2,1
CAN-RLOR8BFIES,3,3,3,2,2,0
CAN-4EA5JLIRD2,3,3,3,3,2,0
CAN-5LS40EOPEK,3,2,3,3,3,2
CAN-Z33ALI17FK,3,3,3,3,2,1
CAN-XYO5QC8JI5,3,3,3,3,2,1
CAN-IAN8ZZBEPH,2,2,3,3,2,0
CAN-5QP4935AEU,3,3,3,2,1,2
CAN-48TGU5XPBQ,3,3,3,4,1,1
CAN-SWZFGBMBEE,3,3,3,2,2,1
CAN-SR7RMC873R,3,3,3,3,2,1
CAN-RVVSG9GAPJ,3,3,3,2,2,2
CAN-AN3NGBXQLQ,3,3,3,2,2,0
CAN-P7BG2CLIYN,2,3,3,3,0,1
CAN-BVDFU4FSWE,3,3,3,3,1,1
CAN-DV32LDY5QU,3,3,3,3,2,2
CAN-K5KR8ZL6K4,3,3,3,3,2,2
CAN-0DILQJHEXO,3,3,3,3,2,1
CAN-8S11JFISCS,3,3,3,3,2,1
CAN-XU63I8PR57,3,3,3,3,2,1
CAN-YA1QGYU8FD,3,3,3,3,2,1
CAN-B8LFAAGEZA,3,3,3,3,2,1
CAN-O0SM0ALN3C,3,3,3,3,2,0
CAN-8FXEGNEXJS,3,6,4,3,2,2
CAN-P62EXSST7Q,2,3,3,3,2,1
CAN-8106RWSSRX,2,2,3,3,2,1
CAN-HWM0AQNR2L,3,3,3,3,2,2
CAN-HE7Q202YWE,4,3,3,6,1,2
CAN-XA9KU2IZ1B,2,3,3,3,2,2
CAN-VGKMTWTMLR,3,3,3,3,2,1
CAN-K3UYHZZHX5,3,3,3,3,1,2
CAN-2GBKVQTAOP,3,3,3,3,2,1
CAN-RGAJ1VIHYI,3,3,3,3,2,1
CAN-X85MTTCMBB,2,2,3,3,2,2
CAN-LY21STGO5M,2,2,3,3,2,1
CAN-3YEL4UAE02,3,3,3,3,2,2
CAN-NND6ZD2Y3W,3,3,3,2,2,2
CAN-00P56JV484,3,3,3,3,2,1
CAN-UK0RGAXFQY,3,2,3,3,2,2
CAN-1EF9T0H5UY,3,3,3,3,2,0
CAN-L5HJ4J9F1Q,3,3,3,2,3,1
CAN-VXCZPW42N0,3,3,3,3,1,1
CAN-UAQAX3CSPM,3,2,3,3,2,2
CAN-MZ8TDG8XSC,2,0,3,0,0,0
CAN-OOGDP9W44M,1,3,3,3,2,0
CAN-AUTHNCYNH6,3,3,3,3,2,1
CAN-4CKVLH2VRV,3,3,3,3,2,0
CAN-DYE38UZRYO,3,3,3,3,1,2
CAN-Q3JM4NJXCM,2,3,3,2,2,2
CAN-6V5U6RG2WD,3,3,3,3,2,1
CAN-FXGQ70VDF6,3,2,3,3,2,1
CAN-3ZWOLT52IK,2,3,3,3,1,1
CAN-7CI5CNFS9W,3,2,3,3,2,1
CAN-M5Y8KZ5E76,2,3,3,3,1,0
CAN-6M1GZ6DTBE,3,2,3,3,0,1
CAN-SEYEB1ZSSF,3,2,3,1,2,2
CAN-HBDFN23R8K,4,2,3,3,2,1
CAN-XD9A7TVPI2,2,3,3,3,2,1
CAN-F8N3CRIOBP,2,1,3,2,2,1
CAN-EHFT23OVVG,3,3,3,3,2,1
CAN-4QJMNSCVQ7,3,3,3,3,2,0
CAN-MWG162BPL5,3,3,2,2,2,0
CAN-6RUAWC87K9,2,3,3,3,2,1
CAN-S0O62URGCO,3,3,3,2,1,2
CAN-MNPS146NX2,3,3,3,3,2,2
CAN-2HVV255QOD,3,3,3,3,2,0
CAN-EKQQOAOPV4,3,1,3,3,2,2
CAN-CVCLZGGORS,3,3,3,3,2,1
CAN-EHWIVCR0FP,3,2,3,3,1,2
CAN-5XUD5PU8H0,2,3,3,2,2,1
CAN-NC5QCRDQ07,3,3,2,3,2,2
CAN-XQSDCFZ1IS,3,3,3,3,2,2
CAN-7VPHGIZPH8,3,3,3,3,2,1
CAN-SYCHXI76DS,3,3,3,3,2,0
CAN-5HI9VC7BVA,2,3,5,2,2,1
CAN-EOWRBSMR5J,2,3,3,2,1,0
CAN-LI6MXFL64U,3,3,3,3,2,2
CAN-B9LCNYNBEX,3,3,3,2,2,1
CAN-XKB8801EOE,3,2,2,2,2,2
CAN-5MD4OXWXBU,1,1,3,3,2,2
CAN-K2E9AENTEW,2,2,3,1,2,2
CAN-2KBPB1PV73,3,2,3,2,1,0
CAN-RXAZUU87ZF,4,3,3,3,2,2
CAN-4RZ3D8UTRS,6,5,3,5,2,3
CAN-Q6G6XRJ1W4,3,2,3,3,2,1
CAN-E8DPUK67FV,2,3,3,3,2,0
CAN-M6JR6NL09J,3,3,3,2,2,2
CAN-28L0V7ZSNI,3,3,3,2,2,1
CAN-RFSHDUG5NB,2,1,3,3,1,2
CAN-AUKDROUFUV,3,3,3,4,2,2
CAN-PTQGMMU4X8,1,3,3,3,2,2
CAN-30G2I5D7QB,3,3,3,2,2,2
CAN-2PRMDXN6AG,3,3,3,3,2,1
CAN-6YJ0CICBZS,3,3,3,3,2,1
CAN-HNL15PYSFT,2,2,3,3,2,1
CAN-TKOOJAZPXM,2,2,3,3,2,1
CAN-O9HABZH7SV,1,3,3,2,1,2
CAN-0N5G8XH0L8,3,3,3,3,2,2
CAN-FXNXYPZJMA,3,3,3,2,2,1
CAN-GMZYZ8YMDL,4,3,3,3,2,0
CAN-ZX17TJBVFN,0,0,3,0,0,0
CAN-ODSN5KMQIY,3,3,3,3,2,1
CAN-JZ6OPOSBD5,3,2,3,3,2,2
CAN-HY15EM7L9M,3,3,3,3,2,0
CAN-RGZMTODDYB,3,3,3,4,2,3
CAN-ABVZF2G56F,3,3,3,2,2,0
CAN-VPHHW98E7H,3,3,3,3,2,2
CAN-428L2VHG1E,3,3,3,3,1,2
CAN-DPDFPEIA1F,2,3,3,2,2,2
CAN-UR1C4JP4VO,3,2,3,2,2,1
CAN-DOAKO4NNLZ,2,4,3,3,2,2
CAN-M39URHQ06V,3,3,4,3,2,2
CAN-UZSBW8DOL7,3,3,3,2,2,2
CAN-QLTRQNSPOS,2,3,3,2,2,2
CAN-N528AY7Q9Q,3,3,3,2,2,1
CAN-YC2YCI2VDS,3,3,3,3,2,1
CAN-7UQK6HCYNQ,1,3,3,1,2,1
CAN-KCQ7ULW6WP,4,3,3,2,2,2
CAN-6T6VRW0DWV,3,3,3,3,2,1
CAN-D2NQFXESTT,2,1,3,3,2,2
CAN-ZSGTTG0DNE,2,3,3,2,2,2
CAN-HQR33B163A,3,2,3,3,2,0
CAN-CLUWTDD3OD,3,2,3,3,1,2
CAN-4TZOTI9CN0,3,3,3,2,2,0
CAN-9KH57ZZTZJ,3,3,3,3,2,1
CAN-Y95V2NTXS2,3,3,4,4,2,2
CAN-WCLR9UT9NQ,3,2,3,3,2,2
CAN-WNP8XEXHDP,2,2,3,3,2,0
CAN-M4XWJ4A42R,3,3,3,2,2,2
CAN-DZXEHKO5JZ,3,3,3,2,2,2
CAN-5QWCVZO8OR,3,3,3,3,2,1
CAN-K3VNYIY96A,3,3,3,3,2,1
CAN-XKHYH1E3D0,2,3,3,3,0,0
CAN-62XF9663Q5,3,3,3,3,2,2
CAN-V2LD67PS91,2,3,3,2,2,2
CAN-OK8BUFZ5HJ,3,3,3,3,2,2
CAN-531EC6XM0A,3,3,3,2,2,2
CAN-8U0IE41Z6E,3,3,3,3,2,1
CAN-7MLU6W4G40,3,3,3,3,2,2
CAN-L8HR3JPCDQ,2,3,3,3,2,1
CAN-EE6C2FOBNF,2,1,3,3,2,2
CAN-AER426PWKP,3,3,2,3,2,2
CAN-HXUZZG7XVC,2,3,3,3,1,2
CAN-HQR8H76TF6,3,3,3,3,2,1
CAN-E41H0ZL36A,3,3,3,2,2,2
CAN-7FWCOSSME8,3,3,3,2,2,1
CAN-BJ8AZ2S8CO,3,3,3,3,2,0
CAN-38K4CR3UE5,3,3,3,3,2,2
CAN-CX3R5H742A,3,2,3,3,2,2
CAN-Z6DVM0PEY7,3,3,3,2,1,1
CAN-8AHXHQVUH3,3,3,3,3,2,0
CAN-4H33N9UFAP,2,3,3,2,2,2
CAN-1FVTWXN7SL,3,2,3,2,2,0
CAN-STFR13OJLS,3,3,3,3,2,1
CAN-STEDHLAM67,3,3,3,2,2,2
CAN-OM0PB7SM0Z,3,3,3,3,2,0
CAN-SR7CVIPO58,2,3,3,3,2,2
CAN-ZW4EUIY1ID,3,3,3,3,2,1
CAN-UIDN5ZBC7H,3,3,3,3,2,1
CAN-67OMTG7ZRO,3,3,3,3,2,1
CAN-AYSV4AE7BK,3,3,3,2,2,2
CAN-B0M82W6I26,3,3,3,4,1,2
CAN-KC3A8JTS1G,2,3,3,2,2,1
CAN-1S2JC7IZ8D,3,3,3,3,2,2
CAN-2PILYQINQ1,3,3,3,3,2,0
CAN-YH3426AW60,3,3,3,3,2,2
CAN-KDPXX7CZO4,3,2,3,3,2,2
CAN-BCLJSXQAK2,3,4,3,3,2,2
CAN-8PLXJH08ON,3,3,3,3,2,1
CAN-VAU8R6FSWU,2,3,3,3,2,2
CAN-GMURFOAW1Y,3,2,3,3,2,1
CAN-P84HEDSXL6,3,3,3,3,2,1
CAN-OYTCUDD3KL,4,5,4,4,3,3
CAN-YR6I3PD23Z,0,0,3,0,0,0
CAN-AQTRL7FPZ0,3,3,3,3,0,2
CAN-OPQM8L5E74,5,3,3,5,2,1
CAN-T4RVKHUVW7,3,3,3,2,2,1
CAN-7TMD3U0DF0,3,3,3,2,0,1
CAN-RPC6HVW4XE,3,3,3,3,2,1
CAN-GJHAPKHMVP,3,3,3,3,1,2
CAN-N8OV8CVYUE,3,3,3,3,2,1
CAN-U39JDIYJ3D,3,3,3,3,1,1
CAN-NIY52JWB4E,3,3,3,2,2,2
CAN-VIGRTKNKUJ,1,5,3,5,2,2
CAN-AAKO39Y5RD,3,2,3,3,2,1
CAN-U3LU2C5HZF,3,3,3,2,2,2
CAN-HVMQCC3H42,1,3,3,3,2,1
CAN-I0EK2D8J4V,3,3,3,3,1,2
CAN-FLLE4X5TE4,3,3,3,3,2,3
CAN-CNQ9JAZ5D9,3,3,3,2,2,2
CAN-I25Z744R3A,2,2,3,3,1,1
CAN-U1K1IZIC5O,3,3,3,3,2,1
CAN-RDAQV5IOEU,3,2,3,2,2,1
CAN-AHT4EZLP2J,3,3,3,3,1,2
CAN-CSF9T1E3QB,2,2,3,3,2,1
CAN-VZFU90A1BP,3,3,3,3,2,2
CAN-EP5C0EGQS4,2,3,3,2,2,1
CAN-9SIR1HGW1V,2,2,3,3,2,1
CAN-OQ193H7X27,3,2,3,3,2,2
CAN-O3V6A2BGCW,3,3,3,3,2,2
CAN-GTO7DL6TSY,3,2,3,2,2,1
CAN-2B93PKTKMT,2,2,3,3,2,2
CAN-GCEPUT3R29,3,2,3,2,2,1
CAN-9NAIUNPIFI,4,3,3,3,2,2
CAN-C7V6APBZ7Y,3,2,3,2,2,1
CAN-MNXTKGBY2G,2,3,3,3,2,2
CAN-NE3HQH6I3H,3,3,3,3,1,2
CAN-A0LE4CA6CD,3,2,3,3,2,2
CAN-JZNGRNZLUM,3,3,3,3,2,0
CAN-ZTYKTIOVFE,4,2,2,4,2,2
CAN-YVA8EP8H42,3,3,3,2,2,2
CAN-EBSA4VTO8W,3,3,3,3,2,2
CAN-XUXFVG24CF,3,3,3,3,2,2
CAN-MHEJQXCL2Y,3,3,3,4,3,1
CAN-KFZG4PXH4E,3,3,3,4,2,1
CAN-KYCPQKHQ6N,2,3,3,3,1,1
CAN-E93GOF2YRD,3,3,3,3,2,1
CAN-NRCDKDTEUY,3,3,3,3,2,2
CAN-ER7LQAX0MX,3,3,3,3,2,1
CAN-QX1PVC8RFH,3,3,3,2,2,2
CAN-1IPYMUVCE7,3,1,3,3,2,1
CAN-4UQPHD4D24,2,2,3,3,2,1
CAN-MOSUJL8SC3,3,2,3,1,2,0
CAN-W6BD5OJFA1,3,3,3,2,2,2
CAN-LC77XZF8LY,3,3,3,3,2,1
CAN-9L4MEEGMPF,2,3,3,2,2,2
CAN-IFX2JWCONU,3,2,3,3,2,2
CAN-E6X7L2RBAA,3,3,3,3,2,1
CAN-EFH49Q40QG,3,2,3,1,2,1
CAN-WTVCR05C74,3,3,3,3,2,1
CAN-C20JTOZEDZ,3,2,2,4,1,0
CAN-U1MPT9QOQU,2,3,3,3,2,2
CAN-2GZD8FDC0O,3,3,3,1,2,1
CAN-7XYEF7BDBZ,3,3,3,3,2,2
CAN-LYDREQR1ZH,3,3,3,1,2,1
CAN-9QV08LMBX9,3,2,3,3,1,0
CAN-J082YFLM89,3,3,3,2,1,0
CAN-USONVBDH1O,3,3,3,3,2,2
CAN-NA0V2EE96R,2,3,3,3,2,2
CAN-TZZFS4Q2T1,2,2,3,3,2,1
CAN-C0JQSL25TM,3,3,3,2,2,1
CAN-IYN1R5LISF,2,2,3,3,2,2
CAN-NZG8WJYGXD,2,2,3,3,2,1
CAN-FKUIGULLZA,3,2,3,3,1,1
CAN-N8TI3686UV,3,3,3,2,2,1
CAN-K9H5U4S2V2,3,3,3,3,2,1
CAN-LK1MGDWWKG,3,2,3,2,2,2
CAN-B229X82V9D,3,3,3,3,2,2
CAN-0NQBTR1APE,3,3,3,3,2,1
CAN-M4Z6PHO7OM,4,4,3,4,2,2
CAN-Q18GD4637E,2,2,3,2,2,2
CAN-C6UHKTNY4D,2,2,3,3,1,2
CAN-62N4R51JXV,3,3,3,3,2,2
CAN-16O0CL3YZ3,2,2,3,3,1,2
CAN-A84YDH6FLM,1,3,3,3,1,2
CAN-5MUL69LVCR,3,3,3,3,2,2
CAN-VWWBH9KRJE,3,3,3,3,1,1
CAN-0BVCA35348,3,3,3,3,1,2
CAN-SYB71JMQYC,3,1,3,3,3,2
CAN-BMROISATCE,3,3,3,3,2,1
CAN-S4P4P1A6BN,3,3,3,3,2,1
CAN-YKM9EPGCP0,3,3,3,3,2,2
CAN-PZ1HFK7Z8B,1,3,3,3,2,2
CAN-YP9W89R8A9,3,3,3,3,2,2
CAN-IIFO16XJ4Z,3,2,3,3,2,1
CAN-U4G0OZZEKC,2,2,3,3,1,1
CAN-B3HH5OU5NU,3,2,3,3,1,1
CAN-LBQPAWQQA3,4,3,3,4,2,2
CAN-43BAKAZM6B,3,3,3,3,2,1
CAN-AJ4UVV1NVG,2,3,3,3,1,2
CAN-8YNV7RBGNO,0,0,3,0,0,0
CAN-QLJDLCH732,2,3,3,3,2,1
CAN-IFIRAPKDIN,2,2,3,2,2,2
CAN-2CIMDDMATJ,2,3,3,3,2,2
CAN-JGDYJN8B9I,4,3,3,3,2,1
CAN-N7X6DI17BL,4,4,3,3,2,4
CAN-SPAVDFG3DZ,3,3,2,2,2,1
CAN-3O7Y5QKP6T,3,3,3,3,2,1
CAN-M6NYOI26M5,3,2,3,3,1,2
CAN-JB786W62FX,2,3,3,2,2,0
CAN-6M63SJVQ79,3,3,3,3,2,2
CAN-GCA0IPTJ1B,2,3,3,3,2,0
CAN-4PGLUX8BAK,3,2,3,3,2,2
CAN-CY40P2QF7B,3,3,3,3,2,2
CAN-CDRJV6ABTQ,4,5,3,3,2,2
CAN-ELVNR2T34J,3,3,3,3,2,2
CAN-S1QO7BQGGM,2,3,3,2,2,1
CAN-3NF7ASBA7M,3,3,3,3,2,2
CAN-3JJ26TUJCM,3,2,3,3,2,1
CAN-DXPPCJI6YU,3,3,3,3,2,1
CAN-URXOD6OKEP,3,4,3,3,2,0
CAN-SI8X61EC26,3,3,3,3,2,2
CAN-K3RNNLVQBN,3,2,3,2,2,1
CAN-ENFFKT35SI,2,2,3,3,2,1
CAN-VSNTB08SUH,3,2,3,2,2,1
CAN-RTEMRKB72U,3,2,3,1,1,1
CAN-TW00APHYZ9,2,3,3,3,1,2
CAN-7UQ40SSRBR,2,3,3,3,2,1
CAN-A1QHLZGTUR,3,3,3,3,1,1
CAN-KH4JWGNX3Q,3,3,3,3,2,1
CAN-PCSE0E5B83,2,2,3,3,2,2
CAN-SQZFO4NOO5,3,3,5,3,2,1
CAN-UX0ZMWAXND,2,3,3,2,2,2
CAN-WIEGSCL529,3,3,3,2,2,2
CAN-E0J97P1TR0,3,2,3,2,2,2
CAN-0G90RGH1AY,6,3,3,4,3,1
CAN-0ZNWYOR3Q8,3,3,3,3,2,2
CAN-LEG06BXELA,3,3,3,3,2,2
CAN-8VI5A3FYJA,3,3,3,3,1,2
CAN-6JIVHT8URU,3,3,3,3,1,2
CAN-2DZDWUT2J3,3,3,3,3,2,1
CAN-EJU4F26G1Y,3,3,3,3,2,2
CAN-AOUXVRZEJ2,3,3,3,2,2,1
CAN-79E12OEQG3,4,3,3,4,2,2
CAN-H38RVII7BG,3,3,3,3,2,2
CAN-UA7PGRX2RS,2,3,3,3,1,0
CAN-EU5G04PJSG,3,3,3,3,2,1
CAN-OW563Z426H,3,3,3,3,2,0
CAN-504G8RC30P,3,2,3,3,2,2
CAN-DCICFD0ALU,3,3,3,3,2,0
CAN-7TLIH7TC8D,3,3,3,3,2,0
CAN-42SNN2OLHS,3,3,3,3,2,2
CAN-I0T37WIFVI,3,2,3,3,2,2
CAN-391U64SZ2Q,3,4,5,3,2,0
CAN-O1NW6Q2QRI,2,2,3,2,2,1
CAN-UVG366PFKZ,3,3,3,3,2,1
CAN-M5R9FUK07M,3,3,3,4,2,0
CAN-BXIHC3GTOR,3,3,3,2,2,1
CAN-H7ZD0TRQ3X,6,5,4,8,2,3
CAN-61S7BG374E,3,3,3,3,2,2
CAN-LN9VOZOLEY,3,3,3,3,2,2
CAN-Q393M7L1KG,4,2,3,3,2,1
CAN-OSPND86FED,3,3,3,3,2,0
CAN-LGK86FRA2U,2,2,3,3,2,2
CAN-B5CTH9K2T0,3,3,3,2,1,2
CAN-NUBKSG4NPM,3,3,2,3,2,2
CAN-4Y89QHCB6S,3,3,3,3,2,2
CAN-NM6JIEOJB6,3,2,3,3,2,1
CAN-RY8EAUU7VB,3,3,3,3,2,2
CAN-7SV09LDSDB,3,3,3,3,2,0
CAN-SVX0TSLQK1,3,3,3,3,2,0
CAN-WK6D0UUJO8,3,3,3,2,1,1
CAN-N3DW5NLUQO,5,5,3,6,2,4
CAN-3PSKKCSZB5,3,3,3,3,2,2
CAN-AXE3PHV4HJ,3,4,3,3,3,1
CAN-1EGTLNKU03,3,3,3,3,1,1
CAN-3T6XV8V9AI,3,3,3,2,1,1
CAN-DZGRAKHWIK,2,2,3,3,2,1
CAN-2QSJ8E79HL,3,3,3,2,2,1
CAN-SAASNZVVX0,4,4,4,3,2,2
CAN-VOZB8BTMP0,1,2,3,3,2,1
CAN-RC3MKFW2IP,3,3,3,3,3,2
CAN-A5A6UAY6H2,2,3,3,3,2,2
CAN-4MZCL9KVZ0,3,3,3,2,2,2
CAN-HGMN8ES0WC,3,3,3,3,2,1
CAN-65NPSOFP24,3,4,3,3,4,3
CAN-QH53R4F7TG,3,3,3,2,2,1
CAN-XOLROE3MD8,2,3,3,3,1,1
CAN-7ZA244JR9F,2,3,3,3,2,0
CAN-2BIRFB3YNO,3,2,3,3,2,2
CAN-GIYN0K7FXH,3,3,3,3,2,2
CAN-8F7Q0OYYVI,3,4,3,2,2,2
CAN-9L1G7YPBBL,3,3,3,3,2,1
CAN-84ZBR7HTVB,2,2,3,2,2,2
CAN-IQUY052VBV,3,3,3,2,2,1
CAN-VDBBB1U640,3,3,3,3,2,2
CAN-OP7CLHW9J1,2,3,3,3,2,1
CAN-AA9CQUQEKZ,3,3,3,3,2,2
CAN-M434M8Z4QD,3,3,3,3,2,1
CAN-U7QJ3CCS90,3,3,3,3,2,2
CAN-LWOIETYT5J,3,3,3,3,2,2
CAN-45WJSXDMCY,5,5,3,5,5,2
CAN-RJ9PZQU4NX,3,3,2,2,2,2
CAN-3FL2F1YJAN,3,3,3,2,2,2
CAN-93E2CR35YX,3,2,3,3,1,1
CAN-B9OULJSRT0,3,2,3,3,2,2
CAN-ECH1IQFNHQ,2,3,3,3,2,2
CAN-P2M38TLIDO,3,3,3,3,2,2
CAN-PKN1FL9LDI,2,3,3,2,0,2
CAN-TRKU605YF9,2,3,3,3,2,2
CAN-4BO64LTUFY,1,3,3,2,2,1
CAN-DIWEFXFAJT,3,3,3,4,2,2
CAN-TQT5ARBSKW,3,3,3,2,1,1
CAN-AHTYLIE2O4,3,3,3,3,2,2
CAN-2I29DQ1EDZ,3,2,3,3,1,2
CAN-SDY2IBJK7X,3,3,3,3,2,2
CAN-7WTCQXFXKT,3,3,3,4,2,2
CAN-NA2K6MYMPB,3,3,3,3,2,1
CAN-JLCWZ7WJDM,3,3,3,3,2,2
CAN-F5E3YLUA8E,3,3,3,3,2,1
CAN-TGYAPM4W7Q,2,3,3,2,2,1
CAN-YFT1AMQOQQ,3,3,3,3,2,2
CAN-V01X4AEVR3,2,3,3,2,2,1
CAN-IUOZXA7YZ4,1,3,3,3,1,2
CAN-TSZR8ZUUK7,3,3,3,3,2,0
CAN-XSR5VGWBLU,3,2,3,2,2,1
CAN-P80VP6DOEF,3,3,3,3,2,1
CAN-DH30SZCA6M,3,3,3,3,2,1
CAN-2EWAC6D7SN,3,3,3,3,2,2
CAN-4WFQFI5HB1,3,3,3,2,2,1
CAN-ZD6N4HMT18,3,2,3,3,2,2
CAN-VS6FWP4UT8,3,3,3,3,2,2
CAN-XJZINQ2HQX,3,3,3,3,2,2
CAN-86SD3AT1J9,3,3,3,2,2,2
CAN-A1O43B2X6X,2,2,3,3,2,2
CAN-QQWCY0QXX0,3,3,3,3,2,2
CAN-ECN7BT8LKP,3,2,3,3,2,1
CAN-17B64O1XIX,2,2,3,2,2,2
CAN-6PCB645XOU,3,3,3,3,2,0
CAN-UR5JROBJOX,3,3,4,3,2,0
CAN-JKELWXW559,2,2,3,2,2,2
CAN-QXS1YIUF55,3,3,3,3,2,2
CAN-QDNYH18JEG,2,3,3,2,2,2
CAN-F4IJYBOADP,1,4,3,3,2,1
CAN-2O3WI6WP8C,3,3,3,3,2,2
CAN-QDGHKOU1BM,2,3,3,1,2,1
CAN-J1TATTI0LR,3,2,3,3,2,2
CAN-77ZU0257K6,3,3,3,3,2,2
CAN-LAANOGFZG5,4,5,5,3,3,3
CAN-UELBPV6W9Y,2,3,3,2,1,2
CAN-J408Z09TJG,3,3,3,3,2,2
CAN-ZYYKU4YBMI,3,3,3,3,2,2
CAN-JR4Q3MN3NF,3,2,3,3,2,2
CAN-6BZIG68CZB,3,3,3,3,2,0
CAN-F3BGQT3YTV,2,3,3,2,1,1
CAN-FK4D6C4H4Q,3,3,3,3,2,1
CAN-QBZOB2Z0W7,2,3,2,3,1,2
CAN-ULCXVLSHHM,3,2,3,2,2,1
CAN-TLDKKGVKRM,3,2,3,3,2,2
CAN-PPGX1W5IMM,2,2,3,3,2,1
CAN-EP8I7T7Z88,2,2,3,2,2,2
CAN-ONAADKCB64,3,3,3,3,2,1
CAN-Z804LSCG5T,2,2,3,3,2,0
CAN-6XAR3SOSGA,3,3,3,3,2,2
CAN-ITPAD3ZF7O,3,3,3,3,2,1
CAN-XE5TJIVEQJ,2,3,3,3,2,0
CAN-YG23S8XK38,3,3,3,3,2,2
CAN-OKIQY50C4Z,2,3,3,3,1,2
CAN-V6DAKH5L68,3,3,3,2,2,2
CAN-0T5ZH0WG8M,3,3,3,3,2,2
CAN-01CROE5BGB,3,3,3,3,2,1
CAN-T7AF4PD15Y,3,3,3,3,2,1
CAN-PU6QTQNT61,3,1,2,3,2,1
CAN-PA1PEAQ0D3,3,3,3,3,2,1
CAN-UTKQTV70WD,3,3,3,3,2,2
CAN-4H1I2G979H,3,2,2,3,1,1
CAN-U52DXBF4LB,3,3,3,3,2,0
CAN-MH0S0FED3H,3,3,3,2,2,0
CAN-FWCXT2NXTG,3,3,3,2,1,2
CAN-EVAEERE8F7,3,3,3,2,2,1
CAN-51IA09BO8Q,3,3,3,3,2,2
CAN-MVQWIL33RX,5,3,4,3,2,2
CAN-V47BDLPFRO,3,3,3,3,2,1
CAN-1WYB64EZCU,3,3,3,3,2,1
CAN-6ZDVO4NZ08,3,3,3,3,2,1
CAN-ZGCJ261VYL,2,3,3,3,1,2
CAN-OW4TQW05IG,3,3,3,3,2,0
CAN-J6BMQE1MC4,3,3,3,3,2,2
CAN-LJ2F6Z4ZBP,2,2,3,3,1,1
CAN-HY110Q9AX5,3,2,3,3,2,2
CAN-0YCLDWRI85,3,3,3,3,2,2
CAN-47TACS09MD,4,3,3,3,2,2
CAN-TWHPMWRQQC,3,2,3,3,1,1
CAN-G2162KE9GS,3,3,3,3,2,2
CAN-MDL7F3RLUA,2,3,3,3,1,1
CAN-GZE4Z1IMPP,3,3,2,3,2,2
CAN-430EWRCZYF,2,3,3,3,1,1
CAN-A2YJ4UZOX9,2,3,3,3,1,1
CAN-DNCTJ1OWSB,3,2,3,3,2,1
CAN-QKHU84Z4M3,3,3,3,3,2,2
CAN-1UOLHOGT9U,3,2,3,3,1,1
CAN-TSKI3MLR3W,1,3,3,1,2,1
CAN-SOS4X8464V,3,3,3,3,2,0
CAN-84DZOXKS3A,4,3,3,4,2,1
CAN-WJS7R7PP5E,3,3,3,3,2,2
CAN-SU7IVM1N1O,3,2,3,2,2,1
CAN-MQ54CUHLUV,2,3,3,3,2,2
CAN-A2XXX6UJ1X,2,2,3,3,2,1
CAN-PFZ6QPDC4J,3,3,3,3,2,0
CAN-NIV0SAMXPN,3,3,3,3,2,2
CAN-JFO9228KMN,3,3,3,3,2,2
CAN-CU7C6V3Q5M,2,2,3,3,2,1
CAN-RWJGL50GYQ,3,2,3,3,2,0
CAN-KSBEIAKUZZ,3,3,3,3,2,0
CAN-VQ1Z9Q6M3Z,2,2,3,3,2,1
CAN-CIULNDGSCI,3,3,3,3,2,0
CAN-L2RB21MZW0,3,3,3,2,1,1
CAN-7O6X38UAQO,3,3,3,3,2,2
CAN-X3M1YX85W1,2,2,3,3,2,1
CAN-BRU2WWNJ5L,3,2,3,3,2,2
CAN-3N47NNYPLE,2,3,3,3,2,1
CAN-Z9ZX5F9G2U,2,3,3,2,2,2
CAN-96FRBRP89B,2,2,2,3,2,2
CAN-3R133W2FZA,3,3,3,2,2,2
CAN-A2GUA1ALWO,3,3,3,3,2,2
CAN-SM7L4KNII5,3,3,3,3,2,1
CAN-FKICZRHRIR,3,3,3,2,2,1
CAN-Z2ID4WQDXK,3,2,3,3,2,1
CAN-K6NLNYVE3N,2,3,3,3,2,2
CAN-TUOP1K8R8S,2,1,2,3,2,0
CAN-6YD6X8CQGD,2,2,3,3,0,2
CAN-GAEW70FJTA,3,2,3,3,1,2
CAN-0XG23HN6WH,3,2,3,3,2,2
CAN-38RXEEML10,3,3,3,2,2,1
CAN-EYXYW6IDD1,1,3,3,3,2,1
CAN-NR1DZ7B7CZ,3,3,3,3,2,2
CAN-ID4FOAKCU4,3,3,3,3,1,1
CAN-0DFL8ZCZII,3,3,3,3,2,1
CAN-N1YJ94SO70,3,3,3,3,2,2
CAN-TPLC6T7D7A,3,2,3,3,1,1
CAN-PR741UYUYO,3,3,3,3,2,1
CAN-6S2BVBN7JQ,3,2,3,3,2,2
CAN-M21HM68PC5,2,2,3,3,1,1
CAN-BF6KQJQ7F8,3,3,3,3,2,2
CAN-T5VH6WHET1,3,3,3,3,2,2
CAN-X0Q4BXKK66,3,3,3,1,2,2
CAN-JDXIVH8WIH,3,3,3,2,2,2
CAN-PITQF9TMLZ,3,3,3,3,2,2
CAN-1MP66M13U2,3,2,3,3,1,1
CAN-K8GI4G7BXN,3,3,3,3,2,1
CAN-8J8F3RJGCO,3,3,3,3,2,2
CAN-47B5ZVTGT3,3,2,3,2,1,1
CAN-ZW8E08QW1L,1,3,3,3,3,1
CAN-DY8HUZBZ76,3,3,3,3,2,2
CAN-PVQJQBOFM4,3,3,3,3,2,2
CAN-BROOVRM51Y,2,2,3,3,2,2
CAN-LRIPH7FITR,3,2,3,3,2,1
CAN-EBO909DKDP,3,2,3,2,1,2
CAN-ET8R2H991C,3,3,3,2,1,1
CAN-38GOS8DYMH,1,3,2,3,2,0
CAN-CRETZGUS2A,2,3,3,3,2,2
CAN-6PFCAV0MBW,3,3,3,3,2,2
CAN-JL6FR7HBJU,3,3,3,3,2,1
CAN-5C5W4DSGRA,3,3,3,3,2,2
CAN-DHCNW5KB98,2,3,3,3,1,2
CAN-QR0U0T0EQC,3,3,3,3,2,1
CAN-U6FIO8L5I9,3,2,3,3,2,1
CAN-G5BDVERMKT,2,3,3,3,2,1
CAN-A0V20CI90P,2,3,3,3,2,2
CAN-2EJNI9XNSY,2,3,3,2,2,2
CAN-TA3Z0JI46R,3,3,3,2,2,1
CAN-7D3RD3LH5E,3,3,3,4,0,2
CAN-TB6SFR5MHW,3,3,3,3,2,2
CAN-CHNF0HSAJC,3,3,3,3,2,0
CAN-V6DG8MKZD6,3,2,3,3,2,2
CAN-A3XSZZT92O,3,3,3,3,1,2
CAN-NB2FZHVYAC,3,2,3,3,1,2
CAN-GCFXYEM5TB,2,3,3,3,1,1
CAN-RA080QSD2J,3,3,3,3,2,2
CAN-Y1ONULRYLB,3,3,3,3,2,1
CAN-3WNS25COC1,2,2,3,2,2,2
CAN-GT50ZZKLJ6,3,2,3,3,2,0
CAN-J4UI91CPF0,3,3,3,2,2,2
CAN-HNZYVYS3O2,4,3,3,2,2,0
CAN-KPQ1RPIV18,3,3,3,2,2,2
CAN-CKZVJSRD5M,4,2,3,4,2,2
CAN-DCOXCIAQZR,3,3,3,3,1,1
CAN-NB3UHXBXYG,3,3,3,3,2,2
CAN-33Z9IRZC9A,3,3,3,3,2,1
CAN-GDGCWHJZVC,3,3,3,3,1,1
CAN-5RHGLFS4OE,3,3,3,3,2,1
CAN-ZIZJNT64CD,3,3,3,3,2,2
CAN-5NDVCMGUCG,3,3,3,3,2,0
CAN-ZDKTVXT8VL,3,3,3,3,2,2
CAN-D1NF7K6QPX,2,2,3,3,2,1
CAN-IM97R1QH9S,2,3,2,1,2,0
CAN-GAKEA33KPY,3,3,3,3,2,1
CAN-OBBI2MAAYI,3,2,3,2,1,1
CAN-EBAYWEE4YC,3,3,3,3,1,2
CAN-A31XZ57Q45,3,3,3,3,2,0
CAN-WVXRA7CDYV,3,3,3,3,2,2
CAN-R7SZZACEJY,1,3,3,3,2,1
CAN-3BFKTX6WE4,3,4,6,4,2,3
CAN-0JFSPVX61Z,2,3,3,3,1,2
CAN-9RQNHZJJGH,3,3,3,2,1,2
CAN-BX6JPROTL2,3,3,3,3,2,2
CAN-E55C3U4APG,3,3,3,2,2,2
CAN-KHKC27VQIE,2,3,3,2,3,2
CAN-CE7VL9JKEO,3,3,3,3,2,1
CAN-QQXBJU6M6L,2,3,3,2,2,1
CAN-MBR8RYQZIG,3,2,3,3,2,0
CAN-SM4GSRG8E6,2,3,3,2,2,2
CAN-VHJ66NZG2D,2,3,3,2,2,2
CAN-UFBM07OU17,2,3,3,4,2,1
CAN-UTC9HKKQZA,3,3,3,3,2,1
CAN-9R6S71CA96,3,3,3,3,2,1
CAN-108SJHKKA1,3,3,3,2,2,2
CAN-OEFG2D9G65,2,2,3,3,2,2
CAN-YQVATAQHNI,3,3,3,3,1,1
CAN-WNW61S16BO,3,3,3,3,2,1
CAN-O88Y2Z99CD,3,2,3,2,2,2
CAN-6ETC7CRQHN,3,3,3,5,3,2
CAN-V0EOBWD5DI,3,3,3,3,1,1
CAN-2ZHDJJTFV6,3,4,3,4,2,3
CAN-7YDCVZAEDR,3,3,3,3,2,1
CAN-N4PM9P7UDL,2,3,3,3,2,2
CAN-CIMENREHE5,3,3,3,2,2,2
CAN-8RJB8EXQA9,2,2,3,3,2,1
CAN-YY8IP43S5U,3,3,3,3,2,1
CAN-2TMMZFTFF3,3,3,3,3,2,1
CAN-RXKKLU22W3,2,3,3,3,2,0
CAN-IATG5XYD84,3,3,3,3,2,0
CAN-JGFGWWOXFG,3,4,3,4,2,1
CAN-0IL2FYYN1X,3,2,3,2,2,1
CAN-9M3ZODNOJT,3,3,3,2,2,2
CAN-GRCFBC5Z4Q,3,3,3,3,2,0
CAN-DEIABDIKME,3,1,3,1,2,1
CAN-SPU4OMC4W2,3,3,3,2,2,1
CAN-86J6FNSDTF,3,3,3,3,2,1
CAN-DAPDZU7LLY,1,3,3,3,2,2
CAN-KH5RV1C5J5,2,3,3,2,2,2
CAN-X6Y7Y2FPZF,3,2,2,1,2,2
CAN-J3IQ77IU46,3,3,3,2,1,2
CAN-ZNX6HUZJCL,3,3,3,2,2,1
CAN-XUP5Y0W4RF,2,2,3,3,2,0
CAN-D3Z128KPF6,3,3,3,3,2,2
CAN-MTLA2ADHXB,4,3,3,3,3,1
CAN-O9A2KNXI4N,3,4,4,3,2,2
CAN-UDMWK5GMJN,3,2,3,3,2,1
CAN-QLZ4EKYKE8,2,3,3,3,2,2
CAN-ACD12DM3EQ,3,2,3,3,0,1
CAN-N1UJHSH4VK,3,3,3,3,1,2
CAN-5NNTGFGOCD,5,3,3,3,2,2
CAN-LV0I68XO0I,3,2,3,3,2,2
CAN-3D99WGLA9F,2,3,3,3,2,2
CAN-SXUJFFGR63,3,3,3,3,2,2
CAN-G88TNN62IQ,3,2,3,2,1,0
CAN-W8ZP3GO484,3,2,3,2,1,1
CAN-PED23QS633,3,3,3,3,2,1
CAN-W5R5SMR39Z,3,3,3,2,1,1
CAN-JVS9VHE1IE,2,2,3,3,2,1
CAN-WR2Y3V61K8,3,3,3,3,2,1
CAN-RUCNMBX8PL,3,2,3,2,1,1
CAN-WND5745Q8I,3,3,3,3,2,1
CAN-9NO7994ZHR,3,3,3,2,2,2
CAN-QDEJ63RFTL,2,2,2,3,2,1
CAN-JEZTW2DL4Z,3,3,3,3,2,2
CAN-EQJNI8CNTQ,3,3,3,3,1,1
CAN-3SIQKXXFE9,3,3,3,3,2,2
CAN-JJT5NG93HR,3,2,3,2,2,2
CAN-2CUG9EGHUS,3,3,3,3,2,1
CAN-7RTPE4E3ZI,2,2,3,3,0,2
CAN-UYCXX0K17X,3,2,3,2,1,0
CAN-ZUI284J2I1,3,3,2,2,2,2
CAN-DVU1ZUA3G0,3,3,3,3,2,1
CAN-L02Y878NEQ,3,3,3,4,2,1
CAN-K2EFX81CMW,3,2,3,3,2,1
CAN-M0OKXDH6R5,3,3,3,3,2,1
CAN-7RWHIGFZA9,2,3,3,2,2,2
CAN-7TJJK3L0GK,3,2,3,3,2,2
CAN-KU7N0RXJNY,3,3,3,2,0,2
CAN-ZK241KRAXA,3,3,2,3,2,2
CAN-A7W1PUQWAO,3,3,3,3,2,2
CAN-JCJ4KVVABZ,1,2,3,3,2,1
CAN-WDSF8ZS6JX,3,2,3,3,2,1
CAN-M8D1FDY7TJ,1,3,3,3,2,1
CAN-OLS79DRUVO,3,3,3,3,2,2
CAN-BUKRSYM8UR,3,2,3,2,2,1
CAN-3E8HXI8SXR,3,2,3,3,2,2
CAN-LPG4GN9X77,3,2,3,2,2,0
CAN-IT3JOY1B92,3,3,3,2,2,2
CAN-UHZAGTMVFA,3,3,3,3,2,1
CAN-LXQB5O145Z,3,3,3,3,2,2
CAN-G6YBRQTA02,0,0,3,0,0,0
CAN-MPGR0FUPEM,3,3,3,4,2,1
CAN-2JQFA5RSOD,1,3,3,2,1,2
CAN-3MK0W4XQ7R,3,3,3,3,2,1
CAN-6CRXHAUU3Q,3,3,2,2,2,1
CAN-39QYX8VDH0,3,3,2,3,1,2
CAN-AVIS3KWA4G,4,4,3,3,2,3
CAN-LMI5R7P0S6,2,3,3,3,2,1
CAN-7DCEDI7WII,3,2,3,3,2,1
CAN-657CBQH4J3,3,3,3,3,3,2
CAN-GECGRS0TBY,3,3,3,3,2,2
CAN-W4JS8O085R,3,3,3,4,2,2
CAN-BYZ6WQC9RE,3,3,3,3,2,2
CAN-VUKF53HBKJ,3,2,2,3,1,0
CAN-RAC3AUDPMW,3,3,3,3,2,0
CAN-052PI2BBIB,3,3,3,3,2,2
CAN-EO7J9O6VVJ,1,3,3,3,2,1
CAN-WTYOR82705,2,2,3,2,2,2
CAN-3V5XIQ8M0G,3,2,3,2,2,2
CAN-WG0J725BW8,3,3,2,3,1,1
CAN-Z812B96W5J,3,3,3,3,2,2
CAN-ZSSI697BN3,3,3,3,3,2,1
CAN-FGAD638GB1,2,3,3,2,1,2
CAN-FH1ZFVO5AK,3,3,3,3,2,1
CAN-PHD0URSC5X,3,3,3,3,2,2
CAN-EE6BU15CXY,3,4,3,3,2,1
CAN-G7BSDV4H1A,3,3,3,3,1,2
CAN-7CX8EZWB1N,3,3,3,3,3,1
CAN-HVC46LBXG9,3,3,3,3,1,1
CAN-MKJ1AVMZOC,3,3,3,3,1,0
CAN-SU078JSUR1,2,3,3,2,2,1
CAN-ZMWEG78PWI,3,3,3,3,2,2
CAN-M1HEZ1H8WZ,2,3,3,3,2,1
CAN-3WPQ4YGA4O,1,2,3,3,2,2
CAN-13K09Z14QK,3,3,3,3,2,2
CAN-2RU4JIP90C,5,3,4,6,3,2
CAN-XGEZBD2JZ8,2,2,3,2,2,1
CAN-G4T0MVXZWJ,2,2,3,2,2,2
CAN-VU0T85LJ6C,2,3,4,2,0,0
CAN-PN6IO4OZQU,1,3,3,3,2,0
CAN-R85EKY2K07,3,3,3,2,2,1
CAN-0SLX0JA9EJ,3,3,3,2,2,1
CAN-P4DM8ZQI9P,2,3,3,3,2,1
CAN-EEVX7ZCHEV,2,1,3,3,0,1
CAN-5MDE16FUTU,3,3,3,3,2,2
CAN-Q6IWGFWGMC,3,3,3,3,2,0
CAN-85UTROZ0YY,3,3,3,3,1,0
CAN-GYAS3DFJY7,3,3,3,3,2,1
CAN-B098WFR9Z3,3,3,3,3,2,2
CAN-AB4I7IODFC,3,3,3,2,2,2
CAN-U23TKTXHOK,3,3,3,3,2,1
CAN-NMZV6392NB,3,2,3,2,1,1
CAN-6A43BIZCQC,3,3,3,3,2,2
CAN-R81IGX90ST,3,3,3,3,2,2
CAN-FEY0EYGJM1,3,4,4,4,2,4
CAN-0QQFFT9BCX,2,3,3,2,2,1
CAN-EKYX4BISP5,2,2,3,3,2,0
CAN-2Z7MIVJE5O,3,1,2,3,2,1
CAN-4M11MPT2J6,3,3,4,3,1,2
CAN-U1FVKELSO2,3,3,3,3,2,1
CAN-5RPOBG0T1Y,2,3,3,3,2,1
CAN-702WVL9DB2,3,3,3,3,2,1
CAN-PP9TLV3EBY,3,4,4,3,2,2
CAN-E5A079EA5M,3,3,3,2,2,2
CAN-2X6QQZHN1J,2,3,3,3,2,1
CAN-71V5XJPMGC,2,2,3,2,2,1
CAN-0ENVXJG4A2,3,3,3,3,2,2
CAN-TPWKUTGS5M,3,3,3,3,1,2
CAN-SU4AVO68Z7,2,3,3,3,2,2
CAN-6C0CHD1P4D,3,3,3,2,2,2
CAN-4QDURO0LM0,2,2,3,3,2,1
CAN-4S8HDMWHG3,3,3,3,3,2,2
CAN-9UTQNQPVRM,3,2,3,3,2,2
CAN-RJVYF8NNQG,3,3,3,2,2,1
CAN-QHSZYBRWD4,3,3,3,3,2,1
CAN-PDGLT2L305,3,3,3,3,2,1
CAN-FF4F9Q4DUT,3,3,3,2,3,1
CAN-3KHQ6CPBXP,3,3,3,3,2,1
CAN-GLQ2GSAO6C,3,3,3,3,1,2
CAN-APKGODCK3C,3,3,3,3,2,1
CAN-JRXEHPHB0I,3,3,3,3,2,1
CAN-XD4IVILTS4,3,3,3,1,2,1
CAN-G25O4CIAKC,3,3,3,2,2,1
CAN-6E3VER7YN2,3,2,3,3,2,2
CAN-2ZH04YIRJU,2,3,2,3,2,1
CAN-GESFAESSBO,3,3,3,1,1,0
CAN-OZGC6FWCOD,3,2,3,3,2,2
CAN-86OU5SX3ED,2,3,3,3,2,1
CAN-9VPEYKLVWM,3,2,3,3,2,1
CAN-UZ022PKYQM,3,3,3,3,2,2
CAN-T8GW0ZYFFO,3,3,3,3,2,1
CAN-R8R5RVKOO8,3,3,3,3,2,0
CAN-V06M1QXRN4,3,3,3,3,2,2
CAN-CI8IWRN8TN,3,3,3,3,1,2
CAN-DVXLDYJQEJ,5,5,3,5,4,1
CAN-UCW3TBD2AS,2,3,2,1,2,1
CAN-BN7PPRO7KK,2,3,3,2,2,1
CAN-ZYQ9SM23FY,3,3,3,3,2,2
CAN-XEQJB33W9Q,3,3,3,2,2,1
CAN-WAPSK63Y06,3,3,3,3,2,1
CAN-0EP8U1FCKC,2,2,3,4,2,0
CAN-2C4JAVHXFB,3,3,3,3,2,2
CAN-RS9Y4TJH1E,3,1,3,3,1,0
CAN-NDPHWQYZJL,2,3,3,3,2,0
CAN-TEX6JCF1MT,2,3,3,1,1,1
CAN-2XWXC2WJA9,2,3,3,3,2,1
CAN-0ET1J76KCP,2,3,3,3,2,0
CAN-BASIUT0WLI,3,3,3,2,2,2
CAN-H86XQH8B6B,3,3,3,3,2,1
CAN-0RQY2RDGS6,3,3,3,3,2,1
CAN-MSE2R4E921,3,3,3,3,2,1
CAN-9OJSC87JVA,3,3,3,3,2,2
CAN-7G30TL65V9,3,3,3,3,2,1
CAN-DQY1LAYRQI,2,3,4,3,2,1
CAN-PKOGLDIDJ8,3,3,3,3,2,2
CAN-23HKO8425T,3,2,2,2,2,0
CAN-AQ3GE5DGOI,3,3,3,3,2,1
CAN-U8L818YEOW,3,3,3,3,1,1
CAN-OIOGVRZDPG,2,3,3,3,2,1
CAN-PO8KXVZVON,2,2,3,2,2,1
CAN-E706UULU5K,3,3,3,3,2,2
CAN-6T1QRJ16WS,2,2,3,3,2,2
CAN-GB4KPEMIHC,3,3,3,3,2,2
CAN-W8Q0QD2D7K,2,3,3,3,1,1
CAN-55O2FJ7WJG,3,3,3,3,2,2
CAN-NGXKQW1LS3,3,3,3,2,2,1
CAN-KJNPV99W7N,3,3,4,3,2,2
CAN-P2II2F1Z6E,3,3,3,2,2,1
CAN-MX3Y9ZBK8M,3,3,3,3,2,1
CAN-PMUJKOQEG6,3,2,3,2,2,2
CAN-YUW804NEJY,3,3,3,2,2,2
CAN-QBUCXXJ570,3,3,3,2,1,0
CAN-FRLPC7XRJU,2,3,2,3,2,0
CAN-E713GBA06C,4,3,3,3,2,2
CAN-N0JVL56W6A,3,3,3,2,2,1
CAN-W5T9TRWHCX,3,3,3,3,2,1
CAN-R4QOOETNM0,3,3,3,3,2,1
CAN-I45A68RZ2D,3,2,3,1,2,1
CAN-FD88OKGH5N,2,3,3,3,2,2
CAN-T2NPR2E1L4,3,3,3,3,2,2
CAN-EN59LYQ7PQ,1,2,3,4,2,1
CAN-FIKSS82N7X,3,3,3,2,2,0
CAN-ELDKXM4DYG,2,3,3,3,1,1
CAN-N11GRVCFVR,3,2,3,3,2,2
CAN-ESMTWX163G,2,3,3,2,2,2
CAN-2A3FRHZQH1,3,3,3,3,1,2
CAN-15X5ISTFA5,2,3,3,3,2,2
CAN-TRKU25S61C,3,3,3,3,2,1
CAN-AEX2SH9ZKL,3,2,3,3,2,2
CAN-D8XJBNP7G8,0,0,3,0,0,0
CAN-UYDWYUMTKU,1,3,3,3,2,0
CAN-302U311POI,3,3,3,3,2,1
CAN-3SUV0RURZJ,3,3,3,3,1,1
CAN-H9HB9MIQPA,4,3,3,3,2,2
CAN-7WG5TPNH6Q,4,3,3,3,1,1
CAN-FZH8WA8TK8,3,3,3,3,2,1
CAN-9RMBTW3406,2,3,3,3,2,1
CAN-L8AJ9H4EPE,3,2,3,3,2,2
CAN-WBBC9HUHMK,3,2,2,3,2,2
CAN-9XVB3GF0XZ,2,3,3,3,2,0
CAN-YOAQDUQXSU,4,4,4,5,2,2
CAN-QIL1K27B76,3,3,2,3,2,1
CAN-WRLDM6PGBO,1,2,2,2,2,1
CAN-VSVTYZ5S8A,3,3,3,2,2,1
CAN-WPBNW430IU,3,2,3,2,2,2
CAN-D19E2L1EO4,3,2,3,3,2,1
CAN-XDERO8YLBH,3,3,3,3,2,2
CAN-KNT306TVHY,2,2,3,3,2,2
CAN-R1JUP4KFTV,2,3,3,3,2,1
CAN-NY90FLDC12,5,3,5,3,2,2
CAN-RC6IFI4UN6,3,2,3,2,1,1
CAN-7EN2NEOUZN,3,3,3,3,2,1
CAN-A03CAMEVNB,3,2,3,3,3,2
CAN-O5YFRL6VUF,3,2,3,3,2,1
CAN-5MZNTPCHXM,3,3,3,1,2,1
CAN-W8PKB5030C,3,3,3,3,2,2
CAN-4ZX3SEN0YH,3,4,3,3,2,3
CAN-7KPS3SR11O,3,3,3,3,2,1
CAN-HOR3D3QUBE,3,3,3,3,2,2
CAN-GN1HMFRH87,1,0,3,0,0,0
CAN-F4592MMHKV,0,0,2,0,0,0
CAN-2RERQ8Y4VG,3,3,3,3,2,0
CAN-R7SZTUDSUP,2,2,3,2,2,1
CAN-0UEBJSPY26,2,2,3,3,2,1
CAN-GSVSCYQEI4,3,3,3,3,2,1
CAN-F0L1UC7HCN,3,0,3,2,2,1
CAN-8P92DU7XZB,3,3,3,1,2,2
CAN-V78V73PGRD,2,2,3,2,2,1
CAN-TOTO3VZBFD,3,1,3,2,2,1
CAN-5ZPQZHTC8T,3,3,3,1,1,2
CAN-ZQXQTHBNYO,3,3,3,3,2,1
CAN-ITJJZZL460,1,2,3,2,2,0
CAN-5UG8IFHYEX,1,3,3,3,2,2
CAN-6YKTE1O6D7,3,2,3,3,2,1
CAN-6IS9DOSTOJ,4,5,3,3,3,1
CAN-S62CZQ7I9X,0,0,3,0,0,0
CAN-5SUELQ12IG,2,3,3,3,2,2
CAN-1ABZT6I126,3,4,3,3,2,3
CAN-CXYFVCQ17M,3,3,3,3,2,2
CAN-O02GOPBNQT,3,3,3,3,2,1
CAN-2O83483NWK,3,3,3,3,2,1
CAN-AK9YAZ12NK,3,2,3,3,2,0
CAN-9GD86BGIBO,3,3,3,4,2,0
CAN-W2P5OGAGGN,1,3,3,2,1,0
CAN-0RSIG2N4QZ,3,3,3,1,2,1
CAN-G6D89WAC3H,3,3,3,2,2,2
CAN-NEM19J6EUB,2,3,3,3,2,2
CAN-Z3X8TXNF36,3,2,3,3,2,1
CAN-SME3GIX7WJ,2,3,2,3,2,0
CAN-55IVG2PGDC,3,3,3,3,2,0
CAN-WCDFRO12KY,4,3,3,2,2,1
CAN-0WJ0H6IYJU,3,2,3,3,2,1
CAN-GH3EL9T3SP,3,3,3,3,2,2
CAN-1PBVATN9TH,3,3,3,3,1,1
CAN-C4E33HYJC8,2,1,3,3,2,0
CAN-2T210M1JZZ,3,3,3,3,2,2
CAN-01573THY34,2,2,2,2,2,1
CAN-MSNJEAB1GA,3,2,4,5,2,2
CAN-VE8W42ILY4,3,3,3,3,1,2
CAN-E6X5FRLLCD,3,3,3,3,2,2
CAN-1K3S1FXQ2J,3,3,3,2,2,2
CAN-VJR25F72A2,3,2,3,3,0,1
CAN-GADRNXU6J7,3,3,3,3,2,2
CAN-R3PHPYEEK1,3,3,3,3,2,1
CAN-GEF1VJ7QX6,2,3,3,2,2,2
CAN-HLSGCN77EL,3,3,3,2,2,2
CAN-904QY0RZS5,3,2,3,3,2,0
CAN-X7U9K0AVRB,3,3,3,3,2,0
CAN-R6I2PP0I3Q,3,3,3,3,2,1
CAN-REYOR52RD0,3,2,3,2,2,1
CAN-3HBVFVOESJ,2,1,3,3,2,2
CAN-PFYXWQWRNY,3,3,3,4,2,2
CAN-NOCGXZ0PFR,3,3,3,3,2,1
CAN-W8FFG0XY8T,3,2,3,3,2,2
CAN-60KCU89ZGO,4,3,3,3,1,1
CAN-X7OAWHOL2U,2,2,3,3,2,2
CAN-Q9NOG6GBJA,3,3,3,3,2,2
CAN-PZ4MR0LYCX,3,3,3,3,2,2
CAN-HU7M4AJJ1R,3,3,3,1,2,2
CAN-0SXI0L1XFG,3,3,3,2,2,2
CAN-WQL2LYW55F,2,3,3,2,2,1
CAN-4AJMXDQYIM,3,3,3,2,2,2
CAN-PIZ6559UJG,3,2,3,2,1,1
CAN-Q2FALOAQ7B,4,4,4,4,3,1
CAN-01ZVPOCA09,3,3,3,3,1,2
CAN-D4CANR7F6E,3,3,1,3,2,1
CAN-UY6THI4SPH,2,3,3,3,2,2
CAN-DK83G1LG4K,2,3,3,2,2,0
CAN-C18XSJQ1IW,2,2,3,2,2,0
CAN-KSWKCM7OW2,3,2,2,1,2,1
CAN-69AB0PIX0H,2,3,2,2,2,2
CAN-UOGO5TW3DZ,2,3,3,3,2,1
CAN-XJEMWCC2GF,3,3,3,3,2,1
CAN-6WB8PW0RLL,4,3,5,3,2,1
CAN-TQW8UMX8FW,3,3,3,2,2,1
CAN-S1KJLDWHX0,3,3,3,4,1,1
CAN-DA8O1NRGBZ,3,3,3,3,2,1
CAN-5V4LNB0A4Q,3,3,3,3,2,1
CAN-I67MS6HT0K,3,3,3,3,2,1
CAN-CM0OXCO2W3,3,3,3,3,2,2
CAN-B4DW7RUYA1,3,3,3,3,2,2
CAN-NUYCVKLOMD,3,3,3,3,2,1
CAN-C69I5M7AQH,4,5,3,5,2,2
CAN-WCRLKEUWXO,3,3,3,3,2,1
CAN-2SVVQST011,3,3,3,3,2,1
CAN-9HU2HWGT7D,3,3,3,3,2,0
CAN-HM9HIRY6WT,2,3,3,3,2,1
CAN-91SN66S4IJ,3,2,3,3,2,0
CAN-TQA4KEQ7HB,2,3,2,2,3,2
CAN-WRGVHZT8IC,3,2,3,2,2,0
CAN-1WHDEIM45C,3,3,3,3,2,2
CAN-N7F56ROYLJ,2,3,2,3,2,2
CAN-OJ40NT3AS0,3,3,3,3,2,2
CAN-TBM03XK4I0,0,0,3,0,0,0
CAN-UX9STEBQ48,5,5,3,4,3,1
CAN-8BS8MWBUR4,2,2,3,3,2,1
CAN-CKE8GLYTTX,3,3,3,1,1,2
CAN-LLAHEZF87G,3,3,3,3,2,2
CAN-9Y63SPYKSV,3,3,3,3,1,2
CAN-TGN8Z9EO1Z,3,3,3,3,2,2
CAN-RHUNEAHLXE,3,3,3,3,2,1
CAN-83U6CYVAZX,3,2,3,2,2,0
CAN-ZNNH9C68QU,2,2,3,3,2,2
CAN-4NUJLJ33AX,2,2,3,2,2,2
CAN-188W71GE2R,3,3,3,3,2,2
CAN-REE0ZEPNMS,3,3,3,3,2,2
CAN-Z31E1KJBI7,2,3,3,3,1,1
CAN-8CXN6EUP53,3,3,3,3,2,2
CAN-9ZVUY9BNS9,3,3,3,2,2,0
CAN-VYVWN7G1M8,3,3,3,3,2,1
CAN-62RCP1AES9,2,0,3,0,0,0
CAN-4ZK05Q2AAE,2,3,3,3,2,1
CAN-8S3876COC6,3,3,3,3,3,2
CAN-LJJRDSFJM8,3,3,3,3,2,1
CAN-S5QYBKX87G,2,3,3,3,2,0
CAN-5LK0J7JVYF,3,3,3,3,1,2
CAN-M9D6QO8NKE,3,3,3,3,2,2
CAN-XR8NXC1R3H,3,2,3,3,2,1
CAN-4ON8AJRSL3,3,3,3,3,3,2
CAN-OC473FRI8I,2,3,3,2,2,2
CAN-GQWPGVSX0E,3,3,3,3,2,2
CAN-BYE258ZAKG,6,5,6,5,2,3
CAN-TTVNXU6N67,1,3,3,3,2,1
CAN-K8PJVAJSSW,3,2,3,2,2,1
CAN-GO6C65TPA1,3,3,3,3,2,1
CAN-FBU7OBN6Z2,3,3,3,3,2,2
CAN-6EYVDLVX0I,3,3,3,3,2,2
CAN-00SGGMDVUV,3,3,3,3,2,1
CAN-KRAE3A0RGU,2,3,4,2,1,2
CAN-A3NNTZGVN5,2,3,3,3,2,0
CAN-JA0RR7KV85,3,3,3,3,2,1
CAN-B7XZA5PFR7,2,3,3,3,1,2
CAN-0O7YNR30YJ,3,3,2,3,2,1
CAN-ZL1H3ZQ8JZ,3,2,3,3,1,1
CAN-IER8I6FT7O,3,2,3,3,2,1
CAN-2IN2U7OTNY,3,3,3,3,2,1
CAN-PNXDHVBEDV,3,3,3,3,2,2
CAN-HFSLJ9HHBE,3,3,3,2,1,1
CAN-ZPN6T3A8DC,1,2,3,3,1,2
CAN-1QGGT5IEPY,2,3,3,3,2,2
CAN-1TE3XKYI5E,3,3,3,2,1,1
CAN-AR2QTACJI4,2,3,3,1,2,1
CAN-IJ0BKLH45H,1,3,3,3,2,2
CAN-6ETU6EKVYE,3,3,3,3,2,1
CAN-S1NOCSV3IK,2,2,3,2,2,2
CAN-QV53WFRDLS,2,3,3,2,2,1
CAN-XNJ7967NKQ,3,3,3,3,2,1
CAN-MRM1DCGAHN,2,3,3,3,2,2
CAN-P390OD8YAM,2,3,3,2,1,1
CAN-UDSFEGZEPB,3,3,3,3,2,2
CAN-X7ZGORELT9,3,3,3,3,2,1
CAN-FBXMI70L08,3,2,3,3,2,1
CAN-YKGL27T07I,3,3,3,3,2,2
CAN-9DY5FX8E7Q,2,3,3,3,1,2
CAN-71SQSM5Y2F,3,3,3,1,0,2
CAN-VO8BICTT4J,3,3,3,3,2,0
CAN-27NF2YPVC2,2,3,3,3,2,2
CAN-MMWJVVL040,3,2,3,3,2,1
CAN-SFNYQ75JNU,2,3,3,3,1,0
CAN-BVJV6CUK4K,3,3,3,3,1,1
CAN-UMNRW25GPV,3,3,3,0,2,2
CAN-NE84D14HWH,3,3,3,2,0,2
CAN-3N781OKXEW,3,2,3,2,2,2
CAN-MC9REC5TNS,3,3,3,3,2,1
CAN-4491B2CKSM,3,3,3,2,2,2
CAN-KQD1CURX7O,3,5,3,3,1,3
CAN-GUQ5NA9YS8,2,2,3,2,2,2
CAN-OF20UJ2OFK,3,3,3,3,2,1
CAN-69RZZOH7H5,3,3,2,3,2,2
CAN-6E5NL389T2,3,3,3,3,2,2
CAN-LA7W2FTS3R,3,2,3,1,2,0
CAN-Q7HFOIN7HT,3,3,3,2,2,1
CAN-80YVARAASD,3,3,3,3,2,1
CAN-J8KNYB5QQZ,3,3,3,3,2,2
CAN-024ZEPM118,3,3,3,3,2,1
CAN-RL6ZXKYRJJ,3,3,3,3,2,1
CAN-MWULCP38WM,3,3,3,3,2,0
CAN-1DCTC1MEWH,4,3,5,3,2,2
CAN-EC4VKEHHYJ,3,3,3,1,2,1
CAN-KVH1FBZ01K,3,2,3,3,1,2
CAN-44KF0UTAED,3,2,3,3,1,2
CAN-MD5F8NKNR5,3,3,3,3,2,2
CAN-LPAWECQN84,3,3,3,3,2,2
CAN-44OOTN9878,3,1,3,3,2,2
CAN-6BPVTGFQR4,3,3,3,3,2,2
CAN-IXZ99JN3H4,2,2,3,3,1,1
CAN-P90UIF1E15,3,3,3,3,2,2
CAN-OOX8LDS2ET,3,3,3,3,2,1
CAN-325ZQ4BDFA,3,2,3,3,2,2
CAN-Q2A5QXGT3V,3,3,3,3,1,1
CAN-DOY2ZIZAE3,3,2,3,2,2,2
CAN-4WKKG9F9XU,2,3,3,3,2,2
CAN-Q67MV3XFKF,3,4,3,2,2,2
CAN-XEQ6GE3UZ1,3,2,3,3,2,1
CAN-87JCG0GFT6,2,3,3,3,2,1
CAN-DSH7I2P04G,3,3,3,2,2,0
CAN-DJS9A3S47M,2,3,3,3,2,2
CAN-OXEHBXX1CL,5,6,4,4,3,2
CAN-39ELD6TO38,3,3,3,2,2,1
CAN-RY0UNTUQRE,3,3,3,2,1,1
CAN-A3GCADJD6U,3,3,3,3,2,1
CAN-SRR41WJLJ9,3,2,2,3,2,0
CAN-WX4YUNLO8S,3,3,3,3,1,2
CAN-023K2PZYTW,2,3,3,3,2,2
CAN-87J1RRSLWY,3,3,3,3,2,2
CAN-LDCRGO1WZE,3,3,3,3,2,2
CAN-G2OREXF9WE,1,3,3,3,2,1
CAN-GHNU3IMYLI,3,3,3,3,2,2
CAN-BN7N91WZ8J,3,3,4,2,2,0
CAN-G708NR4TSA,3,3,3,3,1,2
CAN-E4BMW2GXX9,3,3,3,2,2,2
CAN-3C5K78PJ0C,3,3,4,3,2,1
CAN-0S4A7J96GJ,2,3,3,3,2,2
CAN-HAA6QCQ6FA,3,2,3,3,2,1
CAN-6Q2N4ONPXP,3,3,3,3,1,1
CAN-IVYGYPQAS9,3,3,3,3,2,0
CAN-SLHAZM0IJ6,3,2,3,3,2,2
CAN-QGTFFYS604,2,2,3,3,2,1
CAN-OFNB9G5MRA,3,3,3,3,2,1
CAN-TXPR0X1C6U,3,2,3,3,2,1
CAN-V9HG28LN36,3,3,3,3,2,1
CAN-ZHU05E4HTZ,3,3,3,3,2,2
CAN-W2PTN1GZOP,3,0,2,4,2,2
CAN-3NULM33NVC,1,1,3,3,2,1
CAN-GEARSTAT1G,2,2,3,3,2,0
CAN-0XQS1B5TL5,2,3,3,3,2,2
CAN-OSQQ41LVLL,5,3,3,3,0,2
CAN-OOXZBVHAL4,3,3,3,3,2,0
CAN-NRNNT43EGY,3,3,3,3,2,2
CAN-P2CME4IL0K,3,3,3,3,2,0
CAN-JE9HSN1R3X,3,3,3,3,3,2
CAN-QCQLTNKON8,3,3,2,2,2,2
CAN-C3YTFNCM0R,2,3,3,2,2,2
CAN-PKGQ5GM6ZN,3,2,3,3,2,2
CAN-80R6RHSOIR,2,3,3,3,2,1
CAN-3QXSTPQFDP,3,3,3,3,1,1
CAN-SRDFTO65MQ,1,3,3,3,2,2
CAN-RQFEBZ3BL0,3,3,3,2,2,1
CAN-AVDI7GEPIP,3,2,2,2,1,1
CAN-VBS3TIB5AH,3,3,3,3,1,1
CAN-V1Z8GZ17WH,1,3,3,3,1,1
CAN-JQMD26UX4S,3,3,3,3,1,2
CAN-SMKHC3KDX3,2,3,3,2,2,1
CAN-MZ7JGZPGP6,3,2,3,3,2,1
CAN-UZNZH80LFG,2,3,2,3,1,2
CAN-GSZLG9621N,3,3,3,3,2,2
CAN-CES47K7NXU,2,3,3,3,2,1
CAN-RJVRDPI7OV,3,3,2,3,2,2
CAN-LB5APSCCZX,4,3,2,3,2,1
CAN-3AXSE7MSD5,2,3,1,3,2,1
CAN-AYMBB0LFKT,3,3,3,2,2,1
CAN-DKWZ90WI4E,2,3,3,3,2,2
CAN-C5ROSP0LRK,3,2,3,3,2,1
CAN-9AG0P33CC2,1,1,3,3,2,2
CAN-0T37HLLFHH,3,3,3,3,1,2
CAN-RE45S0GOLX,2,2,3,3,2,1
CAN-SAO2QMWTAB,3,3,3,3,2,2
CAN-DHACBA2KVO,3,3,3,3,2,0
CAN-DHTP5RF2Z5,3,2,3,1,1,0
CAN-4CA19OF6K5,3,3,3,3,2,2
CAN-QHK4D2PWRF,2,2,3,3,2,0
CAN-E0SJXZSMDH,3,3,3,3,2,2
CAN-ZYQI261TPZ,3,3,3,3,2,2
CAN-ZKUA77I6ZT,3,2,3,3,2,2
CAN-KNXVKLTHE3,2,1,3,3,2,2
CAN-YBQ86ITQOK,3,3,3,3,2,1
CAN-NLSUCGHWV2,3,3,3,3,2,1
CAN-T82XGQATGH,3,3,3,3,2,3
CAN-VGGCOWTNOX,2,3,3,3,2,2
CAN-18MIPBQEEX,3,3,3,3,1,0
CAN-I7HG333O0N,2,3,3,3,3,2
CAN-OIHHKLND3F,3,3,3,3,2,2
CAN-YGWAL6CGCM,3,3,3,3,2,1
CAN-8N7EQEMFMV,0,0,3,0,0,0
CAN-SQ3HLP018M,3,3,3,3,2,1
CAN-PKJFJRUS4M,3,3,2,3,2,1
CAN-2ENASWJGOS,3,3,3,3,2,1
CAN-W6QN8NX2D1,3,3,3,3,2,2
CAN-8J6JA8KMAA,3,3,3,3,2,2
CAN-RXMAVWBHOH,3,3,3,3,2,2
CAN-AQQ3ARLPH7,3,3,3,3,2,2
CAN-FHY5I36N8J,2,3,3,3,2,1
CAN-YHZCBH7YRY,2,3,3,3,1,2
CAN-82GKTKOUPN,2,1,3,3,2,1
CAN-4NXJUNPR97,3,2,3,1,2,2
CAN-06HDHSG91O,3,3,3,2,1,0
CAN-2Z8HO1CDSY,3,2,3,3,2,2
CAN-4EWN479A1I,2,3,3,3,1,1
CAN-R43Z7UGR25,3,3,3,3,2,1
CAN-SLYUY3MXKX,3,2,3,3,2,2
CAN-91H2TXBF40,3,3,3,3,1,1
CAN-TEHDXFCX4A,3,3,3,3,2,0
CAN-U9WKJZ8PN1,3,3,3,3,2,1
CAN-DAOMH9YK54,3,3,3,3,2,2
CAN-0RBH4YE9W0,3,3,3,2,0,0
CAN-MNJCZTUCGT,3,3,3,2,2,2
CAN-6ZXU72QHSX,3,2,3,2,2,2
CAN-FRBLNHBG78,2,2,3,3,2,0
CAN-NNXRCXEOCM,3,3,3,3,1,1
CAN-LJ51YE651H,2,3,3,3,2,2
CAN-7LKKJISUJL,2,3,3,2,2,1
CAN-JSTIVHL1Y3,3,3,3,3,2,2
CAN-YQ0UA1L1YZ,3,3,3,4,2,2
CAN-W2GE8LAVFR,1,3,3,2,2,1
CAN-4RMIY2KOJQ,3,3,3,3,2,2
CAN-9MRWGBCYTL,3,2,3,2,1,1
CAN-H5NDIB2XSG,4,5,3,4,2,3
CAN-8VJF5EH6J7,2,3,3,3,1,1
CAN-OS7XHDC6PK,2,3,3,3,2,2
CAN-ODG9RJSNOX,1,1,3,3,2,0
CAN-ZAM4T0I2HY,3,3,3,3,2,0
CAN-DKH9JB95G0,3,3,3,3,2,2
CAN-5LTDDZMFZZ,2,3,3,3,1,1
CAN-4P0WI9XJ4Z,3,3,3,3,2,2
CAN-UKQUKTAD16,3,3,3,1,2,1
CAN-0PZXKRUKK7,3,2,3,1,2,0
CAN-B3YI16CTEZ,4,4,3,5,2,2
CAN-CHMREDS3HH,2,2,3,2,1,2
CAN-9BO5BHO630,2,3,3,3,1,2
CAN-IZKXJ7CR5I,3,3,3,3,2,2
CAN-GQJDXK0JNT,2,3,3,3,2,1
CAN-KC4RGAL7TQ,3,3,3,2,2,2
CAN-TL3Z1HVWRF,3,3,3,3,2,2
CAN-73QPW8ZPZ9,3,3,3,3,0,1
CAN-BXD2IO2NKB,3,3,3,3,2,1
CAN-RWGFIDLUD7,2,3,3,3,2,1
CAN-3SMTFRSJ2M,3,3,3,3,2,1
CAN-78OEAI6U34,3,3,3,3,2,2
CAN-66U7VZBHSO,3,3,3,3,1,1
CAN-QHKMFZ53PU,2,3,3,1,1,1
CAN-9Y0SUKEXCB,3,3,3,3,2,2
CAN-38WO4TVZ7L,3,2,3,2,2,1
CAN-6X8YZ01QHM,3,3,3,3,2,1
CAN-767AB0O0P4,3,3,3,3,3,2
CAN-USL1HX6YC4,3,3,2,3,2,2
CAN-LTMC810G0H,3,3,3,2,2,2
CAN-PHZBRZUO06,3,3,3,3,2,2
CAN-N7F1TKGUOE,3,3,3,3,2,2
CAN-U598Z5XDDL,3,3,3,2,2,1
CAN-7EMIBXINM3,2,2,3,3,2,1
CAN-NHMJBRK932,3,3,3,3,2,1
CAN-IFIZCREAJR,3,2,3,3,2,1
CAN-1X57WHN0J7,2,3,3,2,2,2
CAN-CLEUNC19DV,3,4,4,4,2,3
CAN-M0KKA58DHR,2,3,3,3,2,1
CAN-9ZM7HL9Y5G,3,3,3,3,2,1
CAN-RMRHOO4AUP,3,3,3,3,2,1
CAN-6AN0QBDOF5,2,3,3,3,2,2
CAN-2MPURR6EKX,3,3,3,2,2,1
CAN-EE7Z5EEB5J,3,1,3,2,2,1
CAN-HVCNGYMXX3,3,3,3,3,2,2
CAN-KD1ZF7S9U7,3,3,3,2,2,1
CAN-UXDVA5TLO4,3,2,3,3,2,1
CAN-N0S7XJHDKS,3,3,3,3,2,0
CAN-UIQ0IZZH3U,3,3,3,3,2,1
CAN-EI501ASQX7,3,3,3,1,2,1
CAN-QD4LR7DKFT,2,3,3,2,2,2
CAN-AKU6LOCB4L,2,3,3,3,2,1
CAN-1YKTMWTQCO,3,3,3,2,2,2
CAN-IM7Q60R0U2,3,3,3,3,2,1
CAN-LESLCQVDHO,3,3,3,3,2,2
CAN-7QHRLRPSQX,3,3,3,3,2,1
CAN-XJ1Q28S4KZ,3,3,3,3,2,2
CAN-IZBR0LM8U7,3,3,3,3,2,2
CAN-7UAP7EYHSC,2,3,3,2,2,2
CAN-RLGQPMGSSE,2,3,2,3,2,1
CAN-4IC24CXPO1,3,3,3,3,2,2
CAN-EHXPPTLQBY,3,3,3,2,2,1
CAN-6VI2U35ZD4,3,2,3,2,2,2
CAN-64QJVOVETZ,3,3,3,3,2,2
CAN-3PXA1B9HYM,3,3,3,3,2,1
CAN-IIX700I4WV,1,3,3,2,2,2
CAN-191AK2QVOK,3,2,3,3,2,0
CAN-THQMCSBJ89,3,3,3,2,2,0
CAN-O5Y5AVCZGN,2,3,3,2,2,0
CAN-D5U7ROV0X8,3,3,3,3,2,2
CAN-468C4VLST0,3,1,3,3,1,2
CAN-KWRZVTLL63,5,6,4,9,4,1
CAN-WVB7HERXFT,3,3,3,3,1,1
CAN-SKINZQ1AJ4,3,2,3,2,2,2
CAN-JTDKT4H63Z,2,2,2,3,2,2
CAN-BKQVJ8VXWH,3,3,3,2,2,1
CAN-DTR3CPHUK6,3,3,5,5,3,1
CAN-5BA176WYPD,3,3,3,3,2,2
CAN-XZGSF8B3JV,3,3,2,3,2,0
CAN-SC9DO8W5J5,3,3,3,3,2,0
CAN-ZQP7E8HER3,3,3,3,3,2,2
CAN-I0MWENXOTY,3,3,3,3,2,1
CAN-1UYPENWMGJ,3,3,3,3,2,2
CAN-UZDR02LKO1,3,3,3,3,2,2
CAN-FSZ8NOV16A,3,3,3,4,2,2
CAN-GOD7UJF6M7,3,3,3,3,2,1
CAN-KDEEVPDOW9,3,2,3,3,2,1
CAN-Q5C78MTOOK,1,3,3,3,1,2
CAN-CDUMETTYPE,2,2,3,3,0,1
CAN-PY89UC3J9T,3,3,3,3,2,2
CAN-20EOQMNOQ2,2,3,3,2,2,1
CAN-EVA29FK9F6,3,3,3,3,2,2
CAN-CXGA8U0F7G,3,3,3,3,2,2
CAN-DNSY0NQXQH,3,4,3,4,3,2
CAN-2WCUYCZLGC,3,3,3,3,2,2
CAN-04SQTTD9C3,3,5,3,3,2,2
CAN-MQ59SS7DOP,1,3,3,2,2,2
CAN-LMK4SQJNJB,2,2,3,3,1,0
CAN-WI4UCHZOFT,3,3,3,2,1,1
CAN-P12X743686,2,2,3,3,2,2
CAN-BTYY7ZLQ56,3,2,2,3,1,2
CAN-P6X9R03Q3J,2,3,3,3,2,1
CAN-IPNCJDZ54T,4,5,5,4,2,1
CAN-ITN999KEYC,2,2,3,3,2,0
CAN-UDK39RGD1W,2,3,3,2,2,2
CAN-ND8LO91L47,3,3,3,2,2,2
CAN-J5N3D4T4GN,3,3,3,3,2,2
CAN-4951V75Y38,2,3,3,3,2,1
CAN-5928K7ZDBG,0,0,3,1,1,0
CAN-PNX3SD831X,3,3,3,3,2,1
CAN-CEQB0QKOX2,3,3,3,3,0,2
CAN-DS3DK6RXD1,3,2,3,3,2,1
CAN-K2LJANBL89,3,3,3,3,2,1
CAN-03SOA50706,3,3,3,3,2,2
CAN-M7WUVR4LA6,3,3,3,3,2,1
CAN-OPHJC7Q0NP,3,3,3,3,2,1
CAN-68RVPSB5WA,3,3,3,3,2,1
CAN-ZC367U8MCT,0,0,3,0,0,0
CAN-CHWXWJI5I6,3,3,3,4,2,0
CAN-HZ0V5WKKFN,3,2,3,3,2,1
CAN-7BXEXQ142K,3,3,3,3,2,2
CAN-0VNHM5QMG1,3,3,3,3,2,2
CAN-V5CLVQ5YL4,3,2,3,3,2,1
CAN-DZXMWXLD7O,3,3,3,3,2,0
CAN-UB75DH9C1J,3,3,3,3,2,2
CAN-HNA0DO02SK,1,3,3,3,2,1
CAN-YSEBEYWZT7,2,2,3,3,2,1
CAN-E1X8L2KGLL,3,3,4,3,2,2
CAN-ZQGQIM53MG,3,1,3,2,2,1
CAN-L5Y66INP2I,4,3,3,3,1,1
CAN-POYYFBJ4HM,2,3,3,3,1,1
CAN-ZKFSI428I3,2,3,2,3,1,1
CAN-ZHYA5MZ4DS,3,2,3,3,2,1
CAN-J22ZL5BNJV,2,2,3,3,2,2
CAN-7YA3H4Q327,3,3,3,3,2,2
CAN-8QN7S36U8X,3,3,3,3,2,2
CAN-BX0OC7ZN96,3,3,3,3,2,1
CAN-53F6TXG87U,3,3,2,3,2,1
CAN-B2RFIRNQFS,2,2,3,2,1,1
CAN-P141AIPI0F,1,3,3,2,2,2
CAN-7MSAL7ODAJ,0,0,3,0,0,0
CAN-5B9F2EMO57,3,2,3,3,2,2
CAN-1JJA9ZZRUE,3,2,3,2,2,2
CAN-CE82WSAY7G,5,3,6,3,2,2
CAN-FVQJAT5IRF,2,3,3,3,2,1
CAN-VA4F1IOIT1,0,0,3,0,0,0
CAN-BLSFQOXM95,3,3,3,3,2,2
CAN-5N8Q30KU98,3,3,3,3,3,1
CAN-EYBHZ1YAKV,3,0,2,2,2,2
CAN-CDIOWHA4WJ,3,3,3,1,2,0
CAN-VRDP4TN54F,3,3,3,2,2,1
CAN-4SEI7RJMCN,3,3,3,3,2,2
CAN-SUYDBXKKJA,3,1,3,3,2,1
CAN-O6FNY4RICI,2,2,3,3,2,1
CAN-5UZ037S4KR,3,3,3,2,2,2
CAN-C23PYPW7XS,3,3,3,3,2,1
CAN-EXK9OLZABV,3,3,3,3,2,0
CAN-CKQFGKZ8ET,2,2,3,3,1,1
CAN-EA8OCHR6LT,3,2,3,3,1,1
CAN-KXX21O6CF8,3,3,3,3,1,1
CAN-IB4SZQAQOX,3,3,3,3,1,2
CAN-8MPI2D3CK7,2,2,3,3,1,1
CAN-Q7W3OZA39G,3,3,3,3,2,2
CAN-VJEUWGBQ5N,3,3,3,3,2,2
CAN-SBRPNCOJ22,2,2,3,3,2,0
CAN-Y594SDI065,3,3,3,2,2,2
CAN-MUKCB0C8Z7,2,3,3,3,2,1
CAN-SNZDPP08O7,2,2,3,3,2,1
CAN-4XSVYZ1X9D,2,3,4,2,2,0
CAN-P2R35X4LK5,3,3,3,3,2,1
CAN-VT4PWKOXUS,1,1,3,2,2,2
CAN-ZQRUMJM556,3,3,3,2,2,2
CAN-4TSWEE9R6Z,3,3,3,3,2,1
CAN-W8CTQGKT5C,3,3,3,3,2,2
CAN-463N7412VV,3,2,2,3,2,2
CAN-TKAH1QX1IS,2,2,3,2,2,0
CAN-3ZOGLNPW4J,3,3,3,5,3,0
CAN-C95PRDB8H5,2,2,4,4,2,2
CAN-FLB26FQBSY,3,2,3,3,2,1
CAN-M1JPVUR3GG,3,3,3,3,2,1
CAN-EXX9Z6P6AQ,0,0,3,0,0,0
CAN-5UNJ1IYNFC,3,3,3,3,1,2
CAN-DHYU8058GB,3,3,4,4,3,1
CAN-X990X4NTW9,3,3,3,3,2,2
CAN-BA9968EYRJ,1,3,3,3,2,0
CAN-HA8KUN0WZM,3,3,3,3,2,0
CAN-G1NNPGEIYV,4,3,3,2,2,2
CAN-QA4FHEXW5P,1,3,3,3,1,2
CAN-3I19ZP36I9,2,3,3,3,0,1
CAN-CCPFH831H8,0,0,3,0,0,0
CAN-68JO2AOOLN,3,3,3,3,2,2
CAN-WMYE9H5KHU,1,3,3,3,2,2
CAN-FJX07HR7GV,3,3,3,2,2,2
CAN-6JU6IV3QWZ,3,4,3,3,2,1
CAN-P5HUGFHPXJ,3,3,3,3,2,1
CAN-B5T6J9IGVO,3,2,3,3,2,2
CAN-EP1FWWYT5L,3,3,3,3,2,1
CAN-493M7TF4O0,3,3,3,3,2,1
CAN-BQFZRQIAAC,3,3,3,3,2,1
CAN-MZZ4FPINN4,3,2,3,3,1,1
CAN-4EREBM89SL,2,3,3,3,2,2
CAN-ZI8FNVSFG9,2,3,2,3,2,1
CAN-S5VDYLAEZ3,3,3,3,3,1,2
CAN-BMST5F8TX8,1,3,3,3,1,2
CAN-YHMC9LWJOV,3,3,3,3,2,2
CAN-L6R3TUW2QX,3,2,3,3,2,2
CAN-Q099X4BO4W,0,0,3,0,0,0
CAN-MD9OOYLNOO,1,1,2,3,1,2
CAN-8IJW1MUR9P,3,3,3,3,2,2
CAN-GIKP6V7M7W,3,3,3,3,2,2
CAN-8LJDSFU9PS,4,4,3,6,2,1
CAN-Z1XYM6FTX3,3,2,3,1,2,0
CAN-VK34SEX2CP,3,3,3,2,1,1
CAN-OFFUH6YKHG,3,2,3,3,2,1
CAN-YDM0XP1HOH,3,2,3,3,1,1
CAN-7O5QHIAXWO,3,3,3,2,1,2
CAN-Q1QZ554X7K,3,2,3,3,1,0
CAN-BH3C6IEB8I,3,3,3,3,2,1
CAN-39Y9G72MIO,3,3,3,2,2,1
CAN-XYOU56EHKP,2,3,3,3,2,1
CAN-ZZBODF5P74,3,2,3,2,2,1
CAN-U9V638WTS5,2,3,3,1,2,2
CAN-MUQIMQ5D1W,3,3,3,3,2,2
CAN-M6EOIY5QR1,3,1,3,3,2,1
CAN-G5QOBJADAS,2,2,3,2,2,1
CAN-NI2190BIK3,2,3,3,3,2,0
CAN-RZP4Y2YPY2,3,3,2,3,2,2
CAN-7P7GGNUJLZ,3,3,3,3,2,1
CAN-4FSR514EX8,1,3,3,2,3,1
CAN-4QG0NXTNEU,3,3,3,2,2,1
CAN-08I548WZVQ,3,1,3,3,1,1
CAN-M0FPZGY05U,0,0,3,0,0,0
CAN-YPS1S4FRAH,2,3,3,3,2,2
CAN-SX82R8VFCO,3,3,3,3,2,1
CAN-XTFSGNKYEM,3,3,3,3,2,1
CAN-4HICC8FK63,3,3,3,3,2,2
CAN-7TLBQ8K0L3,3,3,3,3,2,1
CAN-TG9ECGCP2M,3,3,3,3,2,2
CAN-B9R2FOX4MV,3,3,3,3,2,1
CAN-4754JHPR3Z,3,2,3,3,2,1
CAN-4AYFJM3KCE,3,3,3,3,2,1
CAN-N2CZ5H2W7Y,3,2,3,3,2,2
CAN-KQZ2JVJKY3,3,3,3,3,2,1
CAN-OI7Y8309H8,3,3,3,3,1,2
CAN-KUIMVZZ9C4,3,3,3,3,2,2
CAN-E4AV35AF7X,3,3,3,3,2,0
CAN-E96N5QGL48,3,4,3,3,2,2
CAN-B8OURXY71O,3,3,3,3,2,1
CAN-PJBMPMNOXN,2,3,3,2,2,2
CAN-XIKPC3W8XH,3,3,3,3,2,2
CAN-T0KAN3IE40,3,2,3,3,2,1
CAN-C54BX2D2N3,3,3,3,3,2,2
CAN-8EFKUGHZJW,3,3,3,3,2,1
CAN-6E6Z3F7KZS,3,3,3,2,2,1
CAN-C00XAYLQRE,3,3,3,3,2,1
CAN-94H9TFE09J,3,3,3,3,2,1
CAN-7I4DIAKHA3,4,3,3,4,2,2
CAN-CZNZTU9LN0,3,3,3,3,2,1
CAN-UBYZ2HSLZ8,3,3,3,3,2,0
CAN-P3LIB0M6CA,3,2,3,3,2,2
CAN-NP1DVS65FI,3,3,3,3,2,1
CAN-KN0YR2W6DY,2,3,3,3,1,2
CAN-VLDOTWHZ72,4,3,3,3,2,0
CAN-9HGPPO8VK9,2,3,3,2,2,1
CAN-DQ6CCCNC9B,3,2,3,3,1,2
CAN-MI9658LO33,2,2,3,3,2,2
CAN-LOY4EG7JVO,3,3,3,3,2,2
CAN-VHIKNB9D6O,3,3,3,3,2,2
CAN-W2JA2WHHLC,3,3,3,3,2,2
CAN-EWKFW3G3YD,3,2,3,2,2,2
CAN-S70VFD5RJ9,3,3,3,3,1,1
CAN-RLM80ZR4SR,2,3,2,0,2,1
CAN-9TE4LPXO9V,3,2,3,2,3,0
CAN-4RPJS1TU0D,3,3,3,3,1,1
CAN-U5IW92PZQZ,3,2,3,3,2,1
CAN-PSOTRQ8HIC,3,3,3,3,2,2
CAN-IXZ0W1W113,3,3,3,3,2,2
CAN-2XDKWKDU35,3,3,3,3,2,1
CAN-5OIDAL39XH,3,3,3,3,2,1
CAN-KHR2ITWJSV,3,3,3,2,2,2
CAN-GRJR9C5WAY,3,3,3,3,2,1
CAN-5C50EACRR3,3,2,3,3,2,1
CAN-IK2I1HEG4B,3,3,3,3,1,0
CAN-BRVMEX6J8R,3,3,3,3,2,1
CAN-NHDWSPO90V,2,2,3,2,2,2
CAN-WFWNS23EL8,3,2,3,3,2,2
CAN-3MXQR9X99B,2,2,3,3,1,1
CAN-L9WQRHU380,2,2,3,3,1,1
CAN-FJI6JJTTAJ,4,3,3,2,2,2
CAN-1HJQC7LHQJ,3,3,3,3,2,2
CAN-AJGPOSHAUL,3,3,3,3,2,2
CAN-Z2MP6FSNTO,2,3,3,2,2,1
CAN-28QXF0251N,4,3,4,3,2,2
CAN-FW7AEBF55M,2,3,3,3,2,2
CAN-3HYBXJBK9F,2,3,3,3,2,1
CAN-O098E48ZL9,2,3,3,3,2,1
CAN-Y1OBRPKBUJ,3,3,3,3,1,2
CAN-EAG2VJ7SCH,3,3,3,3,2,1
CAN-F5FTXI14SI,2,3,3,3,2,1
CAN-EKO77T8X3J,3,3,3,3,2,1
CAN-TH1L492HE7,3,3,3,3,2,0
CAN-7ME6E9EG8H,3,3,3,3,2,1
CAN-XHDMCV8TAH,3,3,3,3,2,2
CAN-UVMALAUZ5A,3,2,3,3,2,1
CAN-GPY0O7Y79A,2,3,3,3,2,2
CAN-KP9IH5FGOF,0,0,3,0,0,0
CAN-20Q9P9UWZK,3,3,3,3,2,1
CAN-F59TLJREYQ,3,3,3,3,2,2
CAN-G9UV8L4U9M,3,3,3,3,1,2
CAN-5FS2TEEKVR,3,3,3,1,2,2
CAN-G2XRL3HJX7,3,3,3,3,1,0
CAN-LQJHX64ZP1,3,3,3,3,2,1
CAN-RXZL7WKFG1,3,3,3,3,2,2
CAN-1S9ZODBUSE,2,2,3,3,1,2
CAN-PFW37NGM9O,3,3,2,2,2,1
CAN-JVVZB6IK74,2,3,3,3,2,2
CAN-O4QKRRB1P0,2,2,3,3,2,1
CAN-HFLQ18D5EU,3,3,3,2,2,0
CAN-TP0U52QRJJ,3,3,3,3,2,2
CAN-Q5QBVUVFIY,3,3,3,3,2,2
CAN-OYCB46ADXV,3,2,3,2,2,2
CAN-CWTVXD4NML,3,3,2,3,1,1
CAN-6DGJLRN33G,2,3,3,3,1,2
CAN-LE4PH0OIRB,2,2,3,3,2,1
CAN-EDQ4LL1DEP,3,3,3,3,2,2
CAN-K371YPCQAZ,2,3,3,3,2,1
CAN-G7DVI8G607,3,3,3,3,1,2
CAN-WLU5F6JEA3,2,2,3,2,2,1
CAN-EDSQLFQLX0,3,3,3,2,2,1
CAN-ETX2T2LD50,3,3,3,3,1,2
CAN-DAG2ZP216Z,3,3,3,1,2,2
CAN-Y2K2KIZM5D,3,3,3,3,2,1
CAN-SMZF6SAFLE,3,1,3,3,2,1
CAN-7JP5EB1NR9,2,3,3,3,2,1
CAN-F8HIMWU38Y,3,4,4,5,3,2
CAN-T04Y3NIJ11,0,0,3,0,0,0
CAN-YSQVB7UBFI,3,3,3,3,2,1
CAN-KL48FKV7B6,2,3,3,2,2,2
CAN-EY5UH24ZIZ,3,3,3,2,2,2
CAN-D3K5TIG6NI,3,3,3,3,2,2
CAN-81ST6CBRQE,2,3,3,2,2,2
CAN-0HHCULE1IV,3,3,3,3,2,1
CAN-GPNG8AQ7JG,3,1,3,3,2,0
CAN-0D7VA4K26O,3,3,3,3,2,1
CAN-0Z95UTNSZE,3,3,3,3,2,1
CAN-0M704YUXTY,3,3,3,3,2,1
CAN-YQ196XZHYT,3,3,3,2,1,2
CAN-OSUCLB2WQB,3,5,3,3,3,2
CAN-1C6P5FF0U9,2,2,3,3,1,1
CAN-JKVUZJ6ROL,2,3,2,1,1,2
CAN-TVN609XVIB,3,3,3,3,2,2
CAN-AK1DWU3S38,4,3,3,3,2,2
CAN-JLSZY5O0CW,2,2,3,2,2,1
CAN-101NZX2K6K,2,3,3,3,2,2
CAN-GNXJG1L07X,3,3,3,3,2,1
CAN-K6ATEXQK6E,3,2,3,3,2,2
CAN-IKB5J25EX1,3,3,3,3,1,2
CAN-CHXU9PJU30,3,3,3,3,2,1
CAN-ER0SWSE0DY,3,3,3,3,3,2
CAN-PXDZRFGMBQ,3,2,3,3,2,2
CAN-PT6H7E6JBR,2,3,3,3,2,1
CAN-RM72P1AY1F,2,3,4,3,2,2
CAN-MPMTNOXL6K,3,3,3,3,2,2
CAN-FBG6T3EWW3,3,3,3,2,2,2
CAN-7SN8KZZC19,3,2,2,2,2,2
CAN-ICVRQI44V7,3,3,3,2,2,1
CAN-NWPYH6RV8Y,3,3,3,3,2,2
CAN-QTUG4ZE74G,5,6,7,4,2,2
CAN-4VU4G9CK8U,2,3,3,3,2,1
CAN-UM6KH2J56W,3,3,3,3,2,1
CAN-LPVVPGEK2U,3,3,3,3,2,2
CAN-NMG5XNFDK7,3,3,3,4,2,2
CAN-6HK6LMZ9RN,3,3,3,2,2,1
CAN-717KG763D2,3,2,3,3,2,1
CAN-Z5G1XWL6A7,3,3,3,3,2,2
CAN-VOU3DWZR8U,3,3,3,3,1,1
CAN-61Q30HP4T8,3,3,3,3,2,1
CAN-24DRYFLFSP,2,3,3,3,2,0
CAN-SVUO26MO48,2,3,3,3,2,2
CAN-KSLCEO3XDO,3,1,3,2,1,1
CAN-JYCP5CZAR9,3,2,3,2,2,0
CAN-GB2T39RVNA,3,3,3,2,2,1
CAN-4EI74QB4EV,2,3,2,3,2,1
CAN-Z9LALW086G,3,3,3,3,2,1
CAN-PGANAX4MB5,2,3,3,3,2,1
CAN-P39E9X2CZ1,3,2,3,3,2,2
CAN-7VK0D0XN2I,3,2,3,3,2,0
CAN-WT1DQ8U1SB,2,2,2,3,1,2
CAN-39EU5VGB7W,2,3,3,2,1,2
CAN-JEU1MB0AE1,3,3,3,4,2,1
CAN-EUP82THN1C,2,3,3,2,2,0
CAN-X7W04QOVC5,1,3,3,2,2,1
CAN-Y6Z5WU42MK,2,3,3,3,2,2
CAN-OERY8WV1VA,3,2,2,3,1,0
CAN-4WVY12CKZK,3,3,3,3,1,2
CAN-J38GWJ2P4L,3,3,3,3,2,2
CAN-B75GVQYR63,3,3,3,3,1,1
CAN-UOZRL1V8KU,5,4,3,5,2,1
CAN-RVC9MQ8D7W,2,3,3,3,1,1
CAN-DRFEHQHZAY,3,3,3,3,2,1
CAN-5V7QQXBPSO,3,3,3,3,2,2
CAN-P8FAGKZQTB,3,3,3,3,2,1
CAN-HURR6TUWJH,2,3,3,3,2,2
CAN-OE400N8HCY,3,3,3,3,0,1
CAN-36XBVI6ZR2,3,3,2,3,2,2
CAN-SZ3V0C012V,3,3,3,3,2,1
CAN-XG3WEFJX3T,4,3,3,3,2,1
CAN-O0MJ6XWCCT,3,3,3,2,2,1
CAN-QQIGLOCTAD,3,3,3,3,2,0
CAN-DUZ48O1SL9,2,2,3,3,2,2
CAN-5Z8Z6LTVJT,3,3,3,3,2,1
CAN-KYL58CT19U,3,3,3,3,2,1
CAN-M287MNBKMH,3,3,3,3,2,2
CAN-8HUQ83QMFO,3,3,3,3,2,1
CAN-MPXVG36IT3,3,3,3,3,2,1
CAN-M5G9EHKXF0,3,3,3,3,2,1
CAN-DSFKQUJEMH,3,2,3,3,2,2
CAN-3X1D4STA0B,3,3,3,3,2,2
CAN-UYF2CTLURD,3,2,3,3,2,1
CAN-FLQ0A7IONE,3,4,3,3,2,1
CAN-DUGWFD6UA0,2,3,2,3,1,2
CAN-B3G9ADCNYJ,3,3,3,2,2,0
CAN-K70SA2K8JJ,3,3,3,3,2,0
CAN-NZISWGY005,0,0,3,0,0,0
CAN-IHSEA6JPYU,3,3,3,3,2,2
CAN-BDFTFJSJN7,2,3,3,2,1,2
CAN-TIOHJ2R33C,3,4,3,3,3,0
CAN-QW9Q3Y971O,3,3,3,3,2,2
CAN-SZOMQAMKZ2,5,3,3,3,2,3
CAN-8H9ROL2L7J,3,2,3,2,2,1
CAN-VGM2YT22AO,1,2,3,3,2,2
CAN-FWIVFK5XID,2,3,3,3,2,2
CAN-FR0ZQBG4L9,3,2,3,3,2,1
CAN-0SZ4EVNE57,2,3,3,3,2,2
CAN-O3R2XM6OGS,3,1,3,3,1,2
CAN-7W8ZYKHOZL,3,3,3,3,2,1
CAN-AN3U4SLLRC,2,3,3,3,2,0
CAN-FRL9NL404W,3,2,3,3,2,1
CAN-3WI5HE2VZ7,1,2,3,3,2,1
CAN-P2ZW987VCA,3,2,3,3,2,1
CAN-L7PT8TAUQ6,3,3,3,3,2,2
CAN-VUHXJPMYPD,3,1,3,3,2,1
CAN-946M4QNLGV,3,3,3,3,2,2
CAN-KDT6O62H2Z,4,4,6,2,2,1
CAN-SC9LJO09MG,3,2,3,3,2,1
CAN-65AOQUBO22,3,3,3,2,2,2
CAN-1FLEECHHMV,3,2,3,3,2,1
CAN-U0IRF2L3HX,3,3,3,3,1,0
CAN-F4DK63L1B0,3,3,3,3,2,2
CAN-D5V4657MXP,3,3,3,2,2,1
CAN-ICNER2EOLO,3,3,3,2,1,2
CAN-LSNZVAVVAN,3,0,3,3,2,1
CAN-INX80QOY83,3,3,3,3,2,2
CAN-VCEPE09Y2E,3,1,3,3,1,1
CAN-2OHE79VIFA,3,3,3,3,2,0
CAN-SP4YVMTLSY,2,3,2,3,0,0
CAN-0IFFZILA8Q,3,3,3,3,2,2
CAN-XJ3R6FHZ21,3,3,3,3,2,1
CAN-N7VQHUV4Y8,3,3,3,3,2,2
CAN-B0DNZEB4C3,2,2,3,2,2,2
CAN-B57TVLQM8V,3,3,3,3,2,2
CAN-K9XGKZW91Y,3,3,3,3,2,1
CAN-YKDMTNSC7N,3,3,3,4,2,0
CAN-R8RT7VQYL2,4,4,3,5,4,2
CAN-4NR48Z3FIS,4,3,5,3,2,0
CAN-IY9LV8N5H7,2,3,3,3,1,2
CAN-8S9SWAFB2H,3,3,3,3,2,2
CAN-VM23PLHPD6,2,3,3,3,2,2
CAN-PHK83P7OWS,3,3,3,3,2,1
CAN-NIGXHWYLQD,2,2,3,2,2,1
CAN-KESI8DZGLO,2,3,3,2,2,1
CAN-GRH7LLWPAW,3,3,3,3,2,1
CAN-F3REG2LH8W,3,3,3,3,2,1
CAN-30KSQ2EZS8,3,3,2,2,2,2
CAN-Z7ABOKWLUW,3,2,3,3,2,2
CAN-OC3PWLE0JA,3,2,3,2,1,2
CAN-KCK4GLBTF1,3,3,3,2,2,1
CAN-59N79QEH9T,3,3,3,3,2,1
CAN-G9Z93I7PJ1,3,2,3,3,2,1
CAN-LB0YEHOXUW,2,3,3,3,1,1
CAN-4DVMNHB8GH,3,3,3,3,2,2
CAN-29CJ1ZJ6E3,2,3,3,3,2,2
CAN-ST4UQR4WYN,3,3,3,3,2,2
CAN-MMXHM6U1Q3,3,3,3,2,2,2
CAN-VY0CLY1UJZ,3,3,4,3,2,2
CAN-A9LCSZQWDZ,2,3,3,3,1,0
CAN-3XH91S78UP,2,3,3,3,2,2
CAN-O5170NQZ2F,3,2,2,3,2,0
CAN-SB5VQQXALR,3,2,3,3,2,1
CAN-BRTEB7DL4D,3,3,3,3,2,2
CAN-305NYU6PYF,2,2,3,2,1,2
CAN-3BAGD9E68Q,4,3,3,3,2,2
CAN-TEVH0S47EZ,6,6,5,5,3,2
CAN-MC3LVDFGYG,2,1,3,3,1,2
CAN-4IVNWF7AV1,3,3,3,3,2,1
CAN-VHHXQUCF12,3,3,3,3,2,2
CAN-17F361PMOR,3,3,3,3,2,2
CAN-UYR7IBFN6T,3,2,3,3,0,2
CAN-36T3IJUVYI,4,3,3,3,2,2
CAN-KEFOERJSV3,3,2,3,3,2,0
CAN-RJZH0XKR9C,3,3,3,3,1,1
CAN-2LXBLPHHVZ,3,3,3,2,2,1
CAN-0G08P150U1,3,3,3,3,2,2
CAN-A7LZ5G3ZFY,3,2,3,3,2,0
CAN-TMWA2H8X78,2,3,1,3,2,2
CAN-7YANTYWV96,3,2,3,3,2,1
CAN-PF3S5T8DJS,3,2,3,3,2,1
CAN-YQKI7MGA97,1,3,3,3,2,2
CAN-G4Z1HE5UQK,3,3,3,2,2,1
CAN-O6O6AXS7GY,3,2,2,3,1,0
CAN-JN0QN9HSFR,2,2,3,2,2,1
CAN-O9GG1MJD80,3,2,3,3,2,2
CAN-3NJHPJ6KQL,3,3,3,3,2,2
CAN-LY6D0VIY1Q,2,3,3,3,2,2
CAN-6W04J7MBTI,2,3,3,3,1,1
CAN-5Q3KHUDI9P,3,3,3,2,1,2
CAN-9V1SQ4HPA0,3,2,3,2,2,1
CAN-QA99U96CHV,3,3,3,3,2,2
CAN-TA96DM8DBQ,3,3,3,2,2,2
CAN-1A4J597WWB,2,3,3,2,2,1
CAN-LJOWJNYP6S,3,3,3,3,2,1
CAN-BPDDMY3MQH,3,3,3,3,2,2
CAN-Y2DF5RKXTJ,3,3,3,3,1,1
CAN-3FRB076EKA,3,3,3,3,2,2
CAN-6G4KI0H7TZ,2,2,3,2,2,1
CAN-O9D28KLAEO,3,2,3,3,2,2
CAN-JTIP5LQ5HK,3,3,3,3,2,1
CAN-0MME75WQAG,3,2,3,2,1,2
CAN-J4XABY5P3O,3,3,3,2,1,1
CAN-VIK7SU2PMU,3,2,3,3,2,1
CAN-ZDS8CS2KIH,3,3,3,3,2,0
CAN-G3FI8EQZVN,1,3,3,3,2,1
CAN-ZTBIEXQH2R,3,2,3,3,2,1
CAN-GNRS12NT91,3,1,3,2,2,2
CAN-19PR3NPADK,3,4,3,2,2,1
CAN-G4CERLA65F,3,3,3,2,2,1
CAN-G8ZFLU5EAD,3,3,3,3,2,1
CAN-Q266N9BMRQ,2,3,3,3,2,1
CAN-3H5FQ2G6G9,3,3,3,3,2,0
CAN-01OY6INLR3,3,3,3,3,2,1
CAN-2PJTBJNSVO,3,2,3,3,1,1
CAN-66HW4T91JP,3,3,3,3,2,2
CAN-098EQUVCDX,2,3,3,3,2,2
CAN-N299WC79CU,3,3,3,3,2,1
CAN-EQV7Z1S2AD,3,3,3,3,2,2
CAN-N64S7AMPIP,2,3,3,3,2,1
CAN-3MIRZWS27N,3,3,3,3,2,2
CAN-2U2BRJ4KR4,3,3,3,3,2,1
CAN-ECEIYXG3SE,3,3,3,3,2,1
CAN-5TJ9R7A3M2,3,3,3,3,2,2
CAN-PN9UUJDL9V,0,0,3,0,0,0
CAN-EEEVKLFY0I,3,3,4,3,2,1
CAN-VR0GIVZOH4,3,3,3,1,1,1
CAN-T1SSDDEG5V,2,3,3,1,1,0
CAN-QPR1AWPYKH,3,3,3,3,2,1
CAN-MWVP09TERV,2,3,3,2,2,1
CAN-G4J0W7EEMW,4,4,3,3,2,1
CAN-YCF40NZVU7,2,3,5,2,2,2
CAN-J8G80IIUG8,2,3,3,3,2,2
CAN-ZLSRVTTEPI,3,3,3,2,1,1
CAN-2C8OUITUY1,3,3,3,3,2,2
CAN-8KMU55B46B,3,3,3,3,2,2
CAN-U70Q0ZWNO7,3,3,3,4,2,1
CAN-XBQ7PR0FZE,2,3,3,3,1,2
CAN-96TNNMUA4B,2,3,3,3,2,1
CAN-OBLAR7VB20,3,3,3,3,1,2
CAN-EJV67F76MM,3,3,3,3,2,2
CAN-5WXLCDU1YM,2,3,3,3,1,0
CAN-IUUFVUPHKM,2,3,3,2,2,0
CAN-N38HJKCQZV,2,3,3,3,2,2
CAN-K0J8SNKY8W,3,3,3,3,1,1
CAN-Y919YG739E,4,3,4,3,2,2
CAN-L9G0VP8LEJ,3,3,3,2,2,2
CAN-67TJ1DRRLZ,3,3,3,3,2,0
CAN-GFJ3MZCAYD,1,3,3,3,2,2
CAN-OU7BA0V6LR,3,3,3,3,2,2
CAN-LMC1Z4ZQ8J,3,3,3,3,2,1
CAN-2J68GJD87A,3,3,3,3,2,1
CAN-NLF57Z5CMV,3,3,2,3,2,0
CAN-QSAI1OEIIC,3,3,4,3,2,2
CAN-CJ3DL3NHD8,2,3,3,2,1,1
CAN-OOMVDFEYUV,4,3,3,4,1,2
CAN-K7E88RG7OQ,1,3,3,2,1,1
CAN-G7BUJDUCGL,2,3,3,2,1,1
CAN-IE8O6C6UEI,3,3,3,3,2,1
CAN-YC0MGXPPUF,3,3,3,3,2,1
CAN-27AAIMFGFW,2,3,3,2,2,1
CAN-7TL05JT9OS,3,3,3,3,2,1
CAN-VOR94XRJJ2,3,3,3,3,1,1
CAN-NLGJ92HXI3,3,3,3,2,1,1
CAN-M2PWJ6XUMX,3,3,3,3,1,2
CAN-3VWAYUWQL0,1,2,3,3,2,1
CAN-ZVSVF9JQIF,3,3,3,3,2,2
CAN-6550M1NC3W,3,4,3,3,2,2
CAN-8MN6FGYCFL,3,2,3,3,2,1
CAN-AV6BNNLTOG,3,3,1,3,2,1
CAN-8YAM08E174,3,3,2,3,2,1
CAN-TXJYTK45TU,3,3,3,3,2,1
CAN-AUOX3D460D,3,3,3,3,2,1
CAN-QDNZ2FARWR,3,3,3,3,2,1
CAN-75A7IZ1MQ4,3,3,3,3,2,2
CAN-RPT0H49YM2,3,3,3,3,2,2
CAN-E910KT1T91,3,4,3,2,2,1
CAN-KVYIPBMY0T,1,2,3,3,1,2
CAN-RC4TZIEOEP,3,4,3,3,2,0
CAN-59Q7ISNUV6,3,3,3,2,1,1
CAN-0GQ9PBK2ST,3,3,3,3,2,0
CAN-S88ZRNLLX5,3,3,3,2,1,0
CAN-3ZVQKH4ARP,3,3,3,3,1,2
CAN-BUQTJZHU1J,2,3,3,2,2,2
CAN-V1G0V029FU,3,3,3,3,2,1
CAN-QPBWP48RLA,3,2,3,2,1,2
CAN-B56BGXA8LO,3,3,3,3,2,0
CAN-TSOFKYKT5F,1,3,2,2,2,2
CAN-20E6VBIHA6,2,3,3,3,2,2
CAN-LNB8YGMU2T,4,5,4,5,3,2
CAN-4OKJZ5EWW9,3,2,3,2,2,2
CAN-EBMY9D8WEL,3,3,3,3,2,1
CAN-61BJ91FZ51,3,2,3,3,1,1
CAN-LATW66PPWY,3,3,3,3,1,2
CAN-MSQ0AJMH6F,2,2,3,3,1,1
CAN-0MZTW1NTUJ,4,3,3,3,2,0
CAN-W5OF26TK6C,4,3,3,3,2,1
CAN-CUV5TX4BDQ,3,3,3,2,1,2
CAN-LCW3MATK1U,3,3,3,2,2,2
CAN-BOWPMESJ7W,3,4,4,3,2,2
CAN-N2OQ035YY8,2,2,3,3,2,2
CAN-682VA03Y7M,3,3,3,3,1,2
CAN-A06QRWIBGE,3,3,3,3,2,2
CAN-RKJI2HTQQE,2,3,3,3,2,2
CAN-3IU2KGR8S4,3,3,3,1,2,1
CAN-15N3U1ZI93,4,3,3,3,3,2
CAN-6QKP7Y1E1P,2,3,3,2,1,2
CAN-T532JHAMU3,3,2,3,3,2,1
CAN-WQW1TX27HP,3,3,3,3,2,0
CAN-YQTWDFB6SA,3,3,3,4,2,0
CAN-XO6BHP5SUW,0,0,3,0,0,0
CAN-V1H9XNY6SD,2,2,3,3,2,2
CAN-JFNRSG5DEB,2,3,2,1,2,1
CAN-85MRMB1UAP,2,2,3,3,2,0
CAN-7H7V0GW2JV,3,3,3,3,2,1
CAN-1YHRPUF1EV,3,3,3,3,1,2
CAN-R86U0E2XY5,3,3,3,3,2,2
CAN-V0NQJKE3GS,2,3,3,2,2,1
CAN-T5N81TJW39,3,3,3,3,2,1
CAN-NESOC2P7PV,3,3,3,3,2,2
CAN-YJE11UB1BC,3,2,3,2,2,1
CAN-N4SPMVR96E,3,3,3,3,2,1
CAN-VFG3MH2SQ7,3,2,3,3,2,0
CAN-Q4VS9K78EF,2,3,3,3,2,2
CAN-IQ6J8OR2OQ,2,1,2,2,2,0
CAN-BISMW7A6B9,3,3,3,3,2,2
CAN-SEKJA7IS1L,3,3,3,3,2,1
CAN-JXY7OE43LB,3,3,3,3,2,2
CAN-NU9O5QN0LG,3,3,3,3,2,2
CAN-OCJ6EVF6VA,3,3,3,3,1,2
CAN-EQT16P0TOG,2,3,3,3,2,2
CAN-ZQ0GWKIZ51,3,3,3,3,1,2
CAN-VLSQUU27RT,3,2,2,2,1,2
CAN-4LMTDLHVPU,3,3,3,3,2,2
CAN-A6ETMQZT3D,1,2,3,4,2,1
CAN-6DS6MMWC9W,3,3,3,3,1,2
CAN-JEE2VYA0VP,3,3,3,3,2,2
CAN-KHOZLIA4KQ,3,3,3,2,1,2
CAN-J6YE2BG6FG,3,4,3,3,2,3
CAN-GTR52U40EU,1,3,3,3,2,1
CAN-BEY7TMBNY0,3,3,3,1,1,1
CAN-8EVU4FLFJE,3,3,3,3,1,0
CAN-G0PKBR91NF,3,2,3,2,2,2
CAN-J3TEV9GOHN,2,2,3,2,1,1
CAN-TMYIFCKEP4,2,3,3,2,2,0
CAN-80OZ9U6N7D,2,3,3,3,2,2
CAN-U4BQB1FWZI,3,3,3,2,2,2
CAN-M3XU8XWLSY,3,3,2,3,2,2
CAN-2K24D7IS5V,3,3,3,3,2,2
CAN-IZ1RX2GPAC,3,3,3,2,2,1
CAN-UI142TWTMI,3,3,3,3,2,1
CAN-VI3DA82NTF,2,3,3,2,0,2
CAN-SRETOO9PVD,3,3,3,2,1,2
CAN-5V4LHYX1LT,3,3,3,3,2,0
CAN-STSAITQARC,2,3,3,3,2,2
CAN-JURTULSH1M,3,2,3,3,1,1
CAN-2AY9PNEMS3,3,3,3,3,1,1
CAN-E6WKM3Y1SY,3,2,2,3,2,1
CAN-YQ3D3C7ZIB,3,3,3,3,1,2
CAN-22P8HADJ43,3,2,3,3,2,1
CAN-OFESKCKFAB,3,3,3,3,2,1
CAN-6TQVLVVANU,3,3,3,3,2,2
CAN-9X9KPC2G5F,3,3,3,3,2,2
CAN-2PRYBY25F4,2,3,3,3,2,1
CAN-MVYYMYP6DW,3,3,3,2,2,1
CAN-UD2XPTFNK8,3,3,3,3,2,1
CAN-AO1PT0WY33,3,3,3,2,1,1
CAN-X7731SR366,2,3,3,2,1,2
CAN-8G56FQ34A3,3,3,3,3,2,1
CAN-7RUM39W43T,0,3,3,3,2,0
CAN-I3PDKTHNW8,3,2,3,3,2,0
CAN-9QU7Z30549,3,3,3,3,2,2
CAN-K5UEZ1JF0J,3,3,3,3,2,2
CAN-OILCH8UCJ6,3,3,3,3,1,1
CAN-YEFAAUD42X,3,3,3,3,1,1
CAN-GN37QAFVSU,3,3,3,3,2,2
CAN-3X0BM5A568,3,3,2,2,2,1
CAN-0VUWC5C5PM,2,2,2,3,2,1
CAN-K9E5HHN48U,2,3,3,3,2,2
CAN-YTRKHIWIUB,3,4,3,3,3,1
CAN-CEQCQD19YL,3,3,3,3,2,1
CAN-BVPWNH2JBW,3,4,3,4,4,1
CAN-37J59WPO21,2,3,3,3,2,1
CAN-W2EJXLJ6TD,2,2,3,1,1,0
CAN-DFSJ94QQIR,3,2,3,3,2,1
CAN-PMNQYJQG86,3,3,3,3,2,1
CAN-0ICHSLZVLC,5,5,3,5,1,1
CAN-Q0M9OY1V2U,4,3,3,3,2,2
CAN-WF5QVVRTTS,3,3,3,3,2,2
CAN-72PZRNYNP2,3,3,3,3,2,1
CAN-NWVRKWOL31,3,3,3,4,2,1
CAN-LPZW37A3UR,2,2,3,3,1,1
CAN-SMDGRZMPRI,3,2,3,2,2,1
CAN-YFO9DEEHSB,2,2,3,3,2,1
CAN-PVJXI9J33Y,3,3,3,3,2,2
CAN-FQGVEY712Z,3,3,3,2,2,2
CAN-UOHJL8ZJ1R,3,3,3,2,1,2
CAN-T4J9UJ6QNV,3,3,3,3,2,2
CAN-E2LUOGGFN5,3,2,3,2,2,1
CAN-28E8JJ146O,2,2,3,3,2,0
CAN-YB7ZENGXQ6,3,1,3,3,2,1
CAN-GCGLB5U7TA,3,3,3,0,1,1
CAN-92FN19ZB4G,6,5,3,6,3,3
CAN-FVW8DCMF0N,3,3,2,3,2,0
CAN-WGSI0PWXTK,3,3,3,3,2,2
CAN-0D6K3BDYSR,3,2,3,2,2,1
CAN-13SC00LFN4,3,3,3,3,1,2
CAN-OJYFJLO3H4,3,3,3,3,2,2
CAN-THIDUO8VPJ,2,2,3,2,2,1
CAN-JP87ABYHET,2,3,3,3,2,2
CAN-5LYN4VIFAL,3,3,3,3,2,2
CAN-OVETRZH0EE,3,3,3,2,2,2
CAN-FT1VZTKNMA,3,3,3,3,2,2
CAN-80FZYXISG2,3,2,3,2,2,0
CAN-X9HV5Y53CY,3,3,3,2,2,2
CAN-LQ849DO6WR,1,3,3,3,1,2
CAN-AIXDXF6BN8,3,3,3,3,1,2
CAN-PKD0IKZ6LC,3,1,3,2,1,1
CAN-PYASH0UXLD,3,3,5,2,2,1
CAN-GXD8O3P8PK,3,3,3,3,2,2
CAN-MIPIPL79KA,3,2,3,3,2,0
CAN-PQWH37SQGL,2,2,3,2,2,2
CAN-VGGPZEZ269,3,3,3,3,2,2
CAN-5SU5OWA15T,3,3,3,3,2,2
CAN-UFG44NSLN7,2,3,3,2,2,0
CAN-DB1D50MSMN,4,3,3,3,2,1
CAN-RN28N65ABP,3,2,3,3,2,1
CAN-BA2ZTWAJUX,3,3,2,2,1,1
CAN-S06R8UO4E2,3,3,3,3,2,1
CAN-DOZKLOZHTZ,3,3,3,1,2,0
CAN-47TRMB6WKF,3,1,3,1,2,1
CAN-QTCJA3I9M5,3,3,3,3,2,1
CAN-PFXNQ3TFN6,3,3,3,3,2,1
CAN-BGX9GY2S5J,3,3,3,3,2,2
CAN-OTZSWZOVI2,2,1,3,3,2,1
CAN-PCCK2OZQAY,3,2,3,3,2,2
CAN-6MI82QD5VB,3,2,3,3,2,2
CAN-6WTPU3HEK2,3,2,3,3,2,1
CAN-1XFQN677H0,3,3,3,3,2,1
CAN-AQWED0LB20,2,3,3,3,2,1
CAN-F6X9EHVXZM,3,3,3,3,2,1
CAN-W41T8OR50L,4,2,4,3,2,1
CAN-MA8VWUGYVS,3,2,3,2,2,2
CAN-STFLOQIX5J,3,3,3,3,2,2
CAN-KMB5GTBPM9,3,2,3,2,1,2
CAN-RKQL4K9LEI,3,2,3,3,2,1
CAN-WRV2HTUYKE,3,3,3,3,2,1
CAN-GX4JW6AKRG,3,3,3,3,2,0
CAN-66OWENROVB,3,2,3,3,2,2
CAN-BUTAFY3BA5,4,2,5,3,1,2
CAN-NYHQA08X4Y,3,3,3,1,2,2
CAN-J8AT9Z1CJ4,3,2,3,2,2,2
CAN-TULQWDKPRZ,3,2,3,3,1,1
CAN-OI9TXGD47Z,2,3,3,3,2,1
CAN-BS0085U207,1,2,3,2,2,1
CAN-V7Z60GN53F,3,3,3,3,2,2
CAN-AYKKS6UK8E,2,3,3,2,2,2
CAN-ALR7A2D7TB,3,3,3,3,2,2
CAN-O6ET0L18OB,3,2,3,2,2,2
CAN-RGFFXQNP0X,3,3,3,3,2,1
CAN-CN5U0ZSNG1,3,3,3,3,2,2
CAN-IP1SVHZ5NB,3,2,3,3,2,1
CAN-ZG46ENBMR7,3,3,3,3,2,1
CAN-3XRCPXKP9O,2,1,3,3,2,1
CAN-ISR7QDBH85,3,3,3,3,2,2
CAN-JQ4AYZFOIY,3,2,3,3,2,2
CAN-MS4ZFJRXVR,3,3,3,3,2,2
CAN-51AZ0RM0DS,3,3,3,3,2,2
CAN-ZCTACG3Z99,3,3,3,3,2,1
CAN-1X2I6AM1G2,3,3,3,3,2,1
CAN-WPRQG9H0XF,3,3,3,2,1,1
CAN-S4935APSMP,3,1,3,2,1,1
CAN-9WN2E16WHJ,3,3,3,3,2,1
CAN-ZITJ3NT7CT,3,3,3,3,2,0
CAN-4W4FGJZMTW,4,2,3,1,2,1
CAN-5GK347BVAX,3,2,3,3,3,2
CAN-GLA8FYLHLN,3,2,3,2,2,2
CAN-05WZ85H52J,3,2,3,3,2,2
CAN-WA073M0PHW,3,3,3,3,2,2
CAN-9G9FBU7XX6,2,2,3,2,2,2
CAN-6RZHIOYCXH,3,3,3,3,2,0
CAN-JBP90N8YIH,3,2,3,3,2,1
CAN-UY20BNEO15,3,1,3,3,2,1
CAN-JEYV06S1A3,2,3,3,3,2,2
CAN-8JMBTDI450,3,3,3,3,2,2
CAN-0Z8HML8GYN,3,2,3,2,2,1
CAN-VI9K3DBGQK,3,3,3,3,2,1
CAN-EXBWGIZ5KG,3,3,3,3,2,1
CAN-Z38H9W4ZGC,3,3,3,2,2,1
CAN-A28JG1IY2F,3,3,3,3,2,2
CAN-Y007LTFYM4,2,3,3,2,2,1
CAN-22NVBS2LCM,3,3,3,3,2,2
CAN-MZLTVWWBWQ,2,3,3,3,2,2
CAN-EV8S22VNPO,3,2,3,3,1,1
CAN-AMSYKHL29H,3,3,3,3,1,2
CAN-U66ZRY9RCA,3,3,3,3,2,1
CAN-G8O95G9WA9,2,3,2,3,1,2
CAN-B1XSIOX04L,3,3,3,2,2,2
CAN-X3JB8M8M40,1,3,1,3,2,1
CAN-0OR1Q464CA,2,3,3,2,1,1
CAN-7RVUCCHQH2,3,3,3,3,2,1
CAN-CA2602OLHB,3,3,3,3,1,2
CAN-YZFXRMKPZ2,3,3,3,3,2,2
CAN-2HKUPXIQJS,3,5,4,3,2,1
CAN-ONVNMGGW1V,3,3,3,3,1,1
CAN-IU4EWA1E3R,3,3,3,3,2,2
CAN-5ESYETH5SN,2,2,3,3,1,2
CAN-438TASPW9P,3,3,3,2,1,1
CAN-973BHC8W2A,3,3,3,3,2,2
CAN-TOX676WIQZ,3,3,3,3,2,2
CAN-VLJUACNXH2,2,3,3,3,2,2
CAN-FW5FP97XBQ,3,3,3,3,1,1
CAN-PGFICO74QN,3,3,3,3,2,1
CAN-0PX9WPE5AB,1,2,2,2,2,2
CAN-XY38I4LIXQ,0,0,3,0,0,0
CAN-LIM5QSF5GG,3,3,3,3,1,2
CAN-AEPZRXR7MS,3,3,3,2,2,1
CAN-1I5MPZP3P6,2,2,3,1,2,1
CAN-0USPJ5Q0UJ,2,2,3,3,2,1
CAN-MZ53LQ1ELF,3,3,3,3,2,1
CAN-RSMN84C909,3,3,3,3,2,2
CAN-XE2ZGYUCMK,3,3,3,3,2,1
CAN-7BVZNFDYQP,3,3,3,3,1,2
CAN-52G2SGFN9M,2,3,3,2,2,1
CAN-8DDQ1EGTW7,1,3,3,3,2,2
CAN-MFGNDXRS6S,3,3,3,3,2,1
CAN-K93L03TPP0,3,3,3,3,2,2
CAN-FR70QIDHGS,3,3,3,3,2,2
CAN-L7HX49X084,3,2,3,3,2,2
CAN-S95DE2F28R,3,3,3,3,2,2
CAN-1LST7LD3H7,3,3,4,3,2,2
CAN-ODHL8SKK6H,1,2,3,3,2,1
CAN-KHV25WCCRD,2,3,3,3,2,1
CAN-WEDNARTCQX,3,3,3,3,1,1
CAN-LL2P69RWE9,5,3,5,4,2,1
CAN-TC0G4ZZI20,3,3,3,2,2,2
CAN-F7LCL4T2WX,1,3,3,2,1,0
CAN-3G2PLE2UKS,4,3,4,4,2,2
CAN-RRJ7PTQE3A,3,2,3,3,2,2
CAN-LC5L51DCWO,3,1,3,1,2,1
CAN-J4XLSPO8U4,3,3,3,3,1,1
CAN-KGBTZQ90D8,3,2,3,2,1,1
CAN-3BCGD8P5GO,3,3,3,3,2,2
CAN-VFP2FX1GOU,3,3,3,3,1,2
CAN-7C814WL87M,3,4,2,3,2,2
CAN-97FYR0XZNI,2,3,2,3,2,2
CAN-7TA69LVTLN,2,3,3,2,2,2
CAN-CYU4NTRYZ3,3,2,3,3,2,2
CAN-OA1MTP7L3Z,3,2,3,3,3,1
CAN-3PAY0Y1JC9,3,3,3,3,2,2
CAN-4XBDCVCTLE,3,3,3,3,2,1
CAN-AME6XTYWLG,3,3,3,3,2,2
CAN-5HK8KO5MH4,2,3,3,3,1,2
CAN-BDHP6O6YY3,3,3,3,1,2,2
CAN-OUL516J3LR,3,3,3,3,2,1
CAN-KRGFZHRIS0,3,3,3,3,2,2
CAN-ZFZOAZPED3,5,2,3,3,2,2
CAN-VTY7FMD3KS,3,3,3,3,2,1
CAN-2XJAVOZ6IE,3,2,3,2,2,0
CAN-SKU1HSOXDO,3,3,3,2,3,1
CAN-OS9SNI61LU,2,3,3,2,2,2
CAN-7KOJQADCBX,3,3,3,3,1,0
CAN-XC4CDPYCSE,3,3,3,2,2,0
CAN-LJ0B33PEKS,3,3,3,3,2,1
CAN-EHUA5S5BSQ,3,2,3,3,2,2
CAN-L572S1J05C,2,2,3,3,1,2
CAN-Z3FLZ7M6MT,2,2,3,2,2,1
CAN-OE9386IJ30,2,3,3,2,2,1
CAN-APXZN9CZCI,3,3,3,3,2,2
CAN-ZCYX3BZTRL,3,2,3,3,2,1
CAN-BY3MX0DCVL,3,3,3,3,2,1
CAN-06Y7STKB5U,2,3,1,3,2,1
CAN-UC0X4CF5YC,3,2,3,3,2,1
CAN-3JCMAQEIUO,3,3,3,3,2,1
CAN-FPOPVG4RSV,3,3,3,3,1,1
CAN-F3619S1ESD,2,3,3,2,2,2
CAN-GJPFQPC66Y,2,3,3,3,1,1
CAN-NGBOHRHMQ2,3,3,3,2,2,2
CAN-5K639K22XQ,3,3,3,3,2,2
CAN-8AW7PN0NYD,3,3,3,2,2,1
CAN-TOEXEJ0CJX,3,1,3,3,2,1
CAN-3XFINJ3MZF,3,2,3,3,2,2
CAN-XITRXEWB61,3,3,3,3,2,1
CAN-BNBO3KTXRK,3,2,3,1,2,2
CAN-YGLX181MYP,3,4,4,3,2,2
CAN-OM5YG7KINQ,2,3,3,3,1,2
CAN-C77Q2KCACD,3,3,3,3,2,1
CAN-8MG3KHERI3,3,3,3,3,2,1
CAN-Z5T6PHCQG9,3,3,3,3,2,1
CAN-Z5RRZJYNDW,3,3,3,3,2,1
CAN-P0SAV3VF6L,3,3,3,3,2,2
CAN-VYLCQU54OM,3,3,2,2,1,1
CAN-Z3KO6090G4,3,3,2,3,1,2
CAN-1OKNY8AF63,2,3,3,3,1,1
CAN-I7L85SFJSC,3,3,3,3,2,1
CAN-XO2N637KJO,2,3,3,3,2,2
CAN-1SDIMCM74M,3,3,3,3,1,2
CAN-T3B3YULNCJ,2,3,3,3,2,0
CAN-HJS5G9RQ7Q,3,3,3,3,2,2
CAN-89EIV5NHVM,3,2,3,3,2,2
CAN-E869A00DK6,2,3,3,3,2,2
CAN-48637U9B3Q,3,3,3,3,1,1
CAN-MUBFJK8WDV,3,3,3,2,2,1
CAN-YS70DMD4FV,3,2,3,3,2,2
CAN-2TZEM75DZ6,3,2,3,3,2,1
CAN-6BXJY05ZVS,2,2,3,3,2,2
CAN-PZVWU8D7MP,3,4,4,4,2,2
CAN-NF0KS8SQ2U,2,3,3,3,2,1
CAN-XDDMGYUPVX,2,3,3,2,2,2
CAN-5DIFRFLV53,2,3,3,3,2,1
CAN-5RY4RAH3NY,2,3,3,3,1,2
CAN-1A10UATM11,2,2,3,2,2,2
CAN-LZFQL6O6HL,3,2,3,3,2,1
CAN-NSMN5JQK29,3,3,3,3,2,1
CAN-YA1HN13F0J,3,3,3,1,2,2
CAN-RX8Q1JRZBS,3,3,3,2,2,1
CAN-4K35VMVRCK,3,3,3,3,2,1
CAN-RSEK6TJM4O,3,2,3,3,1,2
CAN-CTSA9ZZFAF,2,3,3,3,1,1
CAN-EHPXLQDIEM,3,3,3,3,2,2
CAN-9BZ2W6KC87,2,2,3,1,1,2
CAN-UWVZ9JBLHS,3,3,3,3,2,1
CAN-EKTZFAMLEU,0,0,3,0,0,0
CAN-IC793HWYC1,2,3,3,3,2,2
CAN-YP1Q3FEL8I,2,2,3,3,2,2
CAN-WMG1DN9UWD,2,2,3,3,2,0
CAN-P4KH7HY1PL,3,3,3,3,2,1
CAN-GC64XYYSKN,3,2,3,3,2,1
CAN-3TL9SBAPLL,3,3,3,3,2,2
CAN-M7W7CQF6EO,3,3,3,2,1,1
CAN-42CTOXOWS4,3,2,3,2,1,2
CAN-RRFVJNAC54,3,3,3,3,2,1
CAN-MWRD4PSAQ1,2,3,3,3,2,1
CAN-B0RW8TPJNT,3,3,4,3,2,2
CAN-CIPV4IHNYK,3,4,3,3,3,1
CAN-C7E2HVXDMF,3,3,3,3,2,2
CAN-WFNOMP38RM,2,2,3,3,2,2
CAN-VW2GACMW46,2,3,3,2,2,1
CAN-WI30529DPQ,3,3,3,2,2,1
CAN-1JSX22AJRC,2,3,3,3,2,1
CAN-8Q8EF4BPAI,3,3,3,3,2,2
CAN-PMXTAG4X02,2,3,3,3,2,1
CAN-TAHQXI5TQK,3,3,3,3,2,2
CAN-4JT8PURE10,3,3,3,3,2,1
CAN-B1SBECNSQA,3,3,3,3,1,1
CAN-ZAYTX35Z47,3,2,3,3,2,2
CAN-6QEV4RPCT3,3,3,3,3,2,2
CAN-UZ7AEBL383,3,3,3,3,2,1
CAN-PRNM6AHVHX,3,3,3,3,4,3
CAN-NQUY86VZBX,3,3,3,3,2,1
CAN-KJGXGWFAQ7,3,2,3,3,1,1
CAN-9U7D7ZHGUX,2,4,3,2,1,0
CAN-LJUAAQT29R,4,5,3,3,2,2
CAN-HWIB80LBAS,3,2,3,2,2,1
CAN-C2OIJKIW5E,3,3,3,3,2,2
CAN-QDDRSOGN6S,3,3,3,3,1,1
CAN-T90KQ1CM46,3,3,3,2,2,1
CAN-JQ7YVD3PTF,3,3,3,3,2,2
CAN-KZHES42360,5,5,5,4,2,3
CAN-GQJN3TQUF8,3,3,3,3,2,2
CAN-77B195HY0G,2,3,3,2,2,2
CAN-SPIVW4MGST,3,3,3,2,2,2
CAN-24YA60VG1J,3,2,3,2,2,2
CAN-82A1AW528U,3,2,3,2,2,2
CAN-48KA50OAUW,3,3,3,3,2,2
CAN-03HLACH165,3,3,3,3,2,1
CAN-SL25JL6OTI,3,2,3,3,2,2
CAN-5WSDZSLGN4,3,3,3,3,2,2
CAN-KPUQAESQGF,3,2,3,3,2,0
CAN-9W33NAQQY9,1,3,3,3,2,0
CAN-I9WBDBRQPM,3,3,3,3,1,2
CAN-AC8LV8OMMM,3,3,3,3,2,0
CAN-TFZ3U74RPD,3,3,3,3,2,2
CAN-JWXR82H1EU,3,3,3,3,2,1
CAN-KHFR89SU7H,3,3,3,3,2,1
CAN-3Y1EYFC9IO,3,3,3,3,2,1
CAN-UMGO07KNAU,3,3,3,3,2,1
CAN-16I2U9OJM6,3,3,3,3,2,2
CAN-2KM5HRG4EP,3,3,3,3,2,1
CAN-M2QK613GGD,3,3,3,3,1,1
CAN-3WYHJEF3IG,3,3,3,1,2,1
CAN-NYHWAE3G57,2,3,3,3,2,2
CAN-YWU552FNQL,3,3,3,2,1,0
CAN-SQBGY05QN1,3,3,3,3,1,0
CAN-R5IRKXZQF3,3,3,3,3,2,1
CAN-GYUKEIQ52Q,3,2,3,2,2,2
CAN-DRGJN0E7PQ,2,3,3,3,1,1
CAN-692JQ1JG1Q,2,2,3,3,2,1
CAN-7GX8JJ7BMA,3,3,3,3,2,0
CAN-0MGTG4LMNQ,2,3,3,3,1,0
CAN-72N27RNFP4,3,2,3,3,2,2
CAN-11V82L0M5T,2,3,3,3,2,2
CAN-ZIA6L0N8XI,4,3,3,3,2,2
CAN-OQ9D4JBFJJ,3,3,3,2,1,2
CAN-KS3LAYYT7F,3,3,3,3,1,1
CAN-NVTZ8JTALK,3,3,3,3,2,0
CAN-M3BKWFLBV2,3,3,3,3,2,1
CAN-KIE6GNCA9W,4,6,3,3,3,1
CAN-D2285JYW6Q,3,3,3,3,2,2
CAN-1TKS98P4ZF,2,2,4,3,2,1
CAN-64X45G5FJA,2,3,3,3,1,1
CAN-D8GQ0DAPEB,2,2,3,2,2,2
CAN-HTSHVQG5S5,3,3,3,3,2,1
CAN-O825R09N4C,2,3,3,3,2,1
CAN-W0MMWMI5Q9,3,2,3,3,2,1
CAN-G8L0Q952MJ,3,1,3,2,2,1
CAN-5JTE8YJF92,3,1,3,3,2,1
CAN-4QNNYE6AC7,3,3,3,3,2,1
CAN-NJLMVOPN7Q,2,2,3,3,1,1
CAN-IMIYF4UW7Q,3,3,3,3,2,0
CAN-JXO5HRMR06,2,3,3,3,2,1
CAN-1JSX092QV8,3,3,3,2,1,1
CAN-OIVY062F3M,3,3,3,3,2,1
CAN-9PY1WL7N8J,3,3,3,2,2,1
CAN-SOJDWU4E5Z,3,3,3,4,2,1
CAN-GDSALI40FH,3,3,3,3,3,1
CAN-IBTPF19S13,3,4,3,3,2,2
CAN-XGVUSBZOZE,3,3,3,1,1,1
CAN-ET4UY5NRQO,2,3,3,3,1,1
CAN-N288D4OH28,1,3,3,3,2,1
CAN-XQSCW97RJG,1,3,3,3,2,1
CAN-TY5EHIWQ0C,2,3,2,3,2,1
CAN-IRXX4VI9P8,3,3,3,3,2,2
CAN-9W4H4XKJGD,3,3,3,2,1,0
CAN-QX6JKCSNT7,3,3,3,2,1,1
CAN-5XKR3CISZT,3,3,3,3,2,2
CAN-YBRCJ6D5NF,3,3,3,3,1,1
CAN-L19QEY5ZLR,2,2,3,3,2,0
CAN-1BWDE12ZJW,3,3,3,3,2,1
CAN-3OV0L45KWS,3,3,3,3,1,2
CAN-Q04507JGD0,3,3,3,2,2,0
CAN-20JLOEGNRY,2,3,3,3,1,1
CAN-XBH7T69E89,2,2,3,3,2,2
CAN-WRRIKTSF7V,3,3,3,3,1,0
CAN-AZW8LE2B91,2,3,3,3,2,2
CAN-77UTVB9WQ9,3,2,3,3,2,2
CAN-J6WEGVTYEC,2,2,3,3,2,1
CAN-2RAM3AUYFZ,3,3,3,2,1,0
CAN-EB5OA55ML6,3,3,3,3,2,1
CAN-TY76WB5ZOT,3,3,3,3,2,2
CAN-KW8FRS1FOC,3,3,3,1,2,0
CAN-QEYYHEMH67,2,3,3,3,2,1
CAN-E19LOTCVIF,2,3,3,2,1,1
CAN-9R9TMUDK7K,1,3,3,3,2,1
CAN-D13FHZIV8R,3,3,3,3,2,2
CAN-YZKW5H5RMJ,2,3,3,3,2,1
CAN-8L913O7UT4,3,3,3,3,2,2
CAN-7Z6TBBB5DW,4,2,3,3,2,1
CAN-8ZWPA2NH8V,3,2,3,3,2,0
CAN-NC1DX0ESNY,3,3,3,3,2,1
CAN-OXKQ72L67E,3,3,3,2,2,2
CAN-MYFWBL13VE,3,2,3,3,2,2
CAN-UZDBD1I9WH,3,3,3,3,1,2
CAN-HFM2ZP10KU,3,2,3,3,1,2
CAN-VWFFJHGWK5,3,2,3,3,2,1
CAN-780BH4YQIJ,2,2,3,3,2,0
CAN-AFLF4Y5PF8,3,3,3,3,2,1
CAN-KNKZ7OQMT9,3,3,3,3,2,1
CAN-MBXLB2COD4,2,3,3,3,2,1
CAN-9O0FN0GFPZ,3,3,3,2,2,2
CAN-WKK1BH27LZ,2,3,3,2,2,1
CAN-Q8SLLRJYJF,3,3,3,3,2,1
CAN-WPGCI8SELS,3,3,3,3,2,1
CAN-AHAGUMWL3G,3,3,3,3,2,2
CAN-GWXW0AHD7D,4,3,3,4,1,1
CAN-2VOHFIVB8I,3,4,3,4,2,3
CAN-3BCTCCGVWE,2,3,3,3,2,2
CAN-BBHJI7FX0T,3,3,3,3,2,0
CAN-FZXAJN4NOP,2,3,3,3,2,1
CAN-I3JAJ3D9KU,2,3,3,2,2,1
CAN-HG7FQXLX8W,3,3,3,3,2,1
CAN-SU8ESHOWMD,3,3,2,1,2,1
CAN-RZ0WGODP1P,3,3,3,3,2,1
CAN-JDEOZH0FV5,3,2,3,3,2,1
CAN-R3EEA26ED3,3,2,3,3,1,2
CAN-BG0OF1CSX4,3,3,3,3,2,1
CAN-EPE8JLOKR2,2,4,3,4,3,2
CAN-11PJQ9UXWU,3,2,3,3,2,2
CAN-SO2M5ERZZH,2,3,4,3,2,0
CAN-D2PB1UKRR4,4,2,3,3,2,2
CAN-6Z9S1QVTEJ,3,2,3,3,2,2
CAN-VN4YZ559E8,3,1,3,2,2,1
CAN-SBEAF4W2TL,3,3,3,3,2,2
CAN-J8OEAL0EVB,3,3,3,3,2,1
CAN-HEHMFHMNKP,3,3,3,3,2,1
CAN-8KO15P87VG,3,3,3,3,2,2
CAN-JWYI9RDYVQ,2,3,3,3,2,1
CAN-P92EC165XE,3,3,3,3,2,2
CAN-SXC7CQRKWL,2,3,3,2,1,2
CAN-YL2CUH4K6V,3,2,3,1,2,1
CAN-NMQ21GF9BF,3,3,3,3,2,1
CAN-T59FA1OL18,3,3,3,3,2,2
CAN-3ZG7UQZ969,3,3,3,2,2,1
CAN-A8UYLMW4LY,3,1,3,3,2,2
CAN-WOS1YWL3CR,3,2,3,2,1,2
CAN-XKAD9GN19B,2,3,2,3,2,2
CAN-YRBHIQP6R1,3,2,3,2,1,1
CAN-ZI63J2E2A1,3,3,3,3,2,2
CAN-I60NQOAA1E,4,3,3,4,2,0
CAN-0V5V0ZVUO5,2,3,3,3,2,2
CAN-AC8FUQS0OJ,3,3,3,3,2,0
CAN-I7WA5342AF,3,3,3,3,2,2
CAN-Y5ODCJAF49,3,3,3,3,2,2
CAN-1VIWCFQAJW,2,2,3,3,3,1
CAN-MT6DOCMRS2,3,3,3,3,0,2
CAN-I07WWHBBYW,2,2,3,3,2,2
CAN-ZUOGY4KE55,2,2,3,3,1,2
CAN-G2QBEBMIA1,3,3,3,3,2,2
CAN-HUNIB87VJZ,3,3,3,3,3,2
CAN-J3UDVUSWSY,1,2,3,2,2,2
CAN-ALEZV3R38C,3,2,3,3,2,0
CAN-LLO4NOA3Y2,3,3,3,3,2,2
CAN-ODU6AJ1OTZ,2,4,4,3,2,2
CAN-LJ4MJ7797Q,2,3,3,3,2,2
CAN-D0G48785X3,2,3,3,2,2,1
CAN-BR686DC9B1,3,2,3,3,2,1
CAN-A5LQV53UEH,3,3,3,3,2,2
CAN-DWG8KL76PB,2,3,3,3,2,2
CAN-IZFDKUJZW4,3,3,3,3,2,2
CAN-PTQQO76HHF,3,3,3,2,2,2
CAN-K8V8AVEM5I,3,2,3,2,2,1
CAN-C9AHAPI4BF,3,3,3,3,2,2
CAN-OEBFHBPR4A,4,5,5,3,3,2
CAN-1U5ETLUBW8,3,3,3,2,2,0
CAN-NIWNA19UQB,3,3,3,3,2,2
CAN-O2XX7DV26X,2,3,3,2,2,1
CAN-CCJ8YU5WLD,2,3,3,3,2,2
CAN-UD42M55WJB,2,3,3,2,2,1
CAN-ZXJ4E6VHI0,3,2,3,3,2,1
CAN-F59S3PQJ7H,3,3,3,3,2,1
CAN-YGD458JLNL,3,2,3,2,1,2
CAN-PEQX33VORF,3,3,3,3,2,2
CAN-DHA0ESKIFH,2,2,3,3,2,1
CAN-CQ9NZDIHB1,3,3,3,3,2,2
CAN-0HNRNLR3NR,3,3,3,1,1,1
CAN-4V74B337N0,3,3,3,3,2,2
CAN-SRT1JS76IA,3,3,3,3,2,1
CAN-8AK23N2BJ6,3,3,3,3,2,2
CAN-B9QMFO69PW,4,3,3,3,2,1
CAN-LQMH0RVYT2,3,3,3,2,2,2
CAN-SPH9UJM6PS,3,2,3,3,1,2
CAN-6TBP2PZNB4,2,3,3,3,2,2
CAN-BP5JA99JMK,3,3,3,3,2,1
CAN-98ZCM4XI3N,3,3,2,2,1,0
CAN-Z4A0CZ96H9,3,3,3,3,2,2
CAN-GKD08V4N5G,3,3,3,3,2,1
CAN-4SMT2ZQ2JW,3,2,3,2,2,1
CAN-ITR6UMVSVV,3,3,3,3,2,2
CAN-DF6224R7Q2,3,3,3,3,2,1
CAN-JKYKJXDFYF,2,3,3,3,2,2
CAN-JCPRWXS29O,4,3,4,3,3,3
CAN-Y8M2XOBK4F,3,3,3,3,2,1
CAN-9CQ4WWBJFF,3,3,3,3,2,1
CAN-ZX02O9DG4G,3,3,3,3,1,1
CAN-P5YBD1YI6O,3,3,3,2,1,1
CAN-L88629JBZ8,3,3,3,2,2,0
CAN-6TABGDMOQW,2,2,3,3,2,2
CAN-I3TBBTYXH3,3,3,3,3,2,1
CAN-9TNPOVUIA7,2,3,2,3,2,2
CAN-7S7D0ZC8SS,3,3,3,3,2,2
CAN-3OTJ9PI0SH,3,2,3,3,1,1
CAN-GCRMQHSYDF,3,3,3,3,2,1
CAN-J3STSPOC0G,3,3,3,3,2,1
CAN-D6407L27D6,3,3,3,3,2,1
CAN-JZNPLYUKLH,2,2,3,3,2,1
CAN-XRPICZE815,2,2,3,3,2,0
CAN-0JSPY6TECE,3,3,3,3,1,0
CAN-E8Z9LKYD7D,3,3,3,3,2,1
CAN-QKX8AC5FQA,3,2,2,3,2,2
CAN-SWRXZAAGIB,3,3,3,2,2,2
CAN-A65RBF9BFK,2,2,3,3,2,1
CAN-BDBZM82WZH,3,3,3,3,2,2
CAN-Z84DVUXDXX,3,2,2,1,2,0
CAN-2MNQJ8I51A,3,3,3,3,2,1
CAN-K7YS2FP1ZX,3,2,3,3,2,2
CAN-D3LG4JU02I,3,2,3,3,2,1
CAN-KGXVO4LOCS,3,3,3,2,1,0
CAN-B3219SG9OE,3,3,3,3,2,2
CAN-ZDRB67YLBO,3,2,3,3,1,1
CAN-X6VA704MD6,2,3,2,3,2,2
CAN-043GAO9GU1,3,3,3,3,2,1
CAN-2NZN8GHR7H,3,3,3,3,1,1
CAN-AHWJZRCWLI,3,3,3,3,2,0
CAN-7QYCK3ZYPA,3,3,3,3,2,1
CAN-L206QW5J4A,3,3,3,3,2,2
CAN-9TBSSACZWW,3,3,3,3,2,1
CAN-B3W59255P6,2,3,3,2,2,2
CAN-G8RIBP44C8,3,3,3,3,1,1
CAN-X8RW23GGSJ,5,3,3,3,2,2
CAN-NUGL0LN2M4,3,3,3,3,1,1
CAN-Y3OZ9Z4AK5,1,2,3,3,1,2
CAN-B717E10UCZ,2,3,3,3,2,1
CAN-URBIOEYGDN,3,2,3,3,2,0
CAN-YWAMRORNTT,2,3,3,2,2,2
CAN-LEW5KCY60Q,2,3,3,3,2,0
CAN-7KLOG1LM7F,3,3,3,3,2,1
CAN-8NTGGJY770,3,3,3,3,2,1
CAN-OWNWQ0LMQ3,3,3,3,2,1,1
CAN-SX9M4TPVGG,2,2,2,3,2,2
CAN-E5ST91S08Q,3,3,3,3,2,2
CAN-7TIAB35DUW,2,2,3,3,2,2
CAN-ALMTYA4F7N,3,3,3,3,2,2
CAN-5JOMVLF6OX,3,2,3,3,2,1
CAN-SDAPBO6GL0,3,3,3,3,2,2
CAN-Y3R8XZCKL1,3,3,3,3,2,1
CAN-FMOAM4Y5NN,3,3,2,2,2,1
CAN-SK9ZY0Y0JR,3,3,3,3,2,2
CAN-ARNDI9V7J9,3,3,3,2,2,1
CAN-EECM4V3HVE,2,3,3,3,2,1
CAN-GQNJZL630U,3,2,3,3,2,0
CAN-SNKN2WEHXS,3,2,3,3,2,2
CAN-2Z2I316VGO,4,2,3,3,1,1
CAN-D99V2N0D2F,3,2,3,2,2,2
CAN-Y7U1BTT6DX,2,3,3,3,2,0
CAN-CZG7GTADL4,3,2,3,3,2,2
CAN-DPE3XU2TR0,3,3,3,3,2,2
CAN-BM8OM8VH6M,3,3,3,2,2,1
CAN-R5WU2Z5JAW,3,3,3,3,2,0
CAN-3PIFDOP4A7,3,3,3,3,2,1
CAN-KE13TD9Y1O,3,3,3,3,1,2
CAN-VXTUOACD2L,3,3,3,1,2,2
CAN-1FAQ58VCTK,3,3,3,3,2,2
CAN-566DG3TZ36,3,3,2,4,2,0
CAN-4URC8EC0FG,3,2,3,3,2,2
CAN-ROYLUWSD4A,3,2,3,3,2,2
CAN-N2VCLB68RK,3,3,3,3,1,1
CAN-QK5CR9MXCT,2,3,3,3,2,2
CAN-BTYU19JJNM,3,2,3,3,2,1
CAN-THM3XMKOR8,3,2,3,3,2,2
CAN-8MKGS48IHJ,3,2,3,3,2,1
CAN-3U8RBYK8UV,4,4,3,3,2,2
CAN-BM7JI5D3II,3,3,3,2,2,2
CAN-F0PK9CCT7U,5,4,6,5,1,4
CAN-1JF9XG4RO6,3,3,3,3,2,2
CAN-MTLX6HFUYM,3,3,3,2,2,2
CAN-WZMCJ5KAPI,3,3,3,3,2,2
CAN-JMUHMQ2DSP,2,3,3,2,1,2
CAN-IWY5E06BNA,3,3,3,4,2,1
CAN-8YK2F9G1M1,2,3,3,1,2,2
CAN-HPTEIDAZ8S,2,3,3,2,2,0
CAN-HUXRWFJTYZ,3,3,3,3,2,2
CAN-2MGUW4FVVA,3,3,3,3,2,2
CAN-RRY6KU6HCR,3,3,3,3,2,1
CAN-I0KXM57IX9,2,2,3,2,2,0
CAN-XALZSJVYND,3,3,3,2,2,1
CAN-18HFR7ZPQ5,3,3,3,2,2,2
CAN-BV60OLQKTF,2,3,3,3,2,0
CAN-TXT20YAXOL,2,1,3,3,2,2
CAN-5XAGELIMT4,3,3,3,3,2,1
CAN-AZHAQ7RIA1,3,2,1,3,2,1
CAN-6T3SJT09V9,3,3,3,2,2,2
CAN-TT3YS2Q6D9,3,3,3,2,1,1
CAN-R0CWJ30UXA,2,2,3,2,2,2
CAN-REJSD0V5RE,3,2,3,2,2,2
CAN-D096ZPI9QC,3,3,3,3,2,2
CAN-LO1G75XDAT,3,3,3,3,2,2
CAN-PKYU2D8LZF,2,3,3,3,2,1
CAN-F9URYN5RLF,4,3,3,3,3,2
CAN-HZO4DB6BT2,2,4,3,4,2,1
CAN-6LLMDNRSV6,3,3,3,3,2,1
CAN-6FIMQYD4A3,3,3,3,3,0,1
CAN-S996MRZRSF,4,4,3,3,2,2
CAN-IDP4EJ3WOH,3,3,3,2,2,2
CAN-GHNOIG5RGO,3,4,3,3,2,2
CAN-G8WTTMWLKT,3,3,3,3,2,1
CAN-3QNSYIMJ3P,2,3,3,3,2,1
CAN-3WD1RH1425,2,1,3,2,2,1
CAN-OD9YVKR9EZ,1,3,3,3,2,2
CAN-WLK1YG6FW8,3,3,3,3,2,2
CAN-3ZWY5H8PIL,3,3,3,3,3,1
CAN-BI6F63L10D,3,3,3,4,2,2
CAN-FM0NBCEZPF,3,2,3,3,1,1
CAN-FOAJH1LBFH,3,3,3,3,2,2
CAN-37T05A8EM6,3,2,3,1,2,1
CAN-W66ED3E5RQ,3,3,3,3,2,1
CAN-MJVQ76OYDN,4,3,3,4,2,1
CAN-Y6FA2FDXGW,3,3,3,3,2,0
CAN-QLWWDJ2N5W,2,3,3,2,1,1
CAN-C7XEZYK8MU,3,3,3,3,1,1
CAN-874RK99O8M,3,3,3,3,2,1
CAN-0WZ3SP8MEK,3,3,3,2,2,1
CAN-OHY3SI6BYP,3,2,3,3,2,1
CAN-FH9UG45PZL,2,3,3,3,3,1
CAN-M0YRATZ3YW,3,3,3,2,2,2
CAN-BA8H1IM4T7,3,2,3,3,2,1
CAN-NCB7AQIUY9,2,3,3,2,2,2
CAN-A9DCWFXOG5,3,2,3,2,2,2
CAN-SSULLZLRZL,3,3,3,3,2,1
CAN-MZICDGSLBK,2,3,3,3,2,1
CAN-0YPW0CVMFP,2,2,3,3,2,1
CAN-STD010HJZG,3,3,3,3,1,1
CAN-N457EOO43R,2,3,3,3,2,2
CAN-1QYBRKHDEM,2,3,3,3,1,2
CAN-AOBC1GL1F7,3,3,3,2,2,2
CAN-IZV0TV5E0M,2,3,3,3,2,1
CAN-WA1BQB4BCO,2,3,3,2,2,1
CAN-SP2TN0SI9Y,3,3,3,4,2,2
CAN-NVEY0IDI4Z,3,3,3,3,2,2
CAN-0DP7AG0328,3,3,3,3,2,1
CAN-GRR9AL74OS,3,3,2,3,2,0
CAN-VZAHCTWXFO,2,2,3,2,2,2
CAN-L4EHNUIP58,3,3,3,3,2,1
CAN-5EAKBWDH1V,2,3,3,3,2,0
CAN-N58QX1Z6EF,3,2,3,2,2,0
CAN-O1FCWWORWP,2,3,3,3,2,1
CAN-I1YEJ0AP5G,3,3,3,3,2,2
CAN-BIRY1O3YE3,3,3,3,3,2,2
CAN-DVYLM4SEMJ,3,2,3,3,2,1
CAN-LHD6I1NBPN,3,3,3,3,2,2
CAN-Z8OE9JNAZ7,2,2,2,1,2,2
CAN-6C5WP3F7PE,2,3,3,2,1,1
CAN-CEA3XG5BH0,3,3,3,3,2,0
CAN-OXYQ33GAPB,3,3,3,2,2,2
CAN-TC1T8PXPFR,2,3,3,2,2,2
CAN-YGH7QT4J89,3,3,3,2,2,1
CAN-7J315P9ZKO,3,3,3,3,2,1
CAN-93NEQ9932X,3,2,4,3,1,1
CAN-ZYSRFY33O8,3,3,3,3,1,1
CAN-OLTPCR91MK,3,3,3,3,2,1
CAN-LA2HH7SFP9,3,4,3,3,2,1
CAN-PQ3XZ1BY44,2,2,3,3,2,2
CAN-A9PLTH0D5D,3,4,3,3,2,1
CAN-07T3MBF5GZ,3,2,3,2,1,1
CAN-5EVTIUBUXZ,3,3,3,3,2,1
CAN-JC0YHKT6S5,2,2,3,3,2,1
CAN-IKA6D319BK,2,3,3,3,0,1
CAN-QMYDM91ZUE,3,3,3,2,2,1
CAN-03KCAH6WH2,1,3,3,3,2,2
CAN-1ZSXHIVPO2,3,3,3,3,2,2
CAN-CUJJOP600X,3,3,3,3,2,1
CAN-PC8WX601DP,3,0,3,3,2,1
CAN-TJCO2YMTHD,3,3,3,3,2,2
CAN-SKSUYDUHIR,1,3,3,2,2,1
CAN-GTN52IMBB9,3,3,3,3,1,1
CAN-VZZ0O4D8I2,3,1,3,2,2,1
CAN-TCMR3DELKP,3,3,3,3,1,2
CAN-LXPX888466,2,2,3,3,2,1
CAN-TIFGOGFAJY,4,2,3,5,1,2
CAN-WA87WVEG54,3,3,3,3,2,2
CAN-TJGS4MJ8EI,3,3,4,3,2,1
CAN-Q3DNK110X8,4,4,3,3,3,3
CAN-MHCIA5NDTX,3,3,3,3,2,2
CAN-MZCKXX9YY6,3,3,3,3,2,2
CAN-2UQTNRK6NB,3,3,3,3,2,2
CAN-89A26DRSR2,3,3,3,2,2,1
CAN-E2T2CL8GT4,3,3,3,2,2,1
CAN-7KE2TRGFW7,3,3,3,3,2,1
CAN-675K1Z79RR,3,3,3,3,1,1
CAN-NXBOHYSU8Y,3,2,3,2,2,1
CAN-KVWHRCE90V,2,2,3,3,2,2
CAN-EM5M5YW0B4,3,3,3,3,2,2
CAN-H8SGQ6R0NN,3,3,3,3,1,2
CAN-KJO4RPFCQX,3,3,3,3,1,2
CAN-UN95PWL3OL,3,3,3,2,2,0
CAN-J2Y02CD92L,3,3,3,1,2,1
CAN-XHDEO43GP9,3,3,3,2,2,2
CAN-MCWGHQIY6U,3,2,3,3,2,0
CAN-9CPVU152H2,3,2,3,3,1,2
CAN-GIM4SZBSBW,2,3,3,3,3,1
CAN-KK862NV573,0,0,3,0,0,0
CAN-Z4OSKD42ML,3,2,3,3,2,0
CAN-UXI4D8YUGS,3,3,3,3,2,1
CAN-NR4B4NA0UE,2,2,3,3,2,2
CAN-PEJOK05Q5G,3,3,3,3,2,2
CAN-5EJH4QCT7Q,3,3,3,3,1,1
CAN-SDYB7Q2WL9,3,3,3,2,2,1
CAN-PE14VPNSYG,3,3,3,3,2,2
CAN-IF3LKDA1C9,3,3,3,3,2,2
CAN-6OBZAM7X00,3,3,5,4,2,2
CAN-2E7TDM5Z6U,3,2,3,3,2,2
CAN-2GRYOKWB4V,3,3,3,3,2,2
CAN-S8M6HT1PLU,3,3,3,3,2,1
CAN-3AUGEAIXCD,3,2,3,3,2,1
CAN-76HX2XZR49,3,3,3,3,2,1
CAN-0CO3VICVKY,3,2,3,3,2,1
CAN-X88DRLN1LN,3,3,3,3,2,2
CAN-KH2UL943EN,2,3,3,3,2,2
CAN-LUNY8K47MC,3,3,3,3,1,2
CAN-BUCXG33GRY,3,3,3,3,2,1
CAN-0ZYK1UHGAJ,3,3,3,1,2,1
CAN-7TH9A4MUDC,0,0,3,0,0,0
CAN-9NSGJ34BJM,2,3,2,2,2,1
CAN-SLJJFLC9NH,3,3,3,3,2,2
CAN-O3UDUU7L6R,3,3,3,3,2,1
CAN-6VT4WL2ZLE,3,2,3,3,1,1
CAN-C3ZSIQ6RO3,3,2,3,2,2,2
CAN-S2EKVSK0L5,3,3,3,2,2,0
CAN-WND43WOLL3,2,3,3,2,2,1
CAN-1Z5UFA9W0V,3,2,3,3,2,0
CAN-45ZI8HI0D0,3,2,3,3,2,2
CAN-Z6Z0ZJLJKV,3,2,3,2,1,1
CAN-J8GTFA3852,3,3,3,2,2,2
CAN-VJN0OW7GVC,2,2,3,2,2,1
CAN-JE4XWOKZY7,3,2,3,3,2,0
CAN-21HLQAE2NP,2,2,3,2,2,2
CAN-1KD6LLG7HE,3,3,3,3,2,2
CAN-MYM0HHV2MJ,3,3,3,3,2,2
CAN-TPLBI0D5N9,2,2,3,3,2,1
CAN-67AOZIIJ19,5,8,6,5,3,3
CAN-EFB2FLI75U,3,3,3,3,2,0
CAN-WFHL4H38T3,3,3,3,3,2,2
CAN-6HJJMHE701,3,3,4,3,2,2
CAN-DM1BIDY561,3,3,3,3,2,2
CAN-WZXCMVUER9,2,2,3,2,1,1
CAN-973E37T77E,3,3,3,3,2,2
CAN-7TS8E8AAP6,3,3,3,3,2,2
CAN-3ID0BSI1F9,3,3,3,2,2,1
CAN-SIYY8P67UB,3,3,3,3,2,1
CAN-F7RVTFQ1RE,3,1,3,3,1,2
CAN-TTX7P7504F,3,3,3,3,2,1
CAN-P3DUS9EU2M,0,0,3,1,0,0
CAN-QQGWWZHQPR,2,3,3,2,1,2
CAN-XNEAHO8VIL,3,2,3,3,2,2
CAN-UIMJGGNETW,2,3,3,2,1,2
CAN-68FDL9YBCA,1,3,3,3,2,2
CAN-BO7KEERUWA,3,2,2,3,2,2
CAN-ICQ823U1XH,3,2,3,3,1,0
CAN-8UB0X6JDH6,3,3,3,3,2,1
CAN-GXRCT3IIF4,4,4,3,3,2,2
CAN-K176CRVMR5,2,2,3,2,2,1
CAN-URRYZ6NJ6K,3,3,3,3,1,1
CAN-D1E61B1K3K,3,3,3,3,2,2
CAN-275NYFXX3K,3,3,3,2,2,1
CAN-OLJA3VZKHI,3,3,3,3,2,1
CAN-SPIX6E3QI3,3,3,3,2,1,2
CAN-3S0B4O0KY8,2,3,3,2,2,2
CAN-DIJR1CIKB3,3,5,3,5,2,2
CAN-WSLGZBGTLB,3,3,3,3,2,1
CAN-6G47ZNS8QX,3,3,3,3,2,1
CAN-CU5HNE9UTN,2,3,3,3,1,1
CAN-V3SU83N6AN,3,3,3,3,2,0
CAN-R4LSOAWV63,2,2,3,3,2,1
CAN-0OB9EUIXD1,3,2,3,3,2,1
CAN-90AL2KHFCE,3,3,3,3,2,2
CAN-0V8II6MATZ,2,3,3,3,1,2
CAN-BNSOYPWGY0,3,5,3,3,2,2
CAN-E6W3FBS7ZO,3,3,3,3,2,2
CAN-VLCF0J1HX3,2,3,3,3,2,1
CAN-IJ3HYTQR2J,3,3,3,2,2,2
CAN-JGWHNFDVE7,3,3,3,4,3,1
CAN-HD7ELJ97YB,2,3,3,3,1,1
CAN-15B7O89F3Y,2,3,3,3,1,0
CAN-SAH52XOY01,3,2,3,3,3,2
CAN-RI5DQKJZ8P,2,3,3,2,2,2
CAN-YEPCMPUDJR,3,3,3,3,2,1
CAN-3D14TVSL9U,3,3,3,2,2,1
CAN-CV5U1HTYR9,2,3,3,2,2,2
CAN-F0BS0VOEBI,3,3,3,3,1,1
CAN-Y3UHUQI924,3,2,3,2,1,2
CAN-WLPKL5RJQD,2,3,3,3,2,2
CAN-VS0UOD88ZG,3,3,3,3,2,1
CAN-YFQBL2TKPY,3,3,3,3,2,2
CAN-YCXHIKWY4P,3,3,3,3,2,1
CAN-VT8DFX657T,3,2,3,3,2,1
CAN-SQX1Z1D4BG,2,2,3,2,2,1
CAN-B9J2NLJT34,3,2,3,3,1,2
CAN-5M62P6RDHO,3,3,3,3,2,2
CAN-0CDN8XY55K,3,3,3,2,2,1
CAN-QONQBQS9M7,4,3,3,4,2,2
CAN-CM04HO61OU,3,3,3,3,0,1
CAN-EYXEV854F6,3,3,3,3,2,1
CAN-9DW5PD8X8Z,2,3,3,2,2,1
CAN-A6YQFCCVGS,3,3,3,4,2,2
CAN-S2R0EMTURC,3,3,3,2,2,1
CAN-B5QWXD9D6E,3,3,3,3,2,1
CAN-H2U3J4RTZX,3,3,3,3,2,2
CAN-2Z55LYBYD5,2,1,3,3,3,1
CAN-6Q65LSWSXI,3,3,3,3,2,1
CAN-71VNWHGAMK,2,2,3,3,2,2
CAN-ITS25G3COO,3,3,3,3,2,1
CAN-8Z8CZ9NNA5,2,3,3,3,1,1
CAN-NPN7IWX8Z7,3,3,3,3,2,1
CAN-BJZMCWSSHH,3,3,2,3,2,2
CAN-P6W0Q9I0T9,3,3,3,3,2,2
CAN-KE3MI77U27,3,3,3,3,2,1
CAN-DUZB5IP9NR,3,3,3,3,1,2
CAN-R557LI4B4X,3,3,3,2,2,1
CAN-3MJXF0M95C,3,2,3,3,2,0
CAN-W7UC8LFO70,2,2,3,3,2,1
CAN-R1ZMGHRYNC,2,3,3,3,2,2
CAN-LILWPXGQV9,3,4,3,3,2,2
CAN-G2ZUBT6IU8,2,3,3,3,2,1
CAN-EGRH9U65BQ,2,3,3,3,2,1
CAN-B468E37UZ5,3,3,3,1,2,1
CAN-LD2TERBQTG,2,2,3,1,2,2
CAN-AE3I274TN7,2,3,2,2,2,0
CAN-XS4DQHYF8G,3,2,3,3,2,2
CAN-VTOSGPYI7U,3,3,3,2,2,2
CAN-R8LZ8L9KEI,2,3,3,1,2,2
CAN-PFT9NINRPB,3,3,3,3,2,2
CAN-TU2FGPZNS5,3,3,2,2,1,2
CAN-1TS7TVEW6H,1,3,3,3,2,1
CAN-0KR0IG76MR,2,3,3,3,2,1
CAN-G19V8FYK8N,6,5,5,4,2,2
CAN-0HKS2ZM5O2,0,0,3,0,0,0
CAN-OMVEDE79UE,4,4,3,4,3,2
CAN-F9DUKOODLY,3,3,3,3,2,0
CAN-TZSJS9K8SJ,2,3,3,3,1,0
CAN-KXY8P6U6XI,3,3,3,3,2,2
CAN-5YHCM6H0X8,3,2,3,3,2,1
CAN-29XKDY5SG1,3,3,3,3,2,1
CAN-QAYSJL2ZF7,3,3,3,3,2,2
CAN-SSSH14C57D,4,3,3,4,2,1
CAN-RKBNBKEBVK,0,0,3,0,0,0
CAN-MADBD8DGNH,3,3,3,3,2,2
CAN-44XBLFWGK6,3,3,3,3,2,1
CAN-MGUEJKH8QZ,3,2,3,3,2,1
CAN-L9QRH56C5B,3,3,3,3,0,0
CAN-800M2Y0DN0,3,3,3,3,1,2
CAN-RME4TA6DLV,3,3,3,3,2,2
CAN-5YM9M11BI6,3,3,3,3,2,1
CAN-5IRVI5SX88,3,3,3,2,2,0
CAN-LWDFQMAGHS,3,2,3,3,2,2
CAN-P2BMVSIWSO,3,3,3,3,2,1
CAN-20JBGCU6MZ,2,2,3,3,2,1
CAN-K63NGRICYG,3,3,3,3,2,1
CAN-19NBP2FWX5,3,3,3,3,2,1
CAN-7N3GMYVS8N,2,2,3,1,1,1
CAN-122K2GVMGN,3,3,3,3,2,1
CAN-SGFSAUCJAF,3,5,3,2,2,1
CAN-GIFL9COTW7,3,3,3,2,2,2
CAN-YTNIVVWDCJ,3,3,3,3,1,2
CAN-6HFTGMMEIY,2,2,3,2,1,1
CAN-EMR1SOMVFO,3,3,3,2,2,0
CAN-WSZ2K6LRDA,3,3,3,3,2,0
CAN-I41P11GN51,2,4,3,3,2,2
CAN-Y4J544TUO9,3,3,3,3,2,2
CAN-16D7MCZNXR,3,3,3,3,2,1
CAN-KTLBHDA759,1,3,3,2,2,1
CAN-3XTK6Y90SC,3,2,3,2,2,1
CAN-38F8NJNF7X,3,3,3,3,2,2
CAN-ZAO8M4373C,3,2,3,2,2,1
CAN-3FL1MZWTTJ,3,3,3,2,1,1
CAN-80MLYR7RVX,3,3,3,3,2,2
CAN-DLE19Z9TIR,3,3,3,3,2,1
CAN-WT7SWCYHV1,3,3,3,3,1,0
CAN-LPJ5A3UUWT,3,3,3,2,2,2
CAN-I3NFAR25HL,3,3,3,2,1,1
CAN-2TF7R2MUHF,2,3,3,2,2,2
CAN-QGQ5E70YE3,3,3,3,3,2,2
CAN-UT9VDDX0F9,3,3,3,2,2,1
CAN-V8LAP91WW9,3,1,3,3,2,1
CAN-GPTKXDIV5I,2,3,3,2,2,1
CAN-QACDNHDLQN,3,3,3,3,2,2
CAN-443LBLZCUW,2,3,3,3,2,1
CAN-894UFHDKCP,2,2,3,3,1,0
CAN-F1O0R39RIQ,3,3,3,3,1,1
CAN-GXV4HC3KKS,2,3,3,3,2,2
CAN-DSITZ5Q31N,3,3,3,3,2,2
CAN-O8ELGFL8TO,1,2,3,3,2,1
CAN-8U6GFKBCCI,3,3,3,3,1,2
CAN-Q66BPQ4UIO,2,3,1,2,2,1
CAN-114PEMACE4,3,3,3,2,2,1
CAN-P8CLBQU6CD,3,3,3,3,1,2
CAN-0V90O573WT,3,3,3,3,2,2
CAN-VW9JWR5HQ3,2,3,3,3,2,0
CAN-XZBLZRNK7A,3,2,3,2,2,1
CAN-SRDH6RYQ7H,3,3,3,3,2,1
CAN-PD46X3VPZY,3,3,3,3,2,2
CAN-S28M3RQCX0,3,3,3,3,2,1
CAN-BJDRLZYRBD,3,3,3,3,0,1
CAN-Z4OA8QOB0D,3,3,3,3,0,1
CAN-792WK97QIJ,1,3,3,2,2,2
CAN-NQI387DVQ9,3,2,3,3,2,0
CAN-AA2XHMZNCD,3,2,3,3,2,1
CAN-IR7ZXFD0GM,5,3,4,3,4,2
CAN-LPTV3L15GI,3,3,4,5,2,2
CAN-9085R7AXKI,3,3,3,3,2,1
CAN-3T1Z0LMGKV,2,3,3,3,2,2
CAN-2PDQEQPY73,3,3,3,3,2,2
CAN-EZY6193KTI,3,3,3,3,2,2
CAN-NJ3QVVGT39,3,3,3,3,1,2
CAN-1HDM9UGKOI,3,2,3,3,2,2
CAN-99T0BUOQRX,3,3,3,3,2,2
CAN-VJ84N2I9ZT,3,3,3,3,2,1
CAN-NLCYAJ6E7H,3,3,3,3,2,2
CAN-ECJH6KWHL3,3,3,3,3,2,1
CAN-DARZ5TSDZX,2,3,3,3,2,2
CAN-XCSM3RNURG,3,3,3,3,2,2
CAN-LQ3CRW1T4U,2,3,3,1,2,2
CAN-2HUL4X8IOP,1,2,3,3,2,1
CAN-H1XW8OP4SR,3,3,3,3,2,0
CAN-7PO15HRLKD,3,3,3,3,2,2
CAN-H86WB9I30D,2,2,3,3,2,1
CAN-BZ9K6F2GRD,2,3,3,3,2,2
CAN-JPGOVGOK60,2,2,3,2,2,0
CAN-5U0VBOZX89,3,3,3,3,2,1
CAN-QHGO1WJCLZ,3,3,3,2,2,0
CAN-6FOSDRA4L0,3,3,3,4,2,2
CAN-6YU9VE04EV,2,2,3,3,2,2
CAN-8I7W3GOO6Z,3,3,3,2,2,1
CAN-4ROK1F0QRM,2,1,2,0,0,0
CAN-1PH7Y42QHA,2,3,3,2,2,2
CAN-ZJ8M9A7CCL,3,3,3,2,2,2
CAN-4HO2I8NT0W,1,3,2,3,2,2
CAN-AQH2O2HY9E,3,3,3,3,2,1
CAN-4HOR7GA5SX,2,2,3,2,2,1
CAN-BVLFG1V9O2,3,2,3,3,1,1
CAN-YQK7CGEH6Q,3,3,3,3,2,2
CAN-MP9Z7GSGMY,3,3,3,3,2,2
CAN-IKJDTW1IKP,3,3,3,3,2,2
CAN-BJ3V20FGN7,3,2,3,2,2,1
CAN-X79LSDSRTD,3,3,3,3,2,1
CAN-OBTKG5S363,3,2,3,3,2,2
CAN-EZ55TJB3WG,3,3,3,3,2,2
CAN-LIUHFCTIU1,3,2,3,3,2,2
CAN-72AJYAQE96,3,2,3,3,2,1
CAN-8VZROBLZNI,3,2,3,3,1,1
CAN-R653VBQXM3,3,3,3,3,2,1
CAN-13ZZJ42R09,3,3,2,3,2,1
CAN-PPMUPL752F,3,2,3,3,1,2
CAN-D23L44S5BR,3,2,3,3,2,2
CAN-MPBMBTPVC1,2,3,3,3,1,1
CAN-K2JJHUYUNE,2,2,3,3,2,1
CAN-HT9THSMKXJ,3,3,3,3,2,1
CAN-WTWA9JZEWT,3,3,3,3,1,2
CAN-XUQN3DPPKB,1,1,3,2,2,1
CAN-5YT2X08SNQ,2,3,3,3,2,1
CAN-HRVT84MAIH,3,2,3,2,2,1
CAN-0CL4DU38GF,3,3,3,3,2,2
CAN-OYQQBCPM4L,2,2,3,3,1,1
CAN-V22DPQAI20,2,3,3,3,2,1
CAN-O5GW1GFFO9,2,3,3,2,2,1
CAN-ZQ1MCZBE8M,3,2,3,3,2,1
CAN-8HTXCIUOCT,2,4,3,2,2,2
CAN-N76N3I7B9K,1,2,3,2,2,1
CAN-VJQ2GRDGBD,2,2,3,3,2,1
CAN-NQ20ZF5UK4,3,3,3,2,2,1
CAN-BJTAWGZDGO,2,3,3,2,1,0
CAN-79HJ0DL6NX,3,2,3,2,2,2
CAN-6P1VVU3YN5,3,3,3,2,2,2
CAN-VA0MG4RWGD,3,3,3,3,2,1
CAN-55VYP2F8F3,3,3,0,3,1,0
CAN-9OR6YMOOVR,3,3,2,3,2,1
CAN-60QHOARS4F,2,2,3,3,2,2
CAN-9PJ3IIJJZZ,2,3,3,3,2,1
CAN-SNV7Y85P1R,2,2,3,2,2,1
CAN-I7C5SVJWIF,2,2,3,3,1,1
CAN-P2H1UUHG4Z,3,3,3,3,1,1
CAN-HJSKW8DII3,2,3,3,2,1,2
CAN-0SQUYPU73B,3,3,3,3,2,1
CAN-UUD0S6K4WI,3,3,3,3,2,1
CAN-UB1OAUIKR2,3,3,3,3,2,2
CAN-9N7ZW08S41,2,3,2,2,2,1
CAN-EQI1DRIPBX,3,2,3,3,1,3
CAN-TYX6ZSWW9G,3,3,3,2,2,2
CAN-678UL3O6RN,3,2,3,3,2,2
CAN-XM10YE9O5D,3,3,3,3,2,1
CAN-3WGNGJXO6Z,3,3,3,3,2,2
CAN-1POI61XI5Y,3,2,3,4,2,2
CAN-MPFLJ6AUXL,3,1,3,3,2,2
CAN-XMYFV0HH4R,5,4,3,4,2,3
CAN-JK1JD64IA7,3,3,3,3,2,2
CAN-BT4K639AT7,3,3,3,3,2,1
CAN-6BUOJR8Q2G,3,3,3,3,2,1
CAN-WE9S33S99P,3,3,3,3,2,0
CAN-J3A81LKH83,0,0,3,0,0,0
CAN-ENDTS3JQXJ,3,3,3,3,2,2
CAN-KCJWCPRY9Y,2,3,3,3,2,2
CAN-73M2LRN1DW,3,3,3,1,1,1
CAN-7AC362YUJF,0,2,3,2,1,1
CAN-0UBVONJFT8,3,3,3,3,2,1
CAN-WW3RGKKHR7,3,3,3,3,2,1
CAN-68S6AJ9ZFD,2,4,3,3,2,1
CAN-EOUBV8UMH4,3,3,3,2,2,1
CAN-8LHNJA717C,3,3,3,3,2,0
CAN-MC14HCGCJ2,1,3,3,2,1,2
CAN-MQ8JG2L23X,2,3,3,3,1,2
CAN-TEZC5LDGEW,3,3,2,3,2,2
CAN-M8MSMEE2SM,3,3,3,2,1,2
CAN-RQBA312I5K,2,2,3,3,2,2
CAN-QOZN7KIQQ3,3,3,3,3,2,2
CAN-RTP9IHT1IT,3,2,3,3,1,1
CAN-CKWIMT500L,2,3,3,3,1,0
CAN-H1A0E7SZIZ,3,2,3,3,2,2
CAN-UIIECZE2WU,3,3,3,3,1,0
CAN-2L1WGNE4EU,3,3,3,2,2,1
CAN-KXWNRYRFZP,3,3,3,2,2,2
CAN-SXQYQHWTN6,3,3,2,3,2,2
CAN-6XHW4JJ0GV,2,3,3,3,0,1
CAN-48TSJ2TY3Z,3,3,3,3,2,1
CAN-UIPMVNTI7K,4,4,5,4,2,1
CAN-BA2J2OCZ4N,3,2,3,3,2,2
CAN-RK9JABQQQY,3,3,3,3,2,0
CAN-IP2VESHPWZ,3,3,3,3,2,2
CAN-T55YRNL4K4,2,3,2,2,2,2
CAN-SOH50TMNUO,3,3,3,3,2,2
CAN-DDUJ2DBB6Z,2,3,3,2,1,1
CAN-XS95NOZWVP,2,3,3,3,2,1
CAN-0VL2RVHMX2,2,3,3,3,2,1
CAN-4NSRVR0D37,3,3,3,3,1,1
CAN-OJ36PICUXW,2,3,3,3,2,1
CAN-OIIYV3P3U6,2,3,2,3,2,2
CAN-MJ75CD4IG7,2,3,3,3,2,1
CAN-7JEBWP5IPY,3,3,3,3,0,1
CAN-ZMVKC63G2A,2,3,3,2,1,1
CAN-SU4WYN1265,2,2,3,3,2,1
CAN-Z9UJUWNDO5,3,3,3,3,2,2
CAN-80CU9MHZPB,3,3,3,2,2,1
CAN-ZCFWEJWZG8,3,3,3,3,2,1
CAN-SFU3EDJIAB,3,3,3,3,2,1
CAN-K7S70RXAMG,3,3,3,2,1,1
CAN-WLMS7B5KKT,3,3,3,3,2,1
CAN-WXYIOO91F2,2,1,3,3,3,2
CAN-MMMP57ZODA,3,3,3,3,1,2
CAN-V2DZCOUEFN,3,2,3,3,1,1
CAN-3HLNEB7QBH,3,3,2,2,2,0
CAN-OAOG54YAZO,2,3,3,3,2,2
CAN-D36XJ4ATIH,2,3,3,3,2,1
CAN-D80QF3BZ8S,3,3,3,3,2,1
CAN-O65F5S8OG9,3,2,3,3,1,2
CAN-0R7DX67WCK,4,3,3,4,3,2
CAN-9CK6XY89LC,3,2,3,3,2,2
CAN-15XFJ3TOZ2,3,3,3,2,2,2
CAN-HB7LGPITCI,3,2,3,2,2,1
CAN-8IRTJZOQQZ,3,3,3,3,2,2
CAN-M6EUTKWP9H,3,3,3,1,2,0
CAN-5ENJ6XG2MM,3,3,3,3,2,1
CAN-YG2HPGV4KK,3,3,4,3,2,2
CAN-V2OTE9QQCS,2,3,3,3,2,2
CAN-XUXGJZM67U,3,3,3,3,2,1
CAN-BU1SL9W7FI,3,3,3,3,2,1
CAN-X2KKTEFZZ0,3,3,3,3,2,1
CAN-ZG2JX910BF,3,2,3,3,1,2
CAN-5DWCJ6P6I7,3,3,3,3,2,1
CAN-NID9XG19Y3,2,3,3,3,2,1
CAN-M0ZELLCI92,3,3,3,3,2,2
CAN-9ZB8VOINKR,3,3,4,3,2,1
CAN-LKJOD3W3MK,3,3,3,3,2,2
CAN-DN49838OI2,3,3,3,3,2,2
CAN-31UV9DJM68,3,1,3,3,0,2
CAN-R9N2CYSAZT,3,3,3,3,2,2
CAN-86YS89WD1X,3,3,3,3,2,1
CAN-0417ZTHYXF,3,3,3,3,2,2
CAN-H27CN2XN0N,3,3,3,3,2,1
CAN-ZWHT3GIO6Q,3,3,3,3,1,1
CAN-UF80MLPR7Q,3,3,3,2,1,2
CAN-CY0QAGLRZW,3,2,3,2,2,2
CAN-NJS3AIEL8F,3,2,3,2,2,2
CAN-LJAETPGFMO,3,3,3,2,1,0
CAN-5NTTXMSSJU,3,2,3,3,1,1
CAN-UZXWIN2B3F,3,3,3,3,2,2
CAN-0C7YXBVAGB,3,3,3,3,2,2
CAN-C06GGLOZJV,2,3,3,2,2,2
CAN-XRK04TUNAF,3,3,3,2,2,1
CAN-XJMUZ34WAB,3,3,3,2,2,2
CAN-NE2UAZ4OOW,3,3,3,3,1,2
CAN-A6TCKOBD4J,3,2,3,3,2,1
CAN-LL6OTNZN3K,3,1,3,3,2,1
CAN-DTGU0ZWEIQ,3,3,3,3,2,2
CAN-AW4WLASJEN,3,3,3,2,2,1
CAN-6IKX8UQLSY,3,1,3,2,2,0
CAN-3FYIGLQ652,3,2,3,3,2,1
CAN-ZTZTOXVC6F,3,3,3,2,1,1
CAN-T8Q7N0K90D,2,2,3,3,2,0
CAN-5BE4BXT2CK,3,0,3,3,2,2
CAN-L4HE35JRJD,2,2,3,3,2,1
CAN-TS2KHJEN0S,3,2,3,2,2,1
CAN-83E9LTK14V,3,3,3,3,2,2
CAN-ZGX5N129C9,3,3,3,3,2,0
CAN-TD7HMFL8XD,3,3,3,3,2,2
CAN-7XZFU0QORM,3,3,3,3,2,1
CAN-ITLPYTWML2,3,2,3,3,2,1
CAN-175RL2EPBA,2,2,3,3,2,2
CAN-UWLA0GTBVK,3,3,3,3,2,1
CAN-KNFI1QC8WD,2,2,3,3,2,1
CAN-9M6WOSROGO,2,2,3,2,2,2
CAN-3LNNK43P45,2,3,3,2,2,1
CAN-A7LC4TTANF,3,3,3,3,2,2
CAN-84BPHN7P0Q,3,3,3,3,2,1
CAN-OM0FM3WFHB,3,3,3,1,2,1
CAN-F1A2VYHH8N,3,3,3,3,2,1
CAN-ZSJALHV9SZ,3,3,3,3,2,1
CAN-AOVC6QCN8X,2,3,3,1,2,1
CAN-SWC6S7B294,1,3,3,3,2,2
CAN-W0GVW22FN3,2,2,3,3,1,2
CAN-4UUAFPDUMA,3,3,3,3,2,1
CAN-EJY1MG9QHJ,3,3,3,3,2,2
CAN-JSJ5WQUXS6,3,2,3,3,2,2
CAN-407X1W4ZNA,3,3,3,3,2,2
CAN-1QFMN41TO3,3,2,3,2,2,1
CAN-Q3X0NWJING,3,3,3,3,2,1
CAN-LQZS3G33CQ,3,2,3,3,1,1
CAN-DAX4RORUHG,2,2,3,1,1,2
CAN-8R2Y8PO0N1,3,3,3,3,2,2
CAN-JTRQX5GRT7,3,4,3,3,3,1
CAN-LVUMRA3Q5H,3,3,3,3,1,2
CAN-U1H7FP8NPL,3,3,3,3,2,1
CAN-Q42NF9CFS2,3,3,3,2,1,0
CAN-BSTJI9FD1P,3,2,3,2,2,2
CAN-VIAJZYAZ53,2,2,3,3,2,1
CAN-9I03PZ1W6B,3,3,3,2,2,2
CAN-BA92NJL7KP,0,0,3,0,0,0
CAN-P6AJTNUF1I,3,4,3,3,2,2
CAN-XK8F63325Z,2,2,2,3,2,2
CAN-3X9HKR4IM5,2,3,3,3,2,2
CAN-LY0ZY5H2L9,3,3,3,3,2,2
CAN-X3XLJ6T02N,3,2,3,3,2,1
CAN-WL5RYBPUC8,3,3,3,3,2,1
CAN-V6WM4IWG63,2,3,3,3,2,2
CAN-6CQI1XK1IJ,3,3,3,2,2,1
CAN-R2GXU5NYEU,3,1,3,2,1,0
CAN-JVGHFXU3I9,2,3,3,2,2,1
CAN-KX2XEZ8FQR,3,3,3,3,2,2
CAN-Z4N4KT9JD8,1,3,3,3,2,2
CAN-NBULE691GP,3,3,3,3,0,1
CAN-F3WPTI2M1S,3,3,3,3,2,2
CAN-AH2LBB5JG6,0,0,3,1,0,0
CAN-4WOTVVPOV2,1,3,3,1,2,1
CAN-A1FX2I15OU,3,3,3,3,2,0
CAN-81IJRBJX36,3,3,3,3,2,2
CAN-CFCEFNYYZW,3,3,3,3,1,1
CAN-ZQQP3440B7,2,2,2,3,2,1
CAN-GVDEPGC4C6,3,3,2,3,2,1
CAN-G7TQS36QD3,3,3,3,4,2,1
CAN-RU61TFGERI,3,3,3,2,2,2
CAN-G2MA8D96F5,3,2,3,2,1,1
CAN-X4RT81OWNX,3,2,3,3,1,1
CAN-IVCCY8SH9S,3,3,3,3,2,1
CAN-XDM0C8JK7B,3,3,4,2,2,2
CAN-DB9MOOQKJT,3,3,3,3,1,2
CAN-PLJ9BHQV3M,3,2,3,2,2,1
CAN-OOQWFDEGIU,3,1,3,4,1,2
CAN-HN1Q191AEW,2,3,3,3,2,2
CAN-L9YW74ZS18,3,6,3,4,3,2
CAN-WK1F3RTN0B,3,3,3,1,2,2
CAN-3NCNGI1Y77,3,1,3,3,2,1
CAN-0OPLVQK7KK,3,3,3,2,2,1
CAN-MWIJPIMPBT,3,2,3,3,2,1
CAN-8RCCOASGBX,3,3,3,3,2,2
CAN-EGBNQE4GLV,2,2,3,1,2,2
CAN-EDG8JENCG2,3,3,3,3,2,1
CAN-RMU9VN1GAB,3,3,3,3,2,2
CAN-BWRTH8FSUE,3,5,3,2,1,1
CAN-5OP4HOFBVZ,2,3,3,2,2,1
CAN-GSVYWB40AC,1,3,3,3,2,2
CAN-41N7YW9AGF,3,3,3,3,2,2
CAN-C1MUBS0503,3,3,3,3,2,1
CAN-8PR46JKGEA,3,2,3,3,2,1
CAN-SUGLIPHMTQ,3,3,3,2,1,1
CAN-GKB2TPY1QN,2,3,3,2,2,2
CAN-15X4NXCRXZ,3,3,3,3,2,2
CAN-SZUBTNQJ8V,3,3,3,1,2,2
CAN-UNJ7J643WO,2,2,3,3,2,2
CAN-U5OPDER3GD,3,3,3,3,2,1
CAN-GKKZ22VV82,3,3,3,2,2,2
CAN-VQXW1ERB8Y,3,2,3,3,1,0
CAN-P5FBGI9BIR,3,2,3,2,2,1
CAN-WTSZ8AD71O,0,0,3,0,0,0
CAN-W8EOZSAPU6,3,2,3,3,2,2
CAN-J9B8M55318,3,3,3,3,1,1
CAN-22JRWNMRON,2,3,3,2,1,2
CAN-HPW5Q48PT1,4,3,3,3,2,2
CAN-BQN6WU40Q9,3,3,3,3,2,2
CAN-PEGU3Z7RIX,3,3,3,3,0,1
CAN-OZRMLYNAK0,3,3,3,3,2,0
CAN-WEFYR7W4LR,3,2,3,3,1,1
CAN-FZ9Q598YRT,3,2,3,3,2,2
CAN-1UE3JO8QD0,2,3,3,3,1,2
CAN-GYR1OI4602,3,3,3,3,2,2
CAN-UIDCKJCDCX,3,3,3,3,2,0
CAN-OFCBICEUV4,3,2,3,3,2,2
CAN-YNIYNDE6U1,3,3,3,2,2,1
CAN-GRH21O1IIP,2,2,3,3,2,1
CAN-4BNUWCH7Z8,3,3,3,3,2,2
CAN-21R2BT74Z6,3,3,3,3,2,2
CAN-8NTG49CU4X,2,3,3,3,2,2
CAN-WUV0V3DFZ1,3,3,3,3,2,2
CAN-0DD316ZHWM,3,1,3,2,2,2
CAN-7IMPOVF67L,3,3,3,3,1,1
CAN-IR78CES9MW,2,3,3,3,0,1
CAN-JIJT45003I,3,3,3,2,2,1
CAN-G2U0GU8K8X,3,2,3,3,2,1
CAN-NKDXIBRREB,3,1,3,2,1,1
CAN-926W3IF2NE,3,3,3,3,2,0
CAN-MSD4ZLNHUV,3,3,3,3,1,2
CAN-KXIWKT4G4O,3,3,3,3,2,2
CAN-BDCGDVOF4E,2,3,3,2,1,1
CAN-N99N7DJ2B8,3,3,3,3,2,2
CAN-GW9U1R52JB,3,3,3,2,2,1
CAN-QKMC5T2DIE,3,2,3,0,1,1
CAN-G82CF2WLAD,3,3,3,2,1,2
CAN-Z1MS4EVFP1,2,3,3,3,2,1
CAN-QV5VOSUNUC,3,1,3,3,1,2
CAN-OKNXRTNYHG,3,3,3,2,2,1
CAN-19TXX6LZKJ,3,3,3,2,2,1
CAN-1PZQWW2FLO,0,3,3,3,2,2
CAN-SDABBSQZNH,3,3,3,3,2,1
CAN-122U7CUXU1,3,3,3,2,2,2
CAN-E0AM8712V4,2,3,3,3,2,1
CAN-KKZ5GWLIVY,3,3,3,3,2,2
CAN-5O16ITW61J,4,3,3,3,2,2
CAN-RJLVU7G83P,3,3,3,3,2,0
CAN-ONTP1K83FH,3,3,3,2,2,1
CAN-CR2AKDR250,3,2,3,2,1,2
CAN-O3QAQJH1A9,3,3,3,3,2,1
CAN-VNWX8OEBF8,3,2,3,2,2,1
CAN-ZW9FUG9JH8,2,2,3,2,2,1
CAN-WFJ09RZMHL,2,3,2,3,1,2
CAN-K25HU8PTQ6,3,3,3,3,2,2
CAN-9B47WK3WGY,2,3,3,3,1,1
CAN-LYOAVZ5JWS,3,2,3,3,1,2
CAN-8L1UNISPEW,2,3,3,3,2,2
CAN-ZTRR6GPU98,2,2,3,2,0,2
CAN-WFYE86E9MI,3,3,3,3,2,2
CAN-XWEB67PX4U,3,3,3,3,2,2
CAN-CSKPVQOGQX,2,3,3,3,2,1
CAN-4GFX27M0Z0,2,3,3,3,2,2
CAN-F55OSBYIOD,3,3,3,3,2,1
CAN-ZR1Y1PDHJW,3,4,3,3,2,1
CAN-KGPVZGTV1O,3,3,3,3,2,2
CAN-O8L361ALXI,3,2,3,2,2,2
CAN-FODQUFYZCY,3,2,3,3,2,2
CAN-RURU99HI7B,3,3,3,3,2,2
CAN-DV79DNXRZF,2,3,2,2,2,1
CAN-CKKT7GK32Z,3,3,2,3,2,2
CAN-7NV4K0T5FI,3,2,3,3,1,2
CAN-Y10818467B,3,2,3,3,2,1
CAN-BI56NCZHPB,3,3,3,3,0,2
CAN-KCSSKM5TU0,3,3,3,3,1,2
CAN-6Z75LNWOM2,2,3,3,2,2,2
CAN-CM4GE0WWPM,3,3,3,3,1,2
CAN-YIXRG21ON2,2,2,3,2,2,1
CAN-QBWG1IFG2A,3,0,3,3,2,2
CAN-0D8N2OQMQX,3,3,3,3,2,1
CAN-I2B93I1V5N,4,3,3,3,2,2
CAN-I0CY8U778I,2,2,3,3,2,2
CAN-2MOOV8JJN4,2,2,3,3,2,2
CAN-9JZSBE54B9,3,3,3,3,1,2
CAN-QC9RQONUTF,3,3,3,3,2,2
CAN-FF9XWZ43IE,3,3,3,3,2,1
CAN-XXSXUKMHZ5,2,3,3,2,2,2
CAN-HMPYE9851G,3,3,3,3,2,2
CAN-GBK1QG196L,3,3,3,3,2,2
CAN-MDT600E24L,2,2,3,3,1,2
CAN-I77MY7B1GP,3,3,3,2,2,1
CAN-AYLWJWLJOJ,3,3,3,3,2,1
CAN-14CNNWZZM6,3,3,3,3,2,1
CAN-0HLR3AM64F,3,3,3,3,2,2
CAN-JBIAVF9SBB,2,3,3,3,2,2
CAN-L24U7SEHLX,3,2,3,2,0,1
CAN-A9FH0FPYR5,2,3,3,2,2,0
CAN-4H7VAWPCOK,2,3,4,2,2,1
CAN-C1Q38ANAAJ,3,3,3,3,1,1
CAN-LZR23IDJX4,2,3,3,0,2,2
CAN-UVIP1G48SC,3,3,3,3,2,1
CAN-VHZRHCLLFO,3,3,3,3,1,2
CAN-A84QLFP5DG,1,3,3,2,2,2
CAN-WJGPPMKS58,2,2,3,3,2,2
CAN-HZIX1XR39P,3,3,3,3,2,1
CAN-IYAF1LFG7T,2,1,3,3,2,2
CAN-O0KEWS0JMW,3,2,3,3,2,1
CAN-EUEX7N48S9,4,2,3,2,2,0
CAN-VSGH59KLG0,3,3,3,3,1,1
CAN-JI1TXP9BGD,3,3,3,2,2,2
CAN-C7Z4ZI3O9D,3,2,3,3,2,1
CAN-HEF61MDCNS,3,3,3,3,2,1
CAN-BXDFNUOA3Q,3,2,3,3,2,1
CAN-E8JFXY6ALO,3,1,3,3,1,1
CAN-O9963ZZZSR,2,2,4,3,2,2
CAN-CC39IIAQMT,4,3,3,3,2,2
CAN-I0DRE883WX,3,3,3,2,2,1
CAN-NJNEXNMVJY,3,3,3,3,2,2
CAN-4Z4AX2IBNL,3,3,3,3,1,1
CAN-1VJ8PJDJYL,3,3,3,3,2,1
CAN-6E7Y035T33,1,3,3,3,2,0
CAN-XOYE2SQHH7,3,3,3,3,2,2
CAN-5PWJUSHEQA,3,3,3,3,2,1
CAN-KB7D57JUNQ,3,2,3,2,2,1
CAN-JKJMNMIJ28,3,1,3,3,2,1
CAN-8NA4MP11TS,3,3,3,3,2,1
CAN-AZ1I06FJD8,3,3,3,2,2,1
CAN-FBGEQLSR6I,3,3,3,3,2,2
CAN-JBN49XWYLR,2,3,3,2,2,0
CAN-4DDQ97DK0A,3,3,3,3,2,1
CAN-URSZQ19Y53,2,3,3,3,1,1
CAN-TL8RQS02BO,3,3,3,3,2,1
CAN-IY3215AYMQ,3,3,3,3,2,1
CAN-HPVT625R3Q,3,3,3,4,2,0
CAN-2KBDNFBC4G,3,3,3,2,2,1
CAN-HM81BXC2N3,3,3,3,2,2,2
CAN-4BT0Q44H90,3,3,3,3,1,0
CAN-FEJBIAG4CV,3,3,3,3,2,2
CAN-KU7M8IZ8F7,3,3,3,2,2,0
CAN-M1C3NR6PHB,3,3,3,3,2,2
CAN-2J556D49V3,3,3,3,3,2,1
CAN-C3PMFLGFTL,3,3,3,3,2,2
CAN-BGXR5G4N31,3,3,3,2,2,1
CAN-6U7GSGUBDT,3,3,3,3,3,1
CAN-HYOZPANB0H,3,3,3,3,2,1
CAN-U8U4B2HRGX,3,2,3,2,1,2
CAN-KMTWKXLZZ1,3,4,3,3,2,2
CAN-J4H3HYSW7L,3,3,3,3,3,2
CAN-WQT8QLOVT1,3,3,2,2,2,1
CAN-IRZP2JB50W,3,3,3,3,2,1
CAN-YMPEBW6SLD,4,3,3,4,2,1
CAN-X0LS88FDV1,3,3,3,3,2,0
CAN-J706NTUHMA,4,4,4,4,2,1
CAN-LRTVD916VJ,2,3,2,1,1,0
CAN-F7VO3HLLD8,3,2,3,3,2,1
CAN-I6DGSK7535,0,0,3,0,0,0
CAN-AVX1E5N7UW,3,3,3,3,1,2
CAN-FFQ3BBMWHD,3,3,3,2,2,2
CAN-QM71SGDM4I,3,3,2,2,1,1
CAN-JM755AGYPJ,0,1,3,0,0,0
CAN-HQPG2J78F8,3,2,3,3,2,1
CAN-SWJB0H77UK,3,3,3,3,2,2
CAN-NDP7H63A1W,3,3,3,3,2,2
CAN-C3T35UFDN6,3,4,3,3,2,2
CAN-5RDQAIXXVR,3,2,3,3,2,1
CAN-CY662QNRUJ,4,4,4,3,1,1
CAN-PH7QL80663,3,3,3,3,2,1
CAN-VEKIGE4921,3,3,3,3,2,2
CAN-XKFHRBRTXM,2,3,3,2,2,0
CAN-AWDY5JCH5O,2,3,3,3,1,2
CAN-TZL5JMLPN4,3,3,3,3,2,2
CAN-702PDNVMXO,2,3,2,3,2,2
CAN-5GF8VWM2HR,2,2,3,3,2,2
CAN-NZPTZOM899,3,3,3,3,2,2
CAN-9EFQ64FUOV,2,3,3,2,2,1
CAN-2SX9SB631X,2,2,3,3,2,1
CAN-GAMASVQLPM,3,2,3,0,2,2
CAN-NLQKAQ6W9P,3,2,3,3,2,0
CAN-4D5G5W2L8G,2,1,3,2,1,2
CAN-A77B164O3I,3,3,3,3,1,1
CAN-D7F9PTN2YM,3,1,3,0,2,1
CAN-32XUZJ5PGL,3,2,3,3,1,1
CAN-87RL1T2DE9,3,3,3,3,2,1
CAN-TORPSDB4KK,3,3,3,3,2,2
CAN-O2JWPLZ1BD,3,3,3,3,1,1
CAN-Z049SHQP4D,1,3,3,3,1,0
CAN-W9CNY6N5YU,2,2,3,3,2,1
CAN-J417Y77VD0,3,3,3,3,2,2
CAN-4S4SCR17PX,3,3,3,3,2,2
CAN-SUYHF6WGMW,2,3,3,3,1,2
CAN-OQ1MDYHJ4D,2,3,3,3,2,1
CAN-PGQFWYCHOB,3,2,3,2,0,2
CAN-RPLCWP59Q5,2,3,3,3,2,1
CAN-PXU78PNTOL,3,2,3,2,2,2
CAN-AQF3VNS12D,1,3,3,3,2,2
CAN-LW4C0CPP1H,3,2,3,2,2,1
CAN-4P9VVUKRAI,3,3,3,3,2,1
CAN-W7XFSD0EAC,3,2,3,2,2,0
CAN-MCHNC9ULDS,1,2,3,3,1,2
CAN-5VR1TR0W0M,2,3,3,3,1,0
CAN-I1YNM9I4CT,2,3,3,3,2,1
CAN-1GKJ4H5XS7,3,3,3,2,2,1
CAN-QGZFA636R5,3,3,2,3,2,1
CAN-L89K1NGO6P,3,3,3,3,2,1
CAN-3GOA7XH9SK,3,3,3,3,2,1
CAN-9JU57WF7YP,3,3,3,2,1,1
CAN-X1WTQJAZMW,3,3,3,3,2,2
CAN-3K0U0HUB9B,3,3,3,2,2,2
CAN-SC42SBD0LB,3,3,3,2,1,2
CAN-J2Z8813Q6I,3,3,3,3,2,0
CAN-QNNYT9VYSD,3,3,3,3,1,2
CAN-E3DSRWKN2F,3,3,3,3,2,1
CAN-PNTQTOMYRI,3,3,3,3,2,1
CAN-JGC1IU51EU,3,3,3,3,2,2
CAN-9I83IC0HYM,3,1,3,3,2,2
CAN-6FR8T13N8Q,4,3,3,4,2,2
CAN-YU6PH80APJ,2,3,3,3,2,1
CAN-XMSX2X08JI,3,3,3,3,1,2
CAN-DOWBUVMCBB,3,3,3,3,2,2
CAN-Z7QK3GUALJ,3,3,3,3,2,2
CAN-MMLQ6K23TR,3,3,3,3,2,0
CAN-MIZ3WQZ930,3,3,3,3,2,1
CAN-J8M4MS2HOJ,3,3,3,3,2,1
CAN-AV5F56ZCMU,3,3,3,3,2,2
CAN-GDTV6G0S2R,2,2,3,2,2,2
CAN-9SDDGRTJLG,3,3,3,3,2,1
CAN-0NVLU6F4MR,3,3,3,3,1,0
CAN-5P58I14VV0,3,3,3,3,2,1
CAN-VY0B2YSXJA,3,2,3,3,2,2
CAN-F684WQM2LS,3,2,3,3,1,2
CAN-KK9JW1OBWK,3,3,3,3,2,1
CAN-QUDNAH2KZA,3,3,3,3,2,2
CAN-YACRSCZ2KN,3,2,3,3,2,1
CAN-B4RRO4F7SO,3,3,3,3,2,2
CAN-SWPG76QVXE,3,3,3,3,2,2
CAN-58RY6SE658,3,3,3,3,1,1
CAN-2B1LCW58WQ,2,2,3,3,1,0
CAN-FWF3NPX54O,1,3,3,3,1,0
CAN-YVLY4405S1,3,3,3,3,2,2
CAN-BMLQO2W69X,3,3,3,2,2,1
CAN-8ND34VKOAR,3,2,3,3,2,2
CAN-ERCQGATW5B,3,2,3,3,2,2
CAN-CKJ5NZGSN0,3,3,3,3,1,2
CAN-AABXZBCWCP,4,3,3,3,2,2
CAN-D0BSC5K6VV,2,3,3,1,2,2
CAN-NNESIBTPN9,1,3,3,3,2,1
CAN-08HJCZZYXN,4,3,3,2,2,1
CAN-MQT1ZWB1YN,3,3,3,3,2,0
CAN-ZBNXFLD6WF,3,3,3,2,2,1
CAN-DTTQWCSQOZ,3,3,2,3,1,2
CAN-BPDQBI8E41,2,2,3,3,2,2
CAN-KTG898FYX0,3,3,3,3,2,1
CAN-SOSZ5HPS0I,3,3,3,3,2,1
CAN-RXRB3NRS7N,4,4,5,3,2,2
CAN-QC7UY407W3,3,3,3,3,2,1
CAN-Z05I0E71V8,3,3,3,3,2,2
CAN-RHA8ZN64PG,3,3,3,3,2,0
CAN-MKVT2SBZIX,3,3,3,3,1,2
CAN-HW8RIX3AKH,3,3,3,3,2,1
CAN-LJ6FC1CJ2M,2,3,3,3,2,1
CAN-T4A4P9Z7YX,3,3,3,3,1,1
CAN-XBU45BCLKB,3,3,3,2,2,1
CAN-YMUP3JGF65,3,3,3,3,2,1
CAN-1V13JC54NN,3,3,3,3,2,2
CAN-O7BJYB88S2,3,3,3,3,2,0
CAN-IAQOLBFX4K,3,3,3,3,2,1
CAN-F15AZVKVIW,3,3,3,1,2,1
CAN-H11WC7P73S,3,3,3,2,2,1
CAN-CONDD72FAO,3,3,4,3,2,2
CAN-KSTCWHY4P8,3,3,3,3,2,1
CAN-AGJVYRFRDG,3,3,2,3,1,1
CAN-0JHQPJVZ3G,2,2,3,2,1,1
CAN-TRQOMGIG72,3,3,3,3,2,1
CAN-7QYKWKH6MV,3,3,3,2,2,1
CAN-H1QU2YHJX2,1,3,3,3,2,2
CAN-ROHDAN5J47,3,3,3,3,2,1
CAN-FDENZABR1B,2,3,3,3,1,2
CAN-Z6DZSZEI8H,3,3,3,2,1,1
CAN-L2PAVYEOK7,3,3,3,3,2,1
CAN-RIIBTRP7SH,3,3,3,3,2,1
CAN-FTPIEWOCHF,3,3,3,3,2,2
CAN-9FAKD0SRGH,3,3,3,3,2,1
CAN-SSH8Z25KTV,3,2,3,2,2,2
CAN-ENLPURTCRQ,2,3,3,3,2,1
CAN-GMUX1L86AI,3,3,3,3,2,0
CAN-E0IK9K6MY3,3,3,3,2,2,1
CAN-Z9QJ0OIP8A,3,3,3,3,2,0
CAN-826WOQI0YX,3,3,3,3,2,0
CAN-0ZH39T0KP7,3,4,4,2,2,1
CAN-VQZEAXOB4V,3,3,3,2,2,2
CAN-Y36XA1LE45,3,3,3,3,2,1
CAN-R7RBO9AC1I,2,3,3,2,2,2
CAN-JDP9V5D916,3,3,3,1,2,1
CAN-UH92R05D05,2,3,3,3,2,1
CAN-GBPFPSHWY8,4,3,4,3,2,0
CAN-Y835EUIXH0,2,2,3,3,2,1
CAN-MYSMRBKSZV,3,3,3,3,1,2
CAN-0EM5GKHVDG,2,3,3,3,2,1
CAN-H3XORKJSLC,3,3,3,3,2,2
CAN-Y31KNKN7OC,3,3,4,3,2,2
CAN-H1NWEBUZQY,3,3,3,3,2,1
CAN-BIS5FV79OA,3,3,3,3,1,1
CAN-NCNUGD8DQR,2,2,3,1,2,1
CAN-SAI1H07UVK,3,3,3,2,2,0
CAN-28FG2QCWCV,3,1,3,2,2,1
CAN-WMOFU20NMF,3,3,3,2,2,1
CAN-Z48HAEASG1,2,3,3,3,2,2
CAN-NFM3541UGL,3,3,3,3,2,2
CAN-OLIG5I2K8Y,3,3,3,3,2,2
CAN-B5Y2WAOS77,3,3,3,3,2,2
CAN-BPKNSHSK7E,3,1,3,2,2,0
CAN-V49AAKTDEO,2,3,4,3,2,2
CAN-W85T20E4AM,2,3,3,3,2,2
CAN-155JKY6SG3,3,2,3,3,2,1
CAN-1LQBJ0NUO8,3,5,3,3,2,2
CAN-4BQRW8WJPH,0,0,3,0,0,1
CAN-N32UU4I4V9,3,3,3,3,2,2
CAN-IETA53K70L,3,3,2,3,2,2
CAN-KT15MKDWZ4,3,3,3,2,2,2
CAN-HJI85ZE10N,1,3,1,2,2,1
CAN-RD91M5LWDA,2,2,3,2,2,2
CAN-KAS2UKE6WL,3,2,2,3,1,2
CAN-5YUGUD0R3V,3,3,3,3,2,1
CAN-B3AXQM91IH,3,3,7,4,1,1
CAN-URVWBQS7AC,3,3,3,3,2,2
CAN-ILRWXH3L4Q,2,3,3,3,1,2
CAN-8PPITIUS0Q,2,3,2,2,2,0
CAN-EGJ5Z4LJOX,3,2,3,3,2,1
CAN-EHJ71UD373,2,3,3,3,3,2
CAN-O3TAE6MOQT,3,3,3,2,2,1
CAN-YUF8DGXBB8,3,3,3,2,2,1
CAN-EBLQM5AIDI,3,3,3,3,2,0
CAN-N41GZ02V2C,3,3,3,3,2,2
CAN-POX0V6HLWB,3,3,3,3,2,2
CAN-W1DGTVEO2F,3,2,3,3,2,0
CAN-A38SK3U9PX,3,3,3,3,2,2
CAN-2M7B24E9YI,3,3,3,3,2,1
CAN-ZIHDPAEOY3,3,3,3,3,2,1
CAN-YRQT4T5PKO,3,3,3,3,2,2
CAN-PD12RV572C,4,5,3,5,2,3
CAN-FNTSENFZCT,3,4,3,3,2,1
CAN-84K2ORPFOZ,2,3,3,2,2,2
CAN-HDIELZ1YFM,3,3,3,3,2,0
CAN-YMQEDNNS87,2,3,3,3,2,2
CAN-A07B9HNJ3O,3,3,3,3,2,2
CAN-FTKNBCHC75,3,2,3,3,2,1
CAN-8196AXOZYU,2,3,3,2,2,2
CAN-3P5FRRQ79X,3,3,3,3,1,0
CAN-F13B0FP5XK,2,2,3,3,2,1
CAN-WL6XBDMQ37,3,1,3,3,2,1
CAN-T9DEAJTZHF,3,3,3,2,2,0
CAN-NR4VY37GUQ,3,3,3,3,2,2
CAN-JGOXBG9LVX,3,2,3,2,2,1
CAN-5FGKHHN1FB,3,2,2,3,3,2
CAN-X8MJY3IK3T,1,1,3,2,2,2
CAN-RNZ91XZBL2,3,2,3,2,2,2
CAN-BKP1GM4PTS,3,1,3,1,2,2
CAN-31OGSJ5VHH,1,2,3,3,1,2
CAN-K42JU08CHR,3,3,3,1,2,2
CAN-TIE3W4069G,3,2,3,2,1,1
CAN-DMLLYJHNM4,3,3,3,3,2,2
CAN-W5OD9W4WY3,3,2,3,1,2,2
CAN-UX95K6DHRC,3,3,3,3,2,2
CAN-88H36UHHTV,2,3,3,3,2,2
CAN-N7RV0ELTME,3,3,3,3,1,0
CAN-4TKXG0IEQD,2,3,3,3,1,1
CAN-H66XUZMC92,2,3,3,3,2,1
CAN-GKZ8OK5T2H,3,3,3,3,2,2
CAN-09L5RGQKQX,3,3,3,3,2,1
CAN-BFB2NDCMQQ,3,3,3,3,2,2
CAN-70MH5CAA0V,3,3,3,3,2,1
CAN-T89JNMM1H4,2,3,3,3,2,2
CAN-J1TOL0KMZ3,3,3,3,3,2,1
CAN-JA770FHC00,3,3,3,3,2,1
CAN-N1VM5BVF04,3,2,3,3,2,2
CAN-44RUJN2ANN,2,3,3,2,1,2
CAN-LVAJGM5BW2,2,3,3,2,2,2
CAN-E33B2MDR14,2,3,3,3,2,1
CAN-73F5WAPYK7,3,3,3,3,2,2
CAN-WAGFWK2KTY,3,3,3,3,2,1
CAN-8WZY5EL0GS,3,3,3,3,2,1
CAN-I3Y632KAU4,2,3,3,3,2,2
CAN-9VQQZ1STC3,3,3,3,3,2,1
CAN-2LCML6F946,3,3,3,3,2,2
CAN-5R15W21AT4,2,2,3,3,2,2
CAN-ULHYXWTX9J,3,3,3,3,2,1
CAN-YIK0JBGUH1,2,2,3,3,1,1
CAN-JS4AYU663U,3,2,3,3,2,2
CAN-FGUIR7LCT4,1,2,3,2,2,1
CAN-L6QFHDPYSK,3,2,3,3,2,1
CAN-BTU2LZFITS,3,2,3,3,2,1
CAN-MB2X41DESB,3,3,3,2,2,2
CAN-UC3CXNT45X,3,3,3,3,2,1
CAN-ZNTVW2JF4S,3,3,3,2,2,2
CAN-IZ8AICJGI5,3,3,3,3,2,0
CAN-S2S40TWDSL,3,3,3,3,1,1
CAN-PFT60C7PP5,3,3,3,3,2,0
CAN-25BQBZ84GX,2,1,3,3,2,1
CAN-OX9BJ0D2O1,3,2,3,2,2,1
CAN-BTM006XNFV,2,3,3,3,2,1
CAN-IP07C5PZYH,4,5,3,5,1,3
CAN-ZO1PNGOVCL,3,2,3,2,2,2
CAN-3ZAF5GCVCZ,3,3,3,2,2,0
CAN-089ABEENTV,3,3,3,3,2,2
CAN-B3ELT2L0B3,3,3,3,3,1,2
CAN-Y0URDPI85Z,3,2,3,2,1,2
CAN-L9BROPXWF1,2,3,3,3,2,2
CAN-DNXMMN2W8E,3,3,3,3,2,2
CAN-GMHWNTDAF3,3,3,3,3,2,2
CAN-8N31NOLEM1,3,3,4,3,2,1
CAN-IQH6TGWZIT,3,3,3,2,2,1
CAN-ZZUJQ93GU1,2,3,3,3,2,2
CAN-0NYGHMFYLT,2,3,3,3,2,2
CAN-E52UACQ4CW,3,2,3,3,2,2
CAN-W6WKYPF25E,2,2,3,3,2,2
CAN-PAKI3H76CZ,2,2,3,2,2,2
CAN-8DC6XQO16V,3,3,3,3,2,2
CAN-KANORV91GR,3,3,3,3,2,2
CAN-7756OIA0RX,3,3,3,3,2,2
CAN-JS2A8PU6RZ,3,3,3,3,2,2
CAN-9BDS08J55V,3,3,3,3,2,2
CAN-LCKLHVM6YY,4,4,4,6,2,2
CAN-Y3902X8YET,3,3,3,3,1,2
CAN-3GI1ZKZ7XP,3,2,3,3,2,2
CAN-2YYPTX2VDH,3,3,3,3,2,2
CAN-MPE1CT6X6E,2,2,3,3,1,2
CAN-0TS7SHNU4O,3,1,3,2,2,1
CAN-PP24F7M71O,3,2,3,3,2,1
CAN-PTAQHH0NLT,3,2,3,3,2,1
CAN-KISSCDNGXV,3,3,3,3,2,1
CAN-NELMCYQKTP,3,3,3,3,2,2
CAN-V83S544EQU,3,3,3,3,2,2
CAN-G0SQYJYYQP,2,3,3,3,2,1
CAN-XBFVSW8ISI,3,5,3,4,4,1
CAN-YEII1I7OWH,2,3,3,3,2,1
CAN-NAELLLINHK,3,2,3,3,2,2
CAN-MSRPBQE3GY,3,3,3,3,2,0
CAN-1PBSUPJHAP,3,3,3,3,2,2
CAN-18W0GSBSEX,3,3,3,3,2,1
CAN-UMGDOKU91X,3,3,3,3,2,1
CAN-DEP51X7QEH,3,3,3,3,2,1
CAN-37TK13B9WT,3,2,3,3,2,1
CAN-KJPT4A1ORY,3,3,3,3,2,2
CAN-SYZC1N7RQE,2,3,3,3,2,1
CAN-7YM7EOV0QP,4,3,3,3,2,1
CAN-JBNEPXUCUA,1,2,3,3,1,1
CAN-EY5KWKTD1O,3,3,3,3,2,2
CAN-VXT6O695T6,3,2,3,3,2,1
CAN-MG23M345ZW,3,1,3,3,2,2
CAN-S4349T443C,3,3,2,2,2,0
CAN-FYXNP9NWHH,2,3,3,3,2,1
CAN-VVHBX14RHL,1,1,3,2,2,1
CAN-GYJB3IDLHU,4,3,3,3,2,2
CAN-Y3H9KGHAD5,3,2,3,3,2,2
CAN-CSA9RPF7N0,3,1,3,3,2,2
CAN-IZSRQ4G5UG,2,3,3,2,2,2
CAN-PN4XXFH6N3,3,3,2,3,1,2
CAN-9QU79USX3P,2,4,3,2,2,1
CAN-4P0DT7YE37,3,3,3,3,2,1
CAN-SCAFU4FM7S,3,3,4,3,1,0
CAN-T2L7P927RU,3,3,3,4,2,2
CAN-XHUYMXEI35,3,2,4,3,2,2
CAN-2QEYQ88Y1Y,2,3,3,3,2,2
CAN-UOX0JUH64O,2,3,3,2,1,1
CAN-TX42GNCYCG,3,3,3,4,2,1
CAN-JRUU6NDGIR,3,3,3,1,2,1
CAN-W9TSYSWQ32,4,4,3,3,2,1
CAN-FHKCA67K9S,3,3,3,3,2,1
CAN-J2YFWU9HJH,3,3,3,2,2,1
CAN-VU4JKM44MQ,5,4,4,3,1,2
CAN-2UHDYKXDIP,3,3,3,3,2,0
CAN-IL9S3DF9AB,3,3,3,3,2,0
CAN-QS3XZ15NFG,3,3,3,3,2,2
CAN-WMZFHQAP9B,2,3,3,2,1,1
CAN-K9LIIAWV0K,3,3,3,2,2,2
CAN-ZWO3W1SS53,2,2,3,3,2,1
CAN-AXKRNZM7B4,3,3,3,3,2,2
CAN-ZTE8SRJIOT,3,3,3,3,1,1
CAN-OJ8VVKJNKE,1,3,3,3,2,2
CAN-VD41AYEEPW,2,2,3,3,1,2
CAN-OP46YPS5ZX,3,3,3,2,2,1
CAN-6QPR3XKZ6B,3,3,3,3,1,0
CAN-KFTHMO66T2,3,3,3,3,2,2
CAN-S4FYCAZZ0J,3,1,3,3,2,2
CAN-MJL0SIMVMZ,3,3,3,3,2,1
CAN-GAZ28IY33B,3,1,3,3,2,2
CAN-V3BBJNG4XW,2,3,3,3,2,2
CAN-F52FYWKQ3T,3,3,3,3,2,2
CAN-4AHWIHYNQ5,1,3,3,2,2,1
CAN-GJNHHNY8HB,3,3,3,3,2,2
CAN-IYGJ2F0MCR,2,3,3,3,2,2
CAN-5859NPIEHL,3,3,3,3,2,1
CAN-JEIC06XTOM,4,3,3,3,2,2
CAN-794QK0RM4M,2,2,3,2,1,2
CAN-M1WXS36NFW,1,3,3,3,2,1
CAN-ODBFDUX05I,3,3,3,3,2,1
CAN-Q8C2CCKL8G,3,3,3,3,1,2
CAN-YDY8NLB0WK,2,2,3,2,2,2
CAN-AASWLF3YNX,1,3,3,3,2,1
CAN-1GB58FFS9N,3,2,3,2,2,2
CAN-C6HL2D26X1,3,3,3,3,2,1
CAN-II6NLW4SAX,3,2,3,3,1,2
CAN-SMGPCKZQ9Y,0,5,3,2,2,0
CAN-YWUAK0VD6L,3,2,3,3,2,2
CAN-SO6WAB0YW5,3,3,3,1,2,1
CAN-SJYCSV0TC8,2,3,3,3,2,2
CAN-RUTXP37AJ2,3,2,3,2,1,2
CAN-I51VYIMKV4,3,2,3,3,2,0
CAN-TSXEA01V7E,3,3,3,3,2,2
CAN-BFZR034JYQ,2,3,3,3,2,1
CAN-6LWOXIZO8W,3,3,3,3,2,1
CAN-Y7V3XMIUGH,3,2,3,3,1,2
CAN-AQMOK89QAV,3,3,3,3,2,0
CAN-XPL4JWGUTT,3,3,3,3,2,1
CAN-WAM0MZEWD7,3,2,3,3,2,1
CAN-HL6S85KQAN,3,3,3,3,2,2
CAN-NXWKII4PIH,3,3,3,3,2,1
CAN-JHMTGOWOYT,3,2,3,2,2,2
CAN-V5MVMXWLSO,2,2,3,3,2,2
CAN-DYV8DGNC47,3,2,3,3,2,1
CAN-FCO3G0AT6Y,2,3,3,2,2,2
CAN-FWHJID1CT3,3,2,3,3,2,2
CAN-TM8BOYY8VZ,3,4,3,3,2,1
CAN-SRUJAB59S4,3,3,3,3,2,1
CAN-U8QZEU3IKD,3,2,3,3,2,2
CAN-I7CLU7ZDYE,2,2,3,1,2,1
CAN-T92MS0DVDT,3,3,3,3,2,1
CAN-QQ9UDUMKC6,3,3,3,3,2,1
CAN-FRV3423B6M,3,3,3,3,2,2
CAN-ZNOJFULDZJ,3,2,3,3,2,0
CAN-FAF8NQEKZ2,2,2,3,2,2,1
CAN-PRT6ZOKV5I,3,3,3,3,2,2
CAN-Z3CBXQWMMG,3,1,3,3,2,1
CAN-RWZJGATCP2,3,3,3,3,2,2
CAN-1SM5LT50DB,2,3,2,3,2,2
CAN-HXHFKUF5BF,3,3,3,3,1,1
CAN-UP0KDOOQ5C,3,2,3,3,2,2
CAN-9FFCTSDKXQ,3,3,3,3,2,0
CAN-15VKTUR1WN,3,1,3,3,2,2
CAN-V247KN0XDE,3,2,3,3,2,2
CAN-1FO08V029N,3,4,3,3,2,1
CAN-A01YH8JOLR,3,2,3,3,2,2
CAN-RTXOVP58TP,3,3,3,3,2,2
CAN-J5P6FXPKDD,3,2,3,3,2,2
CAN-JJTHP7E1T5,3,3,3,3,2,1
CAN-862YIFCR75,3,3,3,3,2,2
CAN-0AXPUDA963,3,1,3,2,2,2
CAN-4WA6EIS5QP,3,2,3,3,2,2
CAN-26C8RNPABH,2,2,3,2,2,2
CAN-HW98HY76BB,2,3,3,3,1,2
CAN-64KL4146NP,3,3,3,3,2,0
CAN-2H6NXXX2XV,3,3,3,3,2,2
CAN-QMV49BEP70,2,2,3,2,2,0
CAN-U9JO9A3R8B,3,3,3,3,2,2
CAN-O7GSDF8OVO,2,3,3,3,2,2
CAN-PZNLHIBV6U,3,3,3,2,2,2
CAN-ZKIWAFFDUO,3,3,3,3,2,2
CAN-C568F7VRVL,3,3,3,3,2,2
CAN-EF8TSD7H2H,2,2,3,3,2,2
CAN-7PJB8CQDH6,3,3,4,3,2,1
CAN-XCU94LLQ6Y,3,3,3,3,1,2
CAN-9ZLORI0L8M,3,3,4,4,2,2
CAN-GPEPNWPONZ,3,3,3,3,2,2
CAN-GO41D4OF1V,3,3,3,3,2,2
CAN-2QRS52Z2Y0,3,3,3,2,2,2
CAN-K6B8B2OJHW,0,0,3,0,0,0
CAN-XMWRVM19MW,3,3,3,2,2,2
CAN-DHMY90KRO5,3,3,3,3,2,1
CAN-A7O4ZA282I,3,3,3,3,2,2
CAN-X4FPNJ04RR,3,3,3,3,1,2
CAN-IN2KTR3ZGX,5,4,5,4,2,2
CAN-FY6JNOZ8O4,3,4,3,3,1,0
CAN-3WM75Y6YOF,1,2,3,3,2,1
CAN-RL5W8R1X3I,3,2,3,3,2,1
CAN-0IP0M78BV3,3,3,2,2,3,1
CAN-8HTM17YE7B,3,3,3,3,2,2
CAN-VVS8FGM9SV,3,3,3,3,2,1
CAN-QR1ZOI3MWU,3,3,4,3,1,2
CAN-9XY05FKU85,3,3,3,3,2,2
CAN-5A1V6R3R34,2,3,3,3,2,2
CAN-ARC379OKF6,3,3,3,3,2,1
CAN-E3F9A13NBI,4,4,3,5,4,3
CAN-2B04DZ4JT6,3,3,3,2,2,2
CAN-4UHM8K96BE,3,2,3,3,2,1
CAN-26SJ7SDOD3,3,2,3,2,1,2
CAN-J5J1LFQCK5,2,3,3,3,1,2
CAN-UDWUEL6GMK,2,3,2,3,2,1
CAN-MDBEALGBNX,4,4,3,3,2,3
CAN-96PMM24AKN,2,3,3,2,2,2
CAN-GM9CW3PLL5,3,3,3,3,2,1
CAN-JS9G2F685W,3,3,3,3,1,2
CAN-MQGP2606OQ,3,3,3,3,2,1
CAN-6QMBJRMHNJ,3,3,3,3,2,1
CAN-XBZ9WXGVKL,1,2,3,3,2,2
CAN-SQQG2D3Z2A,5,4,3,3,2,2
CAN-SVMZPSF3OI,2,3,3,2,2,1
CAN-VSKA335IO5,3,3,3,3,2,1
CAN-P0X6ZN1H8O,3,2,3,3,2,1
CAN-HWZN8OQBBW,3,2,3,3,2,2
CAN-NIUXROMKL2,2,3,3,2,2,1
CAN-ENTV0H4TKV,2,3,3,3,0,1
CAN-DGOCNZV788,3,2,3,3,2,1
CAN-YFFOIUPDVH,2,3,3,3,2,2
CAN-YMI44I59X5,3,2,3,3,2,1
CAN-7WLLN7XA40,3,2,3,3,1,2
CAN-BNZXZH07AC,3,3,3,3,2,1
CAN-0907BYPXUS,2,3,3,2,2,1
CAN-W5125WEKN1,3,3,3,3,1,1
CAN-M8F0AKR73U,2,3,3,3,2,1
CAN-1FIBACQOJ9,5,3,3,3,2,0
CAN-Z9FQZYZPQJ,4,4,4,4,2,2
CAN-Y9RONQ172T,2,3,3,3,2,2
CAN-CL1JI2BFF0,2,3,3,3,2,0
CAN-N6BDOIZXTW,3,3,3,3,2,1
CAN-IG1JD3PAHT,3,2,2,2,1,1
CAN-T4T56J9M5P,3,3,3,3,2,1
CAN-4LHT7KRSHE,2,3,3,3,2,2
CAN-N6TE19PLXT,3,3,3,3,2,1
CAN-HWBFQ0RA3M,0,0,3,0,0,0
CAN-V37JW4NTSZ,3,3,3,2,1,0
CAN-LRQDLL4C0T,3,2,3,3,2,1
CAN-LFFM8SEY0L,2,3,2,3,2,1
CAN-9IXE2YEO3I,3,3,3,3,1,1
CAN-MHFNDXGL2N,3,3,3,3,2,1
CAN-M40C28EXMJ,3,5,3,5,2,1
CAN-QLS2L076AW,3,3,3,3,2,1
CAN-GLD19AP538,3,3,3,3,2,1
CAN-947BG1YDT0,3,3,3,3,2,1
CAN-B47R42A0W9,3,3,3,3,2,2
CAN-9BR4OV5TOT,3,3,3,3,2,2
CAN-3IHICM0QRL,3,3,3,3,2,2
CAN-90NXQQ43RV,3,3,3,3,2,1
CAN-VKSLD30A6F,4,1,4,4,2,1
CAN-TQ2STZ0OA9,3,3,4,3,2,1
CAN-HMMJ4NI40Q,2,2,3,3,2,2
CAN-R3P4CI4WWF,2,3,3,2,1,2
CAN-DZAOJP0ZWB,3,3,3,3,2,2
CAN-A4O4NEPKSB,4,4,3,5,2,3
CAN-E98MSN49FW,3,4,3,5,2,2
CAN-U9XCTU7C4F,4,3,3,2,2,1
CAN-U64TDQMZ13,3,3,3,3,2,1
CAN-PARHMF2C9K,1,3,3,3,2,1
CAN-8A9ICH889U,3,3,3,3,2,1
CAN-YBQ87BRBLI,2,3,3,3,2,1
CAN-SQU7URB32Q,3,3,3,3,2,1
CAN-NWMAFGZUQV,3,2,3,1,1,1
CAN-IYYDEQBOA8,3,2,3,3,2,0
CAN-I89JVTI0OW,3,3,3,3,2,1
CAN-I9NER0R0OD,3,3,3,3,2,1
CAN-FH2ISSDZG1,1,3,3,1,2,1
CAN-IC72BBULMX,3,2,3,3,2,2
CAN-D2O0WIFAC1,3,3,3,3,2,2
CAN-0IYB9KNZQS,3,2,3,2,2,2
CAN-F4H6CV5X2T,2,3,3,3,1,2
CAN-SV656WGFVX,3,2,3,3,1,1
CAN-UAT4LUHJR1,2,3,3,2,2,2
CAN-JOEFV76QIN,3,3,3,2,1,1
CAN-14PZ73OX2G,3,3,2,3,2,1
CAN-5OZQ0OJNBY,3,3,3,3,2,2
CAN-VYTMCXOIL7,3,3,3,3,2,0
CAN-YM5NKFWVJ9,3,3,3,3,2,2
CAN-N4VG4DPBT6,3,3,3,2,2,2
CAN-2SAKM3FUW4,3,2,3,3,2,1
CAN-W17K9PIXLT,3,3,3,3,2,0
CAN-S7JK9THRJB,3,2,3,2,2,2
CAN-QLQCZUC1KM,3,3,3,2,2,2
CAN-QW5URMN5E4,3,3,3,3,2,1
CAN-M8KK7E5L8M,3,3,3,3,2,2
CAN-1AGXCCWY5Y,3,3,3,3,2,1
CAN-XUDEY37QBI,2,3,3,3,2,1
CAN-ZX21BS7V7P,3,4,3,3,2,1
CAN-AT8EPX46AG,3,3,3,3,2,1
CAN-MWUXNWELDR,0,0,3,0,0,0
CAN-GQQCWTYGOM,2,2,3,3,1,1
CAN-8MXEW6Z3YE,3,3,3,3,2,1
CAN-UZFJDR1BGO,3,3,3,3,2,1
CAN-VGZFZHEXMZ,3,2,3,3,2,2
CAN-E13JIHS3C4,3,3,3,3,2,1
CAN-3V8APYMFFU,3,2,3,3,2,0
CAN-C73LZ9QHYV,4,3,3,3,1,1
CAN-LSVABU7USU,3,3,3,3,2,1
CAN-BA1Z60C9YO,3,1,3,3,2,2
CAN-M6687E1QRX,2,3,3,2,2,2
CAN-VAL0AXV5YM,2,3,3,2,2,1
CAN-ILH460HEDZ,3,2,3,3,1,1
CAN-X9NW3VPZHF,2,3,3,2,2,2
CAN-9NV5U1Q1UZ,3,3,3,3,2,1
CAN-0YYOW44UJZ,2,3,3,3,2,2
CAN-62XVM7ZZ0W,2,2,3,3,1,2
CAN-CBH9QZ68VN,3,3,2,3,2,1
CAN-3J788RFRZ8,3,3,2,3,2,2
CAN-ZQASWLO4OK,2,2,3,3,2,1
CAN-SRA7JQCG1L,2,1,3,3,2,1
CAN-VNOLOXT43G,2,2,3,3,2,2
CAN-ZU9K8A38CC,4,3,3,3,3,2
CAN-PWO2HFZTYT,2,2,3,3,1,2
CAN-QYEOG4IVXW,3,2,3,2,2,2
CAN-0YE7ICENBV,3,3,4,4,2,2
CAN-8OS0PHZOG1,2,3,3,3,2,2
CAN-4FO38FPD7B,3,3,3,3,2,1
CAN-LQTYLY754O,4,3,3,3,1,2
CAN-DVFESBR7F3,3,3,3,3,2,2
CAN-TZ7E5DOH1Y,3,3,3,3,2,1
CAN-PEGYLX9DPI,3,3,3,3,2,2
CAN-2PWQFMVL2Z,3,3,3,3,2,1
CAN-I67ZKQXGAN,2,3,3,3,1,1
CAN-Y3F32HQO14,3,2,3,3,2,2
CAN-KZV7SMXG4O,1,3,3,2,1,1
CAN-TEYP6X491C,3,3,3,3,1,2
CAN-0QB77ZLD2S,3,3,3,3,2,2
CAN-I0I9MQW8RP,3,3,3,3,2,1
CAN-9JQ7MPXGVB,3,3,3,3,2,1
CAN-455B99Q1Z0,3,3,3,3,2,2
CAN-MOOUDRRHQL,3,3,3,3,2,2
CAN-TNNNPIG7DT,3,2,3,2,2,1
CAN-4XV6XM2FF2,3,3,3,3,2,2
CAN-AKXMJDBZBI,3,3,3,3,2,1
CAN-PUS1AW8LHK,3,3,3,3,2,1
CAN-BX3PB8F7VO,3,3,3,3,1,2
CAN-VQENC6FYGV,1,2,3,3,2,2
CAN-SH59XTDU0T,2,1,3,2,1,2
CAN-NV2UJXF900,5,4,3,4,2,2
CAN-PDNADW0F5Z,2,3,3,2,2,1
CAN-AIHI3TFNIJ,2,3,3,3,2,1
CAN-1VDM75MLPW,3,2,3,3,2,1
CAN-WRZ4JOZUYS,3,3,3,2,2,0
CAN-NTYVB1UIYJ,0,0,3,0,0,0
CAN-O0QDEJXZ2B,3,3,3,3,1,1
CAN-GNIKMZK7W5,3,3,3,3,2,1
CAN-6VH85MNPDX,3,2,3,2,2,1
CAN-79HQN43LH2,3,1,3,2,2,2
CAN-C0LXJOL3KE,3,2,3,3,2,1
CAN-DE73T0610D,5,4,3,4,2,2
CAN-W84IXSCLOP,3,3,3,3,2,2
CAN-264647Z4GL,3,1,3,3,2,1
CAN-3Z0T7L7CYM,3,3,3,3,2,2
CAN-29MZJM6YNM,3,3,3,3,2,2
CAN-XX6JYHU0I1,2,3,3,3,2,2
CAN-XGXI97FHUO,3,3,3,2,2,1
CAN-M3YS2WDPSW,3,3,3,3,2,1
CAN-TUFEJXU36W,3,2,3,2,2,2
CAN-V6QRMQMS05,3,3,3,3,2,1
CAN-9RKDG6ZXU1,2,2,3,1,1,2
CAN-4ZNFGQADHF,3,3,3,3,2,2
CAN-BPKOEM4XUW,3,3,3,3,2,1
CAN-NB21MHDD7X,3,3,3,2,1,2
CAN-PVK0MMIDMA,2,3,3,4,1,1
CAN-ZOFZFHV67D,3,3,3,3,2,1
CAN-AH3U875VQ6,3,3,3,2,1,0
CAN-79CGCF480T,3,3,3,3,2,1
CAN-2E9QALSKN2,3,3,2,3,2,2
CAN-UDNQUFPYTH,2,3,3,3,2,1
CAN-NXWHTVKO5J,3,3,3,3,2,2
CAN-D7XKG9JUYL,3,2,3,3,2,0
CAN-88D0LKPVPR,2,3,3,3,2,1
CAN-NC37LVIRJQ,2,3,3,2,2,1
CAN-61AKGZI2LN,3,3,3,3,2,1
CAN-273SL2DIM2,3,3,3,3,2,1
CAN-8PSL7WTOSF,3,3,3,3,2,1
CAN-LIP36NFKKN,3,3,3,3,2,1
CAN-5SMG2QOCSW,3,3,3,3,2,2
CAN-W013TOIYN2,1,3,3,3,1,2
CAN-83VXZINFE8,3,2,3,3,2,1
CAN-SLT54WFMLW,3,3,3,3,2,1
CAN-1VTZHZ30F1,2,3,3,3,2,2
CAN-H060ONXOP3,2,2,3,3,2,1
CAN-9Q6TNUO466,3,3,3,3,2,1
CAN-4BGH1KEVKR,8,7,4,7,5,3
CAN-VI1CK22VHW,3,3,3,4,2,2
CAN-G4919T7BRT,3,3,3,3,2,1
CAN-LSIM23HPUQ,3,3,3,2,2,2
CAN-LC10C4OMEA,3,7,3,3,2,2
CAN-57LV2OO4FW,2,3,3,3,2,1
CAN-F17JFLBDL5,2,3,2,3,2,1
CAN-KIS9XHVXFJ,3,3,3,2,1,2
CAN-IVO4NYU9AW,3,3,3,3,2,1
CAN-LDTY5FHKWS,3,3,2,2,2,1
CAN-Y1NS971FST,3,1,3,2,2,1
CAN-85H0CHXZKT,3,3,3,3,2,2
CAN-KCQ4S82ODX,3,3,3,3,2,1
CAN-B1XW7RMLX8,3,4,3,3,3,2
CAN-QEU7MM9PU5,2,3,3,3,2,2
CAN-AUJQ1YLAGH,2,3,2,3,2,1
CAN-4MW5T97DUN,2,3,3,3,1,1
CAN-X5C4QS46M7,2,3,3,3,1,1
CAN-MCAT9FSFOX,3,3,3,4,2,2
CAN-58HOFHDN3K,3,3,3,3,2,2
CAN-IOST3NTBA1,3,3,3,3,2,2
CAN-IQ7AEB3RYB,2,3,3,3,1,1
CAN-D41ODYEDQI,3,2,3,2,2,2
CAN-4ZXRF7HVY7,2,3,3,1,2,1
CAN-6DRIC0JK3X,3,2,3,3,2,2
CAN-YYH83R40Y1,3,3,3,3,2,2
CAN-PFJ70ZUMKA,3,3,3,3,1,2
CAN-JEVT5DMHEK,2,3,3,3,2,2
CAN-BC6AYWNGQ2,3,3,3,3,2,1
CAN-9234ECIR6M,3,3,3,3,2,2
CAN-J5F0JJZ0TE,2,2,3,3,2,1
CAN-K7JXYWLE4I,2,3,3,3,2,1
CAN-PVL814S28S,3,3,3,2,2,2
CAN-9P9GMJKRB2,3,3,3,3,3,1
CAN-BMYQEP7EJ7,3,3,3,2,2,1
CAN-6R7Q4DAT57,3,2,3,3,2,1
CAN-D93MHGSPH0,3,3,3,3,1,2
CAN-5BRX9MM04U,2,3,3,3,1,0
CAN-VMKZ7L2Z3E,1,2,3,3,2,0
CAN-CZYHNGPJ14,0,0,3,0,0,0
CAN-BX550BMXR2,2,3,3,3,2,1
CAN-EG46RNNOA4,3,2,3,3,2,2
CAN-VA6ZZ122DQ,3,3,3,2,2,2
CAN-G1M5ZG185N,3,3,3,4,2,1
CAN-R84SB6BZUH,3,3,4,3,2,1
CAN-1WB2NA52JZ,2,2,3,2,2,1
CAN-9YO7261GZ7,2,2,3,2,1,1
CAN-2U7V23Z0OQ,4,5,4,4,2,1
CAN-H1YXNCV0GV,3,3,3,3,2,2
CAN-PF4P0UMOLV,3,3,3,3,2,1
CAN-7GR51KK1XV,0,0,3,0,0,0
CAN-CZEI2UC4UZ,3,3,3,2,2,2
CAN-M771X92419,3,3,3,3,2,0
CAN-LI5A9CZVFU,3,3,3,3,2,2
CAN-QS29MPE8L6,3,3,3,3,0,2
CAN-TBKCT19J1Y,2,3,3,3,2,1
CAN-Z9GRC3LY98,1,3,3,3,2,2
CAN-EFIWWCX4V7,3,3,3,3,2,1
CAN-JSLGP64PT4,3,2,3,3,2,2
CAN-31KY1YK2PD,3,3,3,3,2,1
CAN-0YDVWAYHRJ,3,3,3,3,3,1
CAN-6Z5NM8NWS1,3,3,3,3,2,2
CAN-JL0JH6NY32,3,3,3,3,2,1
CAN-5RPYJXGLCM,2,2,4,3,2,0
CAN-1EBSVJUATP,3,3,3,3,1,1
CAN-ZHMSSDU9NQ,3,3,3,3,2,0
CAN-D267YM5E5V,2,2,3,3,2,2
CAN-7RDB388K6U,2,1,3,3,2,1
CAN-ZKCDKAL1B3,3,3,3,3,2,1
CAN-D9BC6HN4SS,4,5,3,3,2,4
CAN-ZPPM7KUSB0,2,2,3,2,1,2
CAN-2P4TRWBHNU,4,3,3,3,2,1
CAN-XFJL5GG7EZ,3,2,3,2,2,1
CAN-6TQ6DMWIP0,2,3,3,3,2,2
CAN-OTE7SGAISE,2,3,3,3,2,2
CAN-LIPS1GE1HH,3,4,4,2,1,1
CAN-KL6EMS61FM,3,2,3,3,2,2
CAN-XVH651CMSE,3,3,3,3,2,1
CAN-0C25ELPI5C,3,3,3,2,1,1
CAN-ADOOARNOF7,2,2,1,2,2,0
CAN-BB1E3J2ZRX,3,2,3,2,2,1
CAN-MLKTBJ2B05,3,3,3,3,2,0
CAN-17TYWT4LNX,3,3,3,3,2,2
CAN-IW26EGDAB4,3,3,3,2,2,1
CAN-58870GVT4X,3,3,3,3,2,2
CAN-A1MW7LZE66,3,3,3,3,2,2
CAN-FN04EZQGIG,3,2,3,2,2,0
CAN-L9H4IUPC9S,4,4,3,4,4,2
CAN-JEFDTERXW8,3,3,3,3,2,2
CAN-FCMPDI81A4,3,3,3,3,2,1
CAN-PSSCEC5QC5,3,3,3,3,2,2
CAN-GPXG19LRNA,3,2,3,3,2,2
CAN-EOJ47M2FZ3,3,3,3,3,2,1
CAN-PG4CX7P6LZ,3,2,2,3,1,2
CAN-ZVB2TW34PD,4,4,3,3,3,0
CAN-7DG83EWPV7,3,3,3,2,1,0
CAN-DRPK0KASY8,3,4,3,2,1,2
CAN-9JZS2IURAA,3,2,3,2,2,1
CAN-38GND0AHK2,3,3,2,3,1,1
CAN-R9BEBOGSTD,3,3,3,2,3,1
CAN-YZV228U01U,3,3,3,3,2,1
CAN-FWMPAGLMB4,3,3,3,3,2,1
CAN-JIIXFSNXJ1,3,2,3,2,3,2
CAN-5ZD6QB9Q5H,3,4,4,3,3,1
CAN-KPY0OT1TJ4,3,3,3,3,1,2
CAN-QTZSV2PPOR,3,3,3,3,2,2
CAN-DV1F7H90YV,3,3,3,2,2,2
CAN-TM7A4NGI7B,3,3,3,2,2,0
CAN-3OZ1C3AHC4,3,3,3,2,2,2
CAN-UUGHDXTUB6,3,2,3,3,1,2
CAN-7TZ3NLBJRG,2,2,3,2,2,1
CAN-VX96DYZ521,2,3,3,3,2,0
CAN-1B0SAQDKGQ,3,3,3,3,2,1
CAN-GMSD8YA9LD,3,3,3,2,1,2
CAN-W25Q03KSVU,3,3,3,3,2,2
CAN-I4N8CBG88Z,4,3,3,4,2,3
CAN-MWYD487FTF,3,2,3,2,2,1
CAN-LU4D72EY19,3,3,3,3,2,1
CAN-8LSP1L5CBE,3,3,3,3,2,2
CAN-4CH5H0P36B,2,3,3,2,2,2
CAN-DENLAPBLO9,2,2,3,3,1,1
CAN-CMEW5DBDCQ,0,0,3,0,0,0
CAN-UOF6V3YQRP,2,3,3,3,1,2
CAN-5AS3LED594,3,3,3,1,2,0
CAN-VY23BRW0ZM,3,3,3,2,1,1
CAN-6HH2AKUFPJ,2,2,3,3,2,0
CAN-JPM00SO622,2,3,3,3,2,2
CAN-LCSHKWVH4K,3,3,3,3,1,1
CAN-XEFAO3O4NE,3,3,3,3,2,2
CAN-UZ5VISGPT2,3,2,3,3,2,2
CAN-I22QK2GJF8,2,2,3,2,2,1
CAN-RRYTZHY0RQ,1,2,3,3,0,1
CAN-NGISWAU4BB,2,2,3,3,2,1
CAN-S9O7GFBDMV,3,3,3,3,2,1
CAN-ORT6BFZDXK,2,3,3,3,2,2
CAN-31TG5P95SK,3,3,3,3,2,2
CAN-4ID9LJFR75,3,3,3,3,2,2
CAN-CV0DKNWMVL,2,3,3,3,2,0
CAN-ETCUQ2QLLO,1,3,3,3,2,1
CAN-JZ0ZUOW34Y,3,3,3,2,2,2
CAN-J9XV2W86Q2,2,3,3,1,1,1
CAN-QK1R61731R,3,3,3,3,0,1
CAN-DWG8BJO5VH,2,2,3,3,2,1
CAN-3ZV3I918EW,3,3,3,3,2,1
CAN-KQ03TMVOAN,2,3,3,0,0,1
CAN-07K0HS2IUV,2,1,3,3,2,2
CAN-3UCSA7Y8ZY,2,2,3,3,2,0
CAN-80QSP4B5US,3,3,3,3,2,2
CAN-XG3K3UDHGS,3,2,3,3,0,2
CAN-3AFY94SW3C,3,3,3,2,1,1
CAN-8HIH9HCSAF,3,3,3,3,2,2
CAN-IVQ4SS4JFA,3,2,3,2,2,1
CAN-GKQW08T66J,2,3,3,2,1,1
CAN-NFHR4OR2KT,3,3,3,2,2,1
CAN-ZVF8W9THBF,1,1,3,0,0,0
CAN-EQ8LO736EP,3,3,3,3,2,1
CAN-RLYU0OK0C2,3,3,3,2,2,1
CAN-G0YQVN8MM7,3,2,3,3,2,2
CAN-1NRBE6F6XU,3,3,3,3,2,2
CAN-MPNJTA0TKV,2,3,3,3,1,2
CAN-S7I53X3PYS,3,3,3,2,2,2
CAN-S265688PIZ,3,3,4,3,0,1
CAN-ZCL24GD7A6,0,0,3,0,0,0
CAN-Y1T7094DUU,3,2,3,2,2,2
CAN-OQCBFWGODC,3,3,3,3,2,1
CAN-C97O44X0S7,3,3,2,2,2,1
CAN-7PAQJV6D7W,2,3,3,3,2,2
CAN-X18ATH1VHJ,3,2,3,3,2,0
CAN-DPA77GUWLO,3,3,3,3,2,1
CAN-EZC28LS0O2,3,2,3,2,2,1
CAN-ML2G3DQGPB,3,3,3,3,2,2
CAN-RG84ONNZ7C,3,2,3,2,2,1
CAN-FUVULI9N68,3,3,3,3,1,1
CAN-Z9UG2MG8YA,3,2,3,3,1,2
CAN-GO2HBDN5G0,3,3,3,2,2,1
CAN-77BP2J1OD3,2,3,3,3,2,1
CAN-DI8BX8713C,3,3,3,3,1,2
CAN-B8BNGUJ1X1,3,2,3,3,2,1
CAN-XEQMC6Y1T9,2,3,3,3,2,2
CAN-JH2XK5MMKC,3,2,3,3,2,1
CAN-ACHX61W98N,3,2,3,3,2,1
CAN-QFFT7OF7PD,4,4,3,3,2,3
CAN-7UCSZT4445,0,0,3,0,0,0
CAN-EWAJPE1AJ9,3,2,3,2,2,2
CAN-JZ7XDLMI2Z,3,3,2,3,2,1
CAN-PQLPIF5GM5,3,2,3,3,2,1
CAN-B3P4R2XUC5,3,3,3,3,2,1
CAN-X04O9VR4ZE,3,3,3,3,2,1
CAN-WZZQOI2YRW,3,3,3,3,2,2
CAN-U9G6D14ZA7,3,3,3,3,2,1
CAN-F37BAY3DES,2,2,3,2,2,1
CAN-ILDBPPF785,3,3,3,3,2,3
CAN-HZHR927VQ6,1,3,3,3,1,1
CAN-VOKQZCBQES,2,2,3,3,1,1
CAN-XD1Q1MNPB1,3,3,3,3,2,2
CAN-DAOPJC9106,2,2,3,3,2,0
CAN-RY17IJ02V2,3,2,3,3,2,2
CAN-DCASB016R9,3,3,3,3,2,2
CAN-PIB7S992WV,4,2,4,1,2,2
CAN-WKPJM8SGDC,4,3,3,3,2,2
CAN-2E63QO089Q,3,3,3,3,1,0
CAN-193LN0ADIK,3,3,3,2,1,1
CAN-7FGDGZE7VG,3,3,3,3,2,1
CAN-P82WHVDXAN,3,3,3,2,2,2
CAN-M0S26Y7TGF,3,3,3,3,2,2
CAN-4D7BD8QRXS,3,2,3,3,2,2
CAN-6PVYOR3SQ8,3,3,3,3,2,2
CAN-7GDOWCNBMO,1,3,3,3,2,1
CAN-KHN9CQST1X,3,3,3,3,2,2
CAN-C3RCHZZU6Q,3,1,3,1,2,2
CAN-7PF8TE2XKB,3,3,3,3,2,2
CAN-LSWNJRFEKD,3,2,3,3,2,1
CAN-JTFXPH9RQ8,2,3,3,3,1,2
CAN-1NEQLC2YWG,3,3,3,3,2,2
CAN-E0QLLGX8QS,3,3,2,3,2,1
CAN-UKTHS6SHCS,2,2,3,2,2,1
CAN-26NRSIBHRT,3,3,3,3,2,1
CAN-A3B04CE1ME,0,0,3,0,0,0
CAN-4QS9RM4XLH,3,3,3,3,2,1
CAN-4LD8HHKMP3,4,4,4,3,2,3
CAN-PSBSVYLTKY,3,3,3,3,2,2
CAN-PZ9FZMCBQK,3,3,3,3,2,2
CAN-M62F7WQKIJ,3,2,3,3,2,1
CAN-S1TQ2D8G5N,3,3,3,3,2,1
CAN-CXP21YWWOE,3,3,3,3,2,2
CAN-1BVE5IKOHH,3,2,4,1,2,2
CAN-LR7MRZ1XAJ,4,3,4,4,2,2
CAN-YJGDQ0HN25,3,4,5,4,3,3
CAN-1I8VKTUERT,3,2,2,3,1,1
CAN-8ANKO5SKRN,3,3,3,2,2,1
CAN-SGO4632G90,3,3,3,3,2,1
CAN-AWT0PQ5OZ6,2,3,3,2,2,0
CAN-LXRB36QOQC,3,3,3,3,2,2
CAN-PU0IAHKN7C,3,3,3,3,2,0
CAN-V5LFUN1AHC,3,2,3,2,2,2
CAN-RHTARODOOV,3,3,3,3,2,1
CAN-PIT9FOAQUJ,3,3,3,3,2,1
CAN-FYMN760115,3,2,3,3,2,1
CAN-58JW66T4F3,2,3,3,3,2,1
CAN-M2DWDZW396,3,3,2,3,2,2
CAN-LIXDL678B3,2,2,3,2,2,1
CAN-R8V4ZPIU73,3,3,3,3,1,2
CAN-W3A8PN6BQQ,4,2,4,3,2,1
CAN-A4ON82GPEP,3,3,3,2,2,2
CAN-JLJ6MFKCIN,3,3,3,3,2,0
CAN-AVUU0UWJNE,3,2,3,3,2,2
CAN-YBLMO1TU5L,3,3,3,3,2,2
CAN-5P7WNDB621,3,2,3,2,2,2
CAN-NRLS0MVM0K,3,3,3,3,2,2
CAN-JC2W372NPV,2,3,3,3,2,2
CAN-LYSEP4BU1H,2,3,3,3,2,2
CAN-BIOCLP5BCF,3,3,3,3,2,2
CAN-8AEMLHVBIJ,3,3,3,3,2,2
CAN-HLQ0JKGIW1,3,2,3,3,2,2
CAN-CLL8YNBXH5,3,3,2,3,2,1
CAN-VJ1Y4C66QY,3,3,3,2,2,1
CAN-L0DFGM5P9O,3,3,3,3,2,2
CAN-LIGCRJT67I,3,3,3,3,2,1
CAN-49HWXR6DM0,1,3,3,3,2,2
CAN-V0MKTCTUF1,3,3,3,3,2,2
CAN-NRO7NYESN2,2,3,3,3,2,2
CAN-3HCYNYBD5I,3,3,3,2,2,2
CAN-5QAYN38W4K,3,3,3,3,2,2
CAN-EW3JO74CAM,3,3,3,3,2,1
CAN-QXG4JC1YYV,3,2,3,2,2,2
CAN-4N9JLHATTU,3,2,2,3,1,1
CAN-7LO6WFAEYR,3,2,3,3,2,1
CAN-LBLJPN6JK8,2,3,3,2,2,2
CAN-AKGXF10XZY,3,3,3,3,2,1
CAN-2Y3IKK3LNX,2,3,3,3,2,1
CAN-Y9MXO5WXI0,3,2,3,3,0,1
CAN-JJF27NZHO4,1,2,3,3,2,2
CAN-1P4SJQS1U0,4,3,2,2,2,2
CAN-U2LC4TVR6W,2,3,3,3,1,2
CAN-6DC84Y4BY7,3,2,3,3,1,1
CAN-9656QKBLWY,3,2,3,2,2,2
CAN-A4ER20MODS,3,2,3,3,2,2
CAN-DPE36UVAK3,2,4,3,2,2,0
CAN-ASRE6PAM7D,3,2,3,3,1,1
CAN-PU271ZBU0G,3,2,3,3,1,2
CAN-978HFIL2KS,3,3,3,3,2,1
CAN-JV325P6RA6,1,1,1,3,2,2
CAN-Y0GCUB1KA6,3,2,3,2,1,1
CAN-NO80GEEX9D,3,2,4,2,1,2
CAN-RBQHKNL7MA,4,3,3,3,2,2
CAN-REF5URV939,4,3,3,1,1,1
CAN-WNVYRFKDR4,3,3,3,3,1,0
CAN-NGR4RTX739,4,4,4,2,2,1
CAN-2KGRTT8ZTI,0,0,3,0,0,0
CAN-WKXFTGA5UO,2,2,3,3,2,1
CAN-H5YBVGEJDF,3,3,4,3,2,0
CAN-5Y7KGTZQ93,3,3,3,3,2,2
CAN-J4XIO7CT3V,2,3,3,2,2,0
CAN-926KMKZ9RF,3,3,3,3,2,1
CAN-G2A73VHKD0,3,3,3,3,2,2
CAN-KT26NC2UC5,3,3,3,3,2,2
CAN-TTM13VFNNU,2,2,3,3,1,1
CAN-OIKETYQDGV,3,1,3,3,2,1
CAN-18Y317XEJ6,3,3,3,3,2,1
CAN-NXQQAQZACT,2,2,3,3,1,1
CAN-DSW0WGWZCI,2,2,3,2,2,1
CAN-WEYX18MAUW,3,3,3,3,2,2
CAN-KDDOS3MGXX,3,2,3,3,1,2
CAN-3BDSCPL2LW,3,3,3,3,2,0
CAN-FZDFPT7ALP,3,3,3,3,0,1
CAN-QTQO0T8BAS,3,2,3,3,2,2
CAN-CJN0H4XCFS,3,3,3,2,2,1
CAN-96P79HGHXI,3,2,3,3,2,2
CAN-PV3ITGSHDT,3,3,3,3,2,1
CAN-P6UBALC1JK,3,3,3,3,2,1
CAN-JWE945968N,3,1,3,2,2,2
CAN-JAQVR4K57V,3,3,3,3,2,2
CAN-0QVRPI1VJH,2,3,3,3,2,1
CAN-K89DX2JZKN,3,1,3,3,1,2
CAN-OSQIA86SY0,3,3,3,2,2,2
CAN-U6DHUGGHE6,3,3,3,2,2,1
CAN-XMOGHFY5CW,0,0,3,0,0,0
CAN-FCWRZ2AIFO,3,3,3,3,2,1
CAN-VDRA2DANTA,2,3,3,3,1,1
CAN-4TNRTD4X24,3,3,2,2,2,2
CAN-RDBZDAG2K1,3,2,3,3,2,2
CAN-SRH2BY28MD,1,1,3,3,2,1
CAN-90E319ZE3Z,3,2,3,2,0,1
CAN-IIHVJ9TYCQ,2,1,3,3,2,1
CAN-OC3QECPE55,3,3,4,3,2,1
CAN-6LHKGRR2GD,3,3,3,1,2,1
CAN-KQY4OH5SHE,3,2,2,2,2,2
CAN-OTYR5TBUD4,2,3,2,3,2,2
CAN-VI9EPEAZFM,2,3,3,2,2,1
CAN-5ZX8EVWYV5,3,3,3,3,2,1
CAN-TEPRX524MN,3,3,3,3,2,2
CAN-CZGOKZVLLK,3,3,3,3,2,2
CAN-DQOF0FJWVN,3,3,3,3,2,2
CAN-NPKPYNE3JJ,2,3,3,3,2,2
CAN-U581MM78O7,3,1,3,3,2,1
CAN-OBF9LA1UWF,2,3,3,3,2,0
CAN-6GJ6BBLC7C,3,2,3,3,2,0
CAN-VR60YCR2XU,3,2,3,3,2,1
CAN-X7FB4C3D7Q,2,3,3,3,2,1
CAN-RECJLUHYIT,3,3,3,3,2,1
CAN-SPJC4DVZO0,2,3,2,3,2,1
CAN-9SEXF3H29G,2,3,3,3,2,1
CAN-FQHZWO985D,3,2,3,3,1,1
CAN-C5GHKMJ8YR,1,3,3,3,2,1
CAN-3585127SUB,3,3,3,2,2,1
CAN-UECV6NWVBL,2,3,3,3,2,0
CAN-G4S4YQ4J8L,3,2,4,3,2,2
CAN-R689BH6BOQ,3,3,3,3,2,2
CAN-P4RVWAG757,2,3,3,1,2,1
CAN-LI31XVSNE2,0,0,3,0,0,0
CAN-WHP56UI5FG,3,3,3,3,2,2
CAN-O724Q1ZOP1,2,3,3,1,1,2
CAN-BTLCABBIUV,1,3,3,3,1,2
CAN-F8T095D81C,2,1,3,3,2,1
CAN-ERSOR4K7QJ,3,3,3,2,1,0
CAN-RXMWDVU7JD,0,0,3,0,0,0
CAN-ERQRJ6F4P2,2,2,3,3,1,1
CAN-TM7GY5GSY8,2,2,3,3,1,1
CAN-H3T5POFTUG,2,3,3,3,1,1
CAN-54T2DEXV7H,2,3,3,3,1,1
CAN-AZN671QTSW,3,2,3,2,2,2
CAN-02YIB49F5G,3,2,3,2,1,1
CAN-X4EZ4F68CQ,3,3,3,3,2,1
CAN-UWKAVTJRNW,3,3,3,3,2,2
CAN-2N4BQ4KOS7,3,3,3,3,2,0
CAN-QQ941VUAS8,2,3,3,3,2,2
CAN-LYVPHZVU99,3,3,3,3,2,1
CAN-XGQ5EYM8R3,0,0,3,0,0,0
CAN-R6L3IT5YSE,4,5,3,4,4,3
CAN-A4TRDSB53I,3,2,3,2,2,0
CAN-PZIDMAX0LY,2,3,3,1,2,0
CAN-52K65YOL5V,2,3,3,3,2,0
CAN-DSN2ICS5MO,3,3,3,3,2,2
CAN-E2JRK8SH62,3,2,3,3,2,2
CAN-HSL1IEWFDF,3,2,3,2,2,2
CAN-U2H0RQZZYP,3,3,3,2,2,2
CAN-KET3RF904G,3,3,3,2,2,2
CAN-6ZP6RW4S4H,3,3,3,2,2,2
CAN-50FK951X8P,3,3,3,3,2,2
CAN-QHH5BCQLOK,3,3,3,3,1,2
CAN-V2QUFEL066,3,4,4,3,2,2
CAN-G1DUXYJUB7,3,3,3,3,2,2
CAN-RSB56Z7ENG,3,2,3,3,2,0
CAN-7W3U85CNA2,5,3,2,5,1,3
CAN-JHQO4NETFI,3,3,4,3,2,1
CAN-496O0RJA1X,3,3,3,2,2,2
CAN-F2LP2JJO1G,3,2,3,2,1,2
CAN-KA189KCKFM,3,2,3,3,2,1
CAN-JM9PRM0SA4,3,3,3,3,2,1
CAN-MFRFT7G2NM,3,3,3,3,2,2
CAN-D5FUEOD8EA,3,2,3,2,2,2
CAN-MMOEA1EHLZ,3,3,3,3,2,1
CAN-0OCDM4SVBK,3,3,3,2,1,1
CAN-OADX9MH0Z0,3,4,3,3,2,2
CAN-NCVSZJ97UQ,3,2,3,3,1,0
CAN-4GI8E82HF4,3,3,3,3,2,1
CAN-IEMB3481UI,2,2,2,3,2,2
CAN-DJV20QJTNK,3,3,3,3,1,1
CAN-JU9UJOV98W,3,3,5,3,2,2
CAN-KX6LRHKBA4,2,2,3,3,1,1
CAN-IHSZ0HR6YJ,3,3,3,2,1,2
CAN-YEZGG7M6PJ,3,3,3,3,1,1
CAN-G71ROHY3FY,3,3,3,3,1,2
CAN-CBN1J9QTD0,3,3,3,2,1,2
CAN-J5YVCMVYL6,3,3,3,3,1,1
CAN-OK9IBCP9KU,2,3,3,3,2,1
CAN-ZV9CFAEJEK,2,3,3,3,2,2
CAN-RUE3NFNU79,2,3,3,3,2,1
CAN-NS9SG33JWA,3,3,3,3,2,2
CAN-XYMNZFAGK8,3,1,2,3,2,1
CAN-WUGCBIO2L7,2,3,3,3,1,1
CAN-FBJ2OFDGS8,2,3,3,3,2,1
CAN-JYIWM6S776,2,1,3,3,1,2
CAN-WC0X9I8WEO,3,3,3,2,2,2
CAN-A24JNOAYMZ,2,3,3,1,2,2
CAN-96YQ78B8HZ,3,3,3,2,2,0
CAN-CQHA31DKRV,3,2,3,3,2,1
CAN-KB8YLF7YPI,3,3,3,2,1,1
CAN-AKEWV1VHU2,1,3,3,2,2,0
CAN-0F5N3SJ0FC,3,3,3,3,2,2
CAN-EK56CXVHPL,3,3,3,3,2,0
CAN-3H8R31I3EM,3,1,3,2,2,1
CAN-3QHCEEFBTR,3,3,3,0,2,2
CAN-7UPS0Y1ZO6,3,3,4,2,2,1
CAN-UTA3XQOIS1,3,3,3,3,2,2
CAN-0BYTT06CZM,3,3,3,1,2,2
CAN-EFK8MHJ236,3,3,3,3,2,1
CAN-2INYUS49HK,3,3,3,3,2,1
CAN-SSYA4BR16N,2,3,3,3,2,2
CAN-ZH8ZTWO6MZ,3,3,3,2,2,1
CAN-68BEBBKA9B,3,3,3,3,2,2
CAN-RXMRBHUWSK,3,3,3,3,2,2
CAN-Z1IXD904I0,3,3,3,3,2,0
CAN-NJNUTWDYBX,2,2,3,3,2,1
CAN-LKEBHYQ6XU,3,3,3,3,2,0
CAN-9X3V05OCUL,3,3,3,3,2,1
CAN-A6X5RVRBC4,2,3,3,3,3,2
CAN-TGTZEYMOED,3,3,3,3,2,1
CAN-H92R5MTM1Q,3,3,2,3,2,2
CAN-ASHV0QLZ5K,3,3,3,3,2,2
CAN-BY25Z4SDY0,3,3,3,3,2,1
CAN-9DSPMPQRPC,3,3,3,3,2,1
CAN-UOPE95W52D,2,3,3,3,2,1
CAN-3LFNM8L6D4,2,3,3,3,2,1
CAN-2TG8QI0W8K,3,3,3,2,1,2
CAN-EGGOMR38YW,2,2,3,1,2,2
CAN-1TV7V4KO3V,3,4,3,4,2,2
CAN-WKVOWYGQHX,3,2,3,3,2,1
CAN-S4YMHV311R,3,3,4,3,1,0
CAN-E2DCF78DGX,3,3,3,3,1,1
CAN-DPMHKHNR1A,3,3,3,3,2,1
CAN-YXHOHBDHS2,2,3,3,1,2,2
CAN-QJFDXWX860,3,3,3,3,2,2
CAN-H2SLPCCWOS,7,4,6,4,0,3
CAN-PMNNB8X0Z1,3,3,3,3,3,2
CAN-H70XTCJGXE,3,3,3,2,1,1
CAN-LAUC689MCL,4,4,3,3,2,2
CAN-B07LLYVW13,3,3,3,3,2,2
CAN-UKS7F4CV77,2,3,3,3,2,2
CAN-VA7FGRYZKI,0,0,3,0,0,0
CAN-JVUP05816P,3,3,3,3,2,1
CAN-R6NGRPW6Y5,3,2,3,3,2,2
CAN-SQCEW4DPVE,3,3,3,3,1,2
CAN-DAVT1WSL6F,2,2,3,2,1,2
CAN-ZWQY4915AV,3,3,3,2,2,1
CAN-FTK34YMGT7,3,2,3,2,2,1
CAN-EGLXJKEQ2G,3,2,3,3,2,1
CAN-WG75Y6PNY4,3,3,3,3,1,1
CAN-7YRJWGVAL3,2,3,3,3,2,2
CAN-4F0GO24OWE,3,3,3,3,2,2
CAN-0ZFW2FYV8H,2,2,3,3,2,1
CAN-PJG53E35UJ,3,3,3,3,2,2
CAN-TL6YQMPNKG,2,3,3,2,2,2
CAN-5ABJBEW32C,3,3,3,3,2,1
CAN-0EA1IP2MN3,3,3,3,3,2,1
CAN-6EPLI585D2,2,3,3,3,2,1
CAN-J0ZLULTNJV,3,3,3,3,2,2
CAN-XCV3M11JPV,3,3,2,3,2,2
CAN-BQGNUWAQM6,1,3,3,2,1,1
CAN-73F79OR4CL,3,2,3,3,2,2
CAN-Q0PG4JHDL9,3,2,3,3,2,1
CAN-E6SQ08HIAO,4,4,3,3,3,1
CAN-7ZLLB7GBNJ,3,3,3,3,2,2
CAN-PF7OXTV91S,3,3,3,3,2,2
CAN-1LBMP5IGZ3,3,3,3,3,2,2
CAN-1XF83SYPIZ,3,2,2,2,2,0
CAN-TW97Y5E8KF,3,3,3,3,1,0
CAN-8UM90DD4UN,2,3,3,3,2,2
CAN-ECCED0CKWF,2,2,3,2,2,1
CAN-2KA2QHETDK,2,3,3,3,1,1
CAN-LOTZW5V3CG,3,3,3,3,2,2
CAN-NBUBQIYM0C,3,1,3,2,2,1
CAN-1UF2XQJF6M,3,3,3,3,2,1
CAN-76DBB5IV5X,3,2,3,3,2,1
CAN-631ZBFZU8X,3,3,3,3,2,1
CAN-LXV3ESNVVY,3,2,3,3,2,0
CAN-NG6Z4Z402A,2,2,3,2,2,2
CAN-FK80JO7RUL,3,2,3,3,1,1
CAN-C6Z6FQHJGN,2,3,3,2,2,2
CAN-U52WGTQXV9,3,3,3,3,2,2
CAN-1LVF5K3P29,3,3,3,3,2,1
CAN-C01F6FT2P9,3,4,3,3,2,2
CAN-FQDAFXJ8PZ,3,2,3,2,2,2
CAN-T1DMKAQKD2,3,2,3,3,2,1
CAN-86LPPG73F5,2,2,3,2,2,2
CAN-BIXFH6VDK0,3,3,3,3,2,2
CAN-Z8YZMNGC3N,3,3,3,2,2,0
CAN-ESAIG87U7W,3,3,4,3,2,1
CAN-GZ4LVL0KY9,3,3,3,3,3,1
CAN-FLDA7FEV25,3,2,3,3,2,2
CAN-HXUH8N681S,2,3,3,2,1,2
CAN-1PPWTB65BA,3,3,3,3,2,2
CAN-69XZ00C0RU,3,3,3,3,2,2
CAN-B241QLCG1E,3,3,3,3,1,2
CAN-7GY3JITIHR,2,3,3,3,2,1
CAN-SGHTHNILJT,3,3,3,3,2,1
CAN-STB5OBJA8T,3,3,3,2,2,1
CAN-E0BCA1BXIJ,0,0,3,0,0,0
CAN-SQHPCEW5CC,3,3,3,3,2,1
CAN-9K2DU6JSV5,0,0,3,0,0,0
CAN-Z7SDMWZTQ0,3,3,3,3,2,2
CAN-AQ8K23CAL3,3,3,3,4,2,2
CAN-B3CDZTWF0I,3,3,2,2,0,1
CAN-VZK8SIR3QU,3,3,3,3,2,1
CAN-8B3MUO6LDV,3,3,3,3,2,1
CAN-5CMOSCVIWN,3,3,3,3,2,2
CAN-6L78XMY79T,3,3,3,3,2,1
CAN-NVP0DGYZK8,3,3,3,3,2,1
CAN-Z787FU68MZ,1,3,3,3,0,1
CAN-S5B3UFOQFB,3,3,3,3,2,2
CAN-2E8RAA8PFA,3,3,3,3,2,2
CAN-BVUAM02UIJ,2,3,3,3,2,2
CAN-AG7P8RI22L,3,3,3,3,2,2
CAN-F5J3L4WAJG,3,2,3,3,2,1
CAN-ULUI3NDKNK,3,1,3,3,1,1
CAN-Q5BN4U700D,3,2,3,3,2,2
CAN-60L21FJHVP,3,2,3,3,2,1
CAN-GLT17G6F8S,3,3,3,3,2,1
CAN-6JRLMF5BMH,3,3,3,1,2,1
CAN-7KFS0Q8FKR,3,2,2,3,1,1
CAN-N4B9O146S5,3,3,3,3,1,1
CAN-DD8UGN71GY,3,3,3,3,2,1
CAN-CDDW0K6B4Q,3,3,3,2,2,0
CAN-63I69TNQJK,2,2,3,2,2,2
CAN-ZVQW141CHQ,2,3,3,3,2,2
CAN-OKQJ560WMY,3,3,3,3,2,2
CAN-BYALPYHNU6,2,3,3,3,2,2
CAN-Z1CY5TYRW3,3,3,3,4,2,2
CAN-QL5KZ5QR7L,5,4,4,6,2,1
CAN-SNL28QLBIJ,3,3,3,3,2,2
CAN-QOWZXDS3IL,2,2,3,3,2,2
CAN-AO06OBYZ66,3,4,3,3,4,2
CAN-9CHER3OOHU,3,2,3,2,2,2
CAN-FPHQTK8Q04,3,3,3,3,2,1
CAN-M3WRKHDPX7,3,2,3,2,2,2
CAN-OGS6OUO3FI,3,3,3,3,1,0
CAN-O6CIDF0C6N,3,3,3,3,2,2
CAN-KMO4YWL72G,3,3,3,3,2,1
CAN-U15FLWQ9B3,3,3,3,2,2,1
CAN-349ZIEV0FT,3,3,2,2,2,1
CAN-8IYK12MPI9,3,3,3,3,2,2
CAN-WU2QZWKPDJ,3,3,3,3,2,1
CAN-8PFTA1BX0P,3,1,3,1,2,1
CAN-VCJ0R3ZCC6,3,3,3,3,2,1
CAN-UES5KCMLIY,3,3,3,3,2,2
CAN-16XEENPIFY,3,3,3,3,2,1
CAN-A9VHG0KDWF,3,3,3,3,2,1
CAN-MF0JMSH3VQ,5,4,3,3,2,1
CAN-HFQYUMW66S,3,3,3,3,2,2
CAN-N5DFAVMN2M,3,3,3,3,2,1
CAN-BUZFQ3ZL3N,3,3,3,3,2,2
CAN-ZZ4MB3MU6Z,3,3,3,3,2,1
CAN-89IECAHOIQ,4,4,3,3,2,2
CAN-DCQWEQ07S6,3,3,3,4,2,2
CAN-IZQBIL39DC,3,3,3,3,2,2
CAN-10SIX3UJ8M,2,2,3,3,2,1
CAN-SGQA5NP7Y7,3,3,3,2,1,1
CAN-F0W9KNIWOS,3,3,3,3,2,2
CAN-HAGXQLGMA3,2,3,2,2,2,0
CAN-5ZK4NF93QJ,3,3,3,2,2,1
CAN-A03VPND4UX,3,2,3,3,2,2
CAN-GENYPH830K,3,2,3,4,2,2
CAN-V0BG4AKVIL,2,3,3,2,2,2
CAN-A6PLZPLITF,3,3,3,2,2,2
CAN-FYEFME20IM,3,2,3,3,2,1
CAN-7HQWF459VW,3,3,3,3,2,2
CAN-YJIOU7ZWE9,3,2,3,3,2,2
CAN-ME2Q23NS0G,3,3,3,3,1,1
CAN-HFLRVW5TCH,0,0,3,0,0,0
CAN-MD0DXZ9C95,3,3,3,2,2,1
CAN-F9U0NLNMMQ,3,3,3,3,2,2
CAN-QVHP007BBV,1,2,3,3,2,2
CAN-LO17EI1IP2,3,2,3,3,2,1
CAN-F6H8MV8WAI,3,2,3,3,1,1
CAN-DKI7RZ4R1J,3,2,3,3,2,1
CAN-LDFVWJ93ST,2,3,3,1,2,0
CAN-E737PWZPEP,2,3,3,2,2,1
CAN-I2M119BDTW,2,3,3,3,3,2
CAN-WFH5KLZLOX,3,2,3,3,2,1
CAN-QE9YQKXN9Y,3,3,3,3,1,2
CAN-B3J9PAQDRA,3,2,3,3,2,1
CAN-IWF7GVAB7U,2,3,3,3,2,2
CAN-W1O813CX74,3,3,3,3,2,1
CAN-WCZB18H4Q2,3,2,3,3,2,2
CAN-CGK7SKC8SW,3,3,3,3,2,1
CAN-GO0JUJK73R,3,3,3,3,2,1
CAN-7PB0AJZQT8,3,3,3,3,2,2
CAN-S3BIGB6189,3,3,3,3,2,2
CAN-OK804BJEPQ,3,3,3,2,2,1
CAN-4P3QDNFNWG,3,3,3,3,3,2
CAN-G7PHA3UNEB,3,3,3,3,2,2
CAN-KFM61NBHHM,3,2,3,2,2,2
CAN-UQB0HYCFYT,2,3,3,3,1,1
CAN-3OVNZGCQ26,2,3,3,3,2,1
CAN-B0CWU0QK98,3,3,3,2,2,2
CAN-9X9R5R75I0,3,2,3,1,2,2
CAN-B3Q4WUI0Y9,3,3,3,2,2,1
CAN-AM876TJ61U,3,3,3,3,1,1
CAN-SC7ZUDCTHA,3,2,3,3,2,1
CAN-3JG44NWV2W,3,1,3,3,2,1
CAN-KDQSODONXQ,3,3,3,3,2,1
CAN-FHEC2GL3PL,2,2,3,1,2,2
CAN-5W12XBINJG,3,3,3,2,2,2
CAN-NEN3BSRMON,3,1,3,2,2,2
CAN-6JTO6XQ4JX,3,3,3,3,2,2
CAN-65HOT8NCRJ,0,1,3,1,2,1
CAN-GP0BCURX2P,3,3,3,3,2,1
CAN-O1WDUAUNJV,1,3,3,3,1,2
CAN-HE2DSW3B7X,3,3,3,3,2,2
CAN-C7M3SL2NPO,3,3,3,2,2,1
CAN-BCPIMVBSIP,3,3,3,3,2,2
CAN-FWBYD5H9DL,2,3,3,3,1,1
CAN-QCAUVDBES4,3,2,2,3,2,1
CAN-H3B7BYYSYS,3,3,3,2,2,1
CAN-8RPZI7CMEV,3,2,0,3,2,2
CAN-6FFH4E2JKG,3,3,3,3,2,1
CAN-TTWB1I4UIC,3,2,1,2,2,1
CAN-KFFJKOXQE1,2,3,3,3,2,1
CAN-AZG42NDTQN,3,3,3,3,2,2
CAN-R3FQ58SFFS,3,2,3,1,2,1
CAN-TVB16WDLIP,3,3,3,3,2,1
CAN-5VAK22F3EV,3,1,3,3,1,0
CAN-OZLJO4H04Q,3,2,3,1,1,1
CAN-VQYLTRWUNA,3,3,3,3,2,2
CAN-CXDOCPDOXI,3,3,3,3,2,2
CAN-PUDBT7W4MD,3,3,3,3,2,2
CAN-JH0SZZVVHT,3,3,3,2,0,2
CAN-HNQKQ5F3YA,3,3,3,3,2,2
CAN-FONF66CCHQ,2,1,3,3,2,1
CAN-TUVFPC87VY,3,2,3,3,2,1
CAN-8D92ZL8OEY,3,2,3,3,2,2
CAN-AZSWX7E32L,3,3,3,3,2,0
CAN-4WTC940VCQ,3,1,3,4,2,1
CAN-1PJTFT3AAK,3,3,3,3,2,2
CAN-ZFOV94YVTH,2,3,3,3,2,1
CAN-RIPZ1J6A3Z,2,2,3,3,1,1
CAN-QFIRNCNJAE,3,3,3,3,2,0
CAN-GT3UL69TUQ,4,2,3,3,2,2
CAN-85ZKHF88WI,3,3,3,3,2,1
CAN-RK8DD4G1PH,1,3,3,3,2,1
CAN-GK6AW1ND7J,3,2,3,3,1,1
CAN-T453YNE9NZ,3,3,3,1,2,2
CAN-BOS72NPCD0,3,3,3,3,2,2
CAN-0IP0M4ZNH0,3,3,3,3,2,2
CAN-P97INIT6DG,3,3,3,3,2,0
CAN-17Q85FH0QL,3,2,3,3,1,2
CAN-I7G7L7HIXM,3,3,3,3,2,2
CAN-FYPPEPT445,3,3,3,4,2,2
CAN-T6S8DISKOL,3,4,3,3,2,1
CAN-78ZPZ3LPT9,3,3,3,3,2,0
CAN-0DC3ZB1P41,3,1,3,2,2,2
CAN-9AD8U5KMRL,3,3,3,1,1,2
CAN-3IABT374F2,3,3,3,2,2,1
CAN-IE66RW112G,3,3,2,2,2,2
CAN-6YLEF4FQRG,2,3,3,3,2,2
CAN-Y62K1B0WKZ,3,3,3,3,2,1
CAN-8TDM10LT6Y,3,2,3,2,2,0
CAN-DRNO450VA0,3,2,3,3,2,2
CAN-PTQC3N5WQ0,3,2,2,2,2,1
CAN-UG1N3SN2KY,3,3,3,3,2,1
CAN-7B40S6UH99,2,2,3,3,2,1
CAN-KF00ULP72W,3,3,2,3,2,1
CAN-FGZ4GRLM30,3,3,3,3,2,2
CAN-CGF95PATBC,3,3,3,3,1,0
CAN-GJTMM3W07Z,3,1,3,3,2,1
CAN-IWJQJGE3UO,3,3,3,2,1,2
CAN-ZWHZ7DW6NS,3,3,3,4,2,2
CAN-IHZGJTDMH4,2,2,3,3,2,1
CAN-JDV8P2YTBZ,2,3,3,2,2,1
CAN-G27JAXK0MX,2,2,3,2,2,2
CAN-KZ39RUFGM6,3,2,3,2,1,0
CAN-ALC5F44YWD,2,2,3,3,2,2
CAN-NU7FQQKD7D,2,3,3,2,2,2
CAN-H3DK4NU2ZJ,3,2,3,2,2,0
CAN-3LRZIH9271,3,3,3,3,2,1
CAN-4FDEGCG4G1,2,2,2,3,2,1
CAN-RPYWFA57VH,3,3,3,2,2,2
CAN-3H5IPD9B1O,3,3,2,3,2,1
CAN-7YZPLXASP3,2,3,3,3,2,1
CAN-HEYVB6DLYJ,3,3,3,3,2,1
CAN-0OM778UMUF,3,3,3,2,2,1
CAN-12EVVY1X2A,2,3,3,2,2,2
CAN-F2SHW263HU,3,3,2,2,2,1
CAN-LXSLZV5GJ0,0,0,2,0,0,0
CAN-BD65TLLIFV,2,3,3,3,2,2
CAN-6GWOLAEOYS,2,3,3,2,2,2
CAN-I3W7ODI8WB,1,0,3,0,0,0
CAN-T1AC9N81GI,3,3,3,3,2,1
CAN-PPVKGLQHHD,3,3,3,3,2,1
CAN-TNX99LPG94,3,3,3,3,2,2
CAN-X11SGITH2T,3,3,3,3,2,1
CAN-V1750FA0TP,3,3,3,3,2,2
CAN-CUINH0PH0P,2,3,3,3,2,2
CAN-P8GE5YKTO3,3,2,3,3,2,1
CAN-1HVHUNQKM6,2,3,3,3,2,2
CAN-TNAXHK3R8P,3,2,3,2,2,2
CAN-Q6ONAAVSR1,3,2,3,2,2,1
CAN-EZ8AXQEBOG,2,3,3,3,1,0
CAN-WZVZT71ZUE,3,3,3,3,2,1
CAN-RX1A6AY19R,3,3,3,3,2,1
CAN-AR6DUBOAPU,3,2,3,2,2,1
CAN-RYRHTWEMW8,3,3,3,3,2,2
CAN-H11ZWKHCP8,3,3,3,3,2,1
CAN-SJN7W02UHR,3,3,3,3,2,2
CAN-JC1HKMXEZZ,2,3,3,3,2,1
CAN-9PK2TVVKKK,3,3,3,3,2,1
CAN-Y5X6AJCVTP,3,3,3,3,2,1
CAN-3Q8FBZTSEF,3,3,3,3,1,2
CAN-K2ZDQUNBEI,3,4,3,3,3,2
CAN-N2IV99F165,3,3,3,3,1,2
CAN-V460II6MZF,3,3,3,3,2,1
CAN-3M5NXH75MN,3,3,3,3,3,1
CAN-ORDJR8633M,3,3,3,3,2,1
CAN-4YNGRJSDT6,3,2,3,2,2,2
CAN-IWLFU1OFRO,0,0,3,0,0,0
CAN-5CDHP5SGXO,3,3,3,1,2,1
CAN-CFTQYS29K3,3,3,3,2,2,0
CAN-VQGF94NCEA,2,3,3,3,2,0
CAN-7R60SQTCFI,4,5,4,7,2,2
CAN-FXZLTKQ8CA,3,3,3,2,1,0
CAN-HTUQDZBK53,3,2,3,3,2,1
CAN-QTJMCTL6P1,3,3,3,3,2,1
CAN-4VABLMKB1L,3,3,3,3,2,1
CAN-9KL73RLYXY,2,2,3,3,2,1
CAN-N7JXXMU70U,3,3,3,3,2,2
CAN-E6UHT2O1QH,0,0,3,0,0,0
CAN-D8H5LWOJVU,1,2,3,2,2,2
CAN-HQHXFBINH8,3,2,3,2,1,1
CAN-SV5HXD7X25,3,2,3,3,2,1
CAN-XSJILXDSEO,2,3,3,2,2,1
CAN-3A9R5YEADG,3,2,3,3,2,2
CAN-FKYSG0LGE1,3,2,3,1,2,1
CAN-1XZ9WMWS5F,3,3,3,3,1,1
CAN-RQ836DO1ZN,3,1,3,3,2,2
CAN-50M9M6SKCQ,3,3,3,2,2,2
CAN-AW8UE3RXXT,3,2,3,3,2,2
CAN-YEEPRX8WW3,2,2,3,3,2,0
CAN-DLIBVULJET,2,3,3,2,2,2
CAN-O07GSINAIT,3,1,3,2,2,0
CAN-VW0SUW83SR,3,3,3,3,2,2
CAN-RV2PSJD1YX,3,3,3,3,2,1
CAN-MNQVETPDXS,3,3,3,2,2,2
CAN-ZQMIV6HS0G,3,5,4,5,2,3
CAN-4P3TQW9U57,0,0,3,0,0,0
CAN-LXQPEH4RTT,3,1,3,3,2,1
CAN-7R8LR8ADWW,2,2,3,3,2,1
CAN-LALZ3T3YXG,3,3,3,3,2,2
CAN-0OQL8EZI9B,3,3,3,2,2,1
CAN-R2G5BVIZ9B,3,3,3,3,2,1
CAN-VTGU1E6C9Y,2,3,3,3,1,2
CAN-544AOF5WFD,2,2,3,3,2,2
CAN-Y3U5YX2FUN,2,3,3,3,1,2
CAN-FTR3XTY1EQ,3,2,3,3,2,0
CAN-MW8XM3N0AZ,2,1,2,3,2,1
CAN-ZOCEF52X30,3,2,3,2,2,0
CAN-VG6KETXRKM,3,3,3,3,2,2
CAN-5198LKM1O9,3,1,3,2,2,1
CAN-QZNW9K7ZAK,1,3,3,3,2,1
CAN-SKBEXGF3C6,3,2,3,2,2,1
CAN-3HZIKFDJA2,2,3,3,3,2,2
CAN-HRPVWJETX4,3,3,3,3,2,2
CAN-49QOOZVVQN,3,3,3,3,2,1
CAN-JOBRRRTQUI,2,3,3,3,2,1
CAN-43N27FHH6E,1,2,3,3,2,2
CAN-OYSOD7GBIK,3,3,3,3,2,2
CAN-NMUDE2TMOK,3,3,3,2,1,2
CAN-5D0G3VUQUU,3,2,3,3,2,2
CAN-W2LYEKIRDA,3,3,3,3,1,1
CAN-I4KTJO46KG,3,3,3,3,2,1
CAN-8QZL7EG95P,3,3,3,3,2,2
CAN-JX4F5AQ4VI,3,3,3,3,2,2
CAN-KG5AGWORI7,3,2,3,2,2,1
CAN-OID5VTKSP7,2,3,3,3,1,2
CAN-04VRE5NHP8,3,3,3,3,2,1
CAN-KMQNYBXWJ7,2,3,3,2,2,2
CAN-NB57ETGM88,3,3,3,3,2,1
CAN-KVKZK665SP,3,1,3,3,2,2
CAN-0KS12ZEN6O,3,3,3,3,2,1
CAN-487TU7APRO,3,2,3,3,3,1
CAN-G7LWR9OCRB,2,3,3,3,1,1
CAN-JY75AVTYP5,3,3,3,3,2,1
CAN-8IC8FMQATQ,3,3,3,3,2,1
CAN-TDGO2C6CV5,3,2,3,3,2,1
CAN-OAAMZGERA3,4,3,4,4,2,2
CAN-ZG2995G25E,2,3,4,3,2,0
CAN-3CDB87XIUI,3,3,3,3,2,1
CAN-LD2J3B62AI,3,2,3,3,1,1
CAN-LJYDNHIEXT,2,2,3,2,2,2
CAN-OWE663KXZ6,2,3,3,3,0,1
CAN-ADAJK3IGLI,3,2,3,3,2,2
CAN-JCKG3ZRCS2,2,2,3,3,1,0
CAN-IRSQ4Q5DBW,3,2,3,3,2,1
CAN-MB40NZ2LP5,2,3,3,2,2,1
CAN-VEKAL66UPP,2,3,3,2,2,0
CAN-ATWQL2H7AE,4,4,7,5,2,2
CAN-WNJ8DW3I3B,2,1,3,3,2,2
CAN-4M623G5C35,3,3,3,2,2,1
CAN-9BAJ6CDGT6,1,3,3,3,2,1
CAN-FCRK2E4YJU,3,2,2,3,2,2
CAN-QVYACGNOO2,3,3,3,3,2,2
CAN-N0UN3Y0G9Z,2,3,3,3,2,1
CAN-590N9GCQ7T,3,3,3,3,2,2
CAN-2Y4TEJANHZ,3,3,3,2,2,2
CAN-DMWEOUIS9E,3,3,3,3,2,2
CAN-Z7V537USGW,3,3,3,3,2,1
CAN-MPWYYYG3OO,2,3,3,3,2,2
CAN-4B339QYUW4,3,3,3,3,1,2
CAN-Q9J7PO1G6D,3,3,2,3,1,2
CAN-8LPGH5UUOE,3,2,3,3,2,2
CAN-FENT2XIUKL,3,3,3,3,2,1
CAN-UCVDBMA5IR,3,3,3,2,2,1
CAN-UGH7D4H1E5,3,2,3,2,1,2
CAN-HUDWP3XVZC,2,2,3,3,2,2
CAN-U7CBY8CLDQ,3,3,3,3,1,1
CAN-O01HY3G92Q,3,3,3,3,1,2
CAN-QI61DCINNH,3,3,2,3,2,2
CAN-33HZP899Y9,3,3,2,3,2,1
CAN-JF31D8QJFT,3,3,3,2,2,2
CAN-UES5WECBB6,2,2,3,3,2,0
CAN-918LO6FTWS,3,3,3,3,2,2
CAN-C55LCCFDD1,3,3,3,3,2,2
CAN-H9WHJECUZG,2,3,3,2,2,0
CAN-CN9ZMXKU8G,3,2,3,3,1,1
CAN-RLRVZIDB1R,3,2,3,3,1,2
CAN-GXLNL7J3QI,3,3,3,3,2,2
CAN-OD3HOAQIUG,2,3,3,3,1,1
CAN-Y08MSWO41T,3,3,3,3,2,1
CAN-2252T7QKC4,3,3,3,3,2,2
CAN-Y746C1F209,2,2,3,3,2,1
CAN-0A34KOKNK5,3,3,3,3,2,2
CAN-VDXXAJWH2Q,2,3,3,3,2,1
CAN-19G87PUGTA,3,3,3,3,2,2
CAN-EA4RUSO2WZ,5,4,5,4,2,0
CAN-84KL65R74M,3,3,3,3,2,2
CAN-8GKF9JHCMK,3,3,3,3,2,2
CAN-ZQR28L31J1,2,3,3,1,1,1
CAN-0ABAFX9H26,3,3,3,3,2,1
CAN-TUJD3WGN15,4,5,4,4,2,3
CAN-UENP45H422,2,3,3,3,2,2
CAN-84X4BHEYDP,3,2,3,2,2,2
CAN-BPD31J35WD,2,2,3,2,2,1
CAN-2WOEI2M0YV,2,3,3,2,1,1
CAN-O5M6URV5PE,3,3,3,3,2,2
CAN-4PZ4QEOU9E,2,1,3,3,2,1
CAN-DF58GY1G7Q,3,2,3,2,2,1
CAN-CB3PHFC8B8,2,3,3,3,2,2
CAN-3ZZO45HJPU,3,3,3,3,2,1
CAN-KQLYYX5YVP,3,2,3,3,1,1
CAN-TVCYBAYKMH,3,5,3,5,2,2
CAN-3H8RT309V0,3,4,3,3,2,1
CAN-G2FH7AQI8T,2,3,3,2,2,1
CAN-M01BP3WFZA,3,3,3,3,1,2
CAN-N21S3P3MA9,4,3,3,3,2,2
CAN-PM74Q898SU,3,3,3,3,2,2
CAN-5RECKHJMZU,3,2,3,2,1,1
CAN-GFU1SRR1B8,2,3,3,3,2,2
CAN-DZ3PND6J1L,3,3,3,3,1,2
CAN-YLXM0MDYI9,3,3,3,3,2,2
CAN-O2HGFGT15D,2,3,3,3,2,1
CAN-3EC4RCLCG3,3,3,3,3,2,2
CAN-2C0G6LU18F,3,3,3,3,2,2
CAN-LFG5LQ0M2P,3,3,3,2,1,2
CAN-S4XGKCCH0W,1,4,3,3,2,1
CAN-KWUZC6VJTW,3,2,3,3,2,1
CAN-P92YKKNSJZ,3,3,3,3,2,2
CAN-SXZGH4HG9W,2,2,4,2,1,0
CAN-5Y38SQ0UTD,3,3,3,3,2,2
CAN-ECZBN4QH3Z,3,3,3,3,2,2
CAN-KJLNWYQ976,3,2,3,2,2,0
CAN-2M4KR7VNYT,3,3,3,1,2,0
CAN-DLYKF8HBWW,3,3,3,3,2,2
CAN-JX6TKHUZF5,3,3,2,3,0,2
CAN-5NREJTN1LK,3,3,3,3,2,2
CAN-952N1F9UNK,3,3,3,3,2,1
CAN-XFRLQDC4M8,2,2,3,3,1,2
CAN-GCI8RS0T6S,3,2,3,3,2,1
CAN-TO0EUKP6SZ,2,2,3,3,2,1
CAN-CPGXYWGS0M,3,3,3,2,2,2
CAN-GFE5WEP3F5,3,2,2,3,1,1
CAN-KMOY1LBXTS,3,3,3,4,2,1
CAN-M9EMOM6U0M,3,2,3,2,1,0
CAN-XL8Q9R6WNL,1,3,3,3,2,0
CAN-PX8UZHE26C,3,2,3,2,2,0
CAN-TZTTV4C180,2,3,3,3,2,1
CAN-O33WVLEMTV,3,2,3,3,2,2
CAN-G7OGGS42CG,3,3,3,3,2,2
CAN-D2DYPQX3LI,3,3,3,3,2,1
CAN-297ABGCDHP,1,3,3,2,2,1
CAN-HVJZY9GTDH,2,1,3,3,2,2
CAN-XB0R9Y4C5N,3,3,3,2,2,2
CAN-3VDP2T0YDI,3,2,3,3,2,2
CAN-POZGRN2XR5,3,3,3,2,1,0
CAN-KA4IENL6EE,4,3,3,3,4,3
CAN-WGA13DW88J,2,3,4,2,2,1
CAN-YEKFGUO12B,3,4,3,2,1,2
CAN-EZ81HO5YQE,3,3,3,3,2,1
CAN-IJJM15RUOJ,3,3,3,3,1,0
CAN-2IKF53STCT,3,2,3,3,2,1
CAN-HPCTB0AK5I,2,3,3,2,2,2
CAN-CNKQ9I0EAB,3,3,3,3,2,2
CAN-K0KK1BH11F,3,3,3,1,2,2
CAN-UR8KZ9DHIB,2,3,3,3,2,2
CAN-K3C25693LI,3,3,3,2,2,1
CAN-IWF6SYYM4X,3,3,3,3,2,2
CAN-ZD7Y2JF1PU,1,2,3,1,2,2
CAN-SGBPHQWAF8,3,3,3,3,2,1
CAN-TCDKSL8O4H,3,4,3,3,2,1
CAN-YY5Q623O54,2,3,3,3,2,1
CAN-65437Y550Z,3,3,3,3,2,2
CAN-I42EVENH7P,3,3,3,3,2,1
CAN-QUUCBZ5IXV,3,2,3,3,2,1
CAN-QA6NLD1VOR,2,1,3,2,2,1
CAN-4VUIQ063TS,3,3,3,3,1,0
CAN-TBKI6Z5WUG,3,2,3,2,2,1
CAN-BN8FTOLE3V,3,3,3,3,1,1
CAN-OX8RYXSN7M,3,3,3,3,2,2
CAN-LDKFOQLR10,3,2,3,3,3,2
CAN-3KC4GCB1CY,3,2,1,2,2,1
CAN-5FBJDKL6JM,3,2,3,3,2,2
CAN-0G0FJOM5W0,3,3,3,3,2,0
CAN-WMUAXBCUOI,3,1,5,3,2,1
CAN-IC5IS3CHO0,3,3,3,3,2,2
CAN-TQPGGLVVGP,5,3,4,2,2,1
CAN-85O6FSYIU2,3,6,3,3,2,1
CAN-O8V287XRBW,3,3,3,3,2,2
CAN-E96R2GY2C3,3,2,3,3,2,2
CAN-KLXL6S20PT,3,3,3,3,1,1
CAN-M2SMK79UIR,3,2,3,3,2,1
CAN-SLVXES96F2,4,4,5,6,2,1
CAN-MH54E2NRWG,3,3,3,3,2,1
CAN-Q69MJH8CPS,3,3,4,3,2,2
CAN-164XISF14I,2,3,3,3,2,2
CAN-O8UBXBJZ93,2,3,3,3,2,1
CAN-S8HQJ0IUVN,3,3,3,2,2,1
CAN-L4VLF8ALEJ,3,3,3,3,2,2
CAN-ADL52ZLCVJ,2,3,3,3,2,2
CAN-HJAXAGYZD8,3,3,3,3,2,2
CAN-I39YSXC8GX,2,2,3,2,2,2
CAN-5AY9YAZ7H8,1,3,3,3,2,2
CAN-1BVMCE2OOB,3,3,3,3,2,2
CAN-BIUI92V6E2,3,3,3,2,2,2
CAN-8ZJ0EIHLJN,3,2,3,2,2,1
CAN-SBCF3DZX8J,3,3,3,3,2,2
CAN-H08YS9RB2I,3,3,3,3,2,2
CAN-HOCWJAEQVY,3,3,3,3,2,0
CAN-G1XV7DA2GO,3,2,3,3,2,2
CAN-O904FKR3P4,3,3,3,3,2,1
CAN-NY4H408SP3,3,1,3,3,2,0
CAN-HFXQ477UJF,3,2,3,3,2,2
CAN-1QG14LJMDH,1,4,3,3,2,1
CAN-JKXFAZR33D,3,3,3,3,2,2
CAN-HSF1XL0IAZ,3,2,3,3,2,2
CAN-747IN8I01M,2,2,3,2,2,2
CAN-NF6MGSNGM8,3,3,3,3,2,1
CAN-PEFTGGRORH,3,3,2,2,2,2
CAN-PCFXIYYTNA,3,3,3,3,1,1
CAN-26KWVG1YNH,3,2,3,3,2,2
CAN-9D4JS62BOA,3,3,3,3,2,2
CAN-1LSJXW4BD0,3,3,4,3,2,1
CAN-VKGC2WRC7O,3,2,3,2,2,2
CAN-45V0J1B2D4,2,3,3,3,2,2
CAN-NR0TEO3CDX,3,3,3,3,2,1
CAN-Y5T91F1UDX,3,3,3,3,2,1
CAN-KWSMV3ZH11,3,2,3,3,2,2
CAN-EI2ZLVTG0D,3,4,3,3,2,2
CAN-V3RV8ERXZU,2,3,3,2,2,1
CAN-Q0TP5DZ007,3,2,3,2,2,2
CAN-V2L4EF4KSE,3,2,3,3,2,2
CAN-LA7JU3B5TD,2,3,3,2,2,0
CAN-SRQLJ4OU31,3,3,3,3,2,2
CAN-KBNT7VN6OU,2,3,2,3,2,2
CAN-HGBAVYYAQU,2,3,3,3,2,1
CAN-T61LN9CAOQ,3,3,3,2,2,2
CAN-X150CUPRB2,3,2,4,3,2,1
CAN-R08AR09BEZ,3,3,3,2,1,2
CAN-5G538IJVJJ,3,3,3,3,2,0
CAN-PY5ZFFXQ9M,3,3,3,3,2,2
CAN-6J5MZDQCEM,2,3,3,3,2,1
CAN-YRNNCJ41OX,3,3,4,2,1,2
CAN-A43MOIBR2P,3,3,3,3,3,1
CAN-OXLJ8PZWO6,3,3,3,2,2,1
CAN-NH0L8GICGW,2,3,3,2,2,1
CAN-4BW4AXV2DW,3,3,3,3,2,1
CAN-X6LFZRMYIY,2,3,3,3,2,2
CAN-30BPIRKCVM,3,3,3,3,1,1
CAN-KAXV5IYVDQ,2,4,4,3,1,2
CAN-RL96OECZEL,3,3,3,1,1,1
CAN-UUPL90NQA3,2,3,2,2,2,2
CAN-JX4WYKYGZN,2,3,3,2,1,0
CAN-4ELQK25A14,3,3,3,3,2,1
CAN-PBY3DKFD5F,3,3,3,3,1,2
CAN-HLA1D878EJ,3,2,3,3,2,2
CAN-HWEZZTTHIM,2,2,3,3,2,1
CAN-ZCYHKTADGV,3,2,3,2,2,2
CAN-CK50YMWK51,2,3,3,3,1,2
CAN-2RP68X4V03,2,4,3,1,1,1
CAN-XLXRAR5824,3,2,3,2,2,1
CAN-BJMVQ4AO4O,2,3,2,3,1,2
CAN-V4VP3BHWA2,2,3,3,3,2,2
CAN-LMHYNFWY95,2,1,3,3,1,1
CAN-MOLZY4ACAR,3,3,3,3,2,1
CAN-M9IPJHM924,3,2,3,3,2,2
CAN-4MS769SNW3,3,2,3,3,2,2
CAN-IZCNAO0MST,3,3,3,3,2,1
CAN-Z8W5AHC2H4,3,2,3,3,2,1
CAN-MMMZ2K8T94,2,2,3,2,1,1
CAN-B4G7XNJACH,3,2,3,3,2,2
CAN-JC2AB3LMFG,1,3,3,3,2,2
CAN-OZ6YWFRKVB,3,3,3,2,1,0
CAN-EYH3YZWYOL,3,3,3,3,2,1
CAN-DMAU8U15C2,3,3,3,3,2,2
CAN-1LN8LUIYBT,3,3,3,3,2,0
CAN-SOUEVN0QUY,3,3,3,3,1,1
CAN-PW1L9GBR4E,3,3,3,1,1,2
CAN-PIQLXKCAE4,3,3,3,3,2,2
CAN-XZMLTBSO9Q,2,2,3,3,2,2
CAN-XYJL4CMYDM,3,3,3,2,2,1
CAN-U33IRHP5YI,3,3,3,3,2,2
CAN-4VACBKJPFM,2,3,3,3,2,1
CAN-PCX8HYUXMF,5,4,3,4,3,3
CAN-RM7EDVL3BU,2,3,3,3,2,2
CAN-UYQUKB299C,2,3,3,3,2,1
CAN-LOB8A9DWKL,3,3,3,3,2,1
CAN-AP37UEIMZ8,3,3,3,3,2,1
CAN-B2Y6PXFJTW,3,3,3,3,2,2
CAN-JLKCY493AY,3,3,3,3,2,2
CAN-MI002D2NJI,3,2,3,3,2,2
CAN-HM72CAYC0G,3,3,3,3,2,1
CAN-FLAZOFVISZ,3,2,3,3,2,2
CAN-2LQVYTP1NE,3,2,3,2,2,0
CAN-W5UQBH8AFP,2,2,3,3,2,1
CAN-2S4L2I8IVQ,3,3,3,3,2,1
CAN-L0KNCXSJ5V,2,3,2,2,1,2
CAN-NP4O2RRI4R,3,3,3,2,2,2
CAN-CRHWKTBX0D,2,3,3,2,2,1
CAN-A1X0R6HDE9,3,2,3,2,2,2
CAN-ENBPFWQCZA,3,3,3,3,2,1
CAN-AZ0KNFYC36,3,2,3,3,2,1
CAN-KLB8G86NEX,3,3,4,3,1,2
CAN-IW2YW05HML,0,0,3,0,0,0
CAN-UWSU2WNRUR,3,2,3,2,2,2
CAN-90UTBOGR5J,2,3,3,2,1,1
CAN-UTOARCQG7D,3,2,3,3,2,2
CAN-URP3PECBWH,3,3,3,3,2,1
CAN-3KXN6H46QT,3,3,3,2,2,0
CAN-59DUPJPRQQ,3,3,3,2,2,1
CAN-SFUPPHRH1W,2,3,3,3,2,1
CAN-UE3I1XUG1I,3,3,3,2,1,1
CAN-QXMGPAKRQQ,3,2,3,2,2,0
CAN-QLR7GUYYPX,3,3,3,3,2,2
CAN-WXAW0PAKAL,3,3,4,3,2,1
CAN-H53CKRKEI1,3,3,3,2,1,2
CAN-ME4RBUQJXA,2,3,3,3,2,2
CAN-FICVL40EVG,3,3,3,3,2,1
CAN-D9020BQZ2D,3,0,3,3,2,1
CAN-XORP4LKU48,3,3,3,3,2,2
CAN-V4UZ77YLA5,3,3,3,3,0,2
CAN-SHWECFET1B,2,3,3,3,2,1
CAN-0ABI79J2JT,3,3,4,3,2,0
CAN-PO34XYBADL,3,3,3,3,2,1
CAN-9901PLH3RB,3,3,3,3,1,2
CAN-4CFU2SAM9A,2,3,3,2,2,2
CAN-6I46OPQKOQ,3,4,3,3,2,1
CAN-D7GEJB4UMT,3,3,3,3,2,2
CAN-X2M31KFXNO,2,3,3,3,2,1
CAN-6U0KAGTIMN,3,3,3,3,2,1
CAN-J4XWX7ACSW,2,2,3,3,2,2
CAN-ILMMZ5P1EQ,3,2,3,2,2,1
CAN-8ZK7UQ2B6M,2,3,3,3,2,0
CAN-MHTW83W1A6,3,3,3,3,2,1
CAN-FXA4WQPTEL,2,1,3,2,2,1
CAN-0G8ACMTOG6,3,3,3,3,1,0
CAN-2R07RC2FDG,3,3,3,3,2,1
CAN-D23YEVE1I8,3,3,3,3,2,2
CAN-BJ4NNF2L8Q,3,3,3,3,2,2
CAN-TVL8HD02BD,3,3,2,2,2,1
CAN-LREVW46FZR,3,3,3,2,2,2
CAN-VNZON3NEIL,3,3,3,3,2,1
CAN-1QT28I19WF,3,3,3,3,2,2
CAN-78454YRS30,2,2,1,3,2,2
CAN-0CN109WL1J,2,3,3,3,2,1
CAN-PH9NMSTL4R,2,3,4,2,2,2
CAN-MKRYEPPD51,2,3,3,2,2,2
CAN-LR5VW9E2QN,3,3,3,3,2,1
CAN-CI1PCJU8EF,4,3,3,4,2,2
CAN-R5LOH1LL7D,3,3,3,3,2,2
CAN-WA5Q3Z88LL,3,4,3,4,2,3
CAN-T0QT87JG1B,3,3,3,3,2,1
CAN-0PAURMWK1D,3,3,3,3,1,1
CAN-CJ6DKL91A2,2,3,3,3,2,1
CAN-4O2CPWEM1X,3,3,3,3,2,2
CAN-6LBKME8XJB,4,4,3,4,2,1
CAN-KRJOTVAPR3,3,3,3,3,2,2
CAN-MFIWC4IGHB,2,3,3,3,2,1
CAN-8K0Z6D4T8I,3,3,3,3,2,2
CAN-71SWGZM9X4,3,2,3,3,1,2
CAN-T07BGVQC8W,3,3,3,2,2,1
CAN-LSWLN4CXW4,1,1,4,3,1,1
CAN-9INTT6NPR9,1,0,3,0,0,0
CAN-T7LZ817V65,1,3,3,3,1,2
CAN-UWRB38ZGVS,2,3,3,3,2,1
CAN-0A3WEZ6I2G,3,3,3,2,2,1
CAN-9V4IST9AGM,3,3,3,3,2,0
CAN-AWSADYS8BO,3,3,3,3,1,1
CAN-V71OZB0W1C,3,3,3,3,2,1
CAN-TS8N2HGP5X,3,3,4,3,2,1
CAN-GXE1VIH4SE,3,3,3,3,1,1
CAN-U837YKZ2J9,3,3,3,3,2,1
CAN-IWYQBF4IQU,3,3,3,3,2,1
CAN-YL6M9432SC,3,3,3,3,2,2
CAN-N7WUVQZGQ0,4,4,3,3,2,2
CAN-PQSRNA5DBV,3,3,3,1,2,2
CAN-FMIA4SE8L1,3,2,3,1,2,1
CAN-0PPQ6EYMLV,3,3,3,2,2,2
CAN-5LDL26R7QB,3,3,2,3,1,1
CAN-UINOVHWC0U,3,3,3,1,2,1
CAN-XMAIRJ4SJW,3,3,4,3,2,1
CAN-9AI6R59HP8,5,3,3,2,2,1
CAN-WI3NW4ZA1N,2,3,3,2,2,1
CAN-LFVC7HO444,2,2,3,3,1,1
CAN-S3IKO4W0WL,2,3,3,3,2,1
CAN-X5V5LQAKLM,3,3,3,3,1,2
CAN-CF87FD5CGJ,3,3,3,3,1,2
CAN-WREOT6ENKY,3,3,3,3,2,2
CAN-CD8WWM6LGT,3,3,3,3,2,2
CAN-LHDKO5M4GC,3,3,3,3,2,2
CAN-TFETGR02TT,3,2,3,3,2,1
CAN-0QHIK8WTIE,3,3,3,2,2,2
CAN-KF859QUYJ3,3,3,3,3,2,2
CAN-KS0HGNR695,3,2,3,3,2,1
CAN-S7SSERM4E4,2,3,2,2,2,1
CAN-RNOKTKEP10,3,3,3,3,2,1
CAN-JOZJX1FQ7B,3,3,3,3,2,1
CAN-1KYK5H7HX2,3,3,3,2,1,0
CAN-3MK8B147XS,3,3,3,3,2,2
CAN-EBSHL094DP,3,3,3,3,2,2
CAN-1K3YGI1CWR,4,3,4,2,1,1
CAN-JD8BTZVLCR,3,3,3,3,2,2
CAN-0UHFYL82T8,2,3,3,3,2,2
CAN-UZ34TSTC3J,3,2,3,3,2,2
CAN-FFDNK0B1MW,2,3,3,2,2,0
CAN-TH0XRXBVNU,2,2,3,3,2,2
CAN-OHJZGM386E,2,1,3,2,2,1
CAN-RWMJB0F5EA,1,2,3,3,1,1
CAN-T1DRG0ODGH,2,4,3,5,2,2
CAN-6QSGY51KF1,3,2,3,3,2,2
CAN-GOBQXO6NKD,3,3,3,3,1,0
CAN-2DZNN5CZCX,3,2,3,3,2,1
CAN-CNAA0OMFEL,3,3,3,3,2,1
CAN-VLP8Q51DF1,3,3,3,3,2,1
CAN-FSINW81651,3,2,3,1,2,2
CAN-YXBYAD5F6I,3,3,3,3,2,2
CAN-GNSAYBGAMU,2,2,3,2,2,2
CAN-NJ78MDC3JK,2,3,3,2,1,0
CAN-9RI7O0X335,3,3,3,3,2,1
CAN-YW4XYRIAVB,3,3,3,2,2,2
CAN-PXPYIQCO6N,2,3,3,1,2,2
CAN-Q2FX8NPSI8,3,3,3,3,2,2
CAN-8ZSOX5I3NJ,5,4,4,3,2,2
CAN-JICT09YDRG,3,1,2,3,2,2
CAN-16CZLEKDPY,3,3,3,3,2,2
CAN-4KXAHJ606D,3,2,3,3,1,2
CAN-531NRA8JY5,3,3,3,3,2,2
CAN-UG8234Z9AY,3,3,3,3,2,2
CAN-YEKCKZL6AX,3,2,3,2,2,2
CAN-6LKNW4TCR5,2,3,3,3,1,2
CAN-CI4VUDO4J0,3,3,3,3,2,1
CAN-TTW2IGKD9T,3,2,3,3,1,0
CAN-W78UC54OC1,3,3,3,3,2,1
CAN-XQ0UZ98Q07,1,3,3,2,1,2
CAN-VTN003SP8W,3,2,3,3,1,0
CAN-6HHW8P1KDV,3,3,3,3,2,1
CAN-IVWTMAGT1D,3,3,3,3,1,2
CAN-6WDP65R2NP,3,3,3,3,2,2
CAN-X0P88SLHXD,2,1,3,2,1,1
CAN-0EW430L1GV,2,3,3,3,1,1
CAN-21HNOT5FFO,3,3,3,3,2,1
CAN-C3WW0ONVK7,3,2,3,3,2,1
CAN-IBEKDAMK78,3,3,3,3,2,2
CAN-33VDDH733O,2,3,3,3,2,1
CAN-1QN5L0LTZN,3,3,3,3,2,2
CAN-E5LFDQM1L1,3,3,3,3,2,1
CAN-731TCJE883,4,3,3,2,2,2
CAN-Y1C38D67RV,3,3,3,3,1,2
CAN-LGRF8LXPWV,2,3,3,2,2,2
CAN-2TXXFELTTN,3,3,3,3,1,1
CAN-GQW05GKMY3,3,2,3,3,2,1
CAN-38C6F81V9H,3,3,3,3,2,2
CAN-SDCK4WAV87,3,1,3,3,1,2
CAN-O12V63FVQ9,3,3,3,2,2,1
CAN-JDT74IWBCP,3,2,3,3,2,2
CAN-DV2G4OTPWP,3,3,3,3,2,2
CAN-DQTR43KXGL,3,3,3,3,2,1
CAN-9UFZA4CFHQ,2,2,3,2,2,0
CAN-JAXPG13SCE,2,3,3,3,2,1
CAN-YFRB34CINL,3,3,3,2,2,2
CAN-GGHOHRQG7J,4,5,3,3,2,2
CAN-W2HXKWGOC7,3,2,3,3,1,2
CAN-X8MDJXOR4Z,3,3,3,3,2,2
CAN-96X7HM2YAR,3,4,2,3,1,2
CAN-2IIBCV5IBZ,3,3,3,3,2,1
CAN-ENCHIEISXZ,3,3,3,3,2,2
CAN-HQQSYEK2KY,2,2,3,3,1,0
CAN-ETTEYTAPRX,2,2,3,2,2,1
CAN-Y8WU32KHLQ,3,3,3,3,2,1
CAN-0KW5O6BFRK,1,2,3,2,1,2
CAN-J4KWBJ7QTW,3,3,3,3,1,2
CAN-4XHDSCJLSS,3,3,3,3,2,2
CAN-PEKFKN7BPO,3,3,3,3,2,2
CAN-1C5AO1Q16S,4,3,3,4,2,1
CAN-OKRGM086UH,3,3,3,3,2,1
CAN-K9S5BO9MLA,2,3,3,3,2,1
CAN-BJ40PR62O4,3,3,3,3,2,1
CAN-KTJETXNGFW,3,3,3,3,2,2
CAN-Y5VRX836KU,3,3,3,3,2,2
CAN-ITT23EGK5B,3,1,2,3,1,1
CAN-V77C3EES8A,3,2,3,2,2,0
CAN-DJV9ZNZJXL,3,3,3,2,2,2
CAN-ABJEK1QYG9,3,3,2,2,1,1
CAN-7GG5FWXPE8,3,3,3,3,2,2
CAN-AFHARQNVO3,3,0,3,2,2,1
CAN-LEZN6BXCPY,3,3,3,4,2,0
CAN-AIMRVQW734,3,2,3,3,1,1
CAN-EOHBKBY7LL,3,2,4,3,1,1
CAN-12SHOYQ27B,2,2,3,2,1,0
CAN-S33G8AG3YP,3,5,3,3,2,2
CAN-7FV3A8MASU,3,3,3,3,2,2
CAN-E2HUXNGDRA,3,2,3,1,2,0
CAN-QNTSRJ15FM,2,3,3,3,2,2
CAN-83UBX2J6VK,3,3,3,3,2,1
CAN-3YWH8W484E,2,3,3,3,2,2
CAN-TBO1DHVPZ5,3,1,3,3,2,1
CAN-NSPW9W2TUP,3,3,3,3,2,1
CAN-3Y2Y9YY3OY,3,2,3,3,2,2
CAN-0RJMXUBYM3,3,3,3,3,1,1
CAN-IESOSHJHKQ,2,2,3,3,2,2
CAN-ECPLSWSADM,1,3,3,3,1,1
CAN-7Q28TYOJLX,3,3,3,3,2,1
CAN-4NXMNIKS3Y,3,2,3,3,1,2
CAN-RSD8Z1SPJR,3,3,3,2,2,1
CAN-BK34Y4JT3N,3,3,3,3,2,1
CAN-9Z9C9JB3VG,2,3,3,3,1,2
CAN-T1XEBLCBE4,3,3,3,1,2,2
CAN-E0ZE17IU9G,3,3,3,3,2,2
CAN-5PUXB24IMT,1,3,3,2,2,1
CAN-S0KIELM50I,2,3,3,3,2,2
CAN-96GLWL2RV4,0,0,3,0,0,0
CAN-IWLJI8K7W0,3,3,3,3,2,2
CAN-4WNGZ1BKDG,2,3,2,3,1,2
CAN-XF0EOL9CUA,3,3,3,3,2,2
CAN-98IJ8O6FKX,3,2,3,3,2,2
CAN-2TV396HNGU,3,3,3,3,2,1
CAN-4P7CXJHEV9,3,3,3,3,2,1
CAN-6B0OJD10QM,3,3,3,3,0,1
CAN-NA04H781GC,2,2,3,3,2,1
CAN-7I6ZCFEEXX,2,2,3,3,2,2
CAN-310KDPDG5B,1,3,3,3,2,2
CAN-90XI5M5FF8,2,2,3,3,2,2
CAN-W7D4WK0LFW,3,3,3,3,2,0
CAN-NT5VUR90DX,3,3,3,3,2,1
CAN-0869DPPIOH,2,3,3,3,2,2
CAN-5J9D6PMOG7,3,3,3,1,2,2
CAN-S238Y8JX70,3,3,3,3,2,2
CAN-J2V165PEZB,2,3,3,3,2,2
CAN-QE4ZNQ0LKF,3,2,3,2,1,2
CAN-3MV9CXJMJB,3,3,3,3,2,2
CAN-6Z9JBFTUVM,2,3,3,2,2,1
CAN-2WYUAVIRK3,3,3,3,3,2,1
CAN-4RVMLQ4SUF,3,3,3,3,2,1
CAN-NS2I9QFL3T,3,3,3,3,2,2
CAN-B64A4NV22G,3,3,3,3,2,2
CAN-M3Y2VFNVUR,2,3,3,2,2,0
CAN-GAG9BLV51J,3,3,3,3,2,1
CAN-AEDLVRYUWI,3,3,3,2,1,1
CAN-EWZ7377DGM,3,3,3,3,2,2
CAN-6GBSDJF7K0,1,3,3,3,2,2
CAN-OGWF215IEE,3,3,3,3,2,1
CAN-YE3HVOPHDZ,2,3,3,2,2,2
CAN-8WELH68ZE1,2,2,3,3,2,1
CAN-TF2GX8X2E5,3,3,3,3,2,2
CAN-9YOQU8M6L5,3,2,3,3,2,0
CAN-ZU8M6UCNAW,3,2,3,3,2,1
CAN-1XZ96N0WZQ,3,3,3,3,2,2
CAN-9AZ5TDSMKU,0,0,3,0,0,0
CAN-E3LMUM8UCQ,7,5,7,6,2,3
CAN-L0CGJ6XJ9U,2,3,2,3,2,1
CAN-OL2OFMF093,3,3,3,3,2,1
CAN-6YZ5P8JLPA,3,3,3,3,2,2
CAN-17M6BQXKGH,3,3,3,2,2,1
CAN-SRTY3ALEOU,3,3,3,3,2,1
CAN-RM88MOHA2Z,3,3,3,2,2,1
CAN-JILOVA8SSS,3,1,3,2,2,2
CAN-J4RPMJN5V2,3,2,3,3,2,2
CAN-R01WTIZI6Z,3,3,3,3,2,2
CAN-NEEJB5K4F6,3,3,3,3,1,2
CAN-X72QMNBH57,3,3,3,3,2,1
CAN-TJDVV4G6GQ,3,3,3,3,1,1
CAN-TPPY11JLQM,3,3,3,3,2,2
CAN-TP73JC6AS9,3,3,3,3,2,1
CAN-QMVKORDSD6,3,3,3,3,2,2
CAN-KO9UUXZYFH,0,0,3,0,0,0
CAN-LD0MDQ98CA,3,3,3,3,2,0
CAN-3LB9NU4U8T,2,3,3,3,2,2
CAN-CYBIFDA79C,3,3,3,3,2,1
CAN-K8GNEE3V4A,3,3,3,3,2,2
CAN-XNLNU1LX4I,2,3,3,2,2,1
CAN-I1XDOSZCAI,3,3,3,3,2,1
CAN-ELZQK4TD5L,3,3,3,3,2,2
CAN-7UWXGLFRZW,3,3,3,3,2,0
CAN-9ATW5VBCKK,3,2,3,2,2,1
CAN-52SKXT36BS,3,3,3,3,2,2
CAN-83YXIKDG3P,3,3,3,1,2,2
CAN-JBXVSFM8H6,1,3,3,3,2,1
CAN-XDHMSWHK0G,2,3,3,3,1,0
CAN-GYB9DQNAPG,3,3,3,3,2,2
CAN-I3PAG0MQ4S,3,3,3,2,2,1
CAN-SG6KUDP9CB,3,3,3,3,2,1
CAN-F6UC3ZOJP7,2,3,3,3,1,1
CAN-OPSQN3HR61,3,3,3,3,1,2
CAN-H3SPB2A2R7,3,2,3,3,2,1
CAN-ZJ04AGQDQT,1,2,3,3,2,1
CAN-52WWF253JY,1,3,3,2,2,1
CAN-8JSMQE8ZNW,2,3,3,3,2,2
CAN-9YQUZOALNA,3,2,3,2,1,1
CAN-B7OTPNYA57,3,4,3,3,2,2
CAN-4YS30CW5LF,3,3,3,2,2,2
CAN-O68MJT6WYA,3,2,3,2,2,0
CAN-YNCH839Q9U,1,2,3,3,2,1
CAN-5Y5YHAPJ8M,1,3,3,3,2,2
CAN-16WN3XX0WM,3,2,3,3,1,2
CAN-L2ZMDTU78E,2,2,3,3,2,1
CAN-AYNT3XGQWQ,2,3,3,3,2,2
CAN-PCLY7I72LC,3,3,3,2,2,2
CAN-X292KL582Q,2,3,3,3,1,2
CAN-7B9V39S24I,3,3,3,3,2,2
CAN-8MEJHRRHZ4,3,3,3,3,2,2
CAN-YLZC51MEBQ,3,3,3,3,2,2
CAN-PZWAB64NHS,3,3,3,3,1,2
CAN-WYONYRKMYM,2,2,3,3,2,2
CAN-S9NV1GQO8N,2,3,3,3,2,1
CAN-VRT3AMOAQG,3,3,3,3,2,2
CAN-DDH66TB6PM,3,3,3,3,2,2
CAN-Q5BEI4WFTD,2,2,2,2,2,1
CAN-X7D2PZ8HFZ,3,1,3,2,1,1
CAN-EEC3ZNKUYS,3,3,3,3,2,2
CAN-7AXZ29TNCM,2,2,2,3,2,2
CAN-P69V1TRALB,3,2,3,2,2,1
CAN-S0NSOIAXKS,3,3,3,3,2,2
CAN-G7CLFRRO0G,2,3,3,3,2,2
CAN-IMJSADCOPJ,3,3,3,3,2,2
CAN-6I8GE3ABJR,3,3,3,2,2,2
CAN-8K0J63R7T5,2,2,3,1,1,2
CAN-NFIKO60ZM1,0,0,3,0,0,0
CAN-1UL31DKGJ3,3,3,3,3,2,2
CAN-6E9YCRS9LL,3,4,3,4,2,3
CAN-O6SFO1E46L,0,0,3,0,0,0
CAN-QHGJDGCYEI,3,3,3,2,2,1
CAN-462DIN6KFL,2,3,3,1,2,1
CAN-WHF4NLF5ZU,2,3,3,3,2,1
CAN-MOG4JW6A9F,3,3,3,3,2,0
CAN-B5UAOYVPA2,2,3,3,3,1,1
CAN-KXK23PVINU,3,3,3,2,2,1
CAN-K1EBTRH1WK,1,3,3,3,2,1
CAN-LIK43YKQKE,3,3,3,3,2,0
CAN-HTJMQLODO1,3,3,3,3,2,2
CAN-4KC5544YG3,2,3,4,2,1,1
CAN-7OKLX37DAW,2,3,3,2,1,1
CAN-UUMPOX83G3,3,3,3,3,2,2
CAN-6WZ25ZQNCW,3,3,3,3,2,2
CAN-CXBK1AAEPI,2,3,3,2,2,2
CAN-DT17X46X6U,3,3,3,3,1,0
CAN-8RZUQ8T2JX,3,3,3,3,2,1
CAN-1R949PIS6U,3,3,3,3,2,2
CAN-MXQGYPE9B9,3,3,3,3,2,2
CAN-RN2WUQ3W29,3,3,3,3,2,2
CAN-8HTJUGKRR1,2,3,3,3,2,2
CAN-K5SZVTCVFD,3,3,2,2,2,2
CAN-FGXFHAH630,3,3,3,2,1,0
CAN-3VTNBHV13J,2,3,3,3,2,1
CAN-2OFDGU5W4V,2,3,3,3,1,1
CAN-T2WKWAGYDT,3,3,3,2,2,2
CAN-9KYG5EDE1I,3,2,2,2,2,2
CAN-K0HGXAKGQD,2,2,3,3,2,2
CAN-ZUYB161M3Y,3,3,3,3,2,2
CAN-KIRG87BA6U,2,3,3,3,1,1
CAN-YIKFXRUEFP,3,3,3,3,2,2
CAN-EUOJB8YW8V,3,3,3,0,2,2
CAN-P934EK01A2,3,3,3,3,1,1
CAN-OJP3KKYMZU,3,3,3,3,1,1
CAN-UFMTRJQZC3,3,1,3,3,2,2
CAN-VRY3EC41A9,2,3,3,3,0,1
CAN-RQ6FWZ8HFG,2,2,3,3,2,1
CAN-81FY7TSCQ2,3,3,3,3,2,1
CAN-NFRLYXPGBZ,3,3,3,3,2,1
CAN-VVAAJHLJ29,2,3,3,3,0,2
CAN-TQCUAM4ET7,3,2,3,3,2,1
CAN-VK4UJAY8TR,2,3,3,3,2,1
CAN-Q590807U1T,1,1,3,3,1,2
CAN-9YTN1MW7VG,3,3,4,3,2,2
CAN-GSAGF7MNCB,3,2,3,2,2,2
CAN-EWEIOWUA3S,3,2,3,2,2,2
CAN-WJAZF1X5WW,2,3,3,3,2,2
CAN-Q4GD5O55WV,3,3,3,3,2,2
CAN-RSTP1R717O,2,2,3,2,1,1
CAN-PR6SCOXT1K,3,2,3,2,1,2
CAN-121N8ARH8U,2,3,3,3,2,0
CAN-YPMOVPWF4E,3,3,3,3,2,1
CAN-N0GMK1L87D,2,3,2,3,2,1
CAN-RGQDNDFF15,3,3,2,2,2,2
CAN-JUJUFS2IKG,3,3,3,3,2,1
CAN-SAER4FR81V,3,2,3,3,1,1
CAN-NYYE5QVX2S,5,3,5,4,2,2
CAN-QL8PHQ98YM,2,3,2,2,2,0
CAN-AXP7IS8IOJ,3,2,3,3,2,1
CAN-YP8JH53YQ2,3,3,3,3,2,1
CAN-TCJPS3H221,3,3,3,3,2,2
CAN-9UK9MJ01AY,3,3,3,2,2,2
CAN-W7TVPNYCCP,2,3,3,2,1,0
CAN-1LZH5NRJ4M,2,3,3,3,2,1
CAN-2IQB329U1B,3,3,3,3,2,2
CAN-MTDTQAG54R,3,3,3,3,2,1
CAN-6R08SDDHUG,3,3,2,3,2,1
CAN-NXXIL7HWHE,3,3,3,3,2,1
CAN-W39POS7E57,3,3,3,2,1,0
CAN-YL8EH1OS4R,3,3,3,3,2,1
CAN-2PIJQE1Z4N,3,3,3,3,2,2
CAN-3VUSNCJAW0,2,3,3,3,2,2
CAN-NWYPAYO4SC,3,3,3,2,0,2
CAN-VIFCGJV7MW,4,3,3,3,2,1
CAN-6WWJ66AYKR,3,3,2,3,2,1
CAN-HFUG9QYONE,3,3,3,3,2,1
CAN-V5Y65R7JWK,3,2,3,3,2,1
CAN-S8CBBU1J5J,3,3,3,3,2,2
CAN-ZKR112LI5H,3,3,3,2,2,1
CAN-JEOTKUSZLK,1,2,3,3,2,2
CAN-3R78ULZ1X6,2,3,3,2,1,1
CAN-Z094JVB5DK,3,2,3,3,1,2
CAN-PPJOO5L518,3,3,3,3,2,2
CAN-7YPZD0CRBH,2,3,3,3,2,2
CAN-KMWLHWCI6A,3,3,3,3,1,2
CAN-BTWZVS3SU3,3,3,1,3,2,2
CAN-POJI3RN3FV,2,3,3,3,2,1
CAN-CNF2U0FWZ8,3,3,3,3,2,1
CAN-JRP1HQ7CQ7,3,3,3,2,2,1
CAN-Y5MALB9J9R,3,3,3,3,2,2
CAN-941L0L6DMN,2,2,3,3,2,1
CAN-LQI76OP2D1,2,2,3,3,2,2
CAN-HFJYZVZL8M,3,3,3,1,2,1
CAN-ATVQ67ZLOY,2,3,3,3,2,2
CAN-PSOAYUSON8,3,2,3,3,1,1
CAN-H3PWIUYABX,3,3,3,3,2,2
CAN-V9688RJD3W,3,3,3,3,2,2
CAN-0934K69KNR,2,3,3,2,3,0
CAN-0P1G6CU7GP,2,3,3,2,2,2
CAN-I09B815GXN,3,3,3,3,1,2
CAN-CD7PUNEJVC,3,3,3,3,1,2
CAN-CTZZJGC2OU,2,2,3,3,1,2
CAN-3OW7XHI53S,3,3,3,3,1,2
CAN-78FR9A89VL,3,3,3,3,2,1
CAN-RX5M35BRMN,2,2,3,3,1,0
CAN-GZWHJW1GNH,2,3,3,3,1,1
CAN-Q4FY4DOH6A,2,3,2,0,2,1
CAN-GSMG9D3O3S,3,3,3,3,2,1
CAN-PB2QLSE8Q2,3,2,3,2,2,1
CAN-2MQS54QI3Q,3,2,3,3,2,1
CAN-6WX0DLBV7D,3,3,3,2,2,2
CAN-REP4MNK35A,3,3,3,2,1,2
CAN-C98BYIYSGA,3,1,4,3,2,2
CAN-57J79S8I3A,3,2,3,2,1,1
CAN-U2B8FPIIHG,3,2,2,2,1,2
CAN-33ER0FEUOA,3,2,3,3,2,2
CAN-OLFWP9JOAI,3,1,3,3,2,1
CAN-07XR036R0M,3,2,3,3,2,1
CAN-570V9675PJ,2,3,3,2,1,2
CAN-ONYWTGNUW7,3,2,3,3,2,2
CAN-A4P7M4DF4F,3,2,3,3,2,1
CAN-6OJZC13B27,3,3,3,2,2,0
CAN-N9N1Y1FH4H,2,3,3,3,2,2
CAN-12YHGPLWEL,2,3,3,3,2,2
CAN-W103PRP6EQ,3,3,3,3,1,2
CAN-L1VHM9UMKD,3,4,3,3,3,2
CAN-EYK5EY3GDH,3,2,3,1,2,2
CAN-J7UXG1EBBI,4,4,3,4,4,2
CAN-50AU02RR8I,3,2,3,3,1,0
CAN-4IE1S1C4HT,3,3,3,2,1,1
CAN-034LLESDP0,3,3,3,3,2,2
CAN-SKH4H9IVYE,2,3,3,2,2,1
CAN-LQ2Q07RWNG,3,3,3,3,2,0
CAN-YSI8IDF1L6,2,3,3,3,2,2
CAN-YM0I69QM0I,3,2,3,3,2,1
CAN-21DK7ZN7OU,2,2,3,2,2,0
CAN-R4RZBDGOCR,2,2,3,4,2,1
CAN-LXYVCGI5R3,2,2,3,3,2,1
CAN-GCB26XQK04,2,2,3,3,3,2
CAN-0GQ4YVF31M,3,3,3,3,2,1
CAN-47E68J3LSP,2,3,3,3,2,0
CAN-U1V60N5OQM,0,0,3,0,0,0
CAN-PTU8ZO187C,2,3,3,2,2,0
CAN-JAET31N9J6,3,3,2,3,2,2
CAN-2GP0QB71IL,2,2,3,2,2,2
CAN-LY53HEKP9J,3,2,3,2,2,2
CAN-613Y6O33NV,4,3,3,5,2,3
CAN-8WL0QNQ5UP,0,0,3,0,0,1
CAN-5DX0T847GZ,3,3,2,3,2,2
CAN-LLDINNRER0,1,2,3,2,2,2
CAN-T2GTCD5DWS,3,3,3,3,2,1
CAN-KNORJGQ98J,3,3,3,3,2,0
CAN-2M4HF2S4J4,1,3,3,3,1,1
CAN-OGSBS2DTYF,3,3,3,3,2,1
CAN-WP2EAZABSX,3,3,3,3,2,2
CAN-0C3IB5WFJ8,2,3,3,3,2,2
CAN-47IJ7HZFXV,3,2,3,3,2,1
CAN-D1QJN5DQ3Z,3,2,3,3,2,2
CAN-EO66GA5E1B,3,3,3,2,2,1
CAN-QJSM8HCCJG,3,3,3,3,2,2
CAN-B1K4W4PPJA,2,2,3,2,2,1
CAN-COWB4GJHGK,2,2,3,3,2,1
CAN-W9VZ3QDZMA,1,3,3,3,2,2
CAN-W7WZBRSJY6,3,3,3,2,2,0
CAN-R4YO1J48OF,1,3,3,3,1,2
CAN-9AYS5PCZ14,3,3,3,3,2,1
CAN-WZ9HA0TQ3C,2,2,3,3,2,2
CAN-HB448L5FVF,3,3,3,3,1,2
CAN-ZQU3RSMXHH,3,3,3,2,2,2
CAN-VPWFD4IWHJ,2,2,3,2,2,0
CAN-B336H65XUC,3,3,3,1,2,2
CAN-D1D80DSARJ,3,3,3,3,2,2
CAN-80QSZMDRLD,5,4,4,3,2,2
CAN-S5U870NUEQ,3,3,3,3,2,2
CAN-R5RI0VWJW9,2,2,3,2,2,2
CAN-0N0ASSXDKY,3,3,3,3,2,1
CAN-JKAYGXIF6R,2,3,3,3,1,0
CAN-ZSHEVXD6JQ,3,3,3,2,2,0
CAN-63DT9WE4UL,2,2,3,2,1,1
CAN-5S3E0MFPAU,3,3,3,3,2,2
CAN-OAWKW1AEX3,3,3,3,3,2,2
CAN-UM5BZG4T7U,3,2,3,2,2,2
CAN-M2K2HDCA3Q,3,3,3,3,2,1
CAN-40MD9N6XM1,2,3,3,3,2,0
CAN-VRIHDH9JWE,3,3,3,3,1,2
CAN-E8OE3JZ1HH,3,2,2,3,2,2
CAN-4BPECCSH88,0,2,3,3,2,1
CAN-E4XU8GXCMO,3,3,3,3,2,1
CAN-Z5SL5GL4RB,2,3,3,2,2,1
CAN-H8KIU6QEA7,3,3,3,1,3,1
CAN-SJZMPJCLIL,3,3,3,2,1,2
CAN-9LCEA1FPEO,3,3,3,3,2,1
CAN-ZS15TQOGPA,3,2,3,3,1,2
CAN-QPI1L0FCQU,2,3,3,3,2,1
CAN-KYVPBV16AY,2,2,3,3,2,1
CAN-RYFKJ45U9C,2,3,2,3,3,2
CAN-52IHK7LJ5D,0,0,3,0,0,0
CAN-PR65ZMWWA2,3,2,3,3,2,1
CAN-A20P2AEXIH,2,2,3,3,2,1
CAN-0KD9WHUJVD,3,3,3,2,2,1
CAN-IA8U1DVUO4,3,3,3,3,2,2
CAN-J4C24C79IG,3,3,3,3,2,1
CAN-B5BGNPAXNO,3,2,3,3,2,0
CAN-E0S2IX12A1,3,3,3,2,2,2
CAN-QO1Y6YG2FX,3,3,3,3,1,2
CAN-TOCVLBL1FO,2,3,3,3,2,2
CAN-RDE764QYFC,1,3,3,1,2,1
CAN-PMIK0GIRJW,3,3,3,3,2,1
CAN-L66ENZG9TC,3,1,3,3,1,2
CAN-DUG7DRZ6H1,3,3,3,3,2,2
CAN-P0S5V4JAG9,3,3,3,3,2,1
CAN-OLWFHX9D2L,3,3,3,3,2,1
CAN-2QYN0WNQTF,3,2,3,3,2,1
CAN-JZJK3YBA42,3,4,3,3,2,2
CAN-PWVZL2XTR5,3,3,3,1,2,0
CAN-P71MDU1DCY,3,3,3,3,3,2
CAN-TD6V6YM0L4,3,3,3,3,2,2
CAN-JE4JLNPK37,2,3,3,3,2,1
CAN-0J8A2WSM88,2,3,3,3,1,2
CAN-2RX9CWKS6J,2,3,3,3,2,2
CAN-E81W6J63Z9,3,2,3,3,2,2
CAN-5S7DOLIPKI,5,4,4,6,2,2
CAN-O5OQ0F4W47,3,2,2,3,2,1
CAN-NMW319ZUN3,3,3,3,3,0,1
CAN-8P4XCCRHKK,2,3,3,3,2,2
CAN-LGKIRKNNG1,1,3,3,3,2,1
CAN-XI31W0TWTA,3,3,3,3,2,2
CAN-P0MASG4IVU,3,2,3,2,1,1
CAN-OHQPJISPKC,3,2,3,2,1,1
CAN-5HOWJCEPHX,2,3,3,3,2,1
CAN-AF4WYEY7J4,3,3,3,3,2,1
CAN-YP40LZV7HG,2,2,3,2,2,1
CAN-5ZBRHJK44Y,2,3,3,3,2,1
CAN-B4Q0XTHR3W,3,2,3,3,2,2
CAN-0HACOZFI7P,3,3,3,2,2,0
CAN-QRL4A4I1K1,2,3,3,3,2,1
CAN-N91Q1C5UAX,3,2,3,2,2,2
CAN-0ZWD4LK3VP,3,2,3,3,1,2
CAN-43Y5IE42YH,3,3,3,3,1,2
CAN-34QL5SSY19,4,4,3,6,2,2
CAN-MU4BB8SZPV,3,3,3,2,2,2
CAN-F0IZM0S344,3,3,3,3,2,2
CAN-3A7LXLOVR8,3,3,3,3,1,2
CAN-AZKZNQLSKX,3,4,3,3,2,1
CAN-CY6TRLMEL8,3,3,3,3,2,1
CAN-51TPZY1TL8,3,4,3,3,2,1
CAN-L1KPPPS75T,3,3,3,3,2,1
CAN-RUL9EK5926,3,3,2,3,1,2
CAN-HMT2VUSKXC,3,3,3,3,1,1
CAN-R8KAXXVCPC,3,2,3,3,3,2
CAN-1D2WXK6O29,3,3,3,3,1,1
CAN-BJB7ZESWHR,3,3,3,3,2,2
CAN-AOYTD9KG0G,2,3,3,2,2,1
CAN-XM0NTONS8I,3,3,3,3,1,2
CAN-5MD6T4J357,2,3,3,3,1,0
CAN-HMGAHR7B0U,2,3,3,1,2,1
CAN-TD8WI0YO18,2,3,3,3,2,2
CAN-R9BMP1LHB3,2,3,4,3,2,2
CAN-0W2NGUYS61,3,3,3,3,1,1
CAN-3V8BE4YU0C,3,2,4,2,2,1
CAN-2377V4X89Z,3,2,3,3,2,2
CAN-PXVQD4YCPJ,3,3,3,3,2,1
CAN-5K0YA851ZE,3,2,3,2,2,1
CAN-U32HPXHLOO,3,3,3,3,2,2
CAN-S7F7ALIFOE,3,3,3,3,2,1
CAN-T05RUSW6NR,3,3,3,3,1,1
CAN-VQEENTIK51,3,3,3,3,2,2
CAN-SD922NFEYT,3,3,3,2,2,2
CAN-3C0SZATP7X,3,2,3,3,1,2
CAN-H0P38CW42S,3,1,3,3,2,1
CAN-67YHYNYUPJ,2,2,3,3,2,2
CAN-45OMN015DC,3,2,3,3,3,1
CAN-QTT9ENNYAL,3,2,3,1,2,1
CAN-LZ7N3655X3,2,2,3,3,2,2
CAN-XP5SV9B8GV,3,3,2,3,2,2
CAN-38E2V110B9,3,2,3,3,1,2
CAN-DKXV9XRNYN,2,3,3,2,2,2
CAN-6SCDVVWJOG,3,3,3,3,3,1
CAN-39UIY7SIRZ,3,3,3,2,2,0
CAN-IGCRWJMLBW,3,3,3,3,2,2
CAN-LO4SALY31V,3,3,3,4,2,2
CAN-AAQH8U7B6K,3,3,3,3,2,2
CAN-MU5OZ9M1J7,2,3,3,3,2,2
CAN-NTUVLDS5IZ,3,3,3,3,2,1
CAN-SDQGAV97DY,3,2,3,3,2,2
CAN-HM6383D91H,2,3,3,3,2,2
CAN-66JVOMW8EZ,3,3,3,2,2,2
CAN-64W4GY47TK,2,2,3,2,1,0
CAN-V72P6V1M07,3,3,3,3,2,2
CAN-4VU8H42AWS,3,3,3,3,2,1
CAN-UXJU0P1A4M,3,3,3,3,1,2
CAN-0LQ3DXI5IQ,1,3,3,1,2,0
CAN-5CEJ8ETZ1O,3,2,3,3,1,1
CAN-R02M7GSDBP,3,2,3,2,2,1
CAN-Y670UFDKXB,3,2,3,3,2,1
CAN-DK9210TZPV,3,2,3,3,2,1
CAN-5P9DZWME3W,3,3,3,3,2,1
CAN-22AU3OGP05,3,3,3,3,2,0
CAN-2WS04VO4B7,3,2,3,3,1,0
CAN-BXFCCY9LHX,3,3,3,3,2,1
CAN-S1SJ6L2MQT,3,3,3,2,2,2
CAN-LBVLXMN2FA,3,3,3,3,1,2
CAN-OY75XTQB2U,3,3,3,3,1,2
CAN-DHKIS8KJ2N,3,3,3,3,2,2
CAN-8G8981QXTA,2,3,3,3,2,1
CAN-Q1RNLRG7JR,3,3,3,3,2,2
CAN-83U8AQI6A3,3,3,3,3,2,1
CAN-1COF464L67,2,3,3,3,2,0
CAN-DDRORUOAUP,2,3,4,3,2,1
CAN-344M01SHII,3,3,3,3,2,2
CAN-BL7OZ9KMQ6,0,2,3,3,0,2
CAN-9IDUJWNXCM,3,3,3,3,2,1
CAN-HGOAWSNSJS,3,3,3,3,2,2
CAN-V1Y33VKWF8,3,4,3,3,2,1
CAN-E2A4ZDLVTN,3,3,3,2,2,2
CAN-THZDUOWY43,2,2,3,3,2,2
CAN-QWP6802TVP,3,3,3,3,2,1
CAN-BTDN47P5SN,2,3,3,3,1,1
CAN-QA3QFWBD4W,3,3,3,2,1,1
CAN-VWB516VRZH,2,3,3,3,2,0
CAN-929MEILK8U,3,2,3,3,1,1
CAN-L0ZHTBG5RN,3,3,3,3,2,2
CAN-Q0VAFV6MQY,2,3,3,3,2,2
CAN-HYIZGUP4NT,3,3,3,3,2,0
CAN-JUFCEW5HEI,4,2,3,3,1,0
CAN-44SCE3CVBS,3,3,3,3,2,0
CAN-EF36P6HNVV,2,3,3,2,1,2
CAN-2TMLBMF4KK,3,3,3,3,2,2
CAN-0ZUBY1M6OV,2,3,3,3,1,0
CAN-YRJ3DIXAHP,2,3,3,2,2,2
CAN-2ZTBD6W73M,3,2,3,2,1,1
CAN-XF39AL8J16,2,3,3,3,1,1
CAN-ECR7KGV9FS,3,2,3,3,2,2
CAN-IHQH75F4DH,3,3,3,4,2,2
CAN-MFQ4GY8XPH,2,1,3,3,1,2
CAN-4K1QSJSS7W,3,3,3,3,2,1
CAN-R7GBTM2CFP,3,3,3,3,2,1
CAN-16MYQZCDF5,3,3,3,2,2,2
CAN-RXZT9YCUF4,2,2,3,3,1,1
CAN-6C7D0QPQEL,3,3,3,2,1,1
CAN-VO68X2FLPM,3,3,3,3,1,0
CAN-2TQH9JTOZA,3,3,3,3,2,1
CAN-4US7T1TIE7,2,3,3,2,1,1
CAN-0PV93DMVSN,2,2,3,3,2,1
CAN-NKOSN6LW60,2,3,3,3,2,1
CAN-IP8CX14VO3,3,4,3,3,2,1
CAN-VJO1B5VQHG,3,3,3,3,2,2
CAN-LJJY7PVLCN,3,3,3,3,2,1
CAN-VHNR4T4C62,7,3,3,3,3,1
CAN-QIFSQUZL98,3,3,3,3,2,2
CAN-Y33D89PH44,2,3,2,2,2,2
CAN-DQVCS1LJ08,2,3,3,1,2,1
CAN-N28APGURMA,3,3,3,3,0,2
CAN-S7ATE7NM9P,3,3,3,3,2,1
CAN-260B3EITQB,3,2,3,2,1,1
CAN-1EC84J8OCD,3,3,3,3,2,1
CAN-4SNWWX4MO4,4,3,3,3,2,2
CAN-C8H4NILP4I,3,2,3,3,2,1
CAN-EFQFHMP472,3,3,3,3,2,1
CAN-HD32Q374ER,1,3,3,3,2,1
CAN-1ILZEQ8GCM,2,3,3,3,2,1
CAN-3DP72Y562Q,3,3,3,2,1,2
CAN-55NVPBL4L7,3,3,3,3,3,1
CAN-0M3KENZUQW,1,3,3,1,2,1
CAN-DXO59KGWFY,3,3,3,3,2,1
CAN-ABJIQE2KWG,2,3,2,3,2,1
CAN-WNSATQW75Y,3,1,3,2,2,2
CAN-OO86C7VSTZ,3,2,3,3,2,1
CAN-9CQ2899AGV,3,3,3,3,2,1
CAN-0G5QWYHN51,3,3,3,3,2,2
CAN-RA4YP63MWV,3,2,3,3,1,0
CAN-KUOBKM81RJ,2,3,3,2,2,2
CAN-052FOZHP7I,3,3,3,2,2,2
CAN-43Z0BSTVXD,2,3,2,2,2,2
CAN-DLHOOFWW4Y,3,3,3,3,2,1
CAN-9EQHW7KE3M,3,3,3,3,1,2
CAN-TSX3YOZ6OH,3,3,3,3,2,0
CAN-9IURYCYX4V,3,3,3,3,1,1
CAN-CCRXTONANJ,2,3,3,3,1,1
CAN-KSUMCAYLH0,3,2,3,3,1,0
CAN-I4LPZPPIPS,3,2,3,3,1,2
CAN-UWMNCMZYR6,3,3,3,3,2,1
CAN-QRB1ADO39T,3,3,3,2,2,1
CAN-MSEP0LP2L4,3,3,3,3,2,2
CAN-1CHL5IR9BT,3,3,3,3,2,1
CAN-QAKA5ECMWI,5,8,5,3,1,3
CAN-J78RHKOPMG,2,3,3,3,2,1
CAN-ISO1BS0RO0,1,2,3,2,2,2
CAN-8X2ZKCIXEY,3,2,3,2,2,2
CAN-P0U1HGMHYB,3,3,3,3,2,2
CAN-61IE85RJNG,3,3,3,2,2,0
CAN-T3Q531XUD0,3,2,3,3,2,1
CAN-MFN4N6KQHO,2,2,3,3,1,2
CAN-RH7J269JWB,3,2,3,3,1,2
CAN-FAU83LDG91,3,2,3,3,2,1
CAN-LLD8BNVJWJ,3,3,3,3,2,1
CAN-MFBV0FQM3G,3,3,3,3,2,1
CAN-YWW49GG6BA,2,3,3,3,2,1
CAN-50IXZFEBWJ,3,3,3,3,1,1
CAN-9AXZGH8RKY,3,1,3,3,2,2
CAN-C337YD3N11,3,3,3,3,1,2
CAN-Y637SPLZVL,2,3,3,1,1,1
CAN-LBSVYGAQF1,2,3,3,2,1,0
CAN-L3EK29R5IO,3,3,3,3,2,1
CAN-5GAANRPMDT,3,4,3,4,1,1
CAN-A2IERZLHN4,3,3,3,3,2,1
CAN-TR2DNHQZE5,2,3,3,3,1,2
CAN-SGSYO4JTP8,1,3,2,2,2,2
CAN-UK19CDHWOJ,3,3,3,3,1,2
CAN-BV6GW54ZAH,2,2,3,3,2,1
CAN-9VJYE4P2TV,5,4,5,3,2,1
CAN-J36EAQ6YIB,2,3,3,2,1,1
CAN-3RL7L5TQ5P,3,3,3,2,2,2
CAN-5D1JX3NDR6,3,3,3,2,2,0
CAN-FR56KPX697,3,3,3,3,2,0
CAN-E9M2WW84DZ,2,3,3,3,2,2
CAN-0VKKH5E54K,3,3,3,2,2,0
CAN-8MJLD4JNLX,3,3,3,3,2,1
CAN-ZJCDEV1RJR,3,4,3,3,2,1
CAN-VA7HG2ZN0Y,1,3,3,3,2,2
CAN-P6DT24Q34Z,2,3,3,3,2,1
CAN-ZGTDAL1BAY,3,3,3,3,2,2
CAN-3FUHE8QQ4P,2,2,3,2,2,1
CAN-75M5MEN7BJ,2,3,3,4,2,1
CAN-H40EWXTH1J,2,3,3,3,2,2
CAN-JKJHWU9EAG,3,2,3,3,2,0
CAN-ZE4ML807XL,3,3,3,2,1,1
CAN-W2XD91FUFU,3,3,3,3,2,1
CAN-YN0B1TGPR5,3,3,3,3,2,1
CAN-ADIKM415O9,3,2,2,2,2,1
CAN-0SGS7A4EW1,3,1,3,3,2,2
CAN-C8BQUAOGDA,3,2,3,2,2,2
CAN-01NTK9S5JS,2,3,3,3,1,1
CAN-ILHNH6Y100,3,2,3,2,2,2
CAN-X1MTLN2D4V,3,2,3,2,1,1
CAN-G5HH5L0HWM,3,2,3,3,1,2
CAN-H4XZOFU2PK,3,3,3,3,2,2
CAN-AUDCVUTCMN,2,3,3,2,2,2
CAN-TBVSCRO133,2,3,3,2,2,1
CAN-NQCGNQOFJ4,3,3,3,2,2,2
CAN-OSWOXVT2YC,3,3,3,3,2,1
CAN-OGU38P0WA3,3,3,3,3,1,1
CAN-72Z1Z31UG2,3,3,3,3,2,1
CAN-POOWPCR1CO,2,3,3,2,1,1
CAN-CRLI5OI6UB,3,3,4,3,2,1
CAN-95DZAWQJ8Q,3,2,3,2,2,1
CAN-G308S24UDP,3,3,3,2,2,1
CAN-44UQ2P5VOG,3,3,3,3,2,2
CAN-B3OQG0BN72,1,3,3,3,2,2
CAN-HBZHL9N9RB,3,3,3,3,2,1
CAN-LOQ8JZKCT6,3,2,3,3,2,1
CAN-F2U1W8N888,3,2,3,2,2,1
CAN-IC6QP6F7EA,2,2,3,3,2,1
CAN-B1QKW5Y24J,3,3,3,3,1,2
CAN-H3MCBUTK2S,3,4,3,3,2,2
CAN-RYSJCGP2DX,3,2,3,0,2,2
CAN-FTVABQ7PZL,3,3,3,3,2,1
CAN-2VJ8O12ZPO,2,2,5,1,2,0
CAN-ZVQJD35OLN,1,3,3,3,2,1
CAN-TSI5O2KHP3,1,3,3,1,1,1
CAN-390TQ6WA3Z,2,1,3,3,2,1
CAN-Z7U8UWJE40,3,2,3,2,2,0
CAN-MKGQ4SYVUI,3,3,3,3,2,2
CAN-RL60V81ZST,3,2,3,3,2,2
CAN-I94U5SS23A,3,1,3,3,2,2
CAN-4EDE40MFHN,2,2,3,2,1,0
CAN-3EO9MSIIB0,2,3,3,2,2,1
CAN-ODE757YXGP,3,3,3,3,2,1
CAN-X00NKLCO46,3,3,3,3,2,1
CAN-FX4J13R9RC,3,1,3,3,2,2
CAN-B3QNNPULIV,2,3,2,3,2,1
CAN-658WGCQ9I5,3,2,3,3,1,1
CAN-1R4K9MCK3Y,3,2,3,2,2,2
CAN-0EA5064B93,3,3,3,3,2,1
CAN-XRYZGPMP2W,3,3,3,2,2,1
CAN-6KIPVIUJHL,3,1,3,3,2,0
CAN-8Q4FWIPALL,3,3,3,3,2,2
CAN-HBT75IWZPQ,3,3,3,3,2,2
CAN-IVWBYIFE01,3,3,3,3,1,2
CAN-IDUBSLVP5Y,2,3,3,3,2,2
CAN-VDBSNL2IVX,3,3,3,3,2,1
CAN-TW4I92YJ96,3,3,3,3,2,2
CAN-FQCXIYE6Q8,3,3,2,3,1,1
CAN-040X63D1RZ,2,2,3,2,2,1
CAN-09XE5XULVF,2,3,3,3,1,1
CAN-V3HYMTPZI6,3,3,3,3,2,1
CAN-ELURPXD9KO,3,3,3,3,2,2
CAN-7X0WHMAFA9,3,3,3,3,2,1
CAN-KWNDZUJI6Y,3,2,3,3,2,0
CAN-B0Q2DD1E7T,3,3,3,3,2,0
CAN-IYBP0B98CS,3,3,4,3,2,2
CAN-FBYW1D5DOL,3,1,2,2,2,0
CAN-HY4RO0NS5H,3,2,3,3,2,2
CAN-ICE8YAQPYS,3,3,3,3,2,2
CAN-MKOTQX7RYF,3,3,3,5,2,2
CAN-J9MRKX0ELI,3,3,3,2,2,2
CAN-4PIKA10ZD4,2,2,3,3,2,1
CAN-FHW311BLCL,3,2,3,2,1,1
CAN-93ISN9UMV8,2,1,3,3,2,1
CAN-SRJHRKZHN4,3,3,3,3,1,1
CAN-C2GXC1OURS,3,3,3,3,2,2
CAN-W2ZIZV9TD2,3,3,3,3,2,2
CAN-R8BNHCQDKP,2,3,3,2,2,2
CAN-XRRNKBPC8S,3,2,3,3,2,2
CAN-Y8KKG8V4R5,3,3,3,4,2,1
CAN-79JUI4BLFE,3,3,3,3,2,2
CAN-3Q1VW4S31T,2,3,3,2,1,2
CAN-YY5T43STLB,3,3,3,3,2,2
CAN-C1O1D1WA8P,3,2,3,3,2,0
CAN-PW7P7CYAY5,3,3,3,3,2,2
CAN-OQMSEJAI3H,2,3,3,2,2,2
CAN-3CH2QHWBQL,2,2,3,3,3,1
CAN-ZJJDF4C8DP,3,3,3,3,2,2
CAN-9LX6TBAYJV,3,3,3,2,1,2
CAN-2OXKNEO3TQ,2,2,3,2,2,2
CAN-TMX6A70KTW,3,3,3,3,2,1
CAN-A3N1I0PFTX,1,2,3,2,1,2
CAN-E4IKO98S8N,3,3,3,3,2,1
CAN-CFH21MC6MC,3,3,3,1,1,1
CAN-Q1RV4AJMTI,3,3,3,1,0,2
CAN-LYJYAS6UZC,3,3,3,3,2,1
CAN-CO1SFRY35O,3,2,3,3,2,2
CAN-D3R9ABE55B,2,3,3,1,2,1
CAN-2BDRVTKJDJ,3,3,3,3,2,2
CAN-A9YIU6V38M,3,3,3,3,2,1
CAN-XV9EUR0J0D,3,3,3,3,2,2
CAN-8AHW6I47FL,3,3,3,3,2,2
CAN-D9ZCQVYTFF,3,3,3,3,2,1
CAN-96H2B7YWEA,2,3,3,3,2,2
CAN-HRK3ERTM7S,2,3,3,2,2,1
CAN-KA3RCTZBNY,2,3,3,3,2,1
CAN-67SUQ220RF,3,3,3,3,2,0
CAN-EU7IC0OS6G,2,3,3,3,1,1
CAN-YHPUNEGMES,3,2,2,3,2,1
CAN-QGZAPSA3BO,3,3,3,3,2,2
CAN-HUA269JU4G,3,2,3,2,2,2
CAN-AU698DWYRM,3,3,3,3,1,1
CAN-FKGU1GRZW9,4,6,5,5,2,2
CAN-8NI910W89K,2,3,3,3,1,2
CAN-ELKHW27GHD,3,2,3,3,2,1
CAN-LBXPPWD97Y,0,0,3,0,0,0
CAN-VLHWCTW3F6,2,3,3,3,1,2
CAN-QOKALJ9SOQ,3,3,3,3,2,2
CAN-9ZFFZQP8PJ,3,3,3,3,1,1
CAN-4VQ1HUGYI4,3,3,3,3,2,2
CAN-HCGOQBAKZN,3,1,3,3,2,2
CAN-TMIZS5SV0I,3,3,3,3,2,1
CAN-RE7GU0MMVB,3,1,3,3,2,1
CAN-KTT6AOH8PI,4,2,4,2,2,1
CAN-3QBCWMMIHQ,3,3,3,3,2,2
CAN-29EPOS1W43,3,3,3,3,2,2
CAN-BPO2Y3DAOV,2,2,3,3,2,2
CAN-NZ2VX6NW1M,3,5,3,6,3,2
CAN-AVS97IJ897,3,3,3,3,2,2
CAN-ZIWQ19P6AA,3,2,3,3,2,1
CAN-QTWU2RU4OH,2,3,3,3,2,2
CAN-CO1Z33I8OZ,3,3,3,3,2,2
CAN-BMFK4MHSRF,2,2,3,3,2,1
CAN-BVX1O3C8YQ,3,3,3,3,2,2
CAN-UTHHEO37YQ,3,3,3,3,2,2
CAN-5QYZCHXI18,3,2,2,3,2,1
CAN-P8I76XMXLQ,3,2,2,3,2,2
CAN-MAXLRQCFH2,3,3,3,3,2,0
CAN-3I4EGPPCH1,1,2,3,3,1,2
CAN-ZL42FTB5J7,3,3,3,2,2,2
CAN-1FMEAQSXU1,2,3,4,3,2,1
CAN-GJYVEZ74UM,3,3,3,3,2,1
CAN-CICSE18C3C,3,1,3,2,2,1
CAN-160O2QU523,3,3,2,3,2,1
CAN-JH3BMQ4XC7,2,3,3,2,2,0
CAN-WQJZRDMD47,3,3,3,3,2,2
CAN-E7QORW41LY,0,0,2,0,0,0
CAN-KNG6FIGDJP,3,2,3,3,2,2
CAN-HLD8HLPQLB,3,2,3,3,2,1
CAN-3H04DYJYL6,3,3,3,2,2,1
CAN-9UYB0D8INX,3,2,3,3,2,1
CAN-S4QG2N649K,2,3,3,3,2,1
CAN-X2E0NRDSN2,3,3,3,3,2,2
CAN-JJ7S00BE58,2,2,3,3,2,2
CAN-CGPNWZESGB,3,3,3,3,2,0
CAN-N8205QHIIX,3,3,3,2,2,2
CAN-T7JW94FBRT,2,2,3,3,2,2
CAN-XVT2S8XC7S,3,3,3,2,2,2
CAN-5SCGF7T0P2,3,3,3,2,2,2
CAN-QWM8SVNF6Y,2,3,3,3,2,1
CAN-NH1AE7M228,3,3,3,3,2,1
CAN-WNGDAMUN3D,3,3,3,3,2,1
CAN-TLJA63WPHJ,3,2,3,3,2,2
CAN-RSV3Z1RRTN,4,5,5,3,1,2
CAN-9QFHEZXTQ2,3,3,3,3,1,1
CAN-3IOB699M4M,3,2,3,3,2,2
CAN-4GFS4VAS4D,3,3,3,3,2,0
CAN-ZGXRR2VJJT,3,3,3,3,2,0
CAN-NP1L5RFWPX,3,3,3,3,2,2
CAN-LJW3IQ348U,2,2,3,1,2,1
CAN-8HRIHWRP44,3,3,3,3,2,0
CAN-26894K27XF,3,3,3,3,1,0
CAN-6DHEY7JYB0,3,3,3,2,2,1
CAN-9M8THE7U4U,3,2,3,2,1,0
CAN-GMT2SYTMEM,3,3,3,2,2,0
CAN-WS8Z5PPTLE,3,1,3,2,1,1
CAN-Z6IP1AV7UX,3,3,3,3,0,0
CAN-3A927FFC3F,2,3,3,2,1,1
CAN-LRODQA2VVQ,3,3,2,3,2,1
CAN-FQ7IUPYR30,3,3,3,3,2,2
CAN-616BNFCEB9,3,2,3,3,2,2
CAN-3OBV9O3XFW,2,3,3,3,2,1
CAN-5FTMREC6PP,3,3,3,3,2,2
CAN-KW7PAC7X7B,3,3,3,3,2,2
CAN-HMGN8Q5OO0,2,3,3,3,2,2
CAN-4L3YJZAB6Q,3,3,3,2,2,1
CAN-WHL4Z1EQX3,3,3,3,3,2,1
CAN-UXFWLDVP2X,1,2,3,3,1,1
CAN-ILXKT6KZT6,3,3,3,1,1,1
CAN-BPK9MFJXCI,3,3,3,3,2,1
CAN-BD826W3YRC,3,3,3,3,1,2
CAN-OYOBY2LDCL,2,2,3,3,2,0
CAN-XSJC4BI12Q,3,4,4,3,2,1
CAN-VDNH8T479J,3,3,3,3,2,2
CAN-YZVTV9IEQV,3,3,2,2,2,1
CAN-WUG7XLC4KI,3,3,4,3,2,2
CAN-W5QSLLDGYT,3,2,3,2,0,1
CAN-1428SM7ANI,3,3,3,4,2,0
CAN-CZEHU4LRFW,3,3,3,3,2,0
CAN-JEKCK3CLKQ,2,3,3,2,2,2
CAN-DXPJDAF1DO,3,3,3,3,2,2
CAN-INVRCV2LX4,2,3,3,3,2,1
CAN-ZYI4BZRNAG,2,3,3,3,2,2
CAN-1IKLYA4LDH,3,1,3,3,2,1
CAN-ELVC7JJVW7,3,3,3,3,2,2
CAN-RPFTIXZ2ZH,3,3,3,1,2,1
CAN-OQIKHLUC4W,3,3,3,3,2,1
CAN-AJL8QJC2BB,2,3,3,3,2,2
CAN-5F734GMY31,2,3,3,3,2,1
CAN-QYMFM99RR5,3,3,3,3,1,2
CAN-LQWV94HNCG,3,3,3,4,2,2
CAN-JWMKKNRPOM,3,3,3,3,2,0
CAN-XY0HIU174X,3,3,3,3,2,2
CAN-EKXU5MUMRX,0,0,3,0,0,0
CAN-GPERKI45RF,3,3,3,3,2,2
CAN-6FN2VAO590,3,3,3,3,2,2
CAN-KFLQ93WIFA,2,3,3,2,2,1
CAN-XBDO229VX1,3,3,3,3,1,2
CAN-LAT7S8NUNY,1,3,3,3,2,2
CAN-L6NHLXDEY3,3,3,3,0,1,0
CAN-92CQ2MKRWB,2,2,3,3,2,2
CAN-GBD9SOYJQ2,3,3,3,3,2,2
CAN-ZEQ6HVXTS5,2,3,3,3,2,1
CAN-SY63K7SQDX,1,1,3,3,2,2
CAN-I7PNT09NCC,3,3,3,2,2,1
CAN-SPGINW87TL,2,3,3,2,2,1
CAN-CSQT94E4BI,3,3,3,3,2,1
CAN-8H4NLLPLV8,3,3,3,3,2,1
CAN-Q1BWDHNB0D,2,2,3,3,2,2
CAN-OGMW0KO16A,3,2,3,3,2,1
CAN-FS6714K257,3,3,3,2,2,1
CAN-JP0BCEN87K,3,4,3,3,2,1
CAN-O936QBEV75,3,3,3,3,2,1
CAN-WLIIHEPB6L,2,2,3,2,2,2
CAN-K0NJHSXBVP,2,1,3,3,2,0
CAN-CHVYNUCK5G,2,1,3,3,2,0
CAN-4ZISZZUYPA,3,3,3,2,2,2
CAN-B2N6VDFL0Q,3,2,3,2,1,0
CAN-JMROAEZGB9,4,4,3,3,2,2
CAN-Y9WR2J4N6D,2,3,3,3,2,1
CAN-0TH6RLLYJD,3,3,3,3,2,1
CAN-O1WAFWCAM4,2,2,3,2,2,2
CAN-W0XPUI1PQS,3,2,3,1,2,2
CAN-1XB3Y5FKDN,1,3,3,3,2,1
CAN-YBMG7R7D58,3,3,3,3,2,2
CAN-5IUNRPBHZB,3,2,3,3,1,2
CAN-NYLD72ACP5,3,3,3,2,2,2
CAN-5YBWNVPXKL,3,3,3,4,2,1
CAN-GY0FR81EIN,3,3,3,2,2,1
CAN-F50O8VOFPJ,3,3,3,3,1,1
CAN-C5MWQ4NNAO,3,4,4,2,1,2
CAN-YVZA7C7U0D,3,4,3,4,3,2
CAN-N9SY4P833D,1,3,3,3,2,2
CAN-ENWU07CAZD,2,3,3,3,2,2
CAN-ZXFACUSVYS,2,3,3,2,2,2
CAN-3JOPVHN2NC,3,3,3,3,2,2
CAN-W2LV5IQNDR,3,3,3,2,2,2
CAN-B8OEQZRDZO,3,2,3,3,2,2
CAN-CTUDFHGAE8,3,3,3,2,2,2
CAN-P0MBQBOIN3,3,3,3,3,2,2
CAN-KEG24MIA6T,2,3,3,3,2,2
CAN-S17B3UE6VA,3,3,3,3,0,2
CAN-QR13UQT8TQ,3,3,3,3,2,0
CAN-2YLBO8RGYV,3,3,3,3,2,1
CAN-R8OJLY61GL,3,3,3,3,2,1
CAN-881MDNU9HL,3,3,3,3,2,0
CAN-0ZMCUN84OO,3,3,3,3,2,1
CAN-BYI29AXDYZ,3,3,3,3,2,2
CAN-JJQ3SOFQ09,1,3,3,3,2,1
CAN-G3VG02PTIH,2,3,3,3,2,2
CAN-9KOK0UDY2A,3,1,3,3,2,2
CAN-E0OS8OWFGZ,3,3,3,3,2,2
CAN-0OTDXGHN6I,3,3,3,3,2,1
CAN-5TUA0AA7F1,3,3,3,3,2,1
CAN-VBE3AKMIGT,3,3,3,3,2,1
CAN-0PMM495PVF,3,3,4,3,2,1
CAN-YJHQZSKRZI,3,3,3,2,2,1
CAN-4XGA3XO6MR,2,3,3,2,2,1
CAN-DZQ5YRMYSQ,3,2,3,3,2,0
CAN-2H3IOYIBYD,3,2,3,2,2,1
CAN-SUBXR5SK46,3,3,3,3,2,2
CAN-0CW8J1YM6M,2,3,3,3,1,1
CAN-OIKC5E26OJ,3,1,3,2,2,2
CAN-BEYJ1OH5W0,3,3,3,3,2,1
CAN-GS1ASP5I7M,2,2,3,3,2,1
CAN-ADM727QLLR,3,2,3,3,2,1
CAN-ORZOM9970X,3,3,3,3,2,2
CAN-NB8BNTDVFB,3,3,3,3,2,0
CAN-CSOXD5O7WY,3,3,3,2,2,0
CAN-58WX4ITRIN,3,3,3,3,3,1
CAN-SZDMHJVL9K,3,2,3,2,2,1
CAN-H84SHSX302,1,3,3,3,1,2
CAN-OE65Y4R5HX,3,3,3,2,2,1
CAN-NVNR93B9Y0,3,4,3,4,2,0
CAN-MKB3ESCEL9,3,3,3,3,2,1
CAN-UA77F51CE3,3,3,3,3,2,0
CAN-67L0I48BCZ,2,3,3,3,2,0
CAN-DQ9WDN1KRI,3,3,3,2,2,2
CAN-AA5B8N2HP7,3,3,3,3,2,1
CAN-WOLC85Y8G9,3,3,3,3,2,2
CAN-OMGRZTJ5BQ,3,3,3,3,1,1
CAN-3DIYZ1MUL4,3,3,3,3,2,1
CAN-OGUQTR7P3L,2,2,3,3,1,2
CAN-AHLL7Q195L,3,2,3,2,2,2
CAN-CHXYSETV91,3,2,3,3,2,2
CAN-XMR83MVEIR,3,1,3,3,2,2
CAN-1UENNGCBT2,1,3,3,2,2,2
CAN-XH1REQ96N8,2,3,3,2,2,1
CAN-D9QIBJO04W,3,3,3,3,2,0
CAN-P35G487WP9,7,3,4,3,3,3
CAN-XCT9FR2EQO,3,3,3,3,2,2
CAN-O5TNT0AYU0,3,2,2,3,2,2
CAN-7B855SYC43,3,2,3,2,2,0
CAN-H8SAY0VQJI,7,4,6,6,4,2
CAN-7R7Q5M49WP,3,3,3,3,1,1
CAN-NJEMPVIPXA,3,3,3,3,2,2
CAN-GCORFRHXGP,1,3,3,3,2,2
CAN-ER16O204NJ,2,3,3,3,2,2
CAN-ICLG21HY7Z,4,3,4,5,2,3
CAN-IHPEMDFBZ3,3,3,3,3,2,2
CAN-5QFW2J7I0Y,3,3,3,3,2,2
CAN-OIFW5YARR9,2,3,3,2,2,1
CAN-AA5LV68P37,3,3,3,3,2,1
CAN-FC9EQX2MTX,2,3,3,3,2,1
CAN-SFASW36SWR,2,3,3,3,1,2
CAN-H5149VTKDG,3,2,3,3,1,2
CAN-7PK36HUZFC,3,2,3,2,2,2
CAN-56JKH9GNKO,2,1,3,3,2,1
CAN-JVSOMJ8RQZ,3,2,3,3,2,2
CAN-RL0BPHIDB2,3,3,3,3,1,1
CAN-6G4HVLCWL8,3,3,3,1,2,0
CAN-SIIOAIPEG6,2,3,3,3,2,1
CAN-PNM6QFUNU5,3,3,3,2,2,2
CAN-U4B8C8Q8XM,4,3,3,4,2,2
CAN-U2P021V7VS,3,2,3,2,2,2
CAN-TOZ6T9E4XX,3,3,3,3,2,1
CAN-RF3ULJEXK7,2,3,3,3,2,1
CAN-G4M20BNWJC,3,3,3,3,2,2
CAN-OZSAZU0P79,3,3,3,3,2,1
CAN-0XI2NTJUR7,3,3,3,3,1,0
CAN-OU8TEHXLQC,3,3,3,3,2,2
CAN-5QE7JFKG8R,3,5,3,4,3,1
CAN-6J9VDVX844,2,3,2,3,2,1
CAN-ZJYH7JATV3,3,3,3,3,2,2
CAN-HFIIC7E2C5,2,3,2,3,1,1
CAN-UHWME9GBHF,3,3,3,3,2,2
CAN-P4D8M7KZW9,2,3,3,1,2,0
CAN-5US1P8V03X,2,3,3,3,2,2
CAN-IV7I352BGK,3,2,3,3,2,1
CAN-DMW3LV8WWE,3,3,3,3,2,0
CAN-Z2JY2B55S9,3,1,3,2,1,1
CAN-0L9OK2A9ID,2,3,3,2,1,1
CAN-POHT9T4J6G,3,4,3,3,2,2
CAN-B5RUNBUA2B,2,2,3,3,1,1
CAN-6AD9QSXJ1E,3,3,3,2,2,2
CAN-18AD05AK7K,2,2,3,3,1,2
CAN-DIZH2DMRBR,3,3,3,3,2,2
CAN-MICO1LZBN2,3,2,3,2,1,2
CAN-5S3RFCNC5H,3,4,3,3,2,2
CAN-892QBFN07U,3,2,3,3,1,2
CAN-0RU9DNPH9L,3,2,3,2,1,0
CAN-KZRAB13DWS,2,3,3,3,2,2
CAN-JDGWROVX7Y,4,3,3,3,2,1
CAN-PIX2G0XKPK,3,3,3,3,2,2
CAN-2M5ZUP8SXX,3,3,3,3,2,1
CAN-5FCQF6TW3M,3,3,3,3,2,1
CAN-XJ04LH2FD4,3,3,3,3,2,1
CAN-ZO2BHYCK79,3,3,3,3,2,2
CAN-UFECW3ET6O,3,3,3,3,2,2
CAN-HBP9JQBZND,2,2,3,1,1,1
CAN-QVML40ZX8H,3,3,3,3,1,1
CAN-8H30ZRSKFR,3,3,3,3,2,2
CAN-OCF2Z7XPR5,3,3,3,2,2,0
CAN-8AKC6T5UDD,2,2,3,3,2,2
CAN-RQJCVRG2ZZ,3,2,3,3,2,2
CAN-8V9EDPEV3Y,3,2,3,2,2,1
CAN-2MRGYFZICW,3,3,3,6,1,1
CAN-1T3C8VY1X5,3,3,3,3,2,2
CAN-BET67NJL1X,1,2,3,3,2,0
CAN-YZN0W9BL29,2,3,3,2,2,0
CAN-VZ35VNYJMI,3,3,3,3,2,1
CAN-2E9TW6IG6P,3,3,3,3,2,1
CAN-N6QBGE4JYX,3,2,3,3,2,2
CAN-TVE0I4R8M2,3,2,3,3,1,1
CAN-FZ73NJYRB7,4,2,3,3,2,2
CAN-C0YUI7AR5L,0,1,3,0,1,0
CAN-4R3HL2XZSI,3,3,3,3,2,1
CAN-GFGJ12TBJ6,3,3,3,3,1,0
CAN-KG5OVJI6ZT,3,2,3,3,2,1
CAN-RX13BCFI0B,3,3,3,3,2,2
CAN-5QG6VDFEME,3,3,3,3,2,1
CAN-LKYXO2EN18,3,3,2,3,2,2
CAN-CGCFM0LIMM,3,3,3,3,2,2
CAN-BKZ5EW4TSR,3,3,3,3,2,0
CAN-JFI9AI3K2W,3,3,2,2,2,1
CAN-CIN8W9P686,2,3,3,3,1,2
CAN-S3QSS7IZW3,2,2,3,3,2,1
CAN-7CYOHHYE0I,2,3,3,2,1,2
CAN-AI6O9UTU8G,3,3,2,3,1,1
CAN-FOD7CGUYPH,3,3,3,3,2,1
CAN-5GWNCG1H1O,3,3,3,3,2,1
CAN-J8CHSFSGUA,2,3,3,3,0,1
CAN-4NM89AK2TO,3,3,3,3,2,0
CAN-H850PSAFWY,2,1,3,2,2,1
CAN-UYNPU22XAJ,3,3,3,3,2,2
CAN-KP1WYJ807K,3,3,3,3,2,1
CAN-BY8TNXSYY5,3,2,3,3,2,2
CAN-BWLPVC4IQ4,3,3,3,3,2,2
CAN-Y72U99T394,2,2,3,3,2,0
CAN-6DFR6RRL6K,3,3,3,2,1,2
CAN-OHKKF3MKJ3,3,3,3,3,2,1
CAN-JGIYIFPSWR,3,2,3,2,2,0
CAN-T3CGD4T9EC,3,3,3,3,2,2
CAN-ZWTPYP4LWM,3,1,3,2,2,0
CAN-F7MVCZ73UM,3,2,3,3,2,1
CAN-V8H6YGBUSQ,1,3,3,3,2,1
CAN-5A1LXDVW46,2,2,3,1,2,2
CAN-0NHQ24X4LE,2,3,3,3,1,0
CAN-3UU6U95YRS,3,2,3,3,2,2
CAN-2D9IJA092C,3,2,3,3,2,1
CAN-P3E8B1S1YE,3,2,2,3,1,1
CAN-112IM783D7,3,3,3,3,2,2
CAN-0OSDRM8WGH,3,3,3,3,2,1
CAN-RS067LUXEB,3,3,3,3,2,1
CAN-SN4ZOUU4TU,3,2,3,3,1,1
CAN-43OL2OJHLY,3,3,3,2,2,1
CAN-6TP4LY965F,3,1,3,3,2,1
CAN-DV76H5K62X,3,3,3,3,1,1
CAN-5L6QZ64O76,4,4,3,4,3,1
CAN-PU39XUTGGO,2,3,3,3,2,2
CAN-9537AX5UDX,3,3,3,3,2,2
CAN-F7X3UI0PXF,2,2,3,3,2,1
CAN-5F4F3TUQ9M,2,3,3,2,2,2
CAN-BM5SIDEM5J,2,3,3,3,2,2
CAN-HDZ8YPAF3S,3,3,3,2,2,1
CAN-BQW0BQTV81,3,2,3,3,2,1
CAN-2S3SLNW6VG,4,3,3,3,2,1
CAN-89TL6LN1QM,2,2,3,3,2,2
CAN-0K73FF5ZJY,3,3,3,3,2,2
CAN-F8XXVQ3FOH,3,3,3,2,2,2
CAN-KPMWJHT0FW,3,2,3,4,1,1
CAN-HTU9U0J64U,3,3,3,3,2,1
CAN-1B3ME7X02M,3,3,3,3,2,1
CAN-U4ISBEMDKM,3,2,3,4,2,2
CAN-EX4EC4VSLX,3,3,3,3,2,2
CAN-EUAIP7U6F4,3,3,3,2,2,2
CAN-W8PQ442SSO,3,3,3,3,2,2
CAN-JKMYL498RA,2,2,4,2,1,2
CAN-RIHK4Y2NO7,3,3,3,3,2,1
CAN-L6EWSLOUPX,3,3,3,3,2,0
CAN-5ILV58TSSO,3,2,3,3,2,1
CAN-2SWAHRFWRN,3,2,3,3,1,2
CAN-GMVQ3TFY6G,3,3,3,2,2,1
CAN-6JM5G0EIX8,3,3,3,2,2,1
CAN-O21U34RHL7,3,2,3,3,2,1
CAN-KXL54R6ETV,3,3,3,2,2,1
CAN-5EN014CIMD,2,2,3,3,2,0
CAN-34PR5HNK0F,3,6,4,3,2,2
CAN-93R4OHM0IL,3,3,3,2,2,1
CAN-JIWT8N57J5,3,3,3,3,2,1
CAN-KBTJIR5AI8,3,3,3,3,2,2
CAN-KM6VR7M69W,3,3,3,3,2,1
CAN-Y9U4ZVACYA,3,2,3,2,2,2
CAN-4X7NG3KBYL,3,3,4,3,2,2
CAN-XA1UCDM9R7,3,3,3,3,2,2
CAN-5HJXXKT828,3,3,3,3,2,2
CAN-BLO4UY4J8Q,3,3,3,3,2,2
CAN-BP5ZZT70CD,3,3,3,3,2,1
CAN-ALSKVWAHV5,2,1,3,2,1,0
CAN-YTJ45R5T9S,2,3,3,3,2,2
CAN-52CASZP351,3,2,3,3,1,2
CAN-SFKX99YI7I,3,3,3,3,2,1
CAN-RZMHH94CR6,3,3,3,2,1,1
CAN-EV41VR82ZT,3,3,3,3,2,2
CAN-76UXSJGRBK,3,3,3,2,1,2
CAN-PWKLJEDIBJ,3,3,3,3,2,2
CAN-PHLQXO5LCN,3,2,3,1,2,1
CAN-II8SQ8P5QQ,3,3,3,3,2,1
CAN-LGCN3Y9Y0N,3,3,3,3,3,2
CAN-S720500BG8,3,2,1,3,2,2
CAN-JWE8HTA89M,3,3,3,2,2,1
CAN-I0Q451OME6,3,3,3,3,1,2
CAN-P8E8M63GZG,3,3,3,3,2,1
CAN-AFZR4ZDI7F,3,3,3,3,2,1
CAN-XBVTCL4FLT,3,2,3,2,2,1
CAN-RI4FEVBL0S,3,3,3,3,2,2
CAN-TNH6K5Q0EC,3,3,3,3,2,2
CAN-P5AGB0DYBN,2,3,3,3,2,0
CAN-ZET1R3W6WK,3,2,3,2,2,1
CAN-GW6PGBCEX7,1,3,3,3,2,2
CAN-WJKM5ZGIDX,1,3,3,4,2,2
CAN-91GJR7JTMD,3,2,3,2,0,2
CAN-ML3X2W2UKZ,3,3,3,2,2,0
CAN-906TKPLNHD,2,3,3,3,1,1
CAN-XEYEYZ6R2V,2,3,3,3,2,2
CAN-MFNB58GYSJ,3,3,3,3,2,2
CAN-SH0N1YYRZ1,3,3,3,2,2,2
CAN-58BDVRCHB2,3,2,3,3,2,0
CAN-XJY3VV5J0A,3,3,3,3,1,1
CAN-WL0SAGUDPX,2,2,3,3,2,2
CAN-ER2QZ98GX8,3,3,3,3,2,2
CAN-NFSPXUAENX,3,3,3,3,2,1
CAN-73P1MENQ9G,3,3,3,2,2,2
CAN-LDRDYJFQSA,3,3,3,3,2,1
CAN-LOC81HSLDZ,0,0,3,0,0,0
CAN-ML82X8IVHM,3,3,3,3,2,1
CAN-Q1UG152UL4,3,3,3,3,2,2
CAN-MDBOW7ND3N,3,3,3,3,2,2
CAN-XXZW5A1SFD,3,2,3,3,1,2
CAN-0HCUBFY63N,3,2,3,3,2,1
CAN-IF0I68WF66,2,3,3,2,2,1
CAN-EKD355LSNV,3,3,3,3,2,2
CAN-R0TVB9AWYW,3,3,3,3,2,0
CAN-YYNQRFOADE,1,3,3,3,2,1
CAN-F0PN2HEEBV,1,3,3,3,2,1
CAN-41W8BCQO7X,2,2,3,3,2,1
CAN-ZFR7HD3VV7,3,3,3,3,1,1
CAN-PTMU9M8CJZ,3,3,3,2,2,1
CAN-AKL654OLTL,3,2,3,3,1,2
CAN-DCDYQRJSON,3,2,3,3,1,1
CAN-JP1XTCS3BM,3,3,1,3,1,1
CAN-0YXFCGVYDX,3,3,3,3,1,2
CAN-5YSSRYW2AP,3,3,3,3,2,2
CAN-358FLU5HXT,3,3,3,3,2,2
CAN-THAICHHTU8,0,3,3,3,2,2
CAN-WVX2VB618D,3,3,3,3,2,1
CAN-1PRB9UDN9X,3,3,3,3,2,1
CAN-GVUHIDI0YV,3,3,3,3,2,2
CAN-DYKL8ZO8R6,2,4,3,3,1,1
CAN-D1Z718W0LO,3,3,3,3,2,1
CAN-BSGLVKXVW2,3,2,3,3,2,2
CAN-BRTWJK51MV,2,4,3,3,2,2
CAN-RSMQEZHP4D,3,3,3,3,2,1
CAN-LKXNU7VMJ2,2,2,3,2,2,1
CAN-ONB4LRVL6R,3,3,3,3,2,1
CAN-W10K050YRE,3,3,3,3,2,2
CAN-SKK0M1JGGC,2,3,3,1,2,1
CAN-7U8N47ZFV5,4,3,3,4,2,1
CAN-S4L9CLEV55,3,0,3,3,0,0
CAN-64Z964B4SM,3,2,3,2,2,1
CAN-3N9J504Q0I,3,3,3,3,2,1
CAN-XJ35BV67GO,3,3,3,3,1,2
CAN-HEEW7U7G7V,3,3,3,3,2,1
CAN-9VAO5YRKGD,3,3,3,3,2,2
CAN-FO3WNB4763,3,2,3,2,2,0
CAN-6Q5ON1AC54,3,3,3,3,2,1
CAN-9I09NCT6OG,3,3,3,2,2,1
CAN-SOX8Q071KV,2,3,3,2,2,1
CAN-SRETMBYF20,3,3,3,3,2,1
CAN-AWENZMC6HA,3,3,3,3,2,2
CAN-RC5A4S037F,3,3,3,3,2,0
CAN-6BKFCG7X01,3,3,3,3,1,2
CAN-ZX6HI17PSG,2,2,2,1,2,2
CAN-2LX6X04XIR,4,4,3,3,3,1
CAN-9OUXX8YAOB,2,3,2,2,2,0
CAN-T691X6C1E6,4,4,4,3,1,1
CAN-B2JPGW27M6,3,2,3,3,2,2
CAN-VCNLUSMF62,3,3,3,3,2,2
CAN-JQJW61FXC6,2,3,3,2,2,1
CAN-LIH1IBG77G,3,3,3,3,2,1
CAN-X1PLMV2ATM,3,2,3,2,2,2
CAN-1BJV9H7BP1,2,3,3,2,2,0
CAN-OCV1H31QU5,3,2,3,3,1,2
CAN-IWD898Y25C,3,3,3,2,2,1
CAN-CRLXZ6D03M,2,3,3,3,2,0
CAN-KLX44J03YU,2,3,3,3,1,2
CAN-562GYYL0HE,3,3,2,3,2,1
CAN-U8FB3M8E6A,2,2,3,3,0,0
CAN-8D5KU7HW8I,3,3,3,2,1,2
CAN-KBZPQKF72Z,2,3,3,3,2,2
CAN-G7E41YWLOI,3,3,3,3,2,1
CAN-NBYFB817AG,2,3,3,1,2,2
CAN-3CKUGU9AR8,3,3,3,3,2,1
CAN-0R9Z97B0AI,3,3,3,3,2,2
CAN-ZQBECB1YZF,2,3,3,3,1,0
CAN-Q2YIWCXBC9,3,3,3,2,2,2
CAN-8PU2JZNHHM,3,4,3,3,2,2
CAN-9J13VO0DI3,3,2,3,3,2,2
CAN-6Z7Z49EBI2,3,3,3,3,1,2
CAN-VDBY1K6TRF,3,2,3,3,2,2
CAN-CF79WI04QM,3,3,3,3,1,2
CAN-AQAS4XH3Y6,3,3,3,2,2,1
CAN-3LP2JGB6VG,2,3,3,3,2,1
CAN-MJB0XK1CJ6,3,3,3,3,2,2
CAN-XZ993T53M1,3,3,3,3,1,2
CAN-3QL90YRKAQ,2,3,3,3,2,2
CAN-IE5380ZYS7,3,3,3,3,2,2
CAN-KWNWJDJ3G4,3,3,3,4,2,1
CAN-0K66T0VA20,3,3,3,3,3,2
CAN-5XKCPAM77O,3,4,3,3,2,2
CAN-70QYELZOVK,3,3,3,3,2,1
CAN-4SQI5UV2G6,3,3,3,2,2,1
CAN-EF6CJLWDG7,3,3,3,3,1,1
CAN-Q908POJH5W,3,3,3,3,2,0
CAN-46YLMFH66W,2,3,3,3,2,1
CAN-LAEPAPVF74,3,2,3,2,2,2
CAN-9546MNW5B4,3,2,3,3,2,2
CAN-0OOWJ07RUN,2,2,3,2,2,1
CAN-GBHQBOBVPR,3,2,3,2,2,1
CAN-BDWF22CYUA,3,2,3,3,2,2
CAN-13N4K3S7IU,0,3,3,3,2,1
CAN-8VFRVGXEMN,3,3,3,3,2,2
CAN-3LR30HOY0Y,3,2,3,3,2,2
CAN-YTM3I5X9NR,3,2,3,2,2,0
CAN-XJ6PIEH9LU,3,3,3,3,2,1
CAN-6CTPBWB1RU,3,3,3,3,2,2
CAN-WACRT5V7BU,3,3,3,3,2,1
CAN-A8EO57MPML,2,3,3,3,2,2
CAN-VP9KR0D6BW,2,3,3,3,2,2
CAN-VRDQ2EC1PJ,3,3,1,3,2,1
CAN-7MZUONCKTS,2,3,3,3,1,2
CAN-LGDMTRCYG4,2,3,3,3,2,1
CAN-DF9FOQYYR2,2,3,3,3,2,1
CAN-6RVAR91O3N,3,1,3,3,1,1
CAN-YCQK7ACB2O,2,3,3,3,1,2
CAN-OSKIPMVUD2,3,3,3,3,2,1
CAN-4XVXTQY8BR,3,3,3,3,2,2
CAN-FK70OPI2M6,2,2,3,3,2,2
CAN-4EXMAGPLS8,3,1,2,3,2,2
CAN-VQ3X8Z9FDM,3,2,3,3,2,1
CAN-8746KS0WI1,3,3,4,4,2,0
CAN-BLZ6L4C9VS,3,3,2,3,1,1
CAN-WERO1AQ1YT,2,3,3,3,1,2
CAN-GXVBQR1I3D,3,3,3,3,2,1
CAN-HTCC3AN46E,2,3,3,3,2,2
CAN-QPTMQI43UI,3,3,3,2,2,2
CAN-AIMB5E0DL1,3,3,3,3,2,1
CAN-GZC0GNF738,2,3,3,2,2,2
CAN-N414JR2JV2,3,2,3,3,2,2
CAN-4GLEUEQ05V,3,3,3,3,2,1
CAN-B61MLBWAJJ,3,2,3,3,2,0
CAN-LSZZDK0OUH,3,3,3,2,2,2
CAN-GDMRKB974M,3,3,3,2,1,2
CAN-9N3KUK4ESZ,3,3,3,3,2,1
CAN-UMXIVY6QX2,3,3,3,2,2,2
CAN-IH4O10GNER,3,3,3,3,2,2
CAN-ZDDEP3I15X,3,2,3,3,2,2
CAN-714MGWTX5N,3,2,3,1,1,1
CAN-4E9LVA4CBS,3,3,3,3,2,2
CAN-FMZE2CVDPC,3,3,3,2,2,0
CAN-GLFKY9TY0S,2,3,3,3,2,1
CAN-00DCKQUIX3,3,3,3,3,2,2
CAN-HSKQSHTQFG,3,3,3,3,2,0
CAN-9RFKRT8E9R,3,2,3,3,2,2
CAN-WXT60XYECP,3,3,3,3,1,1
CAN-ACFQP8HI5N,3,3,3,3,1,2
CAN-WZ5R7K3DC0,3,3,3,3,2,1
CAN-RSV2IBPOB3,3,3,3,2,2,2
CAN-70XR0VMB86,3,4,3,3,2,3
CAN-LQ77FH6B3T,2,3,3,3,1,2
CAN-XQNZC9QLN0,3,6,3,4,4,1
CAN-NU1QRB568L,2,2,3,2,2,1
CAN-XUTYC7DKOR,3,2,3,3,2,0
CAN-YO58PHPSK8,3,3,3,3,2,2
CAN-M60YR5PH4D,1,2,3,3,2,1
CAN-S6ZKPJRC0O,3,3,3,3,2,1
CAN-53C1ACUVT3,2,1,5,3,2,2
CAN-XGFWMQ1A7N,3,3,3,2,2,2
CAN-O6V9R77KD9,3,3,3,3,2,1
CAN-9WYSGWAAI8,2,3,3,3,2,1
CAN-HOUMA2I58V,2,3,3,3,2,2
CAN-27N4DVK5DR,2,3,3,3,2,1
CAN-6KR2JU6D7D,2,3,3,3,1,1
CAN-6A78VRNZMQ,3,3,3,3,2,1
CAN-C9I5KO3Z7R,4,3,3,3,2,2
CAN-ZRPFWFPFKF,2,2,3,3,2,2
CAN-ELPQ2N3TRS,3,3,3,3,1,2
CAN-8F0Y6ZKVIR,3,3,3,3,2,0
CAN-OHO5640KCJ,3,3,3,3,1,1
CAN-6TX7S6JFMB,3,3,3,2,1,1
CAN-EG0I7X1IRA,2,3,3,3,2,1
CAN-EFEX2AY14B,2,3,3,3,1,2
CAN-8YXCOL84NZ,3,3,3,3,1,2
CAN-HNXP7W4MEV,2,2,3,2,2,1
CAN-ULBJ7X73OT,3,3,3,3,2,1
CAN-FWX6RPK0UO,3,4,3,3,2,1
CAN-IPI65MYN9O,3,3,3,2,2,2
CAN-OKMGGD6KWU,3,2,3,3,1,1
CAN-AY5F6FAMEW,2,3,3,3,2,1
CAN-0RAPZ6TGC9,3,3,3,2,2,2
CAN-5L3GXQJJXB,2,3,2,3,2,0
CAN-RKG32LAM67,3,3,3,3,2,2
CAN-LYMP24LWCB,3,3,3,3,2,0
CAN-9H8VRFUEMX,3,4,4,3,2,3
CAN-JUDHP15RCW,3,2,3,2,2,1
CAN-GPBDL1NWQU,3,3,3,3,1,2
CAN-1HDNT7OJBQ,3,3,3,2,2,1
CAN-SCXS6GTVGD,3,3,3,3,2,1
CAN-QOFA7Y0TB0,3,2,3,2,2,2
CAN-424ZDAO2YV,3,3,5,3,1,0
CAN-VQIVPPKA83,2,3,3,2,1,2
CAN-CJLXO5NOYB,3,3,3,2,2,1
CAN-UFM9B7RUOH,3,3,3,3,2,0
CAN-LPT3EKY2R2,3,3,4,2,2,1
CAN-7OLJFFUOTN,3,2,3,3,2,2
CAN-Q8VJ9G5GTB,3,3,3,2,1,1
CAN-FYWAOASS16,2,2,3,3,2,1
CAN-65QV3OD6PG,3,2,3,3,2,1
CAN-HPC5C5W6KH,3,3,3,2,2,2
CAN-IGZN18POU7,3,3,3,3,2,1
CAN-XBAOI5AG6L,2,3,3,3,2,1
CAN-YR2VP1O8UM,3,3,3,2,1,1
CAN-YJS30W7BAS,3,3,3,2,1,2
CAN-3H2ZQ20HYA,2,3,3,3,2,1
CAN-D1LLEVY58E,2,3,3,3,2,2
CAN-62PUOVL8Z4,3,2,1,3,1,2
CAN-QWJMQYN73E,2,3,3,3,2,2
CAN-2B1GJDP147,3,3,3,2,2,0
CAN-K0DQV0MQVR,3,4,3,3,2,1
CAN-W27TDJXPKQ,2,3,3,3,2,1
CAN-DOH0PYKIYL,3,3,3,3,2,2
CAN-GW9TAVNRX8,3,2,3,2,2,0
CAN-A6YLVLOAWL,3,1,3,3,2,1
CAN-N816ZQILF0,4,4,4,3,2,3
CAN-ZD5D4EFNXC,3,2,3,3,2,2
CAN-EMEKQH031J,3,3,3,3,1,2
CAN-0N1EXZKM58,3,2,3,3,2,2
CAN-G2FM0CB1IU,1,3,3,1,2,1
CAN-3YU75PFRVS,3,2,3,3,2,2
CAN-3DSSQ8V7VA,3,3,3,3,2,1
CAN-TZTI6AZ7V6,3,3,3,3,2,2
CAN-26P5A9I6IW,2,3,3,3,2,1
CAN-FMYQIB5NB3,2,3,3,3,1,2
CAN-4QWJ820O88,3,3,3,3,2,1
CAN-MIMSRGBUFX,3,3,3,3,2,1
CAN-MV0RS0W78M,3,3,3,3,2,2
CAN-S7IRY1QPPI,3,2,3,3,1,0
CAN-E86F7YAN2L,3,3,3,3,2,2
CAN-807LXV7F82,3,3,3,3,2,2
CAN-J4JADZJMOB,2,2,2,3,1,1
CAN-HCUF9EUYOZ,3,3,3,2,2,0
CAN-9KLYFQEU2K,3,3,3,3,2,1
CAN-YFE7HRLL1S,3,3,3,3,2,2
CAN-8YKJDJF693,4,3,3,3,2,2
CAN-9RSMGGD1Q6,3,3,3,3,2,2
CAN-0XDLVLRV5E,1,2,3,3,1,1
CAN-A51DRJZQWV,3,3,3,3,1,2
CAN-Z17KAIJR25,3,2,3,3,1,2
CAN-TJP6J7LGBJ,2,0,3,2,1,2
CAN-5BHKEKMA2Z,3,2,3,3,2,0
CAN-9Y4E8DVX0U,3,3,3,2,2,1
CAN-JYBMNY3MH4,3,3,3,1,2,2
CAN-OF8JBJLOI4,3,2,3,3,2,1
CAN-EAZAE8BT7A,3,3,3,2,2,1
CAN-KAFJHVEEJX,3,3,3,2,2,2
CAN-TFSGO72GCH,3,3,3,3,2,2
CAN-5V0VAHHE1G,3,2,3,1,1,2
CAN-FT6TDI0EQF,3,2,3,3,2,1
CAN-QHXKFG91LT,3,3,3,3,2,2
CAN-9XZ5FAJCNF,3,3,3,3,2,2
CAN-LBC54C8AYJ,2,1,3,3,1,1
CAN-TY13BX7I0K,1,2,3,3,2,1
CAN-557X8Q7A9I,3,3,3,3,2,2
CAN-25PCC2A9MF,3,3,3,3,2,1
CAN-30OM4HXVJL,3,3,3,1,1,2
CAN-WJ4SF4T3FE,3,3,3,7,3,2
CAN-KPCABVB1GO,3,3,3,3,2,1
CAN-56NGPDUGKO,3,3,3,2,2,2
CAN-9RCCVU9AR1,3,2,3,3,2,0
CAN-HNBOI3YCYH,3,3,3,3,2,2
CAN-YU670LEDAU,3,3,3,3,2,2
CAN-8QIV0CN7T9,3,3,3,3,2,2
CAN-FF7X8UNI8U,3,3,3,3,2,2
CAN-HNHZKKFNLR,3,3,2,2,1,2
CAN-2FTLKLSQ75,4,3,3,4,2,3
CAN-AYQ0A0WSTV,3,3,3,3,2,1
CAN-XJC97568QB,3,3,3,3,2,1
CAN-WJQD9W00NL,3,3,3,3,2,2
CAN-VCJOMAX36T,1,3,3,3,2,2
CAN-XASM26MDYW,3,3,3,3,2,2
CAN-G4ZD5N18NT,2,3,3,3,2,1
CAN-JYV51NRY9N,2,3,3,1,2,1
CAN-DDE273J8QC,3,3,3,2,2,0
CAN-LZJWI63ZKT,3,3,3,2,2,1
CAN-XCF865ENF4,2,3,3,3,2,0
CAN-JCP6J3SW76,3,2,3,2,2,2
CAN-Z35ZJEGSSP,2,3,3,3,2,2
CAN-8NQEINPOB3,3,3,3,3,2,1
CAN-IXXZV1ZYHN,3,3,3,3,2,1
CAN-JJO81VPD46,3,3,3,3,1,2
CAN-W9O5L4P878,3,2,3,2,2,2
CAN-GXWNWS1QD9,3,3,3,3,2,0
CAN-IS1ZC6BSMR,3,3,3,2,2,0
CAN-DC92CICQ3E,2,3,3,3,2,2
CAN-3L9PECKRSW,3,3,3,3,2,2
CAN-J6WQQ5YXQZ,3,3,3,3,2,2
CAN-0PQ4JRHOUX,3,4,3,3,1,2
CAN-X3N5XDNP94,3,3,3,3,2,1
CAN-1OVFRV7TTU,2,3,3,2,2,1
CAN-X5TWBLR352,3,3,3,3,2,2
CAN-30WX81N4ES,3,3,3,3,2,1
CAN-2Y6TSF6GIG,3,3,3,3,2,2
CAN-WHY3GADLGF,2,2,3,3,2,2
CAN-FOK14PY5C1,2,3,3,2,2,2
CAN-JCIOORVNON,3,3,3,3,2,1
CAN-BWFHYL6LLD,3,3,3,3,2,1
CAN-Z87L90W0PC,3,3,3,3,2,2
CAN-9IA9I8MKXA,2,5,5,3,2,1
CAN-4LYJJBH6F4,3,5,3,3,2,2
CAN-0TB6AL3N70,2,3,3,2,2,1
CAN-HJUAUUOOQM,2,3,3,3,2,1
CAN-OEJ3RHUCP8,3,3,3,3,2,1
CAN-G9FY1EBFWI,3,2,3,2,2,2
CAN-M4ZL7S6DGS,3,2,3,3,2,1
CAN-BXODNQGI17,3,2,3,2,2,1
CAN-5XST5EPJBY,2,3,3,3,2,1
CAN-0L54BNVIQB,3,4,3,3,1,2
CAN-7U5U2ZVP8D,2,3,3,2,2,1
CAN-8AE9WTOMBQ,2,3,3,2,2,1
CAN-IXWMDTL3HR,3,2,3,3,2,2
CAN-V6RXJKXFC0,3,3,1,0,2,0
CAN-VOZ52UEJPQ,2,3,3,3,2,2
CAN-ULYCDM5488,3,2,3,3,1,1
CAN-94FYYU6TOT,3,3,3,2,2,2
CAN-7SDYB7FYSW,1,3,3,1,2,2
CAN-VQWAV8O384,3,3,3,3,2,1
CAN-VRU0IVL25N,3,3,3,2,1,1
CAN-5XIDHAPPV5,1,2,3,3,2,2
CAN-E5RK51LRQO,3,3,3,3,2,1
CAN-G1DB7JWC1G,3,3,3,3,2,2
CAN-XVULICZG2M,3,1,3,1,2,2
CAN-7PQW8PI5B2,3,2,3,3,2,2
CAN-6X68SMKABT,3,2,3,3,1,1
CAN-O0M4WKU6K1,3,2,6,3,2,1
CAN-U3TCQ4JHX6,3,2,3,3,2,1
CAN-6LGDGSICL9,3,3,3,3,2,1
CAN-ZL5E160VIV,3,2,3,2,2,2
CAN-0ZU2MNB9IH,3,3,3,3,3,2
CAN-A3NEM6YNVM,3,3,3,3,1,1
CAN-VOHXITV34S,3,2,3,2,2,2
CAN-OB9WC3QL4K,3,3,3,2,2,1
CAN-UQQIYRW0PD,2,2,3,3,1,2
CAN-JIKMS2Q5P3,2,3,3,3,2,1
CAN-QMLDTUX94P,3,3,3,3,2,2
CAN-JGZ4Y9A1Q0,2,3,3,3,2,0
CAN-L8HDD4AAXD,2,2,3,3,2,0
CAN-VAHVPT317B,3,3,3,2,2,2
CAN-N4A5SH2KL7,3,3,3,2,1,1
CAN-9A09DNYH43,3,2,3,3,2,2
CAN-QJOF1FV9VK,3,3,3,3,2,2
CAN-Y95MZGKW0R,3,3,3,3,2,2
CAN-07MYDBBTQZ,3,3,3,3,2,2
CAN-ZVG1D7DK36,3,3,3,3,2,2
CAN-956RPGWM0A,1,3,3,3,2,1
CAN-095QBECY15,3,3,3,3,2,2
CAN-I81AVEBMV8,3,3,3,3,2,0
CAN-K3XTMJ34KS,2,2,3,1,1,2
CAN-CPMRL5PTMP,3,3,3,2,2,2
CAN-08GBKW27H7,3,3,3,3,2,1
CAN-VI9TJ5TFKM,3,3,3,3,2,0
CAN-N37W9TF22U,3,3,3,2,2,1
CAN-SM34VTCE0E,2,2,3,2,1,1
CAN-5CFICVORWJ,3,3,3,3,1,2
CAN-9E0MNTDSL6,3,3,3,1,2,1
CAN-UPHEN28ZRO,3,3,3,3,2,2
CAN-LY1D0CH9GA,3,1,3,3,1,2
CAN-REU02RJT8B,2,2,3,3,1,1
CAN-V04R0SMX7A,3,3,3,3,2,2
CAN-EBTGVV3RXM,3,3,3,3,2,1
CAN-LQ9HSIZN8I,3,3,3,3,2,2
CAN-AUDD5JJ7TY,3,3,3,3,2,0
CAN-ZA6PIK08V3,3,2,3,2,1,1
CAN-QYQYVF58KL,3,3,3,2,2,1
CAN-FLZ1QT1OJ8,3,2,3,3,2,1
CAN-QPJYTR2S0F,2,3,3,2,2,2
CAN-SXF1BQ556P,3,3,3,3,2,1
CAN-XDY01NP3S9,2,5,3,4,2,3
CAN-RP348ZTLS1,3,3,3,3,0,2
CAN-73HFRFYZSD,3,3,3,3,1,2
CAN-V0VZZK31ZG,2,2,3,3,2,0
CAN-HPFS1K14OB,4,4,3,3,2,2
CAN-OL5ME27NUG,2,2,3,3,2,2
CAN-9KU515KHWM,2,3,3,2,2,2
CAN-2QWMJ5MV4B,3,3,3,3,2,1
CAN-PIKMH0KI5Z,3,3,3,3,2,1
CAN-19HWCHBK1G,3,3,3,4,2,2
CAN-VO12F9IV33,3,3,3,3,2,2
CAN-POQGNKGB5L,3,3,3,3,2,0
CAN-UCWZD4WA6W,3,1,3,3,2,1
CAN-6JHGY4EBFU,3,2,3,3,1,1
CAN-ZMZCRMVW8N,3,2,3,3,2,1
CAN-18ICEAKXAY,3,3,3,3,2,2
CAN-UV8XNAGWPP,3,3,3,3,2,2
CAN-MSJNVWXIF3,2,2,3,3,2,1
CAN-6SU2DLWX9A,2,3,3,3,2,1
CAN-2XSQZON5NS,3,3,3,3,2,1
CAN-AR17R0D747,3,3,3,3,2,2
CAN-QLMROPDHAP,3,3,3,3,2,1
CAN-9BPA1CGILW,3,2,3,3,2,3
CAN-UJ50RDOJS4,2,3,3,3,2,2
CAN-28Y96BBKG7,1,3,3,3,2,2
CAN-P64HPJDIYG,4,4,4,4,2,1
CAN-FCMFX5BL17,3,3,3,2,2,2
CAN-1UQ9NKCZ6E,3,1,3,3,1,2
CAN-O82WMMGGMG,3,4,3,3,2,2
CAN-J9X20A9WZO,3,3,3,3,2,1
CAN-G7ZKBUDW7I,3,2,3,3,1,2
CAN-V205ALPH4Y,3,3,3,3,2,1
CAN-PE32YJZCX8,0,0,3,0,0,0
CAN-GIZDA446ND,2,3,3,3,2,1
CAN-IZM0F94TMK,3,3,3,3,2,1
CAN-5MUKSQ8FXE,2,3,3,2,2,1
CAN-IBXXI1N3TB,3,3,3,3,2,1
CAN-5F2UQ4OP7R,2,3,3,3,2,2
CAN-4DJ2K7QGWT,3,2,3,3,2,0
CAN-PGUL05LC2A,3,3,3,3,2,0
CAN-Z3ND19QHIV,3,4,2,3,2,1
CAN-XEFO7URQYQ,2,2,3,3,2,1
CAN-E7IZLLRLTY,2,2,3,2,2,2
CAN-DIVISMC9DP,2,2,3,2,2,2
CAN-YJ68HLKJD1,3,3,3,3,2,1
CAN-3WYKSSFVER,3,2,3,3,2,1
CAN-NF8YUSJKNG,3,3,3,2,2,2
CAN-HBAK6C5WUQ,3,3,3,3,2,2
CAN-IJM5DKLM9X,2,2,3,3,2,0
CAN-FSU1HQRXLN,3,3,3,3,2,1
CAN-ATG3FH9AKR,3,3,3,3,2,1
CAN-X4MEGEYCFY,3,1,3,1,2,1
CAN-45W32J002Z,1,3,3,0,2,2
CAN-IU6IORV7FN,3,2,3,3,1,2
CAN-0Z1KJ0F1PR,2,3,3,3,2,1
CAN-FWHULQMFEH,3,3,3,3,2,1
CAN-WLGG02C0DV,2,2,3,3,2,2
CAN-H5UFMMBBSN,3,2,3,3,1,1
CAN-WI0BY2UZMN,3,2,3,3,1,0
CAN-5GK0TZ0P0O,3,3,3,2,2,1
CAN-THA4Y9FYAN,3,3,3,3,2,1
CAN-19DHL7LLBH,3,1,3,3,1,2
CAN-06VNECZN5B,0,0,3,0,0,0
CAN-O4S3T3MCQB,3,2,3,3,2,1
CAN-VDAXNBX9NK,3,3,3,3,1,1
CAN-LE5D5D3M06,3,3,3,3,2,1
CAN-V9M5ANAVAQ,3,3,3,2,1,2
CAN-4A4P6I3YY5,3,3,3,2,2,0
CAN-G5K98AJET9,3,2,3,2,1,0
CAN-N1EGN1WPA9,3,3,3,2,2,1
CAN-4XCQT4XRLM,2,3,3,3,2,1
CAN-IL0328NR49,3,3,3,3,2,1
CAN-9JD6HEBAGS,3,2,3,2,2,2
CAN-M50PYN0ODR,3,3,3,3,2,1
CAN-40LI9Y6YR0,3,2,3,3,2,2
CAN-LWCTI9WPZD,3,3,3,2,2,1
CAN-0MY54PKUTW,3,3,3,3,2,1
CAN-ADXZT2LSD2,3,2,3,3,2,1
CAN-YHQVT2YGC4,3,3,3,3,2,1
CAN-7A34STXJIJ,3,3,3,3,2,1
CAN-KW9M0BVSNI,3,3,3,3,2,2
CAN-ZT3OGP0JXS,3,3,3,3,2,0
CAN-QEBAW1S5XS,3,2,3,3,2,2
CAN-CMN92X3QCJ,1,3,3,3,1,2
CAN-AS1L3GHJZR,3,3,3,3,2,1
CAN-HI0KHFI3TL,3,3,3,3,1,1
CAN-OVU436J0O1,3,3,3,3,2,1
CAN-3R3RAJN9BY,3,4,3,3,2,2
CAN-2JQGF26XA7,2,2,3,2,2,1
CAN-6JFP34RIT1,3,3,3,3,2,2
CAN-KN7ALLYH7U,3,3,3,3,2,1
CAN-SBFPSP1MZA,3,3,3,3,1,1
CAN-3T0IOF38LH,3,3,3,2,2,2
CAN-T39DROMWDA,2,3,3,3,2,2
CAN-NDVG9T6GVC,3,3,3,3,2,1
CAN-8DR0HKOJEV,3,3,3,3,2,1
CAN-EBNCCF9WVB,2,3,3,3,2,0
CAN-NM7PT4SHMT,3,3,3,3,2,0
CAN-5IOC5JZIIP,3,2,3,3,2,1
CAN-H2OM1ON12K,3,2,3,3,2,2
CAN-8KG24WFJIV,3,3,3,3,2,1
CAN-6UKR8YZ4GT,3,3,3,1,2,2
CAN-1HB6JUPDHK,3,3,3,3,2,1
CAN-IHGVEFD56U,3,3,3,3,2,1
CAN-7N7M8X7ZHC,3,3,3,3,3,1
CAN-NRINO2QY45,3,3,3,2,1,1
CAN-Y4T0MR6RA2,3,3,4,3,2,1
CAN-CMDQKDOCSP,3,3,3,2,2,1
CAN-Q7PERRPY64,2,3,3,3,2,1
CAN-IAURK7AHY3,3,2,3,3,2,1
CAN-8M9FV7G0CF,3,3,3,3,2,2
CAN-EEMQYBE6QZ,3,3,3,3,2,2
CAN-6TMFZABDTH,3,2,3,2,2,1
CAN-RVU16RVI7G,3,3,3,3,2,1
CAN-YCGH1PA4IR,2,3,3,3,2,1
CAN-NLKMFT40KT,3,2,3,3,1,2
CAN-1TB9DCAL4N,3,3,3,3,2,1
CAN-SERAOKERWA,3,3,3,3,1,1
CAN-LWWDF3WF6A,3,3,3,3,2,1
CAN-Y82GCQR2UD,3,3,3,3,2,1
CAN-831EODFVP8,3,3,3,3,2,2
CAN-AY5NDLO838,4,5,4,4,2,3
CAN-Q1OX9CWLGR,3,3,3,3,2,2
CAN-J87TUAAPCV,3,3,3,2,2,1
CAN-60JYA58E8X,3,3,3,3,2,1
CAN-51X57K9DC2,2,3,3,3,2,1
CAN-VKVY1SM75M,3,3,3,3,2,1
CAN-TMNCTNMCJQ,3,3,3,3,2,2
CAN-XT4FMR796D,0,3,3,3,2,1
CAN-TGZONW9PBU,3,4,1,2,1,1
CAN-DX3MJKAGYL,0,0,3,0,0,0
CAN-R3OS8BVXSC,3,2,3,2,2,2
CAN-VHIJVPARK8,3,3,3,3,2,2
CAN-DW0W3WAAQG,3,1,3,2,2,1
CAN-JCHQFKG3EH,2,2,3,2,2,1
CAN-TD6NRWHU2N,3,4,3,3,3,2
CAN-YUF1UIU4UE,3,1,3,3,2,1
CAN-IH8QA2MYJE,3,3,3,3,2,2
CAN-GIJKY035A6,3,3,3,3,2,1
CAN-4UV0B00BCF,3,3,3,3,2,1
CAN-2PDY8M81H6,3,2,3,3,2,1
CAN-JGF98EYLRG,2,3,3,2,2,1
CAN-VPA4T6Q883,2,2,3,3,2,2
CAN-8V7I31ESQI,2,1,3,3,2,1
CAN-GWM8NFJJKC,3,3,3,3,2,2
CAN-DK9LDA7HFP,3,2,3,3,2,0
CAN-0B2FWIGWXI,2,3,3,3,2,1
CAN-7TCVJX174C,4,3,3,3,2,2
CAN-0SRT8FDJI7,2,3,3,3,2,2
CAN-3RXEZN4P80,3,2,3,2,2,2
CAN-3CBR1QRAPC,3,3,3,3,2,1
CAN-WL2TD9031W,3,3,3,3,2,1
CAN-MIFJTFPC7C,3,2,3,2,2,2
CAN-0A6MHA2NM2,2,2,3,3,2,1
CAN-CTFK1EI7YG,3,3,3,3,2,0
CAN-FVPXP9IPUU,3,3,3,3,2,2
CAN-C59KG1UJJL,3,2,3,3,2,2
CAN-W41T478D04,2,3,3,3,2,1
CAN-VXK1I1UMT4,3,3,3,3,2,2
CAN-SSNNKJ5JOM,2,3,3,2,2,2
CAN-S6NMA1DJN5,4,4,3,4,1,3
CAN-FTKCMP8J58,2,2,3,3,2,2
CAN-13P9GPN8BQ,3,3,3,3,2,2
CAN-FW25LT47Z3,3,3,3,2,2,2
CAN-BT2OFRNY3S,3,3,3,3,2,2
CAN-H4GUO3MTJY,3,3,3,3,1,1
CAN-W30OMN27D2,3,3,3,3,1,2
CAN-4GJ9VLJ8FO,3,2,3,2,2,1
CAN-M4WSJ3708R,3,3,3,3,2,2
CAN-C42EDU8FUO,1,2,3,2,2,2
CAN-DHVN5O35AD,3,2,3,3,1,2
CAN-HI89X98432,2,2,2,3,1,2
CAN-N694WGEFWE,3,2,3,3,2,1
CAN-3XL8NIN53A,3,3,3,2,1,2
CAN-RQIV1Z3E8K,3,3,3,1,1,1
CAN-AG9ELCJZ3F,3,2,3,3,1,2
CAN-QWYNVVUN24,3,3,3,3,2,2
CAN-T8A9PGNQAP,4,3,4,1,2,2
CAN-8WRGK4D798,3,2,3,3,2,1
CAN-PIZ1XF2H6R,3,1,3,3,1,2
CAN-9U4FTJYV59,3,3,3,3,2,1
CAN-NGG95OLIVE,3,3,3,3,2,1
CAN-53RZDSNBGS,3,3,3,3,2,2
CAN-PJ4F0ZD7B8,2,3,3,3,2,2
CAN-CTC8N00USX,3,3,3,3,1,1
CAN-L532M3XW3A,2,3,3,3,2,1
CAN-S7WMSZWVWY,2,3,3,3,2,2
CAN-3AGBP1GDD7,3,3,1,3,2,1
CAN-QS3C23F1XB,3,3,3,3,2,2
CAN-DVESHRR0BP,3,3,3,3,2,2
CAN-24PAQG8S3U,2,3,3,2,2,1
CAN-VRWO5JUET3,3,3,3,3,0,2
CAN-PILEAIYFOE,3,3,3,3,0,2
CAN-6O8KE7NLYD,3,3,3,3,2,0
CAN-U1WEHJJBY6,3,3,3,3,2,2
CAN-TORHGX5SIV,2,3,3,3,2,2
CAN-3J3PKVYEAA,3,3,3,3,1,2
CAN-91JK9C5RTE,2,3,3,2,2,1
CAN-FG1IDH9MVH,4,3,3,4,2,2
CAN-PMS3IB3O45,3,3,3,3,2,2
CAN-J6O6MCZ4XD,3,3,3,3,2,1
CAN-CQ5C04IBN3,3,3,3,3,2,1
CAN-0BVTPMSGJM,3,3,3,3,2,1
CAN-N8280KMNPH,1,2,3,3,2,2
CAN-VLSU4JQ96Y,2,2,3,3,1,2
CAN-9VK3SDVKWW,3,3,3,3,2,1
CAN-T3JMMHE7AU,3,3,3,2,1,2
CAN-JNI34N6HJZ,2,3,3,2,2,2
CAN-1EBYS5QJJD,3,3,3,3,2,1
CAN-O6D1Z58F1X,2,3,3,3,2,1
CAN-A3O99S9PE2,3,3,3,2,2,1
CAN-9XCJ3GNW5X,2,3,3,2,2,2
CAN-6EP6GXXTK9,3,3,3,2,2,2
CAN-9KMUPMRK9B,2,3,3,3,1,2
CAN-CXB2IX1KCG,3,3,3,4,1,0
CAN-RTL68CCUZW,3,2,3,3,2,1
CAN-HGWH94XUXH,3,2,3,3,1,0
CAN-50SM4RMNCN,3,2,3,3,1,0
CAN-IMIT2CO25Q,3,3,3,3,0,2
CAN-25XRXJR3GX,2,3,3,2,2,1
CAN-8C28P89HPG,3,3,3,3,2,2
CAN-PHSBVVY4GH,3,3,3,3,2,1
CAN-W0RZN5FFNF,3,2,3,3,2,2
CAN-ZRADB0J8PE,3,3,3,3,2,1
CAN-D95REYQJ30,3,3,3,2,2,2
CAN-NFDPTCTTOB,3,3,3,3,2,2
CAN-Z23AAAYQ0X,3,3,3,1,2,2
CAN-6OSZ3M3AF7,3,3,3,3,1,2
CAN-I3S3MM49KH,3,3,3,2,2,1
CAN-PXJQWGDOXL,1,3,3,3,2,1
CAN-O0PVXA60VN,3,3,3,3,2,1
CAN-ICAOZ3XA2W,3,3,3,3,2,2
CAN-NB1RD67A2M,3,3,3,3,2,2
CAN-BB7JWHE4DH,3,3,3,3,2,0
CAN-PLZBE7I52R,3,3,3,3,2,2
CAN-FJX6K7ZX6A,4,2,3,3,2,2
CAN-22NDGCYZK1,3,3,3,4,2,2
CAN-9VWYM7PGG8,3,3,3,3,2,1
CAN-N0NIOLJ8PO,5,6,3,5,2,1
CAN-JR75FSAO9V,4,3,3,3,2,0
CAN-80E2HCAKL6,2,3,3,2,2,2
CAN-F4YDY4WJUA,3,3,3,3,2,0
CAN-M36HQB8MV0,3,3,3,2,2,1
CAN-F7IAHLL9U3,3,3,3,3,2,1
CAN-2U4S16F4B1,2,3,3,3,1,1
CAN-HKBISJ3M2E,3,3,3,3,2,1
CAN-OG5WPGF41U,3,2,3,3,2,2
CAN-PUQY8OOMBJ,2,2,2,3,2,1
CAN-CSO2QIXY0M,3,1,2,3,1,2
CAN-8QJRS9XA7B,2,2,3,2,1,1
CAN-D6PFJX4155,3,1,3,3,2,2
CAN-U7HHINHO0Z,3,3,3,2,1,0
CAN-P51W28GC46,3,2,3,3,1,2
CAN-9MU9515INR,3,3,3,3,2,1
CAN-TRCFNYU011,3,3,3,3,2,1
CAN-6Y27W9MNSZ,3,3,3,3,2,0
CAN-M1MMXUK1KJ,4,3,3,3,2,2
CAN-O1TM2I2A35,3,3,4,3,2,1
CAN-NQTGMDLIXU,3,3,3,3,2,2
CAN-P5P7OS016N,3,3,3,3,2,2
CAN-BEN9ZI9CC5,3,3,3,1,2,2
CAN-A2D7N0G72Y,3,3,3,3,2,1
CAN-1JYMVIHT5V,3,3,3,4,1,2
CAN-CTJOXE5PDV,1,3,3,3,2,2
CAN-WQAF7KRZ8O,2,2,3,3,2,1
CAN-AZ319O073B,3,3,3,3,1,2
CAN-SMSVUFDDAQ,2,3,3,2,3,2
CAN-T9GCQYCRCV,3,3,3,3,2,1
CAN-07K7VDEEMK,2,3,3,3,1,1
CAN-579EF5E0ZJ,2,3,3,3,2,1
CAN-76S5RMK4Q9,3,3,2,3,1,2
CAN-IG5ALQTLV0,3,3,3,3,2,1
CAN-3AOODVIAIP,3,3,3,3,2,2
CAN-P47CFZEM7G,1,2,3,3,2,1
CAN-92MPE6TE6I,3,3,3,3,2,2
CAN-64XP8MAILJ,3,2,2,2,1,2
CAN-AAWKZLJ2RU,3,2,3,2,1,1
CAN-QSS2812YIF,3,3,3,3,2,1
CAN-7FWWPUMZVA,2,2,3,3,2,1
CAN-4D44BAHSHC,4,4,3,4,3,2
CAN-SH1S2U73U5,3,3,3,2,2,2
CAN-FEKPB2NDCA,3,3,3,3,1,1
CAN-UCXFAOX0SH,3,3,2,2,2,1
CAN-JA5539X0LS,3,3,3,3,2,1
CAN-STP1ADML7G,3,3,3,4,2,3
CAN-EC3ZL0A605,3,3,3,3,2,2
CAN-6O3A3SKULY,3,3,3,3,2,2
CAN-DDABBMED94,4,5,3,2,3,2
CAN-62BI9K0TGT,3,2,3,3,1,2
CAN-DK64NTY51Y,2,3,3,3,2,2
CAN-CHUD2NIUA2,3,3,3,3,2,2
CAN-IO5DSSRMI3,3,2,3,3,1,1
CAN-8I5W4T0CXY,2,3,3,3,2,1
CAN-QED96GR9K7,3,3,3,3,2,2
CAN-CBZX1RH5KI,3,3,3,3,2,1
CAN-5C69PICT2D,2,3,3,3,2,2
CAN-CZJSF3LU9G,3,3,3,3,1,1
CAN-2DDH3J8DFT,4,3,3,3,2,2
CAN-PL8UW4OZIF,3,3,3,3,2,2
CAN-X83JEQTGZH,3,3,3,3,1,1
CAN-ZTPLM5AKDE,4,3,3,4,2,2
CAN-NC7MTVF3ED,3,3,3,3,2,2
CAN-E23AZRFUG2,3,3,3,3,1,1
CAN-UFU3ZLUEYI,3,3,2,3,2,1
CAN-4K6LGXF9OF,3,0,3,1,2,2
CAN-JT1UR7D7E0,3,3,3,3,2,2
CAN-P6OVMXLYOQ,3,3,3,3,2,2
CAN-74IUE5R7LK,3,3,3,3,2,2
CAN-KRXE2HZ7CE,2,3,3,2,2,1
CAN-YMERZ7WFMP,3,2,3,3,2,2
CAN-5EAPU6HM4Q,3,2,3,3,2,1
CAN-DXL8QFZZGA,3,3,3,3,2,2
CAN-OBUQMLVE0V,3,3,3,3,2,2
CAN-KF2IPJAR9D,2,3,3,2,2,1
CAN-U31M2LWIG4,3,2,3,3,2,2
CAN-TQIERDX649,3,1,3,3,2,1
CAN-BM4DV8NJQS,3,3,3,3,2,1
CAN-BHONYFN914,3,3,3,3,2,2
CAN-92RFLSSA0S,3,3,3,3,1,2
CAN-KCKSKT6GY3,3,2,3,3,2,2
CAN-K8OTMRYC2N,3,4,2,3,1,1
CAN-KK3I7ER77V,0,1,3,0,1,0
CAN-SA1UCHKTQK,2,3,2,3,1,1
CAN-3NB4K4P67N,4,2,3,2,2,1
CAN-0T7YR4W2OW,3,2,3,3,2,1
CAN-QUYQWBR2B9,3,3,3,3,2,2
CAN-XM0DQ41KD8,2,3,3,3,2,1
CAN-SECAQPGP77,3,2,3,2,1,1
CAN-FWXFBEFNS9,3,3,3,3,1,0
CAN-8D65DEGNMT,3,3,3,3,2,2
CAN-O97G4ILV8T,3,3,3,3,2,2
CAN-3TO8K1GYWO,3,3,3,3,2,1
CAN-P9Y3D0CPN3,3,3,3,3,1,2
CAN-TBKCQDKOKG,2,3,3,3,2,1
CAN-EC9IG4PC8V,3,2,3,3,1,2
CAN-L33R3W3R3R,2,3,2,3,2,1
CAN-S9WGZSZUDM,3,3,3,3,2,0
CAN-KN25OTT9X1,3,2,4,3,2,1
CAN-5X86STPIQ4,3,3,2,3,2,0
CAN-JOTHCN4278,3,3,3,3,1,1
CAN-HQ3K1FGKFC,3,3,3,1,1,1
CAN-LNM5YR0YQY,3,3,3,3,2,2
CAN-CM7DYFBA7J,3,3,3,3,2,0
CAN-RZ2DB6J18N,1,1,3,3,2,2
CAN-C2CYEZP3YP,3,3,3,3,2,1
CAN-U7YFEMAOIR,3,3,3,3,1,2
CAN-5N3RUX7YHN,2,2,3,3,1,1
CAN-ME1AMRSXF2,3,2,3,3,2,1
CAN-9RNOR5Y0MN,3,3,3,3,2,2
CAN-48AYYZE91Y,2,2,3,2,2,1
CAN-DMA9OMZ8BU,2,3,3,3,2,0
CAN-ESDFET9CF9,3,3,3,3,2,2
CAN-2JZ7Q9T1TR,2,3,3,3,2,0
CAN-Z95QPONBCM,3,3,3,3,2,2
CAN-R18R0Y2KT1,3,4,3,3,2,1
CAN-Q3JVSZWOD3,3,3,3,2,1,2
CAN-A8NK7O6B11,3,3,3,3,2,2
CAN-HWA25Z2MI4,2,2,3,2,2,1
CAN-1N51Y44HFZ,3,3,2,3,2,1
CAN-VD8OCEUOX8,5,4,3,4,3,2
CAN-HR0NURNAEV,3,4,3,2,2,2
CAN-8H3R67K4Q8,2,3,3,3,2,1
CAN-40PE5943EN,2,3,3,3,1,0
CAN-0O4AH77TRO,0,1,3,2,0,2
CAN-Y3WUPP3ZCZ,2,3,3,3,1,1
CAN-NLZ9EMCUO7,3,2,3,3,2,1
CAN-2S199QL1ZD,3,3,2,3,2,2
CAN-OHA8ZD95AL,3,2,3,3,2,2
CAN-TZ4SKOO696,3,3,3,3,2,1
CAN-ZNVRR9SGRZ,3,2,3,3,2,2
CAN-1UULA5D03L,3,3,3,3,2,1
CAN-MKP2V46UCL,3,3,3,3,2,0
CAN-WT83YVPPYC,2,3,3,2,2,1
CAN-2MMOEDQKML,3,3,3,3,2,2
CAN-GH90DBJJ0V,4,3,4,3,2,0
CAN-9I1L5P8P16,3,3,3,3,2,0
CAN-YKCR0KS1QN,3,2,3,3,2,2
CAN-NTSQMGCGFU,3,2,3,2,1,1
CAN-RW896NBG8L,3,2,3,2,2,0
CAN-OPEAD20Z1X,3,4,3,3,2,0
CAN-U8UKGB6UGR,3,3,3,3,2,2
CAN-H0E8AMPNXP,3,3,3,2,1,2
CAN-6HAJKBW1PZ,3,3,3,3,2,2
CAN-K7NTMISJJM,3,3,3,3,2,2
CAN-CAIODKNI4V,1,3,3,3,2,1
CAN-A7EMZSPRNO,3,3,3,3,1,1
CAN-V3GRLPJ3NI,3,2,3,3,2,1
CAN-46RZOCBGPR,3,2,3,3,2,2
CAN-VGP3NUR17X,2,2,3,3,2,2
CAN-N84T99AXJD,3,3,3,3,2,2
CAN-9KGTX4XTPU,3,2,3,3,2,1
CAN-RSFTYEBD1L,3,3,3,4,2,2
CAN-UVGZXOP7WW,3,3,3,3,2,0
CAN-U2ZK33NF6L,3,2,3,3,2,1
CAN-VEKSTSVFZF,2,3,3,3,2,1
CAN-01RQV8GJVO,2,3,3,2,1,1
CAN-PM693Z78RT,3,2,3,1,2,1
CAN-RDMBVUEQFQ,3,3,3,3,2,2
CAN-HXY2F904DR,3,3,3,2,2,0
CAN-MRKN082QW8,3,3,3,3,2,1
CAN-EX28SOAIGX,2,3,3,2,0,2
CAN-7NETXW4QWY,3,3,3,3,1,2
CAN-NOPYQXM1YS,3,3,3,3,2,2
CAN-3D4AFGPD8X,3,3,3,3,2,2
CAN-4DUULVKZCQ,2,3,3,3,2,1
CAN-M35DYWGI8F,3,3,3,3,2,2
CAN-SJXG0QUFOB,2,2,3,1,2,1
CAN-6JKCCZ2L4X,3,2,3,3,3,2
CAN-9OGN8W9O8B,2,1,3,2,1,1
CAN-AQBS1T85D0,3,3,3,2,2,2
CAN-AUHE529DEL,3,3,3,3,2,2
CAN-RB7I4QYEUI,3,2,2,3,1,2
CAN-YEA4WUJGEO,3,2,3,3,1,1
CAN-A6RI0VKRFC,2,3,3,2,2,2
CAN-XR0KN3ZAG1,1,2,3,3,2,1
CAN-WTNXN2T8G4,2,3,3,3,2,2
CAN-ABTJ3UNKQU,3,2,3,3,2,1
CAN-WLBGC43SGX,3,3,3,3,2,1
CAN-4YBH2M8QST,3,2,2,3,2,1
CAN-0YTC0Q2BWJ,3,3,3,3,2,1
CAN-OMS0T8OU5Y,3,3,3,3,2,1
CAN-YNIIBSRTEW,2,3,3,3,2,2
CAN-YG4RL42O8N,3,3,3,3,2,1
CAN-9VJNUY58RL,3,3,3,3,2,2
CAN-J0PGQFNYHL,3,2,3,3,2,2
CAN-N2UJ4HVN9I,1,3,4,3,2,2
CAN-QRROSCDQAY,3,3,3,3,2,0
CAN-OWZEXI1KK0,2,2,3,2,2,2
CAN-WZUM68PJ61,2,2,3,3,2,1
CAN-SXMV25BTG4,2,3,3,3,1,2
CAN-MQ1OMCE0PZ,3,3,2,3,2,2
CAN-NGO0WU23HD,2,3,3,2,2,1
CAN-WYBY0OJPKA,2,3,3,3,1,2
CAN-JLIAHFCLIH,2,3,3,3,2,2
CAN-MGNV24MGVP,2,2,3,3,2,1
CAN-E8FCHUY8YU,3,3,3,3,2,1
CAN-3DN0YOO7JT,1,3,3,2,2,1
CAN-AGJ3G5DG9G,3,2,3,3,2,2
CAN-ZZ11PCTYJB,3,3,3,3,2,1
CAN-1ZYHWLLU2J,3,3,3,3,2,1
CAN-AF0U42UVK8,3,1,3,2,1,1
CAN-4M7LCVYCFT,2,2,3,2,2,1
CAN-B63F5CFEXX,5,5,5,4,2,1
CAN-KCKJJJ775X,2,3,3,3,2,1
CAN-N3794BZDYD,3,3,3,2,1,1
CAN-LC7U0MDO3W,3,4,3,4,2,2
CAN-ZA2CTAINAC,2,3,3,1,2,1
CAN-2NE5L42QZI,3,3,3,3,2,1
CAN-AHCRLLKH5P,3,3,3,3,2,2
CAN-QB65U8KOCQ,2,3,3,2,2,2
CAN-3OWVT78K2Y,2,2,3,3,3,1
CAN-R5JL4C7C6O,3,2,3,3,2,2
CAN-OQYI0K6XRM,3,3,3,3,2,1
CAN-HJI2LU2680,3,3,3,2,1,1
CAN-VR2JD9LT1S,2,2,3,4,2,2
CAN-NT48RKUEKE,2,3,3,3,2,2
CAN-3YANO4ELSH,3,3,3,3,1,2
CAN-7XYIHUWESC,3,4,3,3,1,1
CAN-NRAOUS3BQW,3,3,3,3,2,1
CAN-4OJ1JPAUHO,3,3,3,4,1,2
CAN-UGRCQ8UR4R,3,2,3,2,1,1
CAN-MOEZ03BN0I,3,3,3,2,2,2
CAN-CD2P4JLVL5,3,3,3,3,2,2
CAN-NEPW78YIRQ,2,3,3,3,1,2
CAN-MO4YZBSIPS,3,3,3,2,1,1
CAN-H1L4Z7UI2X,3,3,3,3,2,1
CAN-0R2G3NUIKR,3,3,3,3,1,1
CAN-CDU694YU7R,3,3,3,2,2,2
CAN-3ZRP0SF28U,3,3,3,3,2,2
CAN-0BGHS81MI1,4,2,3,3,2,1
CAN-0PKHP2MCU6,1,3,1,2,2,2
CAN-W5CT00EKRV,3,2,3,3,2,2
CAN-LO0UK4018D,3,3,3,5,3,1
CAN-YDIHLKI465,3,3,3,3,2,0
CAN-4K9130ZM95,3,3,3,3,2,1
CAN-EP358LA1YT,3,2,3,3,1,2
CAN-4VO5CIWL5A,3,3,3,2,2,2
CAN-JK2ZK6TIQF,3,3,3,2,2,2
CAN-0XF52ZVHF7,3,3,3,3,2,1
CAN-79E69V8ACG,3,1,2,3,2,2
CAN-2Q6L3L1YZ7,3,3,3,3,2,2
CAN-73CVSAKFE0,2,3,3,2,2,2
CAN-O5TN5U15PO,3,3,3,2,2,2
CAN-5P2LFUZOFI,2,2,3,3,2,1
CAN-VUXSKPD74N,0,0,2,0,0,0
CAN-5B5O625BWH,3,3,3,3,2,1
CAN-T5RQ9KGTLA,3,2,3,3,1,1
CAN-XWLDEV515A,3,3,3,3,2,2
CAN-CB9X9PAZYJ,3,3,3,3,2,2
CAN-39QWGXGOYY,3,3,3,3,2,2
CAN-SXJVHTTNUA,3,3,3,3,1,1
CAN-MQCGTRDMRD,3,3,3,3,1,1
CAN-FUZN962D03,2,2,3,3,2,2
CAN-MQ2EHQX28J,4,4,3,3,1,2
CAN-L1Z5N61E3K,3,3,3,2,2,1
CAN-GHDIY74V85,3,3,3,3,2,1
CAN-4OHNPNUH42,2,2,3,3,2,1
CAN-IA0X50DZ2H,1,2,3,2,2,1
CAN-FTE9U57RLP,3,3,3,3,2,0
CAN-H1EC09I9JM,3,3,3,3,2,1
CAN-DO3R3FHNR0,3,3,3,1,2,1
CAN-QUQOLS2HT8,3,3,4,3,2,1
CAN-TMEAWIWLL7,2,2,3,3,2,2
CAN-8Z7CKA32BS,3,4,3,2,2,1
CAN-OY03KXEUUH,3,3,3,3,2,1
CAN-WH6F0TR5HG,2,3,3,3,2,0
CAN-CFSATV9CF6,3,2,3,3,2,2
CAN-KC5XZXH806,2,2,3,3,2,2
CAN-O8F3WZUS9T,3,3,3,3,2,1
CAN-V8XNPJ3HBV,3,3,3,3,2,1
CAN-5RHIPY9YWU,2,3,3,3,2,2
CAN-V161V11I9G,1,3,3,3,2,2
CAN-FYB1NK6CM2,3,3,3,5,2,2
CAN-GNSQOPD19W,3,3,3,3,2,2
CAN-PDMQPYTF2N,3,3,3,2,2,1
CAN-UUH0T5T979,3,2,1,3,2,2
CAN-FXHGSH68ZC,3,3,3,3,2,0
CAN-J9DW7V0B0M,2,3,3,2,2,1
CAN-F7XGMI651S,1,2,3,3,1,1
CAN-KA3XOFPL60,2,2,3,2,2,2
CAN-CPKAOQVXGO,3,3,3,3,2,1
CAN-AIDRL6HGJW,3,2,3,2,2,2
CAN-CJ664O2JS3,3,3,3,3,2,1
CAN-3KI7A0IGZT,3,3,3,1,2,2
CAN-31RL60DSPJ,4,5,3,3,2,1
CAN-QH2GUNDKQQ,3,3,3,3,1,1
CAN-4BWEBBUM5T,3,3,3,3,2,1
CAN-HG3QH9TTD0,2,3,3,3,1,0
CAN-RLFQJ3REMK,3,3,3,3,0,1
CAN-GHWSP53RNK,3,2,3,2,2,2
CAN-FH9JHS373B,3,3,3,3,2,1
CAN-TJVSA5TC9W,3,2,3,3,2,2
CAN-FRQXLF48VI,2,2,3,3,2,2
CAN-MF4TZQKUQ7,3,3,3,2,2,1
CAN-HX3T10LVUM,1,2,3,3,1,1
CAN-WN0I0S9RHO,3,3,3,3,2,3
CAN-TIO74CZNRO,3,3,3,3,2,2
CAN-JPAEG1CACE,3,3,3,3,2,1
CAN-FWB2OVG4F9,3,3,3,3,2,2
CAN-PXVABWPDWL,3,3,3,2,2,1
CAN-4XWQONJH67,3,3,3,1,1,1
CAN-0BHX7FG9Z2,3,2,3,3,2,2
CAN-X6NM4GWZF9,3,3,3,3,2,2
CAN-WSD2Z24LGI,2,3,3,2,2,1
CAN-9ZIX2F8FBO,2,2,3,3,1,1
CAN-ZNDS99EKOE,3,3,3,3,2,2
CAN-DAVCLO5EP4,3,3,3,3,1,2
CAN-PGC6BWYR6M,3,3,3,3,2,1
CAN-TUFUT4CPSC,3,3,3,3,2,2
CAN-TK446J4F51,3,2,3,3,2,2
CAN-QQ534MXDFZ,3,3,3,3,2,2
CAN-RUDDI9IQA4,2,3,3,2,2,1
CAN-6CYWO5S16Q,2,2,3,3,2,2
CAN-5N0QO44KXV,2,2,3,3,1,1
CAN-P9ZH1OPPY7,3,3,3,2,2,2
CAN-56UVWKVXJU,3,3,3,3,1,2
CAN-BMLJLWJGVD,3,3,3,3,1,2
CAN-FRD17071G3,3,3,3,2,1,2
CAN-P4POSFZ4UZ,3,3,3,3,2,2
CAN-DJ6MXI3ECK,3,3,3,3,2,1
CAN-AJ1KXAJIY5,3,4,3,3,2,1
CAN-MO8A5GJPSF,3,3,3,3,2,2
CAN-OTTNFY82MO,3,3,3,2,2,1
CAN-P26CS27XRF,2,2,4,2,2,1
CAN-1U7KYCHT04,3,3,3,3,3,1
CAN-OLPVOJSU6O,3,2,3,2,2,1
CAN-JP5BTOMMLJ,2,1,3,2,2,1
CAN-CV8EQMGECC,3,3,3,3,2,2
CAN-MUEVUZB5ZP,3,3,3,3,2,1
CAN-E7SH4TGN7C,2,3,3,3,1,2
CAN-X5S28EBBN1,0,0,3,0,0,0
CAN-T0HQBVLCDN,3,2,3,3,2,2
CAN-NVLA4LSKLF,3,2,3,3,1,2
CAN-8XSWLWU4KA,3,1,3,3,2,2
CAN-DWRF1SE443,3,3,3,3,2,1
CAN-596OD9XXRR,2,2,3,3,2,2
CAN-ERWAKHUTTN,3,2,3,2,2,2
CAN-NX4RRTU1RA,3,3,3,3,0,1
CAN-W20K3Y7BHZ,3,2,3,3,0,2
CAN-D6F4DYGAXE,3,1,3,3,2,2
CAN-QSH3WRK648,3,3,3,3,2,2
CAN-EBCES7KWIU,3,2,4,2,2,2
CAN-ZK80MI1V4O,0,0,3,0,0,0
CAN-QHY9U543TF,3,3,3,3,2,2
CAN-8SG2AHE66P,2,3,3,3,2,2
CAN-NVBQA1AF5H,3,4,3,3,2,2
CAN-UGNRV3OZUC,2,3,3,2,2,1
CAN-4J01GAS5OV,3,3,3,3,2,1
CAN-SEK286KQUP,2,3,3,3,2,2
CAN-RORAAIAC9Z,3,3,4,3,2,2
CAN-52BUCGPMDT,3,2,3,3,2,2
CAN-9ROLT7JOTY,3,3,3,3,2,1
CAN-84T6WFAX1Q,3,1,4,3,2,2
CAN-NKQ8LBC4TY,3,3,3,3,2,1
CAN-A1GECALITS,3,3,3,3,2,1
CAN-5B8ADYA0QX,3,3,3,3,1,2
CAN-CYCFBAABSG,2,1,3,3,2,1
CAN-X9CSSYDQBJ,3,3,3,2,2,1
CAN-GAPTBNAWTK,3,3,3,3,2,1
CAN-S4T8BZR312,3,3,3,3,2,1
CAN-GC3JI01DKA,3,3,3,3,2,1
CAN-OR1NBTLQ3C,3,3,3,3,2,2
CAN-LXN7JK8OXA,3,3,3,3,2,1
CAN-YYX3VA538H,3,3,3,2,2,1
CAN-R29WD60YZZ,3,2,3,2,2,1
CAN-B4TZWIHRS0,3,3,3,3,2,2
CAN-Y5NHAFIXKK,0,0,3,0,0,0
CAN-4RQJPYKDVZ,2,2,4,3,2,0
CAN-94HER94FCO,2,3,3,3,2,1
CAN-LJXVDWWA00,3,2,3,2,1,2
CAN-8IVXRT38AV,3,1,3,3,2,2
CAN-0NE28VU2NQ,2,2,4,3,2,0
CAN-D0CZLO02CI,2,2,3,2,2,2
CAN-Y6R163DTRZ,3,3,3,3,2,2
CAN-YCMJ726RRA,3,1,3,2,2,1
CAN-UYSTD3GULD,2,2,3,3,2,1
CAN-ZFPCNEDVBG,3,3,3,3,2,0
CAN-HJZ4OYHG0B,2,3,3,3,2,2
CAN-02G2LL9VHV,1,3,3,3,2,1
CAN-UASW1ZOWAD,3,3,3,3,2,2
CAN-CADHOZ6TLP,3,3,3,3,2,1
CAN-DSM9RIQWBJ,3,3,3,3,2,2
CAN-GDCHEI34UR,3,3,3,3,2,2
CAN-UFNLKZ3H92,3,3,3,3,2,1
CAN-R5YQ23JFB7,3,3,3,3,2,1
CAN-F0HVK4KCOT,2,1,3,1,1,1
CAN-L3Y0WCF1EH,3,3,3,3,2,1
CAN-OWYSQTTSUY,1,3,3,3,2,0
CAN-QRHP3RNQ02,3,3,3,3,2,2
CAN-A7MSAD46O8,3,3,2,3,2,2
CAN-NFO83SU1JL,2,3,3,3,2,0
CAN-2BWYYAAFHU,1,3,3,3,1,2
CAN-EL9YKQ7N69,2,3,2,3,2,2
CAN-3ETJFBD1Y9,3,2,3,3,2,1
CAN-KBCUXQFKYW,3,3,3,3,2,2
CAN-ZLXYDUO7KS,2,3,3,3,2,1
CAN-XS59O20HYG,3,3,3,3,2,1
CAN-MK92Q4URZ5,3,3,3,3,2,0
CAN-857G5D6DOP,2,1,4,3,2,1
CAN-4J2AASO03L,4,3,4,3,3,1
CAN-U5AN7AGCHN,3,3,3,3,2,2
CAN-UD3ZJJ8AGP,3,1,3,2,2,2
CAN-ICUWKZYMN1,4,3,4,3,2,1
CAN-DKV7FLIOLQ,3,2,3,2,2,2
CAN-Q68X7NSV5R,3,3,3,2,2,1
CAN-UH9BGG3GPS,3,3,3,2,2,2
CAN-PGQNPD0GUW,3,3,3,3,2,2
CAN-23KGVT0EC9,3,3,3,3,2,2
CAN-6ZX9KTSI1I,3,3,3,3,2,1
CAN-3A3HDSZE1C,3,2,3,3,2,1
CAN-KLJCC9BUFW,2,3,3,2,2,1
CAN-O5YZGK0HOZ,3,3,3,1,2,1
CAN-P3BRFY8D77,4,2,3,3,1,2
CAN-A3ONKUUEK5,2,3,3,3,2,2
CAN-DW8K87X4QF,3,3,2,3,2,1
CAN-9T4Q7NQN9N,3,3,3,3,1,1
CAN-BJGBJIC4XS,2,2,3,2,2,0
CAN-0WFKIPDMU6,3,1,3,3,2,2
CAN-QS4LSD8LLD,3,3,2,3,1,1
CAN-DZ0HWAUFFX,2,3,3,3,1,2
CAN-2KIOMWPF36,4,4,3,3,2,1
CAN-8S6ARU7BKP,0,1,3,1,0,0
CAN-HA0BA87B8L,3,3,3,3,2,2
CAN-X633FHP0OL,3,3,4,3,2,0
CAN-7LO24MT3RQ,3,3,3,3,2,2
CAN-4GZYGMUWFK,3,3,3,3,2,1
CAN-BN7M6MOOE9,3,2,3,3,1,1
CAN-UPIP1A9BJB,3,3,3,2,2,2
CAN-AR9I5JM577,3,2,3,3,2,2
CAN-KF9WLMBXW4,3,3,3,3,2,1
CAN-OAA8F379NY,3,3,2,3,2,0
CAN-84T4DVMUVX,3,3,3,3,2,2
CAN-0XENT8TOVT,3,3,3,2,2,0
CAN-LKPTCCJ3O4,3,3,3,3,2,1
CAN-289W1JU3X2,2,1,3,3,2,2
CAN-TQ0C97PJ4D,3,3,3,3,2,1
CAN-38GA606Z8G,3,3,3,3,2,1
CAN-I27JR6TP35,3,3,3,1,2,1
CAN-TAHZYRVM14,3,3,3,3,2,1
CAN-URBF2DEVYN,3,3,3,2,2,1
CAN-NLXNMRJC14,3,3,3,2,2,2
CAN-NZENCD0ZNY,3,3,3,3,2,2
CAN-2JTWXCZ3HQ,3,3,3,3,2,0
CAN-7EW4T7BJH7,3,3,3,3,2,1
CAN-6VD866L2N4,3,2,3,3,2,1
CAN-FAMG7UO1HD,3,3,3,3,2,1
CAN-7OKXL8OF4J,2,2,3,3,2,2
CAN-FAOTKL5III,3,1,3,3,2,2
CAN-4UQWT46IEO,3,3,3,3,2,2
CAN-SRDZ4295FE,2,3,3,2,1,2
CAN-4BRLL2DTAF,3,3,3,3,2,1
CAN-F4HBUDAGZN,3,2,3,2,2,2
CAN-0K7SJBRIDY,3,4,3,3,2,2
CAN-TILPVC14FL,3,3,3,3,2,2
CAN-2DZJWCFBXJ,3,3,3,3,2,2
CAN-ZLLUISEO08,3,3,3,3,2,1
CAN-WBJXITO0OG,2,2,3,2,2,2
CAN-TVQOD1D7VH,2,3,2,1,2,0
CAN-FJSSWY28XO,2,3,3,2,2,1
CAN-GNSHRJM766,2,3,3,2,1,1
CAN-PRG7G9XZA7,3,3,3,3,2,1
CAN-W10A9RCR81,3,3,3,2,2,1
CAN-LZ5XVTI201,3,3,3,3,2,2
CAN-KEBANZ64CL,3,3,3,2,2,2
CAN-70J3P349J0,3,2,3,3,2,0
CAN-QHEK2WONQV,3,3,3,2,1,2
CAN-GLDTQ5ZFUS,2,2,3,3,2,2
CAN-F62QV07WGS,2,3,3,2,2,2
CAN-J8XC7QDVRQ,3,3,4,2,2,1
CAN-KLCGIDKB82,3,1,3,3,2,1
CAN-10658KTNWW,3,3,3,3,2,2
CAN-JLLOH8FL2P,2,1,3,2,1,1
CAN-CKTG4I1SU2,3,3,3,3,2,2
CAN-2ELJZMMD62,3,3,3,2,2,1
CAN-1O50ULQHUI,3,3,3,2,1,2
CAN-Y3G6DUSTTZ,3,3,3,3,2,2
CAN-DRJR4QD6PK,3,2,3,3,1,1
CAN-WTOCCVYVNZ,1,3,3,3,1,1
CAN-LPIN0OB9AQ,2,3,3,3,1,1
CAN-J1M8TRKB0Z,2,3,3,3,2,1
CAN-VFYQV2UHWX,2,3,3,3,2,2
CAN-12SHIK2PS5,3,3,3,3,2,2
CAN-WIPVGFP9R1,3,2,3,3,1,1
CAN-KDP1BZDAEK,3,2,3,3,2,2
CAN-R45L01TK1N,2,3,3,2,2,2
CAN-YVMOA4ZU1T,3,3,3,3,2,1
CAN-AZNQK8ZTYT,3,3,3,2,2,1
CAN-4UAYFPY8ZU,2,3,2,3,2,1
CAN-H4VDNEW51Y,3,3,3,3,2,2
CAN-JIUBO8JKYE,3,2,3,3,2,2
CAN-5MHS95LVHJ,3,3,3,3,2,2
CAN-NS0RHIW535,4,3,3,4,2,1
CAN-6BAL6XHN4I,2,3,3,3,1,1
CAN-G28VSI4FA5,3,3,3,3,2,2
CAN-D2KZ1MWYRX,3,3,3,3,1,1
CAN-D03APJOYWT,3,3,3,3,2,2
CAN-8MA8ID247O,2,3,3,3,2,0
CAN-HL610UJ6OE,2,3,3,3,2,2
CAN-VCWTSR7LUA,3,3,3,3,2,1
CAN-HY7TPRV2VI,3,3,3,4,1,1
CAN-OFFW52DNO5,1,2,3,3,2,2
CAN-X0ID55545J,3,1,3,3,1,0
CAN-FNN01R7VVD,2,3,3,3,1,2
CAN-RFBWS4OZF3,3,3,3,3,2,2
CAN-OI93SYYQ9Y,3,3,3,3,1,0
CAN-9YVXPG85NO,2,3,3,2,1,2
CAN-E7VOMN37Z4,3,3,3,3,2,1
CAN-7306NDLUHX,4,4,3,4,2,1
CAN-NB6CDB07KJ,2,3,3,3,1,2
CAN-QNGXUFI40V,3,4,3,3,2,1
CAN-ZTWH1OYRM1,1,3,3,3,2,2
CAN-MXICN8SEVV,2,2,3,3,2,2
CAN-7UA07C4AGJ,2,3,3,2,2,1
CAN-2QTFKINYV2,3,1,3,3,2,1
CAN-LD32V4UP5G,3,3,5,3,2,2
CAN-5KE4RK4R11,2,3,3,3,1,1
CAN-8BZDQIB5FO,2,3,3,3,2,1
CAN-2OF5KOCUB9,3,3,3,2,2,0
CAN-J0L95CWABJ,2,3,3,3,2,1
CAN-ZQ5CVPSFXV,3,2,3,3,2,1
CAN-AU2WNHDDIH,5,3,3,3,3,1
CAN-AVL6G0MU9O,2,3,3,3,1,1
CAN-184DRED2GG,3,2,3,2,1,1
CAN-KCQJSMHED6,3,3,3,3,2,1
CAN-47QKJBESB6,3,3,3,3,2,0
CAN-M370OF5MA8,3,3,3,3,2,1
CAN-3EUQ2ANL3V,2,2,3,3,2,2
CAN-LKSH8O2W6T,3,3,3,3,2,1
CAN-N9IYO14LQC,2,3,3,3,2,2
CAN-2LJZ9QLNF6,3,3,3,3,2,2
CAN-RSORT1IQ6X,3,1,2,2,2,2
CAN-XDAL70U71K,3,3,3,3,2,1
CAN-68NID3BDD0,2,3,3,3,0,1
CAN-54SBQJE2SD,3,3,3,3,2,2
CAN-C9RLSVB6R6,3,3,3,1,2,0
CAN-LJ7PLRUSB1,3,3,3,3,2,2
CAN-2Y3BF57U65,5,6,6,9,4,6
CAN-0X572ZV1X7,3,3,3,3,2,1
CAN-VEF3DT9TZA,3,2,3,3,2,2
CAN-L55BKTF9S0,3,2,3,3,2,0
CAN-WN2EWSRTTG,3,3,3,3,2,2
CAN-SG80C3NFFE,3,3,3,3,2,0
CAN-NDM3PDMATM,2,3,3,3,1,2
CAN-3FUUAVZOP3,2,3,3,3,1,1
CAN-0BTUYF8PCU,2,2,3,3,2,2
CAN-BNL8UVI681,1,3,3,3,1,1
CAN-OFIH7BU5LX,2,3,3,3,1,0
CAN-KBAKC4EA2A,2,2,2,2,2,2
CAN-MAVWUMV8NM,3,2,3,2,2,1
CAN-XZ1NJVEBO5,3,2,3,3,2,2
CAN-FL8RECEMR1,3,3,3,2,2,2
CAN-8A10WUR1EW,3,3,3,2,2,2
CAN-GQD4ECTPTP,3,3,3,2,2,1
CAN-VE34Z4MX12,2,2,4,3,2,1
CAN-NMVI10KX5G,3,3,3,3,2,0
CAN-804M3PJPAL,3,2,3,2,2,2
CAN-BLSNXX6YL2,3,1,3,3,2,2
CAN-7NAKEN1HF2,3,2,3,3,2,2
CAN-BMLXJIAWXV,3,2,3,2,2,1
CAN-D6DE4RIBPB,3,3,3,3,2,3
CAN-KWA73FF8U9,3,3,3,3,2,1
CAN-D9Y0VJJ6VW,3,3,3,2,2,2
CAN-O2B6CG7Q7Q,3,3,3,3,2,1
CAN-YSRP634A95,3,2,3,3,2,2
CAN-EVLAJKXW0Y,3,3,3,3,2,2
CAN-QA9IL65TV6,3,3,3,3,1,1
CAN-AGE5OR3ALP,3,3,3,3,2,2
CAN-8XPA6WUQIT,3,3,3,2,1,0
CAN-HHRK68D0KI,2,2,3,3,2,2
CAN-TKKAHGIBBD,3,3,3,3,2,2
CAN-WF3WQ4KB45,2,3,3,3,2,1
CAN-SK35DK05O8,2,2,3,3,1,2
CAN-02U0ML72SN,2,3,3,2,1,2
CAN-J38R2RZ9ZG,3,3,3,2,2,2
CAN-HR5LSMPZL5,3,3,3,3,1,2
CAN-1ZS1BZI6T1,3,3,3,3,1,2
CAN-CD6POV5M6B,3,3,3,3,2,0
CAN-0BEG9SW2FJ,3,3,3,3,2,1
CAN-3ENWIFFY95,5,3,3,5,4,1
CAN-8VBDPU2QVJ,5,3,3,3,3,2
CAN-FDSG28J8IK,3,3,3,3,2,2
CAN-OKX4XZKSDC,3,3,3,4,2,2
CAN-PALCRU4499,2,3,3,3,2,1
CAN-0FSP39ARQS,3,3,3,2,2,1
CAN-UD1HBF4HN5,3,3,3,3,2,2
CAN-CAW0RHFXOY,3,1,3,3,2,2
CAN-LP1XXXASYX,4,2,3,3,1,2
CAN-X5U0LD8IB8,3,2,3,3,2,2
CAN-R28PODNGQ5,2,3,3,2,1,1
CAN-B2LOZF0SEZ,2,3,3,3,1,0
CAN-76THSHMMZI,3,3,3,3,2,2
CAN-C8A6ZPOGBC,3,3,3,2,2,1
CAN-GM3GJ64B3F,3,3,3,3,2,1
CAN-DXKVQLJG3V,3,4,3,4,2,3
CAN-U761DDPC9M,3,3,3,3,2,2
CAN-Y5C7X66FZX,3,3,3,3,0,1
CAN-7WXEX0IRCW,3,3,3,3,2,1
CAN-BXA2VW9V1X,3,3,3,3,2,2
CAN-ZNRCW4ZLE0,3,3,3,3,2,1
CAN-1CAC5XRWBO,3,3,3,3,2,2
CAN-717GMSVISM,3,3,3,3,2,2
CAN-LPCJWPG47P,2,3,3,3,2,1
CAN-R59D8GNWOE,4,2,3,3,2,2
CAN-6UTT5R6N78,3,3,3,3,0,2
CAN-CV51ARYEGU,3,3,3,3,2,1
CAN-09O4XO0HE4,2,3,3,3,0,1
CAN-Q7YYRTEBKH,3,2,3,3,2,2
CAN-C5KTDXA3A8,3,3,3,3,2,1
CAN-CHEKYQ4TYR,3,3,3,3,2,0
CAN-8YK3ZVXCDC,5,3,5,5,2,2
CAN-LFPLXLORND,3,2,3,2,1,2
CAN-WWINA8WLQA,3,2,3,3,1,1
CAN-CHTHPFU4M1,3,2,3,3,2,0
CAN-M560YNHLK9,3,3,3,3,2,2
CAN-1X8R7NH6IO,3,2,3,2,2,1
CAN-S5XSU9S2TY,3,2,3,3,1,1
CAN-T0577MIYSG,3,3,3,3,2,1
CAN-4O434V2WXQ,3,3,3,1,2,2
CAN-7C62HKJWTZ,3,3,3,3,2,2
CAN-WLXMNFT5B4,2,3,2,2,2,1
CAN-UO1S6TF75F,2,3,3,3,2,0
CAN-N76RQECA0L,3,3,3,2,1,2
CAN-EZLH6J4D5W,3,3,3,3,2,2
CAN-S6AP255DGV,3,3,3,3,2,1
CAN-4Q6Q5104TC,2,3,3,3,2,1
CAN-LBFMDNYDZP,3,3,3,3,2,1
CAN-HOXW72L6WU,3,3,3,3,2,1
CAN-8H4RF27AXF,3,3,3,3,2,2
CAN-63Z2JHSEAF,3,3,3,3,2,1
CAN-HZ9PQU9LY3,0,0,3,0,0,0
CAN-H46T3T8FGO,2,3,3,2,2,2
CAN-9UUBHA4GI3,3,2,3,3,2,1
CAN-Q13X4JFX9C,2,2,3,3,2,1
CAN-2J13022SMA,3,3,3,3,2,2
CAN-A2OQ2O57VC,3,4,3,3,2,0
CAN-ACMLFKYPWE,3,2,3,2,2,0
CAN-B8S4MD598O,4,3,4,3,3,2
CAN-GCL6NU6BAL,3,3,3,2,1,2
CAN-S3MG5B3WOL,3,3,3,3,1,1
CAN-M74Y5MKIRQ,3,3,3,3,2,2
CAN-E2Y7QNR516,3,1,3,3,2,2
CAN-9HVC75LVSJ,3,3,3,3,2,2
CAN-YOP4YGCYNW,3,3,3,2,2,0
CAN-7B1IIWLLQC,3,1,3,3,2,2
CAN-61VAL41PGI,3,3,3,3,2,2
CAN-95VNWFVV26,3,1,3,3,2,1
CAN-X13I9H83NU,3,3,3,2,2,2
CAN-G4STYK9Z80,3,3,3,3,2,2
CAN-SNHV4C37CR,2,3,3,1,2,1
CAN-0ZYO7VHJ38,2,2,3,3,1,2
CAN-5DJOT3MF4Z,3,3,3,3,2,1
CAN-WRB1VF94U7,2,2,3,2,2,2
CAN-DMDINGPAYC,3,3,3,3,3,2
CAN-TAUCKEN1IQ,2,3,3,2,2,2
CAN-23R8EY04FG,3,3,3,2,2,1
CAN-J2N0V23ISE,3,3,3,3,2,1
CAN-7EKHA77NI9,3,3,3,1,2,2
CAN-913GLU7NP7,3,3,3,3,2,2
CAN-TK3VT5PJ5T,3,3,3,3,2,2
CAN-FBJ909A402,3,3,3,3,1,1
CAN-7EDSAZSSO7,2,3,3,2,1,2
CAN-PKCU0BF096,3,2,3,3,2,2
CAN-0OMSZ4BRTA,3,3,3,3,2,2
CAN-ZFR92NSD62,3,3,3,3,1,1
CAN-GYBTGJPL21,3,2,3,3,2,1
CAN-APXVYOAUV4,3,3,3,3,2,2
CAN-3HJJPZDZY0,2,3,3,2,1,2
CAN-61FWH0FVXS,3,3,2,3,1,1
CAN-6PJXM6RRO8,2,2,3,3,2,2
CAN-ODZW56QS1Y,3,3,3,3,2,2
CAN-1U7WXEEBGP,3,2,3,3,2,2
CAN-0IM4FTR3I2,3,3,4,4,2,2
CAN-9TAIPXIH08,3,3,3,2,1,1
CAN-W1RUMBL2TA,4,2,4,2,2,1
CAN-1D3CMD7OK3,3,3,3,3,2,1
CAN-KG3AP5H6WJ,3,3,3,3,2,2
CAN-UXFO101MSB,2,4,3,3,2,1
CAN-RJUMMFKTBH,3,2,3,2,1,0
CAN-RSAGRRSRCU,5,3,3,3,2,2
CAN-DL39346TQJ,3,2,3,3,2,2
CAN-Q7BCQ6EPGF,3,3,3,3,2,2
CAN-JHAJ4QBO96,3,3,3,3,2,1
CAN-OGS207J3VW,3,2,3,1,2,1
CAN-CYGE8E8WAA,3,2,3,3,2,2
CAN-6QDPSBRK6Y,3,2,3,2,2,1
CAN-FK7919UOLP,2,3,3,3,2,2
CAN-2RVJID8UJ4,2,3,3,3,2,2
CAN-M1Y0XK2F78,3,2,3,2,1,2
CAN-9NQUQNU8B4,3,3,3,3,2,1
CAN-Q21V9RJJLI,3,3,3,3,2,1
CAN-4CQSW8OR4M,3,3,3,3,2,0
CAN-5187H7G9S8,3,2,3,3,2,0
CAN-DRBC281CDG,2,3,3,3,1,1
CAN-39DKBDRX81,2,2,3,3,2,1
CAN-75YWHLHCFB,2,2,3,3,2,1
CAN-HDJ7FTX7Y0,3,3,3,2,1,1
CAN-GQF657UU2Z,3,3,3,4,2,1
CAN-X6WK1EK5V0,3,3,3,3,2,2
CAN-8AJK7QHGYP,3,3,3,3,2,1
CAN-WHQRSADLDN,3,3,3,5,2,0
CAN-KN173L8LFZ,3,3,3,3,2,2
CAN-XYLYF3IBG0,3,3,3,3,2,1
CAN-O7LXBO7BV7,3,3,3,3,2,1
CAN-2VWVHAAWUR,3,3,3,2,2,1
CAN-G3WOCLZKGX,1,3,3,3,1,2
CAN-MJJ9ANIVLV,1,3,3,3,1,2
CAN-Q4NOKJ4YMN,3,3,3,3,2,2
CAN-N1HPJGR09T,3,3,3,3,1,0
CAN-VJW9OCKBE2,3,3,3,6,1,1
CAN-3XRYIC737Y,2,3,3,3,2,1
CAN-SOWZPGEAZY,2,3,3,3,2,2
CAN-WQZEKU1PBN,3,3,3,3,1,2
CAN-224CYGA3SE,1,3,3,3,2,2
CAN-HXHB235WJH,3,2,3,2,1,1
CAN-KMTOM87AUR,3,3,3,4,2,2
CAN-SURYGYPU77,2,3,3,2,2,2
CAN-LZ54BSK3KU,3,3,3,3,2,2
CAN-ZS8L9PQQGH,3,3,3,3,2,2
CAN-FDI0GD2SRY,3,3,3,2,2,0
CAN-KP1SCD1FKP,3,3,3,3,1,0
CAN-GZYAEP8PCK,3,2,3,2,1,2
CAN-TY89O0PJY3,3,3,3,3,2,2
CAN-2E4NOE5RMV,3,2,3,2,2,1
CAN-QUK2UCJ5SC,3,3,3,3,2,1
CAN-S6D0KF4M62,3,2,3,2,2,2
CAN-30L6Q7VO03,3,3,3,3,1,1
CAN-PGWAF76857,5,4,3,4,2,1
CAN-C0ZHP13XCE,3,2,3,3,1,1
CAN-8A9SCP7EN4,3,3,3,3,1,1
CAN-918ID4VG5O,3,2,3,2,2,2
CAN-BNZPF3F0B4,4,4,3,5,2,2
CAN-9VTJR1XPR2,3,3,3,3,2,2
CAN-QI93QZ5BGX,3,3,3,3,2,1
CAN-MZCNHVIHD4,2,3,3,0,2,2
CAN-YNM7X67HKE,3,3,3,2,2,1
CAN-1G1GQWQHKW,3,3,3,3,2,1
CAN-HYSYSJQSIV,2,2,3,3,2,2
CAN-F4EFE3PZ8W,3,2,3,3,2,1
CAN-5NC4EE2RKE,2,3,3,2,2,2
CAN-JPAOYTP9DH,3,2,3,3,2,2
CAN-9VA3BEHUWJ,3,2,3,3,2,1
CAN-96UYBJ44A8,3,2,3,3,2,2
CAN-YR88SKTGNG,2,3,3,1,2,1
CAN-URQUFYC412,3,2,3,2,2,2
CAN-R6K1OAWQXX,5,3,5,4,2,2
CAN-SMHOAT44T6,3,3,3,3,2,1
CAN-YW2RERFEI5,3,3,3,3,2,2
CAN-Q1GKAT78VN,3,3,3,5,2,2
CAN-XJ0ETDNW4D,3,2,3,2,1,0
CAN-7NFKGKQWGT,3,3,3,2,2,2
CAN-QEFFPZMDKM,3,3,3,3,2,2
CAN-WT9S4F77RI,3,3,3,3,2,2
CAN-979FB70OWM,3,3,3,3,1,1
CAN-J046F21J25,3,3,2,3,2,0
CAN-TLVR8Y2L8B,2,3,2,3,2,2
CAN-Z7DTNNTRZA,3,3,3,3,2,0
CAN-DZPUV80XUF,3,3,3,3,2,1
CAN-IE79M2WS6E,3,3,3,4,2,2
CAN-ZDMX47870D,3,3,3,3,2,1
CAN-PQ7VB073VQ,2,2,3,3,2,2
CAN-C49I987GLP,3,3,3,3,2,2
CAN-AFCXOCTCWQ,1,2,3,0,2,1
CAN-ROJYMZEK4B,3,2,3,2,2,2
CAN-GL9B088HOB,3,2,2,1,2,1
CAN-T1UD06X80R,3,3,3,2,2,2
CAN-XSVWPCK3UR,3,3,3,3,2,1
CAN-0WO0VMSEUC,2,3,4,2,2,1
CAN-SPU4MJOQTM,3,3,3,2,2,2
CAN-MB76CJQP8F,3,3,2,2,2,2
CAN-36QAYDXFSL,4,3,3,4,1,1
CAN-O5YSO27SVZ,2,3,3,3,2,2
CAN-KF9X8A0L79,2,2,3,3,0,2
CAN-LZWH724ITE,3,3,3,3,2,2
CAN-AH7GJOO13J,3,3,3,3,2,0
CAN-8RJBIC0M8B,5,6,3,5,4,2
CAN-LJX9268Q2E,2,2,1,3,2,1
CAN-DUOD6SB44V,3,2,3,3,1,2
CAN-3J7VMXFCM5,3,3,3,2,2,1
CAN-IJYL3UOJPH,3,3,3,3,2,1
CAN-6M94S05NW2,2,4,3,2,2,0
CAN-5DM6J53LWA,3,2,3,3,2,1
CAN-40AK6CSHQB,3,2,3,3,2,2
CAN-243AUUB6YN,3,3,3,3,2,1
CAN-J83AQR9SBP,2,3,1,3,1,2
CAN-D7X2QJV1VB,2,3,3,3,2,2
CAN-9KMQ9E4X76,4,4,3,4,2,1
CAN-XK8ZY54ZY0,3,2,3,3,2,0
CAN-I6ADVUALPU,2,3,3,3,0,1
CAN-MOYX3ZH9CP,3,2,3,3,1,1
CAN-2TK5SSS515,3,3,3,3,2,1
CAN-P73ZA64LFT,3,3,3,3,1,1
CAN-Y0JF7GYOXF,2,3,3,3,2,2
CAN-1DBTBXYPQV,3,3,3,3,2,2
CAN-NEGZWXWDQW,3,3,3,3,2,2
CAN-YES0A7YJMF,0,0,3,0,0,0
CAN-UKG5ONV388,3,3,3,3,2,2
CAN-1V2DP6AFUM,3,3,3,3,2,1
CAN-X434TZW7EO,3,4,3,3,2,2
CAN-EKE0RRP8DB,3,3,1,2,2,2
CAN-BCJW89VFKE,3,3,3,3,2,2
CAN-KJ7OGVQTCZ,3,3,3,3,2,2
CAN-R5N72GGMQX,2,3,3,3,2,1
CAN-J60Z2DID9E,3,4,3,3,3,1
CAN-SJ6MOX8OAU,2,3,3,3,2,2
CAN-4XGVE1GMW6,3,3,3,3,2,1
CAN-60NVW1L1LG,3,2,3,1,2,2
CAN-XX52P6524N,3,3,3,3,2,1
CAN-3NGAVCZ7OM,2,3,3,2,1,2
CAN-WBWMXC49UE,3,3,3,3,2,1
CAN-BIV784SAOU,3,3,3,3,2,2
CAN-MS75246EN8,3,3,3,3,2,1
CAN-77U35P98QK,4,3,3,3,2,2
CAN-F69JAWB2WD,2,1,3,1,2,1
CAN-W1X4L8US0Q,3,3,3,2,2,2
CAN-QG37C0ZAWR,3,3,3,3,2,1
CAN-KBNRY7AM6A,3,2,3,3,0,2
CAN-QSKWTOM11J,3,3,3,3,2,2
CAN-Z0N2SPTZLG,0,0,3,0,0,0
CAN-SLM96LS6L0,3,3,3,3,2,2
CAN-GP3R1BKFVB,4,4,3,4,2,1
CAN-OCBRA1Z55P,3,3,3,3,2,1
CAN-AGCBPTVRRX,3,3,3,3,2,2
CAN-J39NE4TVLT,1,3,3,3,2,2
CAN-64XFO3D515,3,3,3,2,2,1
CAN-GKSJXIMF6V,3,3,3,3,2,2
CAN-MGCSHHDB73,3,4,3,3,2,2
CAN-HDVTDFP6H0,3,3,3,3,2,2
CAN-K4FZA2SAUC,3,3,3,3,2,1
CAN-85RE0CTJZ5,3,2,3,2,2,0
CAN-P7TREID04N,3,3,3,3,2,1
CAN-7R8W91LI6C,3,2,3,2,2,1
CAN-YFPHHBE4QW,3,3,3,3,1,2
CAN-OIOBY31775,3,2,3,2,1,0
CAN-F91AYRTC79,2,3,2,2,1,0
CAN-L25XYC5LOC,3,2,3,3,1,2
CAN-O304RUP2SH,2,2,3,3,1,1
CAN-E81X8AWSI0,3,3,3,3,2,2
CAN-F43SU6NXS1,3,2,3,1,2,2
CAN-W8YUESLOIH,2,3,3,2,3,1
CAN-B7JR1M0RFY,3,3,3,2,2,1
CAN-FAPI9RDT4F,2,2,3,3,2,1
CAN-6A28ZWC8EZ,3,4,3,3,2,1
CAN-87RHSWMJA1,3,3,3,3,2,2
CAN-O42PCWCBC3,3,2,2,3,2,2
CAN-C2CTXOCJIX,2,3,3,3,2,1
CAN-WOZJEIRFTO,1,3,3,3,2,1
CAN-3ROAFXXAJF,3,3,3,3,1,1
CAN-CUQN5YJ0OA,3,3,3,3,2,2
CAN-SENL44LEIT,3,3,3,3,2,0
CAN-Q1TIVR2XRL,3,2,3,3,1,2
CAN-WAWH8BLR5K,4,3,4,3,2,1
CAN-Y0A5VOBUIG,2,2,3,3,2,2
CAN-LWP2ZJ20QE,2,2,2,3,2,1
CAN-A6RB17U22K,3,3,3,3,1,2
CAN-9VA9V9GB4Y,3,3,3,3,2,1
CAN-ZUC41D21E3,3,3,3,3,2,1
CAN-0C6P9PX804,3,3,3,1,2,0
CAN-A0DJD7I16Q,3,2,3,3,2,2
CAN-HQ48H4B1VU,3,3,3,3,2,1
CAN-86ZTM8WPF5,2,3,3,2,2,2
CAN-HMZDFVOEOD,3,3,3,3,2,2
CAN-HJ68ZSV20D,3,3,3,3,1,1
CAN-15UTLH0I8E,0,0,3,0,0,0
CAN-A9EU43PP41,3,3,3,2,2,1
CAN-OG2TIEA3AS,3,3,3,3,2,1
CAN-C6V2UNRSE2,2,3,3,3,2,2
CAN-ARR9V5K47U,3,3,3,3,2,0
CAN-UYEJNPO694,3,3,3,1,2,2
CAN-NMB5EZHJ18,0,3,3,3,2,0
CAN-DXZWNEDREM,1,3,3,3,2,2
CAN-IGE9WA3RCK,0,0,3,0,0,0
CAN-AX8X8VO9JH,2,3,3,3,2,1
CAN-BHI8NOYCA9,3,3,3,2,2,2
CAN-UZUU8EC7YC,3,3,4,3,2,1
CAN-MXJ714K67N,3,2,3,2,2,0
CAN-0JA7J7G8SJ,3,3,3,3,2,2
CAN-4TUFO406AL,2,3,3,3,1,2
CAN-5QC6WK5UHR,3,2,3,3,2,0
CAN-E3XW0S3SEO,3,3,2,3,2,2
CAN-R40JHW4ASP,3,3,3,3,2,2
CAN-U3Y2RJCIA5,3,3,3,3,2,1
CAN-8F9DNTGGHO,1,3,3,3,2,2
CAN-NVQ9BYM63X,2,2,3,3,2,2
CAN-QFYCIE5JUE,3,2,3,2,2,2
CAN-328OO3YR6S,3,3,3,2,2,1
CAN-7X88DUFZ7I,3,2,3,2,2,2
CAN-V5YRJX64J3,3,3,3,1,2,1
CAN-RQK7LQ6MY6,3,3,3,3,2,0
CAN-P2IVFACTOD,3,3,3,3,2,2
CAN-2CUAYNZGSZ,3,3,3,3,2,1
CAN-9LIW9RWMX4,3,2,3,3,1,0
CAN-2YV6E221CB,3,3,3,3,2,1
CAN-Q2YCVH4BL2,3,2,3,3,1,1
CAN-BD961AWJB0,3,3,3,2,2,2
CAN-FELCLXUUWV,3,3,3,3,1,2
CAN-3BRZ15T3WC,2,2,3,3,2,1
CAN-ANU5C4I53L,3,3,3,3,2,2
CAN-UWOG8Q1NVL,2,3,3,3,2,1
CAN-EYZDJXGVIA,3,2,3,3,2,1
CAN-77RN994PJJ,4,4,3,3,3,1
CAN-1B3BZE2J3S,3,0,3,3,2,2
CAN-ADOF3P33HR,2,3,3,2,2,1
CAN-O3GESMU74Q,3,3,3,3,2,2
CAN-93XG9GKNPO,3,3,1,3,2,1
CAN-GRVEPW7LMW,2,2,3,2,2,2
CAN-NOUXNFF93E,3,3,4,2,2,2
CAN-97LOSWNCA3,2,3,3,2,2,2
CAN-G25SBWOKNF,3,3,3,3,2,2
CAN-FNJU6H5GAL,3,3,3,3,2,1
CAN-26BV7L23R8,3,1,3,3,2,1
CAN-62YX5HYKO3,3,3,3,3,2,1
CAN-HZNWWRRHJA,2,2,2,2,2,1
CAN-VRIBNOWC9W,2,3,3,2,2,2
CAN-QVQUKSQYL7,2,3,3,3,2,2
CAN-E05CXJCK5I,3,3,3,3,2,2
CAN-1762YBADEK,2,3,3,3,2,1
CAN-1PJ4POBCD7,3,3,3,3,2,1
CAN-0CM1UQ1QW1,3,2,3,3,1,2
CAN-0TP45H9S38,3,3,3,3,2,1
CAN-DZPHRVT3HB,3,3,3,3,2,2
CAN-FEAWB7ONQV,1,2,3,3,2,2
CAN-EGPPDJ5IDZ,3,3,3,2,1,2
CAN-H46C7T3BR8,2,2,3,2,2,1
CAN-WR2FCR3Q77,2,3,3,2,2,1
CAN-LYBTQOMFMP,4,3,3,3,2,0
CAN-QBPA9CG28G,3,3,3,3,2,2
CAN-MQGS93WAPW,3,2,3,3,2,1
CAN-N810UARKVF,3,3,3,3,1,1
CAN-IKBIHQSXSE,3,3,3,2,1,0
CAN-VGKESJDRBE,3,3,2,3,2,0
CAN-7H55R5RZM3,3,3,3,3,2,2
CAN-BDRMHEOOSN,3,3,3,3,2,1
CAN-0WQNKIF87U,2,2,3,3,1,0
CAN-G0932SX0D0,3,3,3,3,2,1
CAN-HMPC28DWWW,2,4,3,2,2,1
CAN-MK0GQ4Q6MD,3,3,3,3,2,1
CAN-B8J1K8NGAG,2,2,3,3,2,1
CAN-I2WYWGLRQV,3,3,3,2,1,1
CAN-E1NJJVI2S1,3,2,3,3,1,2
CAN-LYXMBEKC4Y,3,3,3,3,1,2
CAN-AY663309WZ,3,2,3,3,2,2
CAN-THP30Y4BPA,3,3,3,3,2,0
CAN-KT4PN9UNWU,4,1,3,3,2,2
CAN-G4XAKUSF7K,3,4,3,3,2,4
CAN-L3T86QJ1F0,3,2,3,3,2,2
CAN-F435MXN2SU,3,3,3,3,2,2
CAN-BMJBLKNLIX,3,2,3,3,2,2
CAN-UUGM7Y30ZP,3,3,3,3,2,2
CAN-0TDE004J06,2,3,3,3,1,1
CAN-6LDU4A9GGO,3,3,3,3,2,1
CAN-WQF45JHMEJ,3,3,3,2,2,2
CAN-NXRDGD44D0,3,3,3,3,2,1
CAN-EXTVUQJV7O,3,3,3,3,1,1
CAN-5R2MXEBIN1,3,3,3,2,2,1
CAN-EO08J24ITW,3,2,3,2,2,2
CAN-EWRNZRLBTQ,3,3,3,3,2,2
CAN-XK2NI3YTSN,3,3,3,3,1,2
CAN-1FR7LKOOWB,3,3,3,3,2,2
CAN-G2PS5HZ3YT,3,3,3,3,2,2
CAN-AF2FBI8U5C,3,2,3,2,1,1
CAN-Y8Q8ME534V,2,3,3,3,2,1
CAN-YF57KZ4JSI,3,3,3,1,2,2
CAN-E14LYCOIQ5,3,3,3,3,2,2
CAN-T6XR510S63,3,3,3,2,0,1
CAN-SBLZP7ATKZ,3,3,3,3,2,2
CAN-MRSGDRWCBO,2,2,3,3,2,2
CAN-W9U2PBZIDT,3,3,3,3,2,2
CAN-DRXQ1EM1EY,1,2,3,3,2,2
CAN-BO7R2WOA9X,3,3,3,3,2,1
CAN-JMCQ659MFH,3,3,3,3,2,1
CAN-LBDHHZ971U,3,2,3,3,2,1
CAN-EVNH34OZJY,3,3,3,3,2,1
CAN-HVTOECXVAR,3,2,3,2,2,2
CAN-TBKIA8P0MX,3,3,3,3,2,2
CAN-8G19BQK1MC,2,3,3,2,2,2
CAN-GHJZRZD7AK,3,2,3,3,2,2
CAN-5UDVIEVTOK,2,2,3,2,2,0
CAN-GJMME5RVTK,3,3,3,1,1,2
CAN-L3ELPAPX1K,2,3,2,3,2,1
CAN-3YLE3IJVM1,2,4,3,2,1,2
CAN-HJTLADGPPR,2,2,3,3,1,1
CAN-6PYPJRFIOF,5,4,5,2,2,2
CAN-MRWS8I6T9J,3,3,3,3,2,2
CAN-U9E6CMKWBN,3,3,3,3,2,0
CAN-UIWF4CSQY3,3,3,2,3,2,1
CAN-JAC9C5ZY2J,2,3,3,3,2,0
CAN-JB1K7MMII6,3,3,3,3,2,1
CAN-1ZAB0O2VWE,2,2,3,2,2,1
CAN-H2YA0UCF5R,1,1,3,2,2,1
CAN-DHR2S83U0D,3,3,2,3,1,1
CAN-09NED98GPP,3,5,4,3,2,2
CAN-0LQJ9IGFOA,3,3,3,2,2,2
CAN-7DOHKNC3XE,2,3,3,2,2,1
CAN-FP1XB8GYRC,2,3,3,3,2,1
CAN-ZU9GXZR76N,3,3,3,3,1,2
CAN-MSCGAVNZTS,3,2,3,3,2,2
CAN-O73AKE6KNW,2,2,3,3,2,2
CAN-HI3WFIAGI7,3,3,2,2,2,1
CAN-HCT8ZCURBA,3,2,3,3,1,1
CAN-9EYBLPJ2EV,2,3,3,3,2,2
CAN-NPXES1B6S3,3,3,3,2,2,0
CAN-5EZS1T1ELJ,3,2,3,3,1,2
CAN-3T23NZ449Z,3,3,3,1,2,1
CAN-0HK5VGJZ0N,3,3,3,3,2,1
CAN-NA74WK7EHE,3,2,3,2,2,2
CAN-QNMDTA4OKN,3,3,2,3,2,0
CAN-65AFLS2WAW,3,3,3,3,2,2
CAN-L5T854J6GO,2,3,3,3,1,2
CAN-JR8H3UO2I6,3,3,3,2,2,2
CAN-03FM9IPX5B,2,3,3,3,2,0
CAN-DYZ6KWICER,4,3,4,3,3,2
CAN-OWK42G043V,3,3,3,3,1,2
CAN-ZP27QVGON2,3,3,3,3,2,2
CAN-XQYRGR03WX,2,2,3,2,2,1
CAN-BEFRR2AABK,3,3,3,3,2,2
CAN-T8Y5PXTTSA,3,3,3,3,2,2
CAN-NL7EAFAJX9,3,2,3,3,2,0
CAN-B2KDD3WO4V,3,2,3,3,2,2
CAN-1GRA8RZHQZ,3,2,3,2,2,1
CAN-8H09J8FHUU,2,2,2,2,1,1
CAN-Z483KDS56B,3,3,3,2,2,2
CAN-AS4GF18RSY,2,3,3,3,2,1
CAN-VKML0VJPYM,3,3,3,3,2,2
CAN-8U90QQKNIR,3,2,2,3,2,2
CAN-O40K860AQ2,3,3,3,2,2,1
CAN-LMRIWPRVWC,2,3,3,3,1,0
CAN-M4RRHTKBA3,3,3,3,3,1,2
CAN-V4UGENVPPE,3,3,3,2,2,1
CAN-UPVUJ9T4UA,3,1,3,2,2,1
CAN-CH18WR12SO,3,3,3,3,2,1
CAN-65LQ6WJRDP,2,3,3,3,2,2
CAN-XPBXQBKEB8,2,2,3,2,2,0
CAN-16LL783QTG,3,3,3,3,2,2
CAN-5LPJAED2JZ,2,3,3,4,2,2
CAN-PUKC1YBHPU,3,2,3,3,1,2
CAN-O1DFSGTCT3,3,3,3,3,2,2
CAN-3E64V1XYL9,3,3,3,3,1,1
CAN-ED0DZXW7Q0,3,3,3,3,2,2
CAN-7WJP1XSHSC,2,5,3,3,2,1
CAN-8MP66WGWW6,2,3,3,3,2,1
CAN-KGISATLS8X,4,3,4,3,2,2
CAN-IZYOLSIRU1,2,3,3,3,2,2
CAN-EXC4Z0M0W5,2,3,3,3,2,0
CAN-5ML0LNL4PM,1,2,3,3,2,0
CAN-9B0QV4LXZQ,3,3,3,2,1,1
CAN-VNCSR7WZDC,3,3,3,3,2,1
CAN-FAAB2PU5GE,3,3,3,2,1,1
CAN-GBBEJRLMZ1,3,3,3,3,2,2
CAN-BBYUK6GMRM,3,2,3,3,2,2
CAN-UGODO5EI4O,2,3,3,3,1,2
CAN-VGSWGDUSZC,1,2,3,2,2,2
CAN-62IAXE1GVQ,3,2,2,3,2,1
CAN-ARL7SXSAIW,3,3,3,3,2,1
CAN-5SDM2BB0WO,4,4,3,4,2,2
CAN-IKUJLML320,1,3,3,2,2,0
CAN-QDAYJPW5TS,3,3,3,3,2,1
CAN-DNC3FLO3K9,3,2,3,2,2,2
CAN-JNQM14HF8M,3,3,3,3,2,0
CAN-OWESZDU44L,3,2,3,3,2,2
CAN-F2NBBJQYMK,2,3,3,3,1,1
CAN-UZEEFG2N2R,3,3,3,1,2,1
CAN-1H65YWKQ0H,3,3,3,3,2,2
CAN-U83UGN6VH9,3,2,3,3,1,0
CAN-3RXG40MCUZ,1,3,3,3,2,0
CAN-FCJXRJ14F9,3,2,3,3,2,1
CAN-O1MRKVSM26,3,2,3,3,0,2
CAN-WAAJEWNY9G,3,3,3,3,2,1
CAN-ZC8SAQDM1Z,3,2,3,3,2,1
CAN-6BVLQ4HP5W,3,3,3,3,2,2
CAN-VIYZ36BREN,5,4,4,6,2,4
CAN-ND0NS4WZKQ,3,3,3,3,0,1
CAN-2GA0TDBUZU,3,3,3,3,2,2
CAN-8TWZVN4E5G,2,5,3,3,3,2
CAN-TDU42ULL76,3,3,3,4,2,2
CAN-Q0VG7NCDFO,2,3,3,2,1,1
CAN-3GLFQCK34W,3,3,3,3,2,2
CAN-JY1ZP46KMR,3,3,3,3,2,1
CAN-YTKN2VJ2MW,3,2,3,3,2,1
CAN-YE7PYEG66J,3,2,3,3,1,2
CAN-E3ZW8A4FKP,3,2,3,3,2,0
CAN-X66MH81ST3,3,3,3,3,2,2
CAN-0OSSCKC4V5,1,3,3,3,2,2
CAN-UY3J2KPJM3,3,3,3,3,2,0
CAN-TL4GLKFWI2,3,3,3,3,2,2
CAN-75O1PJIO9M,3,4,3,3,2,2
CAN-P5R36GWKXO,3,3,3,3,2,2
CAN-WQZOEIUQ35,2,2,3,3,1,2
CAN-3DAUSDR8ZB,3,3,3,3,2,2
CAN-YKU2V6I729,3,3,3,3,2,2
CAN-4PMSGFF7BI,3,3,3,3,1,0
CAN-N0WA0AK8LR,0,0,3,0,0,0
CAN-SV2Q51A95B,3,3,3,3,1,1
CAN-BT3739TTEX,3,2,3,2,2,1
CAN-1WC4QQBH8Q,2,3,2,3,2,0
CAN-32Z32Y2IFS,3,3,3,3,2,2
CAN-H0WOLKGQ6S,3,3,3,2,2,0
CAN-WRVCG187EK,2,2,3,3,2,1
CAN-NYQESM84KN,2,3,3,3,2,2
CAN-D1FVE146ZJ,3,3,2,3,2,2
CAN-PG32J7WXRM,2,3,3,3,1,2
CAN-GWHYMFDTKS,3,2,3,3,2,2
CAN-H1UD9AWW1I,3,3,3,3,2,1
CAN-SSYS5O4NI7,2,2,3,3,2,2
CAN-5H9CWNKTH9,3,3,3,3,1,1
CAN-G6UQUJ60AV,3,3,3,3,2,2
CAN-14ALQEX1XM,2,3,3,3,2,2
CAN-ALRLH10QZN,3,2,3,2,2,1
CAN-1EJG48ZE8B,3,2,3,2,2,1
CAN-OGRYXHEEMD,3,3,3,2,0,2
CAN-MZIJIDA02N,3,2,3,3,2,2
CAN-VOH9ZPC8Q8,3,1,3,3,2,0
CAN-46ZIKPB5M8,2,1,3,2,2,1
CAN-UGS2C7DVSR,3,3,3,3,2,2
CAN-X45GETVUA2,2,3,4,3,0,1
CAN-YZD2P8OK0D,3,2,3,3,2,1
CAN-2JAJL4H48B,3,1,3,3,2,2
CAN-A4RR0QTJ5J,3,3,3,3,2,1
CAN-MH91XIYF8J,3,2,4,2,1,2
CAN-TP5ZOGJILD,3,3,3,3,1,0
CAN-AMBM2RCIK4,3,2,3,3,2,1
CAN-ITW4U5W0O0,2,2,3,3,2,2
CAN-FGIYPDWJBZ,2,3,3,3,1,2
CAN-IQUQ0M8QVY,3,3,3,3,2,2
CAN-G0PEWORUBG,3,3,3,3,2,2
CAN-K83N3BIBJ0,3,3,3,3,2,1
CAN-Z6HPOKEUP4,3,3,3,3,2,2
CAN-VPMUUKHCD7,3,3,3,2,2,1
CAN-CMSKQ3FW3E,3,3,3,3,1,2
CAN-1DEJZZ22OT,3,3,3,3,2,1
CAN-20VLSGWAAV,3,3,3,3,2,2
CAN-WYBGSUAAQN,3,3,3,2,2,2
CAN-VTP0FNT3LR,3,3,3,3,2,1
CAN-H2A3O54MI0,0,0,3,0,0,0
CAN-YDY8U7GKCV,2,1,3,3,1,1
CAN-PU14ROOOZO,3,2,3,3,2,1
CAN-9LD6K2IPRE,3,3,3,3,2,2
CAN-EAUKJD160C,2,2,3,2,2,2
CAN-FH0XN4YMHH,2,3,3,3,2,2
CAN-1MQEFISB24,3,2,3,2,2,1
CAN-GICNELYD6R,3,2,3,3,2,2
CAN-WE8C3IA52F,3,3,3,3,2,1
CAN-9FSI1GMUYO,3,3,3,2,2,1
CAN-GDVEZJQTKD,3,3,3,3,2,2
CAN-55EFT0SLAN,4,5,4,5,2,2
CAN-M3DJU06UDA,1,0,3,1,0,0
CAN-1M3PHSB5IX,3,2,3,3,2,2
CAN-7L2Q4D4CU1,2,3,3,2,2,0
CAN-1JOOUEX1NL,3,3,3,2,1,2
CAN-YARF5CJZZS,3,3,3,3,2,1
CAN-SQF5P6YDFO,3,4,3,3,2,2
CAN-BBFTG3RGIU,2,3,3,2,2,2
CAN-DX24NSEIWM,3,2,3,2,2,1
CAN-BK003AZ0B3,2,3,3,2,2,1
CAN-JI71XZKYXG,3,3,3,3,2,2
CAN-0YF0YTA43N,3,3,3,3,2,1
CAN-D06AJ9FJDO,2,3,3,3,2,1
CAN-UMHBGEAW83,3,2,3,3,2,1
CAN-J474KSJQ98,3,3,3,2,2,2
CAN-IW9KSR88MV,2,2,3,3,2,2
CAN-0251GU77IX,3,3,2,3,2,2
CAN-EMQJ7V5PE6,3,3,4,3,2,1
CAN-1L4A0QM7G3,3,4,3,3,2,2
CAN-24942E3RA1,3,2,3,3,2,2
CAN-XLDW9N9FLF,3,3,3,3,1,2
CAN-CFKYSEHL26,3,3,3,3,2,2
CAN-0OYV3LTA7S,3,3,3,3,2,0
CAN-4M58YUN8E4,4,4,4,4,2,3
CAN-1QCTNOLKV9,3,2,3,3,1,2
CAN-DX8H61MKA6,3,2,3,3,2,1
CAN-A6RC9O9JGY,3,3,3,3,2,2
CAN-UKNYHVQUAV,3,3,3,3,2,2
CAN-O1KC8PVU78,3,3,3,3,2,2
CAN-7IM125ES87,3,1,3,3,2,1
CAN-J9DTPLCA8T,3,3,3,3,2,2
CAN-C4NQJJBLEW,2,3,3,3,2,1
CAN-NBZCKW4WES,3,3,3,3,2,1
CAN-WSW3STUTLN,3,3,3,3,2,1
CAN-7S47HAX8B5,3,3,3,3,2,2
CAN-LQYOAEONVO,3,1,3,3,2,1
CAN-EKN8FR3TNX,3,2,3,3,2,1
CAN-X4S72IK16I,2,3,3,3,2,2
CAN-96TR62PP58,3,3,3,2,2,2
CAN-MACWLUVOZC,3,2,3,2,2,0
CAN-2WTC2N3XKJ,3,3,3,3,2,2
CAN-WI2BTEVXZS,3,3,3,3,2,2
CAN-SP3PNSMO37,2,3,3,3,1,2
CAN-6M9PF8WFEH,3,3,3,2,2,1
CAN-G14OXMVHKQ,3,3,3,2,2,1
CAN-LXF4ZQ1D6L,3,1,3,2,1,0
CAN-OYQM0WXQSR,2,3,3,3,2,2
CAN-VM9O8LB5B1,3,3,3,2,1,1
CAN-8VIVBGRGXC,2,2,3,3,2,2
CAN-2TPRIL6N65,2,3,3,3,2,1
CAN-QHI6CQHMA5,3,3,3,3,2,1
CAN-HY5Z7G3D2Z,2,3,3,3,1,2
CAN-TA5LYDM72A,3,3,3,2,1,0
CAN-ZE2M8F4HUH,2,2,3,3,1,2
CAN-OIXGK6QB1L,3,3,3,3,2,0
CAN-20FWZE5LWU,3,3,3,3,2,2
CAN-1J3P87WS6F,3,3,3,2,2,2
CAN-T2LRD06CAA,3,3,3,2,1,1
CAN-0U4ZKHEM5Z,3,1,3,2,1,2
CAN-IGAWON9AXE,3,2,3,3,2,2
CAN-MZGUAOPRCA,2,3,3,3,2,1
CAN-YZABD3CJ8Z,2,3,3,3,2,0
CAN-10BW0ASJM5,2,3,3,3,2,2
CAN-YBKZI35L6K,3,3,3,2,1,2
CAN-DXW7UXPIS3,3,3,3,3,2,2
CAN-KTMNPTUF0I,3,3,3,3,2,2
CAN-6O3OPIPO8O,3,3,3,3,2,0
CAN-XVEK1B956D,2,3,3,2,2,1
CAN-ND0FPWOL0R,3,3,3,3,2,1
CAN-ZE71I80NMB,3,3,3,3,2,1
CAN-XGEIZBS7TX,3,3,3,3,2,1
CAN-P0B6IQ2XUC,2,2,3,1,1,1
CAN-C1L14MJCZ3,2,2,3,3,0,2
CAN-6UM0JRPV9V,3,3,3,3,2,2
CAN-9SI6F1MK7W,2,3,3,3,2,1
CAN-J3FPL3EFEH,1,3,2,3,1,1
CAN-GZ687KUPTA,3,3,2,3,1,1
CAN-TXM023LUFS,3,3,3,3,2,1
CAN-IFC4DTHM2O,3,2,3,3,1,2
CAN-TJR4PM410N,3,2,3,3,2,2
CAN-PKI1CLD6B3,3,3,3,3,2,1
CAN-Y81J0J6X6P,3,3,3,3,2,0
CAN-AYDC8VW67U,1,3,3,2,2,1
CAN-496HZC0X62,3,3,3,3,2,2
CAN-3FVAVYQJKE,2,3,3,2,2,1
CAN-LI3UI4JY6R,3,3,3,2,0,1
CAN-Q9XHTAU8RM,3,2,3,2,1,2
CAN-B1UXUZSRRE,3,3,3,3,2,1
CAN-H0AQ721PJI,3,3,3,3,2,2
CAN-4F5F7KSY36,3,3,3,3,1,1
CAN-DG0ABPBNQM,3,3,3,3,2,1
CAN-TL4N4HN4AB,2,2,3,3,1,2
CAN-D8W669AP1U,2,3,3,3,0,0
CAN-HZ5O0QKNQC,3,2,3,3,2,2
CAN-Q7RFRQTAQZ,3,2,2,3,1,1
CAN-LY4S9HJ5W6,2,3,3,2,2,1
CAN-7YFUNREI85,1,4,3,3,2,1
CAN-9NTC08KVE7,3,3,3,3,1,2
CAN-Y5CAWTIGA9,3,2,3,3,1,2
CAN-VIR9BDG154,3,3,3,3,2,2
CAN-L0OVL84541,3,2,3,3,1,1
CAN-7ZDF4KAYF8,3,3,3,3,2,2
CAN-Y29UPW3ZG0,3,2,3,2,1,1
CAN-J6BH3V8XZ5,3,3,3,3,2,1
CAN-C0P9BD8720,3,2,2,3,2,1
CAN-OXBE959LDF,2,3,3,2,2,0
CAN-81I8E8GVFP,3,3,3,3,2,2
CAN-NH7D80O5ON,3,3,3,2,2,2
CAN-KPS5WHZ3BL,3,2,3,3,1,2
CAN-L1YP5DGF3W,3,3,3,3,2,2
CAN-OQWFO87FVF,3,2,3,3,2,2
CAN-XWQH2DI115,3,3,3,2,2,2
CAN-8IAZKASL56,3,3,3,3,2,2
CAN-LXYGB2FXPR,3,2,2,2,2,1
CAN-RGHGR8EH9S,2,3,3,2,0,0
CAN-Z5AAUTGDBR,3,3,2,3,2,2
CAN-UKCA9JODQF,3,3,3,2,2,2
CAN-T9XIY71JJC,3,3,3,3,2,1
CAN-QVA0POZ89R,3,3,3,3,2,1
CAN-CHRJNHZ8NI,2,3,3,1,2,2
CAN-YZ8DKD2ZCC,3,3,3,3,2,1
CAN-52A71VLWKP,3,3,3,3,2,1
CAN-IIOH9AO38L,0,0,3,0,0,0
CAN-DIQIQDTFE4,3,3,3,3,2,1
CAN-N4Y1ED41ZA,3,3,3,3,2,2
CAN-6CDMK85JRY,3,3,3,3,2,1
CAN-4T6V8BFZB9,3,3,3,3,1,2
CAN-U4K42QEMZ0,3,3,3,3,2,1
CAN-9PODG8JQ7P,1,3,3,2,2,0
CAN-GO65RB31HW,2,3,3,3,1,2
CAN-CLJ1CGHGPF,3,3,3,3,2,0
CAN-JK7KFPW2TQ,3,3,3,3,1,1
CAN-OFGYNI8X8A,3,3,2,2,1,2
CAN-WRKLRMQIOB,2,2,3,3,2,2
CAN-S3ONKE7NZD,3,3,3,3,2,2
CAN-213QKVJAPW,4,6,3,5,3,3
CAN-P0IOAIR361,2,3,3,3,2,1
CAN-5CKFRFTEQY,3,3,3,3,2,1
CAN-QIG65VFEPU,3,2,3,3,2,1
CAN-LX6SHINFPZ,2,2,3,2,1,2
CAN-GCDDE6A55N,3,2,3,3,2,1
CAN-FPWBB4KLHW,3,3,3,3,2,2
CAN-LGEMS17GG7,2,2,3,3,1,1
CAN-2RZV3SD76H,3,3,3,3,2,2
CAN-5QJ7R2SJCB,3,2,3,3,0,0
CAN-0KPORLRRD1,3,2,3,3,2,1
CAN-6AKJWZDCZV,4,3,3,3,2,2
CAN-36KOTS7SIJ,3,3,3,2,3,2
CAN-24X5ZEE0N8,3,3,3,2,2,1
CAN-VXYOH96Z1K,3,3,2,3,2,1
CAN-XXKEU0WM4X,3,3,3,3,2,2
CAN-Q6O3L50GZK,3,3,3,1,2,2
CAN-VQ1TLTWNMF,2,2,3,3,0,0
CAN-IU0QUSQ145,3,3,3,3,2,1
CAN-MGOLO2MZ3L,3,3,3,3,2,2
CAN-WV61FO6H2E,3,3,3,3,2,2
CAN-AN4XZBAQVO,3,2,3,3,1,1
CAN-7OS0KGY5UP,4,5,6,3,2,3
CAN-DSGCS370KK,3,3,3,3,2,2
CAN-7J6D0X3KMA,3,3,3,3,2,1
CAN-FHFLIILTMZ,3,3,3,2,2,2
CAN-773ASFFBU3,3,4,3,5,2,0
CAN-99PN9BLV3E,3,3,3,3,2,2
CAN-X5CIKO4KSX,0,2,3,2,2,2
CAN-IPVTBRRPHR,3,3,3,3,2,1
CAN-9IWRVN9LGQ,3,3,3,3,2,2
CAN-BT70BNGCCY,3,3,3,3,0,2
CAN-DEPQ10UF27,3,2,3,3,2,2
CAN-H5CWQC9Y2R,3,3,3,3,2,1
CAN-XMF00ZOTO7,3,3,3,3,2,2
CAN-1MPP3AELT6,3,3,3,3,2,1
CAN-EMPYFWQB93,3,3,3,2,1,2
CAN-OXN0M57N4J,3,2,3,2,1,0
CAN-QD6VS123Z5,3,2,3,3,0,0
CAN-6DW1CIOY3F,2,3,2,3,2,2
CAN-3SK938BW1Y,3,3,3,3,2,2
CAN-38F5NJ24ZQ,3,2,3,3,2,2
CAN-9WRWJNOJPI,3,3,3,3,2,2
CAN-CQLO2KVJFO,3,3,4,1,2,1
CAN-GDT8WOTZQ5,3,3,3,3,2,1
CAN-X8RL87T17R,3,3,3,3,2,0
CAN-T7A0JRMGLR,3,3,3,3,2,2
CAN-T0WWMLD3G3,3,3,3,3,2,2
CAN-O1FNTJB2W7,3,3,3,3,2,1
CAN-DKMP7OUFK5,3,3,3,3,2,2
CAN-ACKGRTTZ0Q,3,3,3,3,2,2
CAN-7IDOXJQOFS,3,3,3,3,2,0
CAN-VWBRD3WWI6,3,3,3,3,1,1
CAN-LNUVVT5CZH,3,3,3,3,2,2
CAN-PF0SQO9TG1,3,3,3,3,2,1
CAN-1A960G9XA6,3,2,3,3,1,2
CAN-W9KOATUQ40,3,3,3,3,2,1
CAN-NNLS9NBE4D,0,0,3,0,0,0
CAN-0ND8K10G3Q,3,3,3,3,2,2
CAN-2V0D61OSOH,2,4,3,3,2,2
CAN-JKM1R1FTW5,3,2,3,2,2,2
CAN-QZUDR0Q4EE,3,2,3,2,1,1
CAN-W5T1ST7VXS,3,3,3,3,2,1
CAN-OGU1BPKGVB,3,3,3,3,2,1
CAN-56VT8RNOIH,3,2,3,3,2,1
CAN-SPQ79EG0TE,3,3,3,3,2,1
CAN-2CNGOVIFYX,2,3,3,3,2,2
CAN-MBXVFHQF7K,3,3,3,3,2,1
CAN-H55J4XTIQQ,3,2,3,3,2,2
CAN-8EKITT0X3B,3,3,3,3,1,2
CAN-F2M194L1XZ,3,3,3,3,2,2
CAN-KTVDI59FBC,4,3,3,3,2,1
CAN-G71FYKTZN6,4,3,3,3,2,1
CAN-R7I4YFQBM8,2,3,3,3,1,2
CAN-IXX5GLN338,3,2,2,3,1,2
CAN-UK30UMAGCN,3,3,3,3,1,1
CAN-QRFIX9X9Y9,3,3,3,3,2,1
CAN-1VCESY8F3C,3,3,3,3,2,1
CAN-6KBXYCJR0U,4,3,3,3,2,1
CAN-NQGDO6PK4P,2,3,3,3,2,1
CAN-LRFQ0R04OZ,2,3,3,3,2,1
CAN-WGRPISSB3E,3,3,3,3,2,2
CAN-5LJPVLH7NI,3,3,3,3,2,0
CAN-05RF1HZKDF,3,3,3,3,2,2
CAN-JS06U1QRTH,2,3,2,3,2,2
CAN-3NQHIGTI36,3,3,3,3,2,2
CAN-037HIVEFXK,3,3,3,3,2,2
CAN-8UMLBL16PI,3,3,3,2,2,2
CAN-6QY8Z7X4ZO,2,3,3,3,1,2
CAN-2GVKV7THGO,3,3,3,3,2,2
CAN-S2CEE7UBIP,3,3,3,3,2,2
CAN-61PQACNCDJ,3,3,3,3,2,1
CAN-DFN4KFYXTT,3,3,3,3,2,1
CAN-ZIRTEATDXG,3,3,3,3,2,2
CAN-MH2ABXSEWO,2,3,3,3,1,1
CAN-EEGIT2AGYM,3,3,3,2,2,1
CAN-SNQLT68EA5,3,3,3,1,2,0
CAN-JWTLGRA7OK,3,3,3,3,2,1
CAN-H5DS6BIL1D,4,3,3,3,2,3
CAN-RXHR2HKHL4,2,3,3,3,1,0
CAN-LVVV91NCEN,3,3,3,2,2,1
CAN-UCCHYI31JZ,3,3,3,3,2,2
CAN-0I6HZ6HS3P,2,3,3,3,2,2
CAN-LN9IXJ3IJA,3,3,3,2,2,2
CAN-AGAIXCJN8A,3,3,2,3,2,1
CAN-HX35MZLAO2,3,3,3,2,1,2
CAN-VZEFNMQSRU,3,3,3,3,2,2
CAN-BZ229Y5E6X,3,2,2,3,2,2
CAN-JZNKXUVVB5,3,2,3,3,1,1
CAN-DCP057K002,3,3,3,1,0,1
CAN-60DSZ81F6W,3,2,3,1,1,1
CAN-FGLM4I0J47,3,2,3,3,2,1
CAN-CDE9RWYKK3,3,3,3,3,2,2
CAN-52N2CZCYUC,3,3,3,3,2,1
CAN-6Q1NL34KKQ,2,3,3,3,2,2
CAN-KV5S34IMNE,4,3,3,3,2,2
CAN-P94TLFGLXD,3,3,3,3,2,2
CAN-XWD4QMSEII,3,1,3,2,2,1
CAN-OUQS0PPRXH,3,3,3,3,2,2
CAN-SJU4EAL128,4,3,3,2,2,4
CAN-N98U0SIH1B,3,3,3,3,2,1
CAN-BFUTF5X2KF,3,2,3,2,2,2
CAN-L9UKJTMNEZ,3,2,3,2,1,1
CAN-V53UD0LSNC,3,3,3,3,1,1
CAN-IYWH2G74QF,3,3,3,2,2,1
CAN-ZJLHRW8829,3,1,3,1,2,2
CAN-MIRIOPTBSF,3,3,3,3,2,2
CAN-3VE5NB8T03,3,3,3,2,2,1
CAN-69D2YL084I,3,3,3,3,2,2
CAN-0GX4GB2CR2,3,3,3,2,2,1
CAN-2RIT3B765W,3,2,3,3,2,2
CAN-DZJ8BKH33S,3,3,3,3,1,2
CAN-W93LQ9Z8ZR,3,3,3,3,2,2
CAN-0H1TC469WF,3,3,3,3,2,2
CAN-VFQII8IR6L,3,3,3,3,1,2
CAN-UAORLT45ZV,3,3,3,3,2,2
CAN-7HYVO9GJ4E,3,3,3,3,2,1
CAN-E1V7RI4R1W,0,3,3,3,2,2
CAN-P2LM92QS6W,2,3,3,2,2,1
CAN-MQIVOP9HWQ,3,1,3,3,2,0
CAN-1M30K0FQQB,2,1,3,3,2,2
CAN-MV7ZFERA3Y,3,3,3,3,2,1
CAN-Q9P423LUV4,3,3,3,1,2,1
CAN-FUPXP67I4Y,2,3,3,3,2,2
CAN-NR04AI9Z4J,3,4,4,3,2,1
CAN-D4UF0M2YMI,3,3,3,3,2,1
CAN-ATCJCD6L4R,2,3,3,3,2,2
CAN-JZTVQSMVVL,4,3,3,2,2,1
CAN-S59OSRHOSV,3,3,3,3,2,2
CAN-QG6XGCSX2B,3,3,3,3,2,1
CAN-MPPXFYUQUN,3,3,2,3,2,1
CAN-PLTP75TE1G,2,3,3,3,1,1
CAN-65VKHH4JWV,3,3,4,3,2,0
CAN-6MNMP1TXJQ,3,3,3,3,2,2
CAN-0LYMV41BOA,2,2,3,2,2,1
CAN-8HE7NLFAIN,3,3,3,3,2,1
CAN-SVVIJ0FLFC,3,3,3,2,1,0
CAN-QB7HF95MEH,3,3,3,3,2,1
CAN-7LYL3QJIT7,3,3,3,3,2,0
CAN-UUWJANYUG0,3,2,3,3,2,2
CAN-3OJTQI9REK,3,2,3,3,1,1
CAN-1SEDUJD4OC,3,2,3,3,2,2
CAN-K0TA3D81D1,2,3,4,3,2,1
CAN-M6PYS0ETAP,2,3,3,3,2,2
CAN-2OK3K9KSQL,2,2,3,2,2,2
CAN-P2AK4AENXS,3,3,2,3,2,1
CAN-7TK63B7RHG,3,3,3,3,2,1
CAN-PXU86BSUPJ,2,2,3,2,2,2
CAN-I3JHHBBI66,3,3,3,2,2,2
CAN-KQR9CQNRBU,3,3,3,3,2,1
CAN-5WP5UNS4ZI,3,3,3,3,2,2
CAN-6K987KBKP6,3,3,3,3,2,1
CAN-RFSZMBFDB2,2,2,3,3,1,2
CAN-D25OYZU7XH,3,2,3,2,2,2
CAN-BH8M8X539Y,2,2,3,2,1,2
CAN-FGC0MYCL31,2,3,3,2,2,0
CAN-H8VI3VUNIQ,3,1,3,3,1,0
CAN-BD7LO5JCYR,2,2,3,2,2,2
CAN-CA8OCT88IB,2,3,3,2,1,1
CAN-0EEV2PAF0Q,3,3,3,3,2,2
CAN-7IIFSRTU0R,3,2,2,2,2,2
CAN-SXWO2AR9FF,3,3,3,3,2,2
CAN-V9RIZ5HK0I,2,3,3,4,2,2
CAN-LYULNSGJT7,3,3,3,3,2,1
CAN-D357IY7WHG,2,3,3,2,2,1
CAN-JTHCOI9I6P,2,2,3,2,2,1
CAN-DAGAWMBMNT,3,3,3,3,2,2
CAN-B7EOFYC7SH,5,3,4,3,2,2
CAN-NW6VNY9IZC,3,2,3,3,2,2
CAN-9IP763G5KJ,0,0,3,1,2,3
CAN-LJFA6N2XM3,2,2,3,2,2,1
CAN-P84N27M0AA,3,3,3,3,2,2
CAN-49AUJL963N,3,3,3,3,1,1
CAN-RZT8FTG22B,3,2,3,3,2,2
CAN-1WAC1GMO3C,3,3,3,3,2,1
CAN-8IZER9PQ86,3,3,3,3,2,2
CAN-W05RXDTAK5,3,3,3,3,2,0
CAN-M7W7DIHDKR,3,3,3,3,2,0
CAN-70QW2FSUGX,3,3,3,3,2,0
CAN-ZUZUMBQSWB,2,3,3,3,2,1
CAN-B2IRC9ESI7,3,3,3,3,2,2
CAN-3PI9YE5KGJ,3,3,3,3,1,1
CAN-QNRZ3QR0TY,3,2,3,3,2,1
CAN-JI6VP255EA,3,3,2,3,2,2
CAN-1QMYA4DXCA,3,3,3,3,2,2
CAN-ZJT9RYY3PT,3,2,3,3,2,1
CAN-TM06ODXTUG,3,4,3,3,2,2
CAN-Z6OOPALQIP,3,3,2,2,2,0
CAN-6CCW1IB7KF,3,2,2,3,2,1
CAN-UN9DVXBOB1,3,3,3,3,2,1
CAN-XS9MBT94MC,3,2,3,2,3,2
CAN-U6L89E7214,2,4,3,4,3,3
CAN-YFNHT1X275,3,3,3,3,1,2
CAN-JENQDG3D0E,3,3,3,3,2,1
CAN-KX5MP800OD,3,3,3,3,2,2
CAN-28RP6WL647,2,2,2,3,2,1
CAN-PXEULL8LNJ,3,3,3,3,1,1
CAN-NHXN2U9X4H,2,2,3,2,1,2
CAN-V5WV88BIPS,3,3,3,3,2,2
CAN-M80RV7K14I,3,3,3,3,2,2
CAN-O0LN4V5PB8,3,3,3,3,2,1
CAN-O8X9FAFT4G,3,3,3,2,2,2
CAN-PJM8VJU2LU,3,3,3,2,2,1
CAN-7D6GY58N8A,3,3,3,3,2,2
CAN-GHJWWVHZDK,3,3,3,3,0,1
CAN-2Q4MK4D5D1,2,1,3,3,2,2
CAN-GQN7NKUIUO,3,3,3,3,2,1
CAN-NGT7L9CW9Q,2,3,3,3,2,2
CAN-7TMP1Z9H2N,3,3,3,3,1,2
CAN-X0ZWAQJ2VC,3,3,3,3,2,1
CAN-G77RX7718R,3,2,3,3,1,2
CAN-8IAF6IXMY8,3,3,3,3,2,2
CAN-V1Y2K56S2W,3,3,3,3,2,1
CAN-SKRMDXQRE4,3,3,3,3,2,1
CAN-OMZO6I300Z,2,2,3,3,1,1
CAN-W7F6BIEDEQ,3,3,3,3,2,0
CAN-ZTX8FP2GK3,3,3,3,3,2,2
CAN-4F49K27RR6,3,3,3,3,2,1
CAN-XX4T3BYOKB,3,3,3,2,2,1
CAN-4DGEHRV5EE,2,3,3,2,2,1
CAN-VOE6SBJ7AG,3,3,3,3,3,1
CAN-AR3F3M9ZMR,3,3,3,1,2,1
CAN-38M8NXNT2J,3,3,3,3,2,2
CAN-BSLT5ZA2K4,3,3,3,3,2,2
CAN-9FMOOHVPDG,3,1,3,3,1,0
CAN-KQ6P88GX56,3,3,3,3,2,0
CAN-0YZ7B4134W,3,3,3,3,2,1
CAN-4B9ELIB6B1,3,3,3,2,2,2
CAN-R3PTK9FF5B,3,3,3,2,2,1
CAN-C8NNVNH4ZV,3,2,3,3,1,0
CAN-38D88SALR3,3,3,3,2,2,2
CAN-IAYPEZLKDD,2,3,3,3,2,1
CAN-Y8X8EXKVGW,3,3,3,2,2,2
CAN-0310057DGQ,3,3,3,3,2,2
CAN-6QMHN8SBQ4,3,2,3,3,2,1
CAN-N7S8H5BS8X,3,3,3,1,2,1
CAN-H5A2CL4F3D,3,3,3,3,2,2
CAN-ERMR3316UJ,3,3,3,3,1,2
CAN-QXE5DAYO52,3,3,3,2,2,2
CAN-TTAZQ8M704,3,3,3,1,2,1
CAN-BM6C6KNO53,1,1,3,2,1,1
CAN-CPVJ9LB2XM,3,3,3,2,2,2
CAN-98OCDS2X3K,3,3,3,3,2,2
CAN-O6J57SQQB6,3,3,3,3,2,1
CAN-ZGQWRKA3XQ,3,2,3,3,1,1
CAN-VHTI8NNQ7B,3,2,3,3,2,1
CAN-F7YIEA3U9W,2,1,3,3,2,2
CAN-FWRPEB8RLU,3,3,3,2,2,2
CAN-3ZSDOVM2KK,3,2,3,3,2,2
CAN-G0AFSAB5U6,2,2,3,3,1,1
CAN-E02VKHNY9P,3,3,3,3,2,2
CAN-35JCHIRW8L,3,3,3,3,2,1
CAN-3OCI6YEGI1,4,3,3,3,2,1
CAN-BBVCYY113C,3,4,3,3,1,2
CAN-6T61JKNCSZ,3,3,2,2,2,1
CAN-WCXDNFHQPS,2,2,3,2,2,1
CAN-TGNGXGTENM,3,3,3,3,2,1
CAN-EFHC092N1R,3,2,3,3,2,2
CAN-QZXXGTGM0X,3,3,3,3,2,2
CAN-AK4UMWJJ1H,3,2,3,3,2,1
CAN-DLPZZSPWR4,2,2,4,3,2,2
CAN-SITIJK2JYF,3,2,3,3,1,1
CAN-8NYISWQGO8,2,3,3,3,2,0
CAN-16UY8WV0J4,2,1,3,3,2,2
CAN-OKX1I6CA68,3,3,3,3,2,0
CAN-7J58BJ87YS,3,3,3,3,2,1
CAN-Y3GWJBF3I5,2,3,3,3,2,1
CAN-N461MWZA2Z,7,2,6,4,1,1
CAN-3KAHTTV9BG,3,3,3,3,2,1
CAN-UKQ6C9332B,3,3,3,3,2,1
CAN-EP8BVV476T,2,2,3,2,1,0
CAN-Y6K35OFQK9,3,3,3,3,2,1
CAN-CLGMTAMWUE,3,2,3,3,2,2
CAN-E3OJ9W3IMM,2,3,3,3,2,1
CAN-3QXWWVA8C7,2,3,3,2,2,2
CAN-X3OBTE3CTM,3,3,3,2,2,1
CAN-58JRRKXCV8,3,3,3,3,2,1
CAN-EWZOKKMNRW,3,3,2,3,2,0
CAN-N25Q6A1A5Y,1,2,3,3,1,1
CAN-5ZV87GJPUV,3,3,4,3,2,2
CAN-RR6K41JXNP,2,3,2,3,2,2
CAN-N8S7CYW8OS,2,3,3,3,2,2
CAN-WW3TNLBTRM,3,1,2,3,3,2
CAN-88ENP27J5Q,3,2,3,2,2,2
CAN-W6ELM4H2NY,3,3,3,2,1,2
CAN-7VFI9YZQ8X,2,3,3,2,2,1
CAN-EGBQBQ79XO,3,3,2,3,1,1
CAN-JE0P84AGCT,2,3,3,3,2,2
CAN-LJX9YTUEN8,2,3,3,2,2,0
CAN-J5IXMKEGFR,3,3,3,3,2,2
CAN-QYZ2YEJ2ZN,1,3,3,2,1,2
CAN-6X6CFFUUZK,3,3,3,3,2,1
CAN-6BNXI4IMJS,3,3,3,2,2,1
CAN-VKWODYHDUB,3,3,3,2,2,2
CAN-B4YKATOXCS,2,3,3,2,2,2
CAN-0EFCPTKPZC,6,4,3,3,3,2
CAN-SGJZ0CTGRD,2,3,3,3,2,0
CAN-0FJ721FZPN,3,2,3,2,2,2
CAN-DUOENYZJGB,4,3,3,4,2,3
CAN-UOPPQWR2YN,3,3,3,3,2,1
CAN-IBMVHSX8ZY,3,3,3,2,2,1
CAN-6GR59U2VZI,3,3,3,2,2,2
CAN-HYCN90HEBI,3,3,3,3,2,2
CAN-604XRUHNPO,3,3,3,3,2,1
CAN-FD2USTG00E,3,2,3,2,2,0
CAN-X5B5FMAI5G,3,2,3,3,2,1
CAN-FW075KKKXS,3,2,3,3,2,1
CAN-C15163XN7H,3,3,2,3,1,1
CAN-WZAZDOWTTF,3,3,3,3,2,1
CAN-6KZ4T63MN5,4,3,3,3,2,2
CAN-4W5FETG44J,3,3,3,3,2,1
CAN-5SVVED93I4,2,2,3,3,2,0
CAN-AQCQEQWCN1,3,1,3,3,2,2
CAN-T39YYJEIW3,3,3,3,3,2,2
CAN-UGBP5FO3J2,0,0,3,0,0,0
CAN-M0R4FRYLVF,3,3,3,2,0,2
CAN-BI2MZKUFN4,3,3,3,3,2,2
CAN-YBY5OTZSS4,3,2,3,3,2,0
CAN-U1A74RTDB2,4,3,4,3,2,1
CAN-N937EWD03J,3,1,3,3,2,1
CAN-A5LDJSXQZQ,3,4,3,3,2,3
CAN-Q1G8222TVV,3,3,3,3,2,2
CAN-FY5QJUAVM7,2,1,3,2,2,1
CAN-B6YJVVJDZQ,3,3,3,2,1,2
CAN-9PAW3A1RUH,3,3,3,3,2,2
CAN-38TSUWU60T,3,3,4,3,2,0
CAN-UKRK437NP6,2,3,3,3,1,2
CAN-UALEW473E3,4,4,4,4,4,1
CAN-8LFMUHI1N7,2,3,2,1,2,1
CAN-JTBFN3ZAEB,3,2,3,2,2,2
CAN-BI1G6VLLAX,3,3,3,3,2,1
CAN-N8PO08NKN7,3,3,3,3,1,2
CAN-IU56ZSZ8L9,5,3,3,4,2,1
CAN-XF6TZVBSB6,3,3,3,3,2,1
CAN-JXAWZQ1M59,2,3,3,3,2,1
CAN-QVPD36DK0R,2,3,2,3,2,1
CAN-7I04862KST,3,2,3,3,2,2
CAN-55JSAETFI4,3,2,3,3,2,1
CAN-3N3WLTB0O2,3,3,3,3,2,1
CAN-JJPDVQLBAZ,3,3,3,3,2,1
CAN-6Y99TN50Z5,3,3,3,2,1,2
CAN-EO2EGA83WN,3,3,3,3,2,1
CAN-AYNHVH8P4Z,2,3,3,3,2,1
CAN-QL8PYHDTV7,3,2,3,3,3,1
CAN-U73BW1ACRF,2,3,3,3,1,1
CAN-KQR77FRHP8,3,3,3,3,2,1
CAN-U8XSXFC51G,3,2,2,3,2,1
CAN-2BM54L7V9L,3,3,3,3,2,1
CAN-ZNTSJ8ROZJ,2,3,3,2,1,1
CAN-PZQK1H1FMH,3,3,3,2,2,0
CAN-FTZGQNOEGM,3,3,3,3,2,0
CAN-0EUESG5K2H,3,2,3,3,1,1
CAN-8WPLTT1AWN,3,1,3,2,2,2
CAN-WLI1OKFOYH,2,2,3,3,2,1
CAN-TK96SK9XHW,3,2,3,2,2,1
CAN-WG6ML5FXO7,3,3,3,3,2,2
CAN-GXM5ROKRAM,3,3,3,3,2,1
CAN-C8FLCHHOGO,3,3,3,3,2,0
CAN-4N5MJ8POMX,3,3,3,2,2,2
CAN-KK28LD910V,2,3,3,3,2,0
CAN-5QGAJCVEH1,3,3,3,2,2,2
CAN-7DCGHB97FC,3,3,3,3,2,1
CAN-YQ1DH2D2BT,3,3,3,3,2,1
CAN-8JFV7FZAIE,3,3,3,4,2,2
CAN-T5GBYQTPFP,3,3,3,3,2,0
CAN-ZBJP7TMXMC,3,2,3,3,1,2
CAN-BKZ4IGRVBL,3,3,3,3,2,2
CAN-HB9THH1BHZ,3,3,3,3,1,2
CAN-MWXCND5E18,3,3,3,3,1,2
CAN-8JL04KR4U3,3,3,3,3,2,1
CAN-KEM4M9DS0Y,2,3,3,3,2,0
CAN-8OFVKRN4X7,3,2,3,3,2,2
CAN-3EA4YQEIXT,3,3,3,3,2,0
CAN-NOS4E8QNJV,1,3,3,2,2,2
CAN-FODKT20Y7G,3,3,3,3,2,2
CAN-UW6PCYZA5D,3,3,3,3,1,2
CAN-UZU6NUJ4DA,3,3,3,3,2,2
CAN-1FSXHNX36P,2,2,3,3,2,2
CAN-9JZAACI3KA,2,2,3,3,2,0
CAN-Q9N21I0VPB,3,3,3,3,2,1
CAN-M0HXBGMS8R,3,3,3,3,2,0
CAN-9YDI9JF29O,2,3,3,2,2,2
CAN-WR3VJ3Q1WV,2,1,2,2,2,2
CAN-414SN99HXO,3,3,3,2,1,0
CAN-ASWBXQIDTH,3,3,3,3,2,1
CAN-FNWKPTMMW8,3,3,3,3,3,2
CAN-EQVV340P3O,3,2,2,2,2,2
CAN-H4J490X225,3,4,3,3,2,2
CAN-TI2VP4DM8A,3,3,3,3,2,1
CAN-YONJ5WKYEY,3,3,3,3,2,2
CAN-WOJNG9FY9U,3,3,3,3,2,1
CAN-Y97PERX3VA,3,3,3,3,1,1
CAN-CRDCOIMDB9,3,3,3,3,1,2
CAN-3DHRZMGIJ3,0,0,3,0,0,0
CAN-GZ1YRR6FV4,3,1,3,3,2,1
CAN-ZLGL8D5KSN,2,3,3,2,1,2
CAN-YVCFG559EJ,3,2,3,3,2,0
CAN-AQ2WD20TL8,2,3,3,3,2,2
CAN-ILAT7OFHBZ,3,3,3,2,1,2
CAN-J2N7ZBA1PY,2,3,3,3,2,1
CAN-7EY1TZM3VV,3,3,3,3,1,1
CAN-XGWZN3LK5I,3,3,3,3,2,2
CAN-JMSVBKK42K,3,3,3,3,2,2
CAN-5EAIN3BVB1,3,2,3,3,2,2
CAN-RTZOKUR4L9,3,3,3,2,2,1
CAN-RQEC6BR6LF,3,3,3,3,2,2
CAN-BMFFOU4F7S,3,3,3,3,2,1
CAN-3SG5Z344UC,3,3,3,3,2,1
CAN-KWDLRIID1R,3,3,3,3,3,2
CAN-EDZ6OU6QQ8,3,3,2,3,1,1
CAN-AE6HWLNY5P,3,1,3,3,1,0
CAN-M53HKF7VWB,1,2,3,3,1,2
CAN-ZF9DQQIH8J,3,3,3,3,2,2
CAN-OHTB1Y5R2X,3,2,3,3,2,2
CAN-PA7FW78L6T,3,3,3,3,2,1
CAN-8CJS6XOGJB,2,3,3,1,2,1
CAN-9P5FZLLL2I,3,3,3,3,2,0
CAN-IY9YAZEQ4L,3,3,2,3,2,2
CAN-HL3F3U2YHL,3,3,3,3,2,2
CAN-4TI2169VR1,2,2,3,2,2,0
CAN-JPOWI08KN7,3,3,3,3,2,2
CAN-BSXY5T271A,0,0,3,0,0,0
CAN-WG2OCPSD9W,3,3,3,4,2,1
CAN-7M2YJFB2RX,3,3,3,2,2,2
CAN-O8J5XQ1QHK,3,3,3,3,1,1
CAN-6OTB78E8N7,3,3,3,2,2,2
CAN-A6UCMMMOYZ,1,2,3,3,1,1
CAN-22MGRQHL00,3,3,3,3,2,2
CAN-XP3ITLD0HQ,3,3,3,3,2,1
CAN-02CGLC0D7K,2,3,3,3,2,2
CAN-HLHOF7DXGU,0,2,3,2,2,0
CAN-DU9V3R1CJ8,4,5,4,5,2,2
CAN-ETF7SK64XH,2,3,3,3,2,1
CAN-EDZ9TGNGA9,3,3,3,2,2,0
CAN-82CJHSM2LE,2,3,3,3,2,2
CAN-TBCKZJH7GM,3,3,3,3,2,2
CAN-TQBJYIDBBT,3,2,3,2,1,0
CAN-88F1OA8A5I,3,3,3,2,1,1
CAN-FJ5IABK86T,3,3,3,2,2,1
CAN-RWK9RMVYTP,3,3,3,2,2,1
CAN-6P1JZ1L82M,2,3,3,3,1,1
CAN-IQ3ZS8L2PN,3,3,3,3,2,1
CAN-EGWY704TYJ,3,3,3,3,2,2
CAN-45S0LVUWYZ,3,3,3,3,2,2
CAN-OD900SY8QU,2,3,3,3,2,1
CAN-ZT9EWGAHIR,3,3,3,3,2,2
CAN-TGIJHE2PMX,3,3,3,3,3,2
CAN-57ZZD9WE1O,2,3,3,2,1,2
CAN-OIN6YWGCKB,3,3,3,3,2,2
CAN-U6Y2QVC7IO,3,3,3,3,2,0
CAN-83NAJ91Q1K,3,3,3,3,2,0
CAN-TQEGKECBMR,2,3,3,3,2,1
CAN-1SORRNL3X4,3,3,3,3,2,0
CAN-AS82L26FMH,2,3,3,3,2,2
CAN-5D5TLNCL1M,3,3,3,3,1,1
CAN-6HZV6T6FBO,3,2,3,2,2,2
CAN-WEGSPT8IF3,3,3,3,3,2,2
CAN-TDVLFSGSED,3,3,3,3,1,1
CAN-UZI51TJC0N,3,3,3,3,2,2
CAN-BF00X8J93V,3,2,3,3,1,2
CAN-YZ87F8CLCT,2,3,3,3,2,2
CAN-NPTQFNLHRF,3,3,3,3,2,2
CAN-MOTR04NI57,3,3,3,3,2,2
CAN-ZXNRIMS4YX,3,2,3,2,1,2
CAN-SVHF1LE79D,2,1,4,3,2,2
CAN-ZM67K1Z578,3,3,3,2,2,2
CAN-OFZ9O794TD,3,3,3,3,2,2
CAN-07LXS3D2J8,3,3,3,4,2,2
CAN-06VVEXLIKN,3,3,3,2,2,2
CAN-TVUR4RM6FU,3,3,3,2,1,1
CAN-6NHOI7HD4X,2,2,3,2,2,2
CAN-J0K1AQHF5Z,1,3,3,2,1,1
CAN-K6JAS98LV3,3,2,3,3,2,1
CAN-NLVXEKBX6W,3,3,3,3,2,2
CAN-QIWW50UPFN,3,3,3,2,2,1
CAN-EZO5QGJCEJ,3,3,3,2,2,0
CAN-55C3NQN6M1,3,2,3,3,2,1
CAN-L853HDBTAG,3,3,3,2,2,2
CAN-HCD5WHXHPL,1,3,3,3,1,0
CAN-8SKCYB81S9,3,2,3,1,2,1
CAN-B4YBR0ED9N,3,3,3,3,2,0
CAN-NPCT3NUN05,5,3,3,3,2,2
CAN-ST6DKXWLIC,3,4,3,1,1,0
CAN-ULSN9XHA4M,3,3,3,3,2,2
CAN-9UY5GF0JHA,3,3,3,3,2,2
CAN-ZSI9OHWUZ0,3,3,3,3,2,1
CAN-S0PZKVTPPJ,3,3,3,3,2,1
CAN-2OKQKA65NL,2,3,3,3,2,1
CAN-7Y3LRHYG2P,2,4,3,3,2,2
CAN-X3G9YIXPL6,0,0,3,0,1,1
CAN-CCH09NVVZV,3,3,3,2,2,1
CAN-MVND4C9XVA,3,3,4,3,2,1
CAN-ET6MLRJTFA,3,2,3,2,2,1
CAN-4223Y1PWSZ,3,2,3,3,2,2
CAN-FUPAG7W4F9,2,3,3,3,2,1
CAN-MPOFBU42OZ,2,1,3,3,1,2
CAN-BDVFJ2WO00,3,3,3,3,1,2
CAN-F98DMF9GK8,2,3,3,3,1,1
CAN-I8Q1TMQIYX,3,3,3,2,2,2
CAN-CGBYJWNF8P,2,3,3,3,2,1
CAN-0QBKCLVXEG,3,3,3,3,2,1
CAN-9IU6X2M06F,3,3,3,3,2,1
CAN-7752CBT0BN,3,2,3,3,2,1
CAN-ZBHZ6FMVC2,3,3,3,2,1,2
CAN-9YR8T1NJMI,3,3,3,3,1,0
CAN-8UW7AE6YGY,3,3,3,3,2,2
CAN-DE9RS3XW94,2,3,3,3,1,2
CAN-SA7BIZW9Z0,1,3,3,2,2,2
CAN-TJ7HE7G5DM,3,3,3,3,2,2
CAN-HVQGTA1MIU,3,3,3,3,2,1
CAN-IFU77JQGK6,3,3,3,3,2,0
CAN-ZV6GZSTMDG,3,2,3,3,0,0
CAN-S78Z2EHNEH,3,3,3,2,2,2
CAN-GZYN4I0JP9,2,3,3,3,2,2
CAN-KA4X6KP8FB,3,1,3,3,1,1
CAN-MV4MTLPISI,3,3,3,3,2,0
CAN-VIWD1ZK5TL,3,1,3,3,2,1
CAN-IWDLVT542Q,3,3,3,3,2,2
CAN-697B6BHXL7,3,3,3,3,2,1
CAN-Z2FMDPQZ6U,3,3,3,3,2,2
CAN-BBZ9D47YDZ,2,2,3,3,2,0
CAN-L70ACEG225,3,3,3,3,2,1
CAN-WZJV935BNK,2,3,2,3,1,2
CAN-I84CNG49WE,3,1,4,2,2,1
CAN-92UX4SWLTP,2,2,3,3,2,1
CAN-XI2MHDRYY4,3,3,3,3,2,1
CAN-100OT2QMJG,2,3,3,3,2,2
CAN-F4G7BQPDQG,3,3,3,3,2,2
CAN-VXTDFK5HIJ,3,3,3,3,0,2
CAN-KVD026Q9O1,3,3,3,3,2,2
CAN-SH46A17808,2,3,3,3,2,2
CAN-A0K6A3D3AN,3,2,3,2,2,2
CAN-MXXYAHVE5G,3,2,3,3,2,0
CAN-D7ASE1KK77,3,3,3,3,2,1
CAN-83US8ELNPQ,3,3,3,3,2,2
CAN-RMS3E77HHT,3,3,3,3,2,0
CAN-2POZCH38EU,0,0,2,0,0,0
CAN-V9RMCF39PI,3,3,3,3,2,2
CAN-K6KHOLUJQC,3,3,3,2,2,2
CAN-UVJPELKEW7,3,3,3,3,2,2
CAN-NDT2R6EXSR,1,3,3,3,2,2
CAN-G52AIHN0D6,3,3,3,1,2,2
CAN-YKV42VY12H,3,3,3,2,2,2
CAN-VVMOOPI0HL,3,3,3,3,2,1
CAN-Q330N6VR9A,2,3,3,3,1,1
CAN-SVAZFKXXT9,3,2,2,3,2,2
CAN-LXEGI36XGA,2,3,2,3,2,1
CAN-DYTK9WXYXK,2,3,3,3,1,2
CAN-J096OS5S9I,2,3,3,2,2,2
CAN-NZPNS8EDKV,6,3,3,5,2,2
CAN-N79LWQA4AY,3,4,3,5,2,2
CAN-PB2ZB2KKJF,3,3,3,3,2,2
CAN-N8B4PEDSWO,3,1,3,3,1,2
CAN-4R0JQ23XI7,2,3,3,3,1,2
CAN-Q4NS6W7MH5,3,2,3,2,1,2
CAN-6Z24Q4QY8Y,0,0,2,0,0,0
CAN-EN4YWZ1ME4,1,3,3,3,2,2
CAN-JKAHVIQ1U9,3,2,1,2,1,1
CAN-PMK5CLUVKS,4,3,3,3,1,2
CAN-1QE1YMCJUC,2,3,3,1,2,2
CAN-KI4D8H0W2K,3,2,2,3,2,2
CAN-WY6D5IOC2U,3,3,4,3,2,2
CAN-7DYEXDMGTZ,3,3,3,3,2,1
CAN-GVG2VR3RQZ,4,3,3,3,2,2
CAN-82SDR596O9,3,1,3,1,2,0
CAN-2ILY34ABB2,3,3,3,3,2,2
CAN-LSEVHXZ724,2,3,3,3,2,1
CAN-F5XU4JY9X0,3,3,3,3,2,2
CAN-XM1033DFSU,3,3,3,2,2,0
CAN-B53EX4Q2DS,3,3,3,3,2,2
CAN-LTZEX6FLUK,2,3,3,3,2,2
CAN-P08J6F3HA1,4,3,5,3,2,2
CAN-9KXQ5EJNPK,3,3,3,3,2,0
CAN-OHV12T7XKP,2,3,3,2,2,1
CAN-T2J2C72JKL,3,3,3,3,2,0
CAN-IOAWWYNKD5,2,3,3,2,1,0
CAN-6MVAJ9Q4V1,3,3,3,4,2,2
CAN-REZR5C3OAV,3,2,5,2,2,2
CAN-BCME4GZMWN,2,3,3,2,1,2
CAN-FVJ2RDCKQ1,2,3,3,3,2,2
CAN-YPY46FBMCC,2,2,1,3,2,2
CAN-61KXI5FXDX,3,2,3,3,2,2
CAN-SRGSZNKKMB,2,3,3,3,2,1
CAN-M6I6ONFLH6,3,3,3,3,2,2
CAN-6WFKDE6ZKK,3,3,3,3,2,1
CAN-V23OOC8HU7,3,3,3,3,2,1
CAN-TI05ZUF10E,1,3,3,2,2,2
CAN-C9G52GTHZY,3,2,3,3,2,2
CAN-UTZF5XWAMP,2,3,3,3,2,1
CAN-MPESVDVF55,2,2,3,1,2,2
CAN-MD6HSPZNPH,3,3,3,3,2,2
CAN-K0D095GVK5,1,3,2,2,1,2
CAN-HSDU3KWUNZ,3,1,3,3,2,2
CAN-6BD3PFQF28,3,3,3,3,2,1
CAN-1LSMY0ZLFQ,2,3,3,3,3,2
CAN-XYUM8TWAO8,8,13,5,7,3,4
CAN-O8S8KPCUIX,3,2,3,2,2,2
CAN-ROTUH4IHJT,2,3,3,3,1,1
CAN-C6VE6MY586,3,3,3,3,2,2
CAN-Q2ZQY1IULW,3,3,3,3,2,2
CAN-M60Q4N3346,3,3,3,3,2,1
CAN-VI0ZJV8C62,3,3,3,3,2,1
CAN-WNGOBOGPZG,3,3,3,3,2,2
CAN-VYW3DH0M5Z,3,2,3,3,2,1
CAN-ZIKLTOOBC1,2,2,3,3,1,2
CAN-F0ND67NLR9,1,2,3,2,2,2
CAN-NNCWUJDKZO,3,2,4,2,1,2
CAN-0KV9NVPAC4,5,4,3,4,2,3
CAN-564ICB36W4,3,3,3,2,2,2
CAN-1H7WHJWXH9,2,3,3,3,2,2
CAN-KDWCIXD4YZ,3,2,3,3,1,1
CAN-K7TP1MSJGJ,2,3,1,3,2,0
CAN-7OY100UDQW,3,3,3,3,2,2
CAN-2HDFMCZWT1,5,5,4,3,4,3
CAN-8IRS1XQLMO,3,3,3,3,2,0
CAN-9NMO0LDIPH,3,3,3,3,2,0
CAN-S2IDP6Y8DQ,3,1,3,3,2,2
CAN-V479HNJTK3,3,3,3,3,2,1
CAN-U2FO8XUOJ6,3,3,3,3,2,0
CAN-GEZEKFZ5KT,3,3,3,3,2,1
CAN-L6T7DVQUBF,3,3,5,1,2,2
CAN-G3OS3FZSN6,3,3,3,3,2,2
CAN-3UY7RT95PC,3,2,3,3,1,1
CAN-N295H28Z0G,2,3,3,3,2,1
CAN-5THP6TFMJP,2,3,0,2,2,1
CAN-1JJHHXXSRH,2,2,3,2,2,2
CAN-H33SRJ8WFK,3,3,3,2,2,1
CAN-7QJZANN5WS,2,3,3,1,2,1
CAN-P81FJPVDVO,3,3,3,2,2,2
CAN-2ZRG6AOCMD,3,1,3,3,2,1
CAN-0YHKSFO1CJ,3,3,3,4,3,1
CAN-I2IX9Z1TW1,3,3,3,2,2,1
CAN-ZH31X5AC09,2,3,3,2,2,2
CAN-0JCUWEANC5,2,3,3,2,2,1
CAN-G9R2V60AVY,3,3,3,3,2,2
CAN-IZNBQNDIOO,3,2,3,3,2,2
CAN-WDONBRE4TZ,3,3,3,2,2,1
CAN-4D4P5H422D,1,4,3,2,2,2
CAN-5MSTE6PV3D,3,2,3,2,2,1
CAN-KBCO5N0I2M,3,3,3,3,2,2
CAN-81PNVKGP5E,3,2,3,3,2,1
CAN-X30HY8O6E3,3,3,3,4,2,2
CAN-NHASKUIL8X,3,1,3,2,2,2
CAN-XNA5OY8J1X,4,4,3,4,2,1
CAN-917Q10FXLU,3,3,3,4,2,2
CAN-1BSTC23SKX,3,2,3,3,0,0
CAN-03BGDG4C0H,3,3,3,3,2,2
CAN-Z16LCZMME0,3,2,3,2,2,1
CAN-QYA01QVH6H,2,3,3,3,1,2
CAN-8ETMV6K0D4,2,3,3,3,2,1
CAN-DGPJZ0NZDP,2,3,3,3,2,2
CAN-H39EMGH6WS,3,1,3,2,2,2
CAN-AY0Q12K334,3,3,3,3,2,1
CAN-N7Z1UYVR5E,2,3,3,3,2,1
CAN-MFLCE343M4,3,3,2,4,1,1
CAN-OY0GZCJ9CA,3,3,3,3,2,1
CAN-6NQ6NPYB6Z,3,3,3,3,2,2
CAN-984C0P2W0N,3,3,3,3,2,2
CAN-EXQXGUIYET,2,3,3,3,2,2
CAN-FMXQMMIPKV,3,3,3,3,2,1
CAN-G13OXX04FU,3,3,3,3,2,1
CAN-RRH6CK6LQG,2,3,2,2,2,1
CAN-2XN9XWI6F5,3,3,3,3,2,1
CAN-RPDOVGW3BB,3,3,3,3,2,1
CAN-KXM5EVL9WL,3,3,3,3,2,2
CAN-3DITXG5Y9A,2,3,3,3,2,2
CAN-1ML98COPQP,2,2,3,3,1,1
CAN-VQFZ1ND86N,3,3,3,3,2,2
CAN-UJCH86I0L3,3,3,3,3,2,1
CAN-RGY8BKPLOJ,3,3,3,3,1,0
CAN-75RC4NBYND,3,3,3,2,2,1
CAN-4707SF6ORA,3,3,3,3,2,2
CAN-DEL9UKNVBU,2,3,3,3,2,1
CAN-F92ZM84SNH,3,2,2,2,0,1
CAN-1FK34F7AXU,3,3,3,3,2,2
CAN-BAM1LUPNB9,3,3,3,3,2,2
CAN-BLJZ8WC5UH,3,3,3,2,1,1
CAN-923DKIQ7NR,3,3,3,2,2,1
CAN-H5GPTAPOY1,3,1,3,3,1,2
CAN-13202SSNII,3,3,3,3,2,2
CAN-92C5EQ2UJ3,3,3,3,0,2,1
CAN-4S955KWR67,3,2,3,3,2,0
CAN-QIOZD08L1C,3,2,3,3,2,1
CAN-AK6I5KU0XJ,3,3,3,2,2,2
CAN-W0ZJE2FWEK,3,2,3,2,2,2
CAN-2YWHKOJV1L,3,2,3,3,2,1
CAN-HK7N961DX8,3,3,3,3,2,1
CAN-RKLTF4Z3HX,3,3,3,1,1,2
CAN-UI1YJ3Z6DX,3,3,3,3,2,2
CAN-EOIU1NQ1SL,3,3,3,3,2,1
CAN-AZLYANMAWC,2,3,3,3,2,1
CAN-BG2JQTKE9R,3,3,3,3,2,2
CAN-BVHTHDHCTP,3,3,3,3,2,2
CAN-LFJAYG78QN,3,3,3,4,2,0
CAN-VR6N0MO0OT,3,3,3,3,2,0
CAN-9MEBZ005CK,6,3,3,5,2,2
CAN-W986LE9HW8,3,3,3,3,2,2
CAN-RN1A8MI9Q4,3,2,3,3,2,1
CAN-W7Q174D362,3,3,3,3,2,2
CAN-WFWU21XVQ6,3,3,3,3,2,1
CAN-XZGXN530VO,2,3,3,3,2,1
CAN-AMSCV4X2FE,3,3,3,4,2,1
CAN-5F6A2RFHOD,2,2,3,3,1,1
CAN-P6SVJ9599M,2,2,3,3,2,1
CAN-CKU8MWGL99,2,3,4,3,2,2
CAN-29TABVQKBT,1,3,3,3,2,1
CAN-27KAXPL36V,3,3,3,3,2,2
CAN-WB9EBLQ11E,2,2,3,3,2,1
CAN-TB4X8S7DPC,1,3,3,3,2,2
CAN-Q0GP8X9FXA,3,3,3,3,2,0
CAN-YC9TLRJ1WT,3,3,3,3,2,2
CAN-K0ETSVRRWD,2,3,3,2,2,2
CAN-S16CLISL10,3,3,3,3,2,2
CAN-A75XS74SWK,2,3,3,3,1,1
CAN-CEDJOACHM4,3,3,3,3,2,1
CAN-9ABCUQY1YD,3,3,3,4,2,2
CAN-FMI1COJ62N,2,3,3,2,2,1
CAN-4P7W0A6T4N,3,2,2,2,2,1
CAN-WN9ONFEAX4,3,3,3,3,2,1
CAN-6JOETWLDUV,1,2,3,2,2,2
CAN-N26IEVEH1W,3,3,3,3,2,0
CAN-C03BJ8K270,3,3,3,1,2,2
CAN-M69NJ1KP3R,2,3,3,3,2,1
CAN-QXPENPF3LL,2,3,3,3,2,2
CAN-WZRPBB1IYX,3,3,3,3,2,2
CAN-NTEE7B2VM1,3,3,3,3,1,2
CAN-IPOO7MGJLX,2,3,3,3,2,2
CAN-NNVP6ORXNC,3,3,3,1,1,1
CAN-BTLCBUNRSG,3,3,3,3,2,1
CAN-NCXNTFT47I,3,3,2,1,2,2
CAN-BFLM6JJTFC,3,3,3,3,1,2
CAN-XVL1SNE30S,3,1,3,3,2,1
CAN-NZ60ITUAMZ,2,3,3,3,2,1
CAN-FYUEW2VH6Q,3,3,3,3,1,1
CAN-1F0ARDP8K8,3,3,3,3,2,0
CAN-9PLQRNRBRK,5,3,3,3,2,2
CAN-H7UJHJ5PME,0,0,3,0,0,0
CAN-VHC7V83AWQ,2,2,3,3,1,1
CAN-LRAX80KPT0,3,3,3,3,2,1
CAN-YGST5GFERA,3,3,3,3,2,0
CAN-XHZSSX9IN3,3,2,3,2,2,1
CAN-2DBOFB2HIP,3,3,3,3,2,0
CAN-KZJR530OUQ,5,2,3,3,1,0
CAN-9P9LGPRI5O,2,3,3,3,2,2
CAN-HJZZXXBZ14,3,3,3,2,2,1
CAN-Y3M5O706D7,3,3,3,3,2,2
CAN-P5X77VF5NS,2,2,3,3,2,2
CAN-MYXYCIQ9RZ,3,2,3,3,2,1
CAN-D15P6GKKKR,2,2,3,2,1,2
CAN-7Z0C417ZDP,3,2,3,3,2,2
CAN-4CJU809Z0D,3,2,3,2,2,2
CAN-UO7KV7PBPW,3,3,3,3,2,0
CAN-VYF4245RGN,2,2,3,3,2,1
CAN-ROOHXIJ7P4,3,3,3,2,1,2
CAN-T6SD2WI35H,3,3,3,3,2,2
CAN-MOG0T1D6BV,3,3,3,3,2,1
CAN-9PT7WIE7GM,3,3,3,3,2,1
CAN-7U9FMFL23I,3,3,3,3,2,2
CAN-FE9BE1FVSX,3,3,3,1,1,1
CAN-ILUQNI9GGI,3,3,3,2,2,1
CAN-3E88BL7X8N,1,2,3,3,2,1
CAN-8FMXXW6VC4,3,3,3,3,2,2
CAN-2G1W3PPJMM,3,2,3,2,2,1
CAN-EQEDCPXOLW,3,3,3,3,2,1
CAN-9GCZARDNAC,3,1,3,3,2,0
CAN-Y90RI3HH8U,1,2,3,2,2,2
CAN-CBZ8HNZJO1,3,7,3,4,2,2
CAN-21ZL852N1Z,4,3,3,2,2,1
CAN-54FJ3LNRIX,3,3,3,3,2,1
CAN-X0AH8LX0Q5,3,3,3,1,1,0
CAN-6HDTUWSC0N,4,3,3,3,2,2
CAN-VPVPK0HY3T,3,3,3,3,2,1
CAN-ESR7XHLGJZ,1,0,3,0,0,0
CAN-8VV5Z1LA0M,3,2,2,2,2,2
CAN-WRYT3JA62H,3,3,3,3,2,2
CAN-6WA7X7ZUPB,2,3,3,2,2,1
CAN-9OGE7ZJAPZ,3,3,3,6,2,1
CAN-EKGEZ2T1P6,3,3,3,2,2,2
CAN-4C1IKQVO5U,3,3,3,3,2,2
CAN-EIVJUWEH41,2,3,3,3,2,2
CAN-VG34N2E8XG,1,3,3,3,2,2
CAN-PEH0PR290Y,3,3,3,3,2,0
CAN-NFV22N9141,3,3,3,3,2,1
CAN-PYJZVYXN5L,2,3,3,3,2,1
CAN-L7DO3CEWM6,3,2,3,2,2,2
CAN-IVAIG69ZJW,1,3,3,2,2,1
CAN-QME4S6QZVD,1,3,3,2,2,1
CAN-64WMF6JWLF,3,1,3,3,2,1
CAN-RT5XIUSLVV,4,3,3,4,3,2
CAN-OS9CZ0GQRX,4,4,3,5,2,1
CAN-6C5FMS6X05,3,3,3,3,2,2
CAN-309JHWPRCR,3,3,3,3,2,1
CAN-140B5KNVFC,2,2,3,2,1,0
CAN-YFMXJLOTUM,3,3,3,3,2,1
CAN-UC1GUSFB8Y,3,4,3,4,2,2
CAN-359X0HM19J,3,3,3,3,2,2
CAN-WTPIRL9Q5Z,3,3,3,2,2,2
CAN-JQP28IHCCE,3,3,3,3,2,2
CAN-K1BUOIDD26,3,3,3,3,2,1
CAN-P3QMA1ID2Y,2,2,3,3,2,1
CAN-2ZBZZ89QME,2,3,3,3,2,1
CAN-5MVSWWO2D5,2,2,3,3,2,1
CAN-G1U6R4SRP9,2,2,3,3,1,1
CAN-HPS7ZW6BUR,2,3,3,3,1,0
CAN-VZRQ7NZ3DU,4,5,4,9,4,3
CAN-1RFZ6LV26Z,3,3,3,3,2,0
CAN-0N2V2QJ0LP,3,2,4,3,1,1
CAN-MR5BAMCACC,3,3,3,3,2,2
CAN-GDWCSRFTDT,3,3,3,3,2,1
CAN-U04NBURKNI,1,3,3,3,2,1
CAN-LK41TP8GY4,2,3,1,3,1,2
CAN-8OWW6O69JS,3,3,3,3,2,0
CAN-WWW5FIOSG7,3,4,3,3,1,2
CAN-811OJEAPZE,3,2,3,2,2,1
CAN-3CK0QFL4AF,3,3,3,3,2,2
CAN-DF27ZPCH96,3,3,3,3,2,2
CAN-UN8228G1WO,3,3,3,3,2,2
CAN-3IK6ZJ1FVN,3,3,3,3,2,1
CAN-HVPJWMTPWK,3,2,3,3,2,1
CAN-13HD6K30KZ,3,3,3,2,2,1
CAN-KAEH77AZL2,2,1,3,3,2,2
CAN-Q9VDYHQSTY,3,3,3,3,1,1
CAN-I8FXXXZERP,2,3,3,3,1,1
CAN-9RK5B2G389,3,2,3,4,1,1
CAN-NTB96ZANW9,3,3,3,3,2,0
CAN-VW0ASIVSXL,2,3,3,3,2,1
CAN-O9DV1H2N7P,1,3,3,3,2,2
CAN-2DE86PXELM,3,3,3,3,2,1
CAN-5QBE7AOUKG,3,3,3,3,2,1
CAN-7KQQI04XJQ,2,3,3,3,2,2
CAN-YUYFXDLWL8,3,3,3,2,2,2
CAN-JUCT41NVA5,2,3,3,2,2,0
CAN-CHEPGEX4TH,3,2,3,3,2,1
CAN-A7IEE0SJQ2,2,2,3,3,1,1
CAN-KEXPKZUHVO,3,3,3,3,2,1
CAN-EW227J0CZD,3,1,3,3,2,2
CAN-RJUB09MEJK,2,3,3,3,1,2
CAN-HFPM39CVEX,4,5,3,4,3,2
CAN-S9LGE21HHA,2,3,3,3,2,2
CAN-J6TTPXGGL1,3,3,3,3,2,1
CAN-P0141A40U6,3,2,3,3,2,2
CAN-D3ZAXUU9FU,3,3,3,3,2,2
CAN-JSJ2IRRJIT,3,3,3,3,2,2
CAN-WQIHFV119V,3,3,3,3,2,2
CAN-KFKNQZ87QG,3,3,3,3,2,1
CAN-83IH5N1XRT,3,3,3,4,2,1
CAN-62RT441ZML,2,3,3,3,0,1
CAN-04L90C4DVX,3,3,4,3,2,2
CAN-ONAIJ8SSVE,3,2,3,3,2,1
CAN-O9HNA4UXMF,3,3,3,2,2,1
CAN-HQCT1FL4XO,3,3,3,3,2,2
CAN-PDIC8RUKEF,1,3,3,3,2,2
CAN-C6S9U8NUNW,3,3,3,2,2,0
CAN-2AXDVROPZI,3,3,3,3,2,1
CAN-BPGRQAS63G,3,2,1,2,2,1
CAN-NJIWES3CMC,3,3,3,3,2,1
CAN-96K62XQ18N,2,3,3,2,2,1
CAN-IS5WC5FE17,2,3,3,3,2,1
CAN-DBWCJSSNLB,3,3,3,3,2,1
CAN-KWYHNIZKW0,2,3,3,3,2,1
CAN-MG207RG017,3,1,3,1,1,1
CAN-HOWZHGLS21,2,3,3,3,2,0
CAN-C9O7FVXS8Q,3,3,3,3,2,1
CAN-7EKCQZ8LOJ,3,4,3,4,2,1
CAN-0IIR6D1LTE,3,3,3,3,2,1
CAN-50E93XECKG,3,3,3,3,2,1
CAN-1JRQWPMKM5,3,3,3,3,2,0
CAN-GB638ZIQ6V,3,3,3,3,2,2
CAN-5MC3Q34DT3,3,3,3,2,1,2
CAN-V7I3FLID8N,2,3,3,3,2,2
CAN-JR0868JS2L,3,3,3,3,2,1
CAN-8X4RFEV5HW,3,1,3,2,2,2
CAN-43F3XYBAPZ,2,3,2,3,2,1
CAN-ZRFMVQRZZO,3,2,3,3,2,2
CAN-XRT72EFLSG,2,2,4,3,2,1
CAN-FIJW15F072,2,3,3,1,1,2
CAN-N9NVWWVKYK,3,3,3,2,2,2
CAN-Q8XIXM26IT,3,3,3,3,1,1
CAN-8EMS5765G3,7,5,3,5,2,3
CAN-4I5S06SRRH,3,1,3,2,1,1
CAN-2YKWL8TFAT,3,3,3,3,2,2
CAN-9PIB5P6HOX,2,3,3,2,1,2
CAN-1PNIXHHFMS,2,3,3,2,2,2
CAN-CV1BL2AQNX,3,3,3,2,2,1
CAN-00BT3190WN,3,3,4,2,2,2
CAN-5DDAUMZ5CE,3,2,3,1,2,2
CAN-EFLLA4IBHK,3,3,3,3,2,2
CAN-RYDGLZKUCP,3,3,3,3,2,2
CAN-0ZBFW8GBAA,2,3,3,2,2,1
CAN-4J8F5Q359W,3,4,3,4,2,1
CAN-7V9KOOQOFH,3,1,3,2,2,2
CAN-KSY8L3P9EG,3,3,2,2,2,1
CAN-PHYXLCZPC1,2,3,3,2,2,1
CAN-LZYU966U27,0,0,3,0,0,0
CAN-BM7SLVGG6W,2,3,3,2,2,2
CAN-A6CZZSXYG2,3,2,3,3,2,2
CAN-499J2LII3O,2,3,3,2,1,2
CAN-SLGJFN9RLX,3,2,3,3,2,1
CAN-XXVUZ34A9Q,3,3,3,3,2,2
CAN-3V6T3OMBHW,3,2,3,3,2,2
CAN-X2FNPM5JPP,3,3,3,3,2,1
CAN-APVA8HB62V,2,3,3,2,2,2
CAN-HAMMDZDJPL,3,3,3,3,2,2
CAN-KGIMEIU178,2,2,2,3,2,2
CAN-2GI8AAYAEP,2,2,3,2,1,1
CAN-JJ6IHEE13S,3,1,3,3,1,0
CAN-RBSRZ40BCI,3,2,3,3,1,2
CAN-8SETXTYFQI,3,3,3,3,2,1
CAN-BZ5NI2U0UG,3,3,3,3,1,1
CAN-6UOBA32KB9,0,0,3,0,0,0
CAN-ZNN25PG9EK,2,3,2,3,2,2
CAN-JOAG3O7JLO,3,3,3,3,2,2
CAN-L1UD2I6BZF,2,2,3,2,2,1
CAN-JR9B6VBEK0,3,3,3,3,1,1
CAN-IEJURYFL3E,3,4,3,3,2,1
CAN-WV5DXVMCL0,3,3,3,1,2,1
CAN-1C7B4BG3DK,3,3,3,3,2,1
CAN-Z8NR3FTQPA,3,3,3,3,2,1
CAN-W75Z2Y1LOK,2,2,3,3,1,2
CAN-21HE1S66B9,3,2,2,3,2,1
CAN-NGIKR896R1,3,3,3,3,2,2
CAN-9ASI1MRLI8,3,3,3,2,2,2
CAN-KHXFZJN4QC,3,3,3,3,2,1
CAN-Z40V86LXXZ,3,4,3,3,2,1
CAN-TRE6QCHMG4,1,3,3,4,2,2
CAN-VNKWF4A7BF,3,2,3,3,2,1
CAN-HUDF70R3IF,3,2,2,3,2,2
CAN-1QM4PMUXLB,3,3,3,3,2,1
CAN-TY6ZQ10QMF,1,3,3,3,2,2
CAN-2UC1S4T61R,3,3,3,3,2,1
CAN-XSB1CDQY5U,3,3,3,3,2,2
CAN-BLZXVD18AI,3,3,3,3,2,2
CAN-LGA0XUDNG9,3,3,3,2,2,1
CAN-2MZAOEZKG9,3,3,3,3,2,0
CAN-84QF2MGB9T,3,2,3,3,2,2
CAN-K0OS7PBL35,3,3,3,3,2,2
CAN-RV85O79X3S,3,2,3,3,2,1
CAN-1CFC0MA0UM,3,3,3,1,2,1
CAN-SL72IRO8DW,3,3,3,3,2,1
CAN-RTV4GNV2HV,3,2,3,3,2,1
CAN-QU7Z01L8GD,3,2,3,3,2,2
CAN-CD69KRGZBV,3,3,3,3,1,0
CAN-QAUD4ILOEJ,2,2,2,3,2,2
CAN-5SJM4EM9WL,3,3,3,3,3,1
CAN-ZIHNWT03V6,3,3,3,3,1,0
CAN-CBHHMIY8EB,3,3,3,3,3,1
CAN-MUVVVZBJZQ,2,3,3,2,2,1
CAN-2FN81FQF57,3,3,3,3,2,2
CAN-HPNL0VBRZT,3,3,3,3,2,2
CAN-OV2OP0BPC2,3,3,3,3,2,1
CAN-J78NJ2AHT5,3,3,3,3,1,2
CAN-2KA31FPATP,3,3,3,3,2,0
CAN-XHDRZM7Y9U,3,1,3,3,1,2
CAN-L35FPSYBS9,3,3,3,3,2,2
CAN-5A4YPDFGU4,2,2,3,2,2,2
CAN-IX5IA5JADP,2,1,3,1,2,1
CAN-WOZ3N0UTWX,3,3,3,3,2,2
CAN-F7NOKFVVYP,5,4,4,4,3,3
CAN-CEFAIKRM4H,3,3,3,3,2,2
CAN-1UULE9Q86K,3,3,2,3,3,2
CAN-1HHL9UQ4P9,3,3,3,3,2,1
CAN-I3WY1YN5MM,3,2,3,3,2,2
CAN-DNFNFD4KXH,1,3,3,3,2,1
CAN-1WPWIHSONZ,3,3,3,3,2,0
CAN-8XIHSUEAA6,2,3,3,3,2,1
CAN-YS54SF0OUX,3,3,3,3,2,2
CAN-GBR2O4TCRW,0,0,3,0,0,0
CAN-3SZEYSBW8U,2,2,3,3,0,1
CAN-O0K6PH4XDY,3,4,3,2,2,0
CAN-3GFI11EZZX,2,2,3,3,2,2
CAN-25PZV3HTDW,2,2,3,2,2,0
CAN-TG18E6LGJB,2,2,3,3,2,2
CAN-62Y4IXVB9L,3,3,3,2,2,1
CAN-5FOL71ZS6J,2,2,3,3,2,1
CAN-8465UB8VHY,6,2,4,4,3,2
CAN-080KS9QESC,3,3,3,3,2,1
CAN-Y5LNZ2QQRV,3,3,3,2,2,2
CAN-Z8G0I9IEIO,3,3,3,3,2,2
CAN-8BR6ZCR6C5,3,3,2,3,2,1
CAN-HK7CJJ6YQS,2,3,3,3,2,2
CAN-7E3JDL4KLT,2,3,3,2,2,0
CAN-M5PX3JZR1B,3,2,3,3,2,1
CAN-C32YV5AU96,3,2,3,3,2,1
CAN-MBW8WBYWFG,3,3,3,3,2,2
CAN-8HZINOIFJ2,0,0,3,0,0,0
CAN-CG2A61INXT,3,3,3,3,2,2
CAN-8XKUV0MZRM,3,2,3,3,2,1
CAN-N7VNTG4VE7,3,3,3,3,2,2
CAN-G8WNEGXUR6,3,3,3,3,2,0
CAN-KQNSWJPUXZ,3,2,3,3,2,2
CAN-ILQHWNFY1X,3,3,3,3,3,1
CAN-K2NWEFTQFG,2,3,3,3,2,1
CAN-LVU99IQKI3,2,2,3,2,2,1
CAN-EJPJFXGXE5,2,2,3,2,2,2
CAN-I64GC1F73O,3,3,3,3,2,1
CAN-0US491WXTV,3,3,3,2,2,1
CAN-WQQAVM6KJ0,2,2,3,3,2,2
CAN-N5AXIPSRC1,3,2,2,3,1,1
CAN-TIKTV8FFXI,3,3,3,3,2,2
CAN-XY0O7LG86Z,2,3,3,3,2,1
CAN-XPOV43KRPJ,3,3,3,3,2,2
CAN-QOZNNY3XOS,3,2,3,3,2,2
CAN-F102SVS6S0,3,1,3,3,2,2
CAN-PKKYF4LJQN,3,3,3,3,2,1
CAN-VRR5TXWLM2,3,3,3,3,2,1
CAN-LVM3G1ENCA,3,2,3,2,2,2
CAN-5ZRFL67M04,3,2,3,3,1,2
CAN-SCIH4OCEWX,3,3,3,3,2,2
CAN-6PNSYH2K6Q,2,3,2,3,2,0
CAN-IDDAQ1XAR5,3,3,3,2,2,1
CAN-WFEJAHA4KJ,0,3,3,2,2,1
CAN-7IB2XRK8UK,3,2,3,3,2,1
CAN-B3QI1D6V07,2,2,3,3,2,2
CAN-UI9LP06WKT,2,3,3,3,2,0
CAN-GXTMUF9MJ2,3,3,3,3,2,2
CAN-IMC1NN34G5,3,3,3,3,2,0
CAN-1L4D38HZJM,3,1,3,3,2,2
CAN-9TD1AMCR28,3,3,3,3,2,1
CAN-XHTD9G07HA,3,3,3,3,2,2
CAN-W7WMLA59ID,3,3,3,3,2,1
CAN-NGXBC56SDK,3,3,3,3,2,2
CAN-5RPHT5Z5E7,3,3,3,2,2,1
CAN-U6ZRK60961,2,3,3,3,2,2
CAN-6TT1MJ89A2,2,2,3,1,1,2
CAN-CLS969XCYT,1,3,3,3,2,1
CAN-X66G0DQZY1,3,3,3,3,2,1
CAN-2YRGQCJE0E,3,2,3,3,2,1
CAN-9E9GN8J9TO,2,3,3,2,2,0
CAN-U79ZNXBNVQ,3,3,4,3,2,2
CAN-X58X5JQINC,3,2,3,3,2,2
CAN-KWP1997X87,3,3,3,3,2,2
CAN-8G6HTDW3TS,3,3,3,3,2,2
CAN-QLPFPO5OLD,3,3,3,3,2,2
CAN-JJ95M9863N,3,3,3,3,2,1
CAN-488ZQMJUIO,3,5,4,4,1,1
CAN-CC1516YZ47,3,2,3,2,1,2
CAN-GH7D4D514K,3,3,3,3,2,1
CAN-RIG27I4PY5,2,3,3,3,1,0
CAN-IX71UNKLCC,2,2,3,3,2,2
CAN-A80B8BWYTA,3,3,3,3,2,1
CAN-1E45WZY43D,2,3,3,3,2,2
CAN-7CVLBD738V,3,3,3,3,2,1
CAN-4S4D0383VK,3,3,3,3,2,2
CAN-UCE4G3CNP9,3,3,2,3,2,1
CAN-6MK64XUAXF,3,3,3,3,2,2
CAN-27YWM1IRR1,3,2,3,3,2,1
CAN-J54ARAPJC7,3,3,3,3,2,1
CAN-N173K08RKT,3,2,3,3,2,2
CAN-GD4B5D13OH,3,3,3,2,2,1
CAN-FZZQVJEZSA,3,2,3,2,1,2
CAN-I2CVJM8PJW,2,3,3,3,2,2
CAN-UH5R088C8K,3,3,3,3,2,1
CAN-LXYLRL6MJ2,3,3,3,3,2,2
CAN-NPJBBTGHAX,3,3,3,3,2,2
CAN-PKZ6W4GT5P,2,3,3,3,2,2
CAN-1Z0OG9C3TF,3,3,3,3,1,2
CAN-MP734TY95Y,3,3,3,3,2,1
CAN-UAQJ9DF4RS,3,2,2,2,0,1
CAN-PEJWN6CP0I,1,1,3,3,1,1
CAN-9F616ETT88,3,2,3,2,2,1
CAN-LDLXA7UGZE,3,2,2,3,1,1
CAN-VPRHAUUYMV,3,3,3,3,2,2
CAN-8D9020AF7D,3,3,3,3,2,2
CAN-L6JR386TAR,3,3,3,3,2,1
CAN-2N9I7A84OI,3,3,3,3,2,1
CAN-2ED9JBIFB3,3,3,3,3,2,1
CAN-6Y93CLAE2C,2,4,3,4,2,3
CAN-JDUDM5GWWV,2,3,3,4,2,2
CAN-BO253PSTSZ,3,3,2,2,2,0
CAN-BQ2E1CA8JA,3,3,1,3,2,1
CAN-C6JQXV1H28,3,3,3,3,2,2
CAN-KFG9FWRCTM,3,3,3,2,1,1
CAN-KU36S1J0NR,3,3,3,2,2,1
CAN-Z0FD21257G,3,3,3,3,2,2
CAN-XN1VY03MT9,3,2,3,2,2,1
CAN-MKMYP0AXKD,3,3,3,3,2,2
CAN-36ES5F5MIS,3,3,2,3,2,0
CAN-1RGPT3AZY3,3,2,3,3,2,1
CAN-X2VG0ZIVDY,3,3,3,3,2,2
CAN-PU7MLLXY3I,3,3,3,3,2,1
CAN-WTLISF84SF,3,2,3,2,2,2
CAN-3IP2RGXD1E,2,3,3,3,1,1
CAN-FWVARAKN5X,3,2,3,3,1,2
CAN-7Z4I6X76ZY,3,3,3,4,2,2
CAN-X60E0PZP7G,3,3,3,2,2,2
CAN-4DQEX1DFLP,3,3,3,3,2,1
CAN-P8LGLZ1UJT,3,3,3,2,2,2
CAN-71FHD9MXYM,3,1,3,3,2,2
CAN-IZDW24DNJP,3,2,3,3,2,2
CAN-HQ5CIZUDEH,2,3,3,3,2,1
CAN-1XZWGFWQZE,3,3,3,3,1,1
CAN-P1XE1ZZYBQ,3,3,3,3,2,1
CAN-101FE75TKM,2,3,3,3,2,2
CAN-BC336PGI90,3,3,3,3,2,1
CAN-ECPL4T6C8Y,3,2,3,2,1,1
CAN-RWMYHQSX0S,3,3,3,3,3,1
CAN-P5JD4KLID6,2,3,3,3,2,1
CAN-OBPVJ18GSS,3,3,3,2,2,1
CAN-R0P86GFWPR,2,3,3,1,1,2
CAN-VWM3SI5X46,3,3,3,3,2,2
CAN-6US4XAE8JS,3,3,3,2,1,0
CAN-6860C0OOGW,3,3,3,3,2,2
CAN-P1Z9MNXF91,3,3,3,3,1,1
CAN-CZM5PEVNQ6,3,3,3,3,2,1
CAN-IPQBUFFA7S,2,3,3,3,2,2
CAN-Z0QGHEHD6O,3,3,3,2,2,1
CAN-TDJP1I41NA,4,3,3,3,2,2
CAN-R0PIGPLMPB,3,2,3,2,2,1
CAN-7E682N7FZH,2,4,3,3,2,1
CAN-RHF8XN5P9S,3,3,3,1,2,1
CAN-I8YMVQ0V2C,6,5,5,5,2,2
CAN-QUA493P943,3,3,3,3,2,2
CAN-1RHY4XZFGR,3,3,2,2,2,2
CAN-ZG72R63IV4,3,3,3,3,2,1
CAN-PJ5N0BB82P,3,2,3,3,1,1
CAN-26Q0QTVVCQ,3,3,3,3,2,2
CAN-EHFHJIF452,3,3,3,3,2,1
CAN-5HIC6KT8VM,3,3,3,2,2,1
CAN-Z52NIBEBB6,2,3,3,3,2,1
CAN-KYNUOKTIIJ,3,3,3,3,2,1
CAN-BWTX1USE5Z,3,3,3,3,1,1
CAN-FG8BVUJIL4,3,3,3,2,1,1
CAN-FCMG0L7A87,3,2,3,3,1,2
CAN-EA5PODN9M5,2,3,3,3,2,2
CAN-0GUKUDDD2O,3,3,3,2,2,1
CAN-VX1CJ9WG1D,2,3,3,3,2,1
CAN-ZH34ZVG2Z7,2,3,3,3,2,1
CAN-8FR51ZL55T,3,3,3,3,2,1
CAN-D5Q0PT8VQY,2,3,3,2,2,1
CAN-0HLYE2H0TN,3,3,3,3,2,2
CAN-ZYUV662WKM,9,6,3,3,3,0
CAN-WOS1FRIWHU,3,3,3,3,1,1
CAN-JV4WC2QWJG,3,2,4,4,2,2
CAN-QVM4RVFBHO,3,3,3,2,2,2
CAN-YF2X5CG43X,2,2,3,3,2,2
CAN-GTRZMV90GK,3,3,3,2,1,1
CAN-VYA1YG3SVV,3,3,3,3,2,2
CAN-ZY11U6QKDR,3,3,3,3,2,0
CAN-Y5M2PI53HR,3,3,3,3,2,1
CAN-9KJGDRQ3DO,3,3,3,3,2,2
CAN-AQ7SQ8BCYU,3,3,4,3,2,2
CAN-28HOG1H1PI,3,3,3,3,2,1
CAN-HOS3TOXVMG,2,3,3,3,2,0
CAN-70XY0TEUWP,3,3,3,3,2,2
CAN-J477L1NDZT,3,3,2,1,3,2
CAN-9Y537L4WN7,3,3,3,3,2,2
CAN-ZFM58SH2WK,3,3,3,3,2,2
CAN-GIGVAFU07O,3,5,3,5,2,2
CAN-QK55RMY34K,2,3,3,2,2,1
CAN-J0YDPYCGXW,3,3,3,3,2,0
CAN-3HVWTE0LJH,3,2,3,2,2,2
CAN-SF9Z9SI7SE,3,2,3,3,1,1
CAN-M73WIKZ1NQ,3,4,3,3,1,1
CAN-0K1X49WOQ6,3,3,3,3,0,1
CAN-DINSAL0ZOO,3,3,3,3,2,0
CAN-NCTJEAZDCI,3,3,2,3,1,1
CAN-N6MB5JMR23,2,3,4,3,0,2
CAN-4CIVOPZ6FI,3,3,3,3,2,1
CAN-4ASICCO3U7,3,2,3,3,2,0
CAN-FZR5U4N6JG,3,3,3,3,2,2
CAN-MCLTNEFPWN,2,2,3,2,2,2
CAN-6CUOJO3IWF,3,4,3,3,3,2
CAN-AI7QWEPZJG,3,3,3,3,2,2
CAN-W3GHHSX31U,1,2,3,1,2,1
CAN-ML3KOAUISZ,2,2,3,3,2,2
CAN-SNVE4KI9V1,4,3,3,3,2,1
CAN-VTKA4UKRE5,3,3,3,3,2,1
CAN-KW96JAFLM0,3,2,3,2,2,1
CAN-YCVK0JCYLE,2,2,3,3,2,1
CAN-U49YVQ0Y22,3,3,3,3,2,0
CAN-UFGA7A431E,3,3,3,2,2,1
CAN-G4VWZEZE2A,3,2,3,2,1,2
CAN-Z19AG9AOM8,2,3,3,3,2,1
CAN-TGZI10D7MT,2,3,3,3,2,1
CAN-S2C4OC883V,2,3,3,3,2,2
CAN-UXN3POM7C3,3,2,3,3,2,2
CAN-TIZW6C1EMA,3,3,3,3,2,1
CAN-DUFIJ59SRI,2,3,3,3,2,0
CAN-6PNBRMQ3EV,3,3,3,3,2,2
CAN-2QLPQ3FXQW,1,1,2,3,2,1
CAN-NGQ1IY08Z8,2,2,3,2,2,2
CAN-4WDL3XVT4E,2,3,3,3,2,2
CAN-TRN7OFGD0J,2,3,3,3,3,2
CAN-RWSBAODM0I,2,1,3,3,2,2
CAN-2J6DKBMHRR,1,3,2,3,1,2
CAN-08QEU4BAML,3,3,3,3,2,1
CAN-RLQHKQQST9,1,2,3,3,2,2
CAN-X02IZ2D16Y,3,3,3,3,2,2
CAN-LT1FZJP48I,3,2,2,3,2,2
CAN-IQXXNR7JXF,3,2,3,3,2,2
CAN-J7C3PW4MDD,2,1,3,2,1,1
CAN-6ZVPSI8O93,3,3,3,3,2,1
CAN-0FEIQNB3SA,0,1,3,0,0,0
CAN-TDW8X226WX,2,2,3,3,2,1
CAN-B7I0ZY2FZT,0,0,3,0,0,0
CAN-8NVF5MBIQB,3,3,3,3,2,2
CAN-YOE5B69H00,3,3,3,3,2,2
CAN-31MUZ1H0K7,2,3,3,3,2,1
CAN-Q25OHIFYW6,3,3,3,3,2,2
CAN-TLIZCIV2DC,5,3,3,6,2,2
CAN-UWSHNU3MMX,3,3,3,3,2,2
CAN-A71C7L5EIY,3,2,3,3,2,2
CAN-VECS372APN,3,3,3,2,2,0
CAN-J4ETG9SDXN,3,2,3,3,1,1
CAN-SRKZ33WHYT,2,3,3,3,2,2
CAN-Y1IZN6L1ZV,3,3,3,3,2,1
CAN-MK4T15AH7A,3,3,3,2,2,1
CAN-MA1Z0HZB4Z,3,3,3,3,2,2
CAN-J2WE7JK933,3,3,3,3,1,2
CAN-AG0FAJKMGM,3,3,3,2,2,1
CAN-HJH9P9V2ZS,1,2,3,3,2,2
CAN-8467CAI41V,3,3,3,3,2,2
CAN-UW3XAH0FKA,3,3,3,3,2,2
CAN-SC4NBNQOEY,2,2,3,2,2,1
CAN-KKKH6CL5ZG,3,3,3,3,2,2
CAN-A8RUHP98S6,3,3,3,3,2,2
CAN-7ITIRBP2SX,3,4,3,3,2,2
CAN-DEFCQ46ANJ,3,2,3,3,1,1
CAN-QM2JTRXQVZ,3,5,3,3,3,1
CAN-D4Z32118CP,3,3,3,3,2,1
CAN-LPOEU0T8L8,3,3,3,3,2,2
CAN-IR89KQAPNH,2,3,3,3,2,2
CAN-CZ94GT8AIS,2,2,3,1,1,1
CAN-4RRD71B38E,3,2,3,3,1,1
CAN-SDLIZ8KRN1,3,3,3,2,1,1
CAN-ZGZK972HIC,4,3,3,4,1,2
CAN-FHE8ROV90X,3,3,3,3,2,2
CAN-I75H5I3TAW,2,3,3,2,2,2
CAN-EYRNA4SVLL,3,2,3,2,2,0
CAN-6V62FSKT6K,3,3,3,3,2,1
CAN-SAC7HWNBF8,3,3,3,3,2,0
CAN-O1UJ5ZE9G8,2,2,3,3,2,0
CAN-97GYMH2W98,3,3,3,3,2,2
CAN-LNKYRNWEBT,3,3,3,2,2,1
CAN-G8Y57LP84G,3,3,3,3,2,1
CAN-Z71UP542XS,3,2,3,3,2,2
CAN-4JWPB1NS8O,3,2,3,3,2,2
CAN-P09I5QXWAL,3,3,3,3,2,2
CAN-N3Z0C6YMT2,3,2,3,3,3,0
CAN-6OUG9A8BMO,3,3,3,3,2,2
CAN-V42T2ZVPT5,3,3,3,4,2,2
CAN-82H4VKFG3O,3,3,3,3,2,0
CAN-P7DDCGCOG1,2,2,3,3,2,2
CAN-GZUB0H45I3,3,3,3,3,2,1
CAN-BH54HUUYCY,3,2,3,2,2,0
CAN-OT4XREA68P,3,2,3,3,2,1
CAN-3WSM8WDYEO,3,3,3,3,1,0
CAN-31IUZGGVJ9,3,3,3,3,2,1
CAN-NBO5OG9TWM,2,2,3,3,2,2
CAN-MJN2OR273J,5,4,3,4,2,2
CAN-HCWEEY3YDU,3,3,3,3,2,2
CAN-N8I41Q3CSD,3,3,3,3,2,2
CAN-MYGUUC14FW,3,3,3,3,1,1
CAN-8J88ZSUDYF,3,3,3,3,2,0
CAN-5AITIRYJOV,2,2,3,2,2,2
CAN-48C2D4O5DX,2,3,3,3,1,1
CAN-XJPA2ROKKS,3,3,3,3,2,2
CAN-FNRLYWFM6B,3,5,3,3,2,2
CAN-RED0F809QB,3,3,3,3,2,1
CAN-MKMQ1XEC1C,3,2,3,2,2,1
CAN-TIPOLC684X,2,2,3,3,2,2
CAN-D95VGR4ESJ,3,3,3,3,2,1
CAN-9PKMYV93GO,2,3,3,2,2,2
CAN-T0CGHDSTEG,2,2,3,3,2,1
CAN-74AL3B9H6M,3,3,3,3,2,1
CAN-E3SLY07F7C,2,2,3,2,2,2
CAN-IX3NJYMYMG,3,3,3,3,2,2
CAN-HW442XS312,3,3,3,3,2,2
CAN-5S5OOMKX7X,1,2,3,3,2,1
CAN-7EQMMMLPZI,3,3,3,3,2,1
CAN-HMDGX8OXCP,2,3,3,3,2,2
CAN-NIGIZJMUU6,2,2,3,2,2,2
CAN-Y0F08BD3RJ,3,2,3,2,2,1
CAN-Q9B2XEA0GM,3,3,3,3,2,2
CAN-4ZYHTUBMRG,2,3,3,3,0,1
CAN-JB37DNW0NX,3,3,3,3,2,1
CAN-UT5RW1KFOB,2,3,3,3,1,2
CAN-K4RDFO707V,3,3,3,3,2,1
CAN-4WW8JRNEU9,2,2,3,3,2,2
CAN-PZEI55M0T2,3,3,3,3,2,2
CAN-115E6R0TVA,3,3,3,3,2,2
CAN-J0DPR4NDSO,3,2,3,3,2,0
CAN-2ZZ9CVQ4BB,2,4,3,2,2,1
CAN-AZVGB4JZT3,4,3,3,4,2,1
CAN-3Y9K6Y4VVS,2,3,3,1,1,2
CAN-OWS3QWL0GW,3,3,3,3,2,1
CAN-QXZLSQC85G,4,4,4,3,1,1
CAN-RJTOS8HMPW,3,3,3,3,2,1
CAN-QARVV3J0GP,3,2,3,3,2,2
CAN-4KNMD4UME8,3,3,3,3,2,0
CAN-KSO64N1VQ4,2,3,3,3,2,1
CAN-GKIY8211G3,2,3,3,2,2,2
CAN-59HB4659T8,3,3,3,3,2,2
CAN-GWAEVOUXZH,3,5,3,3,3,2
CAN-T0O6IL9QTB,3,3,4,3,2,1
CAN-Q1MGLC2BHN,3,2,3,2,2,2
CAN-CDO93JBDPP,3,3,3,3,2,1
CAN-4C9A1LJYCO,3,2,3,2,2,0
CAN-2WY3QK5N4V,3,3,3,3,2,0
CAN-IUHXBH8HR7,3,3,3,3,2,1
CAN-0K9ZMGMVXU,2,2,3,3,2,1
CAN-6QLZ0SPYFK,3,3,4,2,2,2
CAN-CSIU24JP7R,3,2,3,3,2,2
CAN-5U5IK8VVCA,3,2,3,4,2,1
CAN-J8HBTS5APO,3,2,3,3,1,1
CAN-QTZTO1EZQY,3,3,3,3,2,1
CAN-RPE1594X08,3,3,3,3,2,1
CAN-N23HJAQNSV,3,2,3,3,2,1
CAN-TKNECBPKQV,3,2,3,3,2,1
CAN-RHVAHA78QC,3,3,3,3,2,2
CAN-QRFUZUTBGB,3,3,3,3,2,2
CAN-SPWV3AT6QE,3,3,3,2,0,0
CAN-NQ010MEBQA,2,3,3,3,2,0
CAN-WXMOJJ9BA0,3,3,3,3,2,2
CAN-XN7O7TQV5Q,0,0,3,0,0,0
CAN-YK2N80NUMI,3,3,3,3,1,2
CAN-J06RKTPZYF,3,2,3,3,2,1
CAN-UU4RE1OE9O,3,3,3,2,2,1
CAN-3YJFR1B3T0,3,2,3,2,2,1
CAN-2E4PYIM0N9,3,2,3,2,2,2
CAN-3EWL5E7AF9,3,3,3,3,2,1
CAN-EWINGK5GFQ,3,3,3,3,2,1
CAN-MGZUY7ZT7Y,2,3,2,2,2,2
CAN-MUQQFLP9RC,3,3,3,2,2,2
CAN-BZ6HY38742,3,3,3,2,2,1
CAN-K27NGN0466,2,3,2,3,0,2
CAN-7P7VRCSYMF,3,3,3,2,2,1
CAN-OPOUSJ7BKW,1,3,2,3,2,2
CAN-O9JJKU2OC6,1,3,3,2,1,2
CAN-F9Z65E9BNP,3,3,3,2,2,2
CAN-QIGO7R4L93,3,2,2,3,2,2
CAN-SNURRYY21D,3,3,3,4,2,2
CAN-FLL9D2QEOV,2,3,3,3,2,2
CAN-5YUGOYBYGN,3,3,3,3,2,2
CAN-OYKE1NRFQF,3,2,3,3,2,0
CAN-V4BN8OG63U,3,3,3,2,1,1
CAN-PN8CXSA4UY,3,3,3,3,2,1
CAN-WM27G4N7RI,2,3,3,3,2,2
CAN-X00JLUGSHG,3,3,3,3,2,2
CAN-98HG5SXLQ2,3,3,4,3,2,0
CAN-S1P1G57QU1,3,3,3,3,2,1
CAN-JFUC8HQZ9P,3,3,4,2,2,1
CAN-D0WRPIQR1S,3,3,4,2,2,2
CAN-B1NTZ8CSZC,3,4,3,3,5,1
CAN-4IYKTVD0Y2,3,2,3,2,1,1
CAN-V55HNR1FB6,1,3,3,2,2,0
CAN-WQUXEUDWH8,3,2,3,3,0,2
CAN-WB4ZPM5PTW,2,3,3,2,2,1
CAN-NSK4OV97DW,3,3,3,3,2,2
CAN-V9C13UU7X4,3,3,3,3,2,2
CAN-1AMMUCF5R6,3,3,3,3,2,1
CAN-QKWVWNU62J,3,3,3,3,2,2
CAN-IY693SK5SX,3,3,3,3,2,2
CAN-5HZLMG9DM2,3,3,3,3,1,1
CAN-Y6F2JFCLDF,3,3,3,3,1,1
CAN-Y20TQB3TS5,3,3,3,3,2,2
CAN-6FIO389AU7,2,2,3,3,2,0
CAN-GRA38D14NY,3,2,3,3,2,2
CAN-8GA93H6KIG,3,3,3,3,2,1
CAN-B59SITVGUU,3,3,3,3,2,1
CAN-EB58KEL4UN,3,2,3,3,2,2
CAN-PPYZ15G93Y,2,3,3,3,1,2
CAN-14KOFXWOII,3,3,3,4,2,1
CAN-CKLXPC2OP3,3,2,3,2,1,1
CAN-XZTOPHGQLA,3,3,3,3,2,1
CAN-IX8Y3DKM80,3,3,3,3,2,0
CAN-5AVZEGFE2H,3,3,3,3,2,2
CAN-V8CINKV6MD,2,3,3,3,2,2
CAN-VTT1P0TVT3,3,2,3,2,2,0
CAN-F9ZSNIC7ZF,2,1,3,3,2,1
CAN-8G8DNC475G,3,3,3,2,2,2
CAN-DC1GA9MDH1,3,2,3,3,2,1
CAN-KTHXUQ2414,2,2,3,3,2,2
CAN-TK9TB1S19Y,3,3,3,3,2,1
CAN-FKLYJ7U1YS,3,3,3,3,2,2
CAN-AZ16WO3HMM,3,3,4,3,2,2
CAN-D6X2W1YHOP,2,3,2,1,2,2
CAN-QMY2HW9Z2L,0,3,2,3,2,0
CAN-NBY8LIJY2H,3,3,3,3,2,2
CAN-RLYHGGB812,3,3,3,2,2,2
CAN-1VI3VJALX0,3,3,3,2,3,2
CAN-LDZLCJBUXC,3,2,3,3,1,1
CAN-XQB0VYH16Q,3,2,2,2,1,1
CAN-C0IOUR82A9,3,3,3,3,2,2
CAN-O9USYJHQMC,2,2,3,3,1,1
CAN-IT144LSF3N,2,3,3,3,2,2
CAN-25Z0WY8KD6,3,3,3,3,2,2
CAN-FIZHRZAR05,2,3,3,3,2,2
CAN-GILJ7LILF0,3,3,3,2,2,2
CAN-8KKC5F5AQD,2,4,3,2,2,2
CAN-ZFXYQS3LE0,3,3,3,2,2,2
CAN-YXK9SET97I,3,3,3,3,2,1
CAN-2PCC3NOW4K,3,3,3,3,1,0
CAN-YJ8LGGS30N,2,3,3,3,2,1
CAN-QXMH7RZQL4,3,3,3,3,2,2
CAN-ZKQBFUAFRU,3,3,3,3,1,0
CAN-N16LL8NXK4,3,2,3,3,2,1
CAN-3NXAVY8SDC,3,3,3,2,1,0
CAN-VRA3QD4LKN,3,2,3,3,2,1
CAN-BQIQJRH9EA,3,3,3,3,1,0
CAN-HM7OL3T2UR,3,2,3,3,2,0
CAN-PGKS43FOZA,3,3,3,3,2,1
CAN-D2PFDQ12NJ,2,3,3,3,2,2
CAN-FQM2P9C434,3,3,3,3,2,2
CAN-H9S24QT57H,3,2,3,3,2,2
CAN-JNL2Y64NDE,3,3,3,4,2,0
CAN-NHYBV973VF,3,4,5,4,2,3
CAN-VV8EGL3P7J,4,3,3,3,2,2
CAN-6045ADGW9W,3,1,3,3,2,1
CAN-7V5BRMWDYN,2,2,3,2,2,1
CAN-0LXDBUWLQ7,2,5,4,4,2,2
CAN-2B6CKB4AM3,3,3,3,3,2,2
CAN-IB1UKY7N49,3,2,3,3,1,2
CAN-62QUHP68MF,3,3,3,3,2,1
CAN-V8HPD7A03Y,3,3,2,3,2,1
CAN-YVRMB50LXO,3,3,3,2,2,1
CAN-VEK7XHPIZ6,2,3,3,2,2,1
CAN-3MZEWJWVQV,2,3,3,3,2,1
CAN-XYEX43VOYI,3,2,3,3,2,2
CAN-X79KUGCGXF,3,3,2,3,2,1
CAN-MABXUV3TAL,3,3,3,3,2,2
CAN-7D5DQF7XL8,3,3,3,3,1,1
CAN-7N1QIS1P0T,3,3,3,3,2,2
CAN-Q6MZ6ATUA3,2,3,3,3,2,1
CAN-22C0KBIBGX,1,3,3,3,2,2
CAN-QXSZDS1R7A,2,3,3,2,1,1
CAN-QER84ULG9Y,2,3,2,2,2,1
CAN-4ITWAMFK9B,3,2,2,2,2,1
CAN-VJ1ATXQ4KR,2,3,3,3,2,2
CAN-SAG6OOLHJ4,2,2,3,3,2,1
CAN-NEE7OHMDBH,3,3,3,2,2,1
CAN-VSJ3C41K8Q,3,2,4,3,2,2
CAN-OA6NKRF6V4,2,2,3,3,2,1
CAN-D5NC4Z9MRT,3,2,3,3,1,1
CAN-OEHFM0HS62,3,3,3,3,2,2
CAN-BKC59F5ISB,3,3,3,2,2,2
CAN-23GYE6HE20,3,3,3,1,2,1
CAN-VDCOXWSZXH,2,2,3,3,1,2
CAN-8OR3H1DVKB,2,3,3,3,2,1
CAN-G3H2H70T1A,3,3,3,2,2,2
CAN-A2RLXDB62M,3,3,3,2,2,0
CAN-TFIY9NVZ36,3,3,3,3,1,1
CAN-REDCIZDXQE,3,2,3,3,2,1
CAN-AMCMM74SFC,3,3,3,3,2,2
CAN-5EJMGHC7OC,3,2,3,3,2,1
CAN-UI1U043NP9,3,3,3,3,1,1
CAN-89FRT03JTJ,3,3,3,3,2,2
CAN-UAQ6A2MRLN,3,3,3,3,1,0
CAN-ECUKBF2RLK,3,3,3,3,2,2
CAN-KW0T6CZF0L,3,3,3,2,2,2
CAN-7ORK8UDKVH,3,3,3,2,2,1
CAN-4ZGH2F12FP,2,2,3,1,1,0
CAN-54KWA4BNP7,3,3,3,3,2,2
CAN-SG5U028016,2,3,3,3,2,1
CAN-HJS5W082N0,2,2,3,3,2,1
CAN-QEGWAHB7RD,2,3,3,2,2,2
CAN-8TJHW4WBK3,3,3,3,3,2,2
CAN-VYOKKOADRW,3,3,3,3,2,1
CAN-SDM4G1BDLU,2,2,3,3,2,0
CAN-Y1Y3LQ7S0L,3,3,4,4,1,3
CAN-Y7RX7KEVXX,3,3,3,2,2,2
CAN-2DW9MSYMJQ,2,3,3,3,2,0
CAN-AITYIWW83A,3,3,3,2,2,1
CAN-BJTZ2DB4B3,3,3,3,3,3,1
CAN-3Q3YHKOENF,3,3,3,3,2,1
CAN-GJSIBIEMVI,2,3,3,2,2,1
CAN-NNRES5LUF3,3,3,3,3,2,2
CAN-NLMN0T07BP,3,2,2,3,2,2
CAN-ESMS79TW4C,3,3,3,3,2,0
CAN-EFMLH4AZ8C,2,3,3,3,2,1
CAN-8ACIB3TIXZ,3,2,3,2,1,0
CAN-3NCAYDN8CP,3,3,3,3,1,2
CAN-PKIE7Q0H3U,3,3,3,3,2,2
CAN-QQD7AB5NP9,2,3,3,2,2,0
CAN-IS90B3HO56,3,3,3,3,2,0
CAN-0L3CPINI4S,3,1,3,1,2,1
CAN-VJN7UPSHOJ,3,2,3,3,2,2
CAN-8KGWUW4SKS,2,2,3,3,1,2
CAN-EAIKZUPUCZ,3,3,3,2,1,2
CAN-BTEY34OLQN,2,4,3,3,2,1
CAN-6YFVP55M71,2,4,3,3,2,2
CAN-DUM3MGSSVO,3,3,3,1,3,2
CAN-1EQ7SMS5JH,2,3,3,3,1,2
CAN-BKOQVVDXUK,3,2,3,3,2,1
CAN-31V14CVNRN,3,3,3,3,2,2
CAN-YRN7H93CAX,3,3,3,3,2,1
CAN-LEAVRTKVKC,3,3,3,3,2,1
CAN-PN9BSQN8BF,2,3,3,3,2,1
CAN-HCGEAS3XIO,1,2,4,2,2,2
CAN-801W1A4WEY,3,2,3,1,2,2
CAN-9CWVT8WCDN,3,3,3,2,2,2
CAN-TXTL7SNHZM,3,3,2,3,2,1
CAN-8QXJ8716JA,3,3,3,2,2,2
CAN-WW2REK6C37,4,6,3,4,1,2
CAN-GSA1V1C5XY,3,2,3,2,2,0
CAN-J0TRN9J5WF,3,3,3,2,2,2
CAN-4R3PLMWKWY,4,3,3,3,2,1
CAN-PWCBV4LX81,3,3,3,2,1,0
CAN-BORYXXCWLN,3,3,3,3,2,2
CAN-K2A4JNVXUW,2,3,3,3,2,0
CAN-M51UR78723,3,3,3,2,2,2
CAN-8YA7HMZ3G4,3,2,3,3,2,2
CAN-YDF3FMFDY1,3,2,3,2,1,1
CAN-TQB2ZHM7AW,3,3,3,3,2,1
CAN-06KQJT3GYE,2,3,3,3,2,2
CAN-RYU04TI8VK,2,3,3,3,2,1
CAN-GZEALX7JNA,3,3,2,2,1,2
CAN-U1FVNAE86G,2,3,3,3,2,2
CAN-693NHGTCCO,3,3,3,2,1,1
CAN-SERRXL90E8,3,3,3,3,2,2
CAN-296OQT3940,2,2,3,3,1,1
CAN-7U9I4X4FVY,3,3,3,3,2,1
CAN-JETF89TPVE,3,3,3,3,2,1
CAN-QZE5QAIJ2T,3,2,3,3,2,1
CAN-L1EZLEJAPN,2,3,3,3,3,1
CAN-AVM29L6DN0,3,3,3,3,2,2
CAN-U60RDCJCIF,2,3,3,1,0,2
CAN-ETTCRBIX78,3,3,3,3,2,2
CAN-L7FT92XBXZ,2,3,3,2,2,2
CAN-9HFYK4ACVA,3,3,3,3,2,2
CAN-9376DNJQQG,3,3,3,2,2,2
CAN-F3ZIWGQXP8,3,2,3,3,1,1
CAN-HXRO70A82F,1,3,3,2,2,2
CAN-7D2MPV07R1,3,3,3,3,2,2
CAN-Z62EUI237C,1,0,3,0,0,0
CAN-8L34KZS6NQ,3,3,3,3,2,0
CAN-YG0U7FRBGR,3,3,3,3,2,2
CAN-U5Z6O3N2U3,0,0,3,0,0,0
CAN-1HCUV195DS,3,3,3,3,2,1
CAN-S3RG8F0GRD,3,3,3,1,1,0
CAN-90BWPU99GZ,3,3,3,3,2,1
CAN-89W39GXL5C,3,2,3,3,2,2
CAN-XZ98GCGHCU,1,2,1,2,1,1
CAN-1K57GST90P,3,3,3,3,2,0
CAN-GO5W166Q1U,3,3,3,2,1,2
CAN-XV4LYFVWOG,2,2,2,2,2,1
CAN-6Q8N38GZS6,3,3,3,2,2,1
CAN-IJ7GD6SUFL,3,3,3,2,1,2
CAN-JD5CE2WCX7,3,3,3,2,1,2
CAN-1PBR359D2Y,3,3,3,3,2,2
CAN-JGPS9MTYOD,3,3,3,3,2,1
CAN-YMZ8GXT0V7,2,3,3,2,2,1
CAN-4WHAIGCX2N,2,2,3,3,2,1
CAN-M5IT4ZBOWO,3,3,3,3,2,2
CAN-NJOXYJBQD9,3,2,3,3,2,0
CAN-GAX0YPE2FX,3,3,2,3,3,1
CAN-DC1VLNRXPS,3,3,3,3,2,2
CAN-2FXP57ARJC,3,2,2,2,2,1
CAN-E3LLO4UPYF,3,3,3,3,2,2
CAN-09G36G25MN,3,2,3,1,2,1
CAN-TTMLCSCZNT,3,3,3,1,2,2
CAN-6F53JLLC6U,3,2,3,2,2,1
CAN-74XUC8U3CX,3,3,3,3,2,2
CAN-2K94183LQ5,3,2,3,3,2,1
CAN-VKAWM4YETJ,3,2,2,3,2,1
CAN-XPVYI6742H,2,3,3,3,2,2
CAN-5IO5CTO1JJ,3,3,3,3,2,1
CAN-Q0KKP22A95,3,3,3,3,2,0
CAN-ORKZN824RG,5,4,3,4,2,3
CAN-WI78IBGSKU,3,2,3,2,1,1
CAN-VXBX97401O,3,3,3,3,2,2
CAN-XO1VMB981I,3,3,3,3,2,1
CAN-LNWVJ017E1,3,2,3,3,2,2
CAN-WRDGX4Q3WL,3,3,3,5,3,1
CAN-Y2HUHC2X5N,2,3,3,3,2,1
CAN-548S5A0NB4,3,3,3,3,2,2
CAN-G1VE84XEWB,2,3,3,3,2,1
CAN-97KW2GJO7R,2,3,3,2,2,2
CAN-CHAXL7M28V,3,1,3,2,2,2
CAN-FWJQU5U5J5,5,6,3,5,2,3
CAN-83KSJN75YE,3,3,3,3,2,2
CAN-NCOZKUNQOB,2,2,4,5,2,2
CAN-KS0O4ZF6PM,3,3,3,3,2,1
CAN-V5ALQLD56F,3,3,3,2,2,2
CAN-OEWO6KZPSB,2,3,3,3,1,1
CAN-O9KD78X3AD,3,3,3,3,2,1
CAN-8CUR0BA8NM,3,4,3,3,2,2
CAN-UITSBC81FI,3,3,3,3,2,2
CAN-4O6SZLDUHD,3,2,3,3,2,0
CAN-AVCBZA7MBS,3,3,3,1,2,0
CAN-2DCEFWCLPD,3,1,3,3,2,2
CAN-WKLVROPBPC,3,2,3,3,2,1
CAN-ACSU8HRDEN,1,3,3,3,2,1
CAN-IQQZ081V85,3,3,3,3,2,2
CAN-Y98BA36YDB,2,3,3,3,2,1
CAN-8FIBOV1YMG,3,2,3,3,2,0
CAN-ZF030PHF1M,1,3,3,2,2,1
CAN-Y3W3KA22G9,3,3,3,2,2,2
CAN-CKSIE8OX85,3,2,3,2,2,2
CAN-2PR0HCI80H,2,3,3,2,1,1
CAN-R65WXKMAWY,3,3,3,3,2,1
CAN-YQRUKBCOZP,2,3,3,3,2,2
CAN-82LO3SHCO7,3,2,3,3,2,1
CAN-L2O3MUZAJP,3,3,3,3,2,0
CAN-TWIO5Q5WWU,3,3,3,3,2,2
CAN-66JZFYYG2J,3,3,3,2,2,0
CAN-J2HPSO98LK,3,3,3,3,2,1
CAN-ILBQL57PPN,3,3,3,3,2,1
CAN-SR7DX9OFT9,3,3,3,3,2,1
CAN-WWFHEH59JJ,2,2,3,3,2,2
CAN-LYDIHB8XH0,3,3,3,3,2,1
CAN-J2926COTNB,3,3,3,3,2,2
CAN-XN7DIQYEKW,2,2,3,2,2,0
CAN-6I4345GKV7,4,3,3,3,2,2
CAN-LFGP4CL8LP,3,3,3,2,2,2
CAN-ZA0BFNFP7A,3,2,3,3,2,1
CAN-PIVOP1KXYY,3,3,3,3,2,2
CAN-8TEJTE9XDF,3,3,3,2,2,1
CAN-JVZIZTQC52,2,3,3,2,2,2
CAN-JMVUB26Z57,3,3,3,3,2,0
CAN-OD86QDASWH,3,3,3,3,2,1
CAN-MCFA00TFNH,2,3,3,3,1,1
CAN-0L38G1N75Y,3,3,3,2,2,1
CAN-JFZC3LI1DK,3,3,3,3,1,1
CAN-ZK3IZQ6BX4,1,3,3,1,2,1
CAN-CNXJCQGO57,3,3,3,3,2,0
CAN-881UVQO0EH,3,4,4,3,2,1
CAN-JPFX6X3Y69,1,3,3,3,2,1
CAN-06UWNYPQNN,3,3,3,3,2,1
CAN-F9UEJIEDYN,3,3,3,3,2,2
CAN-SJZX3G1ZMX,3,2,3,2,2,0
CAN-Q4HF309UD0,3,3,4,3,2,0
CAN-SA9ZUP5KGW,3,3,4,3,2,0
CAN-HJCBJ374WI,4,3,3,4,2,1
CAN-ZQ71TFGBHT,3,3,3,3,2,2
CAN-RVGJUWBCI5,3,3,3,3,2,1
CAN-KRR3BB9H9M,2,3,3,3,2,1
CAN-FZX8UBSYU5,3,3,3,3,2,1
CAN-LTLE85F8XR,3,3,3,3,2,2
CAN-GHPUPXQE1G,3,3,3,3,2,2
CAN-ES2U390D1N,3,3,3,3,1,2
CAN-YLEQO33HOV,3,3,3,3,2,2
CAN-AGPL8EXNCY,1,2,3,3,2,1
CAN-U39TZS4HCR,3,3,2,3,2,1
CAN-WBUAYAATC5,3,3,3,3,2,2
CAN-0CSFV0P1SW,3,3,3,3,2,0
CAN-B0LWZEV6SL,3,2,3,3,3,1
CAN-ES5QWOHZTZ,5,2,3,6,3,3
CAN-JWJSPWX53O,3,3,3,3,2,1
CAN-SB5B6QBOOB,2,2,3,3,2,1
CAN-DLWL0T4GZQ,3,3,3,3,2,1
CAN-BW6SN4EZ7A,2,3,3,3,2,2
CAN-GEAE44KQIJ,2,3,3,3,2,2
CAN-VPWOPXMKUK,3,3,3,3,2,2
CAN-SQWVD37T1Q,3,3,3,3,2,1
CAN-2Y009WBA3R,2,2,3,3,1,2
CAN-V3HLLMZ9QJ,2,1,3,3,2,1
CAN-ER2L4DZCNR,2,2,2,3,0,1
CAN-CBMK5MIY2C,3,1,3,3,1,2
CAN-A9ML7D9MAI,3,3,3,1,2,2
CAN-U45RJTIE0D,3,2,3,2,1,2
CAN-GTNKMZPPU2,3,3,3,3,0,1
CAN-CR05RAJKSX,2,3,3,1,2,1
CAN-KIJPG4YR44,2,1,3,3,2,0
CAN-ND9HQCBYX0,3,4,3,3,0,3
CAN-H517PK20RP,2,3,3,2,1,2
CAN-NDYGDP4SE2,3,3,3,3,2,1
CAN-V2LARIK6QO,3,2,3,2,2,2
CAN-FNG444MU0X,3,3,3,3,2,2
CAN-93298QFQQL,3,1,3,3,2,1
CAN-JHS0ZRTM9F,3,2,2,3,2,1
CAN-0SYUSUFDHW,2,2,3,3,2,0
CAN-VB1685ICUZ,3,3,3,5,2,2
CAN-G6VOB9WW9T,3,3,3,2,2,1
CAN-HY8DSZOKBC,2,1,3,2,2,1
CAN-2X4L1APEZG,3,3,3,2,2,1
CAN-2AZ6MY05RD,3,3,2,3,1,1
CAN-V2PYKHSXHH,3,3,3,1,1,1
CAN-0F9KXWTWU0,2,2,3,3,2,0
CAN-N5CLO5XVZV,3,3,3,3,1,1
CAN-YHLIBLHM5B,5,3,3,4,2,2
CAN-Q2L71B0VME,2,3,2,3,1,1
CAN-D2VKHW2SOC,3,3,3,3,2,0
CAN-ZM71LNU5WP,3,3,3,2,2,1
CAN-LF35ACB9VV,3,3,3,3,2,2
CAN-3SIRI5RUX4,3,3,3,2,1,2
CAN-XXAK63DUO4,0,0,3,0,0,0
CAN-CM79HDNKR7,1,3,3,2,2,0
CAN-C5XO3DHQXE,2,2,3,3,2,1
CAN-9AKIDMY9KY,3,3,3,3,2,1
CAN-VNPISGXD4Q,2,3,3,3,2,3
CAN-U8T78OTGBW,0,0,3,0,0,0
CAN-9UBZRHEFMK,3,3,3,2,2,1
CAN-12C1PDFYUO,3,3,1,3,1,0
CAN-XISCA042DN,3,3,3,3,1,2
CAN-M3ER3DGRHF,3,3,3,3,1,0
CAN-480XHKWI7J,3,2,3,2,1,1
CAN-DPOH9WQY0M,1,2,3,2,2,1
CAN-4GN44TU2DL,3,3,3,3,2,2
CAN-77AARFYXE5,2,3,3,3,2,2
CAN-X2WR2QC2FN,5,4,3,4,2,2
CAN-RVTTN4KTXO,3,3,3,2,1,2
CAN-BTN5C4QKTY,3,3,3,2,2,1
CAN-941MAHPFBZ,3,3,3,3,2,2
CAN-TN2YSZ6FJ7,3,2,3,3,2,1
CAN-FBIRKE769M,3,3,3,3,2,2
CAN-SWFDWZ3YAH,3,3,3,3,2,2
CAN-E2FZJZ8WLH,4,3,5,3,2,2
CAN-K1P3DVRGW7,3,3,3,3,1,2
CAN-LYJEX8CNJR,3,2,3,3,2,1
CAN-KD2APTUTFT,2,3,2,3,2,2
CAN-FUYCR0PA0F,3,3,3,4,2,2
CAN-V9QV2TXP9Z,3,2,3,2,1,2
CAN-R13A04Z967,4,3,3,3,2,2
CAN-FRK6W08HI8,3,3,3,3,2,1
CAN-KJF4SOHFVC,2,3,3,3,2,0
CAN-MS1JDEZQEQ,2,1,3,2,2,2
CAN-PGLS2JWCPP,3,3,3,2,1,1
CAN-LLUAE16P7R,2,3,3,3,2,2
CAN-4XHWTYGOI2,3,3,3,3,2,1
CAN-S2UUCCTCKA,3,3,3,2,1,1
CAN-SMFRPJRP72,7,5,3,5,3,2
CAN-O9QS1OM36X,3,3,3,3,2,2
CAN-D9MT87LQ0P,2,2,3,2,2,0
CAN-OGO208KFFB,3,3,3,3,2,0
CAN-Q0VW7ZW97L,3,3,3,5,2,2
CAN-SZVXZRTQ4Y,3,2,3,3,2,2
CAN-LHWN3WS38J,3,3,3,3,2,2
CAN-PL7FMLQD69,3,3,3,3,2,1
CAN-5UHIUJNF37,3,3,3,3,2,2
CAN-BFLPDUM3F7,3,3,3,2,2,0
CAN-TAJRN20Y78,3,3,3,3,2,2
CAN-KCTCZX29AX,3,3,2,2,2,0
CAN-FV2NYFB7L9,2,3,2,3,2,1
CAN-LEJZ8XH8YE,3,2,2,3,2,1
CAN-HL9MLSZ0R8,3,2,3,3,2,1
CAN-YDB0LV7942,3,3,3,3,2,2
CAN-3XBR7X617E,3,4,3,3,3,1
CAN-OH7449Q36R,2,3,3,2,2,1
CAN-W4OM56YFIJ,3,3,3,3,2,2
CAN-6DJBIYR1BC,3,3,3,3,2,1
CAN-YGKQVC9DJ8,3,3,1,2,2,2
CAN-1ISCPP5NDJ,3,3,3,3,2,0
CAN-J21ABGO3BD,3,3,3,3,1,1
CAN-7QQQAA6TKH,3,3,3,2,2,1
CAN-A5M7Z5JX4E,2,2,3,3,2,1
CAN-J18LNRZDF3,3,3,3,1,2,2
CAN-PKR0WEKCF1,2,3,3,2,2,2
CAN-KVT0C4WZV0,3,2,3,3,2,1
CAN-U6AX4WRGZ8,3,3,3,2,2,2
CAN-4ONDS3W7FN,3,3,3,3,2,2
CAN-8YW24TKYFS,3,2,3,3,2,1
CAN-P57CE060Z1,3,2,3,2,2,1
CAN-FVVYVC97VN,3,3,3,3,1,1
CAN-HZD33GJHAZ,3,3,3,2,2,2
CAN-HI0DNIUPRV,2,3,3,3,2,1
CAN-FIT5D5AN7R,3,3,3,3,2,2
CAN-WHNUQNQ0VY,0,0,3,0,0,0
CAN-HDRLBAMXUN,2,3,3,2,2,2
CAN-DLVLGTNYBC,3,3,3,3,2,2
CAN-F69IVYX6K1,3,3,3,2,2,1
CAN-3MJD8YUA9H,2,3,2,3,0,1
CAN-M5N8BNU639,1,2,3,3,2,1
CAN-48NP6SHH30,3,3,3,3,2,2
CAN-BZ9X81PUD3,3,3,3,2,1,1
CAN-15ZSD2DFHS,2,2,3,3,1,2
CAN-ASFMO2KY4Z,2,3,3,3,2,2
CAN-VLNJK0IBJX,2,3,4,3,2,1
CAN-CSI83IL92R,3,3,3,3,2,2
CAN-2FXR65IB6I,2,3,3,3,2,1
CAN-PHYVHWFBW1,3,3,3,3,2,2
CAN-7OBBCBSVZA,2,3,3,3,2,2
CAN-6F642M29TQ,3,3,3,2,2,2
CAN-S8263KQSGO,3,3,3,2,2,1
CAN-OKQVMADTMW,3,3,3,3,2,1
CAN-SFBGOZR2HS,3,3,3,3,2,1
CAN-U87XFGJEB8,2,3,3,2,1,2
CAN-S05AQGQOU0,2,2,3,3,2,2
CAN-M31HZE9ZQ6,3,3,3,3,2,1
CAN-6B8V8CMILH,3,3,3,3,2,1
CAN-U1GLI5BTMU,3,3,3,3,0,2
CAN-9LCBHQJMC0,3,3,3,3,0,1
CAN-UXNEQD7CFR,3,3,3,3,2,1
CAN-ZOBA0DMMJC,3,3,3,3,2,1
CAN-T440345RIA,3,3,3,2,2,2
CAN-RCEJI5FSAL,3,3,3,3,2,2
CAN-QPM5PJVU7F,3,3,3,3,2,2
CAN-SJ3A0N6BU7,3,3,3,2,2,0
CAN-PQ0OITI6G6,3,3,3,3,2,2
CAN-L5VCMM3YPM,3,3,3,3,1,1
CAN-Z3FAQI2G04,3,3,3,3,2,1
CAN-UQWPKEHZVE,3,3,3,3,2,2
CAN-ZZS70HW3P0,3,3,3,3,2,2
CAN-9JL0KHJ0TH,3,3,3,3,2,1
CAN-QZY3CND33K,3,3,3,3,2,1
CAN-X9J4O4E4JJ,3,4,4,3,2,0
CAN-H56AL0TYGO,3,3,3,2,0,0
CAN-7K57HWNVOY,2,2,3,3,2,2
CAN-MFZGKRSN27,2,3,3,3,2,1
CAN-4EVC59MBZC,3,3,3,3,2,2
CAN-GVX2JHU3F1,3,1,3,3,2,1
CAN-VW440D673W,3,2,3,2,2,1
CAN-9Y19JYHQY6,3,3,3,2,1,2
CAN-R7PA6BQXB9,3,3,2,3,2,2
CAN-V3SRU8CLPU,2,3,3,3,2,1
CAN-8K8404EXI4,3,3,3,3,2,2
CAN-XPCXXOXPRA,3,2,3,2,1,1
CAN-4P5Z1XL05J,3,3,3,3,1,0
CAN-X7J8JBBLTB,3,3,3,3,2,1
CAN-SHRRQNVCIC,3,2,3,3,2,2
CAN-QVZVPPNFZD,3,3,4,4,2,0
CAN-M6TBJ4FUOH,3,3,3,3,2,2
CAN-8QZLRIJ81M,3,2,3,3,1,1
CAN-T2LQ6VGYAR,3,3,3,3,2,2
CAN-K6CM1XZ5FG,4,5,3,5,2,1
CAN-WVISC7WXD1,1,3,3,3,2,1
CAN-9E7I39WGCF,2,2,3,3,2,2
CAN-QMIFBZB7X0,0,0,3,0,0,0
CAN-3T6RZQGFVF,3,3,3,3,2,1
CAN-M7YXSUDQCQ,3,3,3,3,0,2
CAN-2P8J585DQF,3,3,3,3,2,2
CAN-G86JAE8X7Q,1,3,3,4,2,2
CAN-Z0QWTO0INO,3,3,3,2,2,1
CAN-GBTCFZKNTE,2,3,3,3,1,2
CAN-QUT1NMMA7W,3,3,3,2,1,2
CAN-N0RPUET8UF,1,3,3,3,1,2
CAN-7DPBF8N3A1,3,3,3,3,2,1
CAN-VA0554TE4T,3,3,3,3,2,2
CAN-59JF498R8J,3,3,3,3,2,2
CAN-44XCXC5238,3,3,3,3,2,2
CAN-CKRN2XCC6D,3,3,3,2,2,1
CAN-ZVCVSTTM8X,3,0,3,2,2,1
CAN-C7EOK39PRW,3,4,5,3,2,1
CAN-ZB2VCUSHNC,2,2,3,3,2,1
CAN-6WRH2LTW8B,3,3,3,3,2,2
CAN-6XLMFO2XRG,3,3,3,3,2,1
CAN-T3M2YNZFVF,3,2,3,2,2,0
CAN-D1USQKM3G9,3,1,3,3,2,1
CAN-RT2EV5PN6Y,2,3,3,3,2,2
CAN-3RAJMKTTGU,3,2,3,2,2,1
CAN-BQW2ZUD313,1,2,3,2,2,1
CAN-8LF2PPDABK,3,3,3,3,2,1
CAN-91DSB67355,3,3,3,2,2,2
CAN-ZVSY4BPXXZ,2,3,3,3,2,2
CAN-4FUY16ARU2,3,3,3,3,2,1
CAN-DYZQIXF421,3,3,3,3,2,0
CAN-H87CPEU86B,3,2,3,2,2,2
CAN-DKCXLRRJQ3,3,3,3,3,2,2
CAN-4AFUTYX804,3,3,3,3,2,0
CAN-TOAZKGIKZF,3,3,3,3,2,1
CAN-B04CPDRBCN,3,3,3,4,2,3
CAN-Q5DLT1TF8N,3,3,3,3,2,2
CAN-BR6DFDQVHI,3,3,3,3,2,2
CAN-0WR4HBR5PP,3,3,3,3,1,1
CAN-T06TS53MSZ,2,3,3,2,2,2
CAN-W2GIXX7WLD,3,3,3,2,2,1
CAN-O49RZ4RZTF,3,3,3,3,1,1
CAN-3UEV3USNXZ,1,3,3,2,2,2
CAN-S5AS20Z1SY,2,3,3,3,0,0
CAN-M98SHUTI2G,3,1,3,3,2,2
CAN-VMOGJ0DUM9,3,3,3,3,2,1
CAN-KRSWFLRHRA,3,2,3,3,2,2
CAN-8MG6WDM3P5,3,1,3,1,2,1
CAN-02L2R6GT3U,3,2,3,3,1,2
CAN-EXOTEAF4LL,3,3,3,2,2,2
CAN-8MT15132MW,3,3,2,3,2,2
CAN-KZ3Y3MKVXX,1,3,3,1,2,0
CAN-918CF5TCBA,3,3,3,3,2,1
CAN-FVIE85V2BK,3,3,3,2,2,2
CAN-QMIRAVS1HV,3,3,3,3,1,0
CAN-ONHTDF249M,3,1,3,2,2,2
CAN-5SI4K0TZWA,1,1,3,3,2,2
CAN-TCP2AQ2MPB,3,3,3,3,2,2
CAN-QGBNNBL10L,3,3,3,3,2,2
CAN-WZ4PDX546V,3,1,3,0,2,0
CAN-JBY9O96IVU,2,1,3,2,1,1
CAN-M4DK5Q51YA,3,3,3,2,2,2
CAN-RFKRLTGBDO,3,3,4,3,2,1
CAN-T49ZVE0JPA,2,3,3,2,2,2
CAN-LEU1R1M1DA,1,2,3,2,1,0
CAN-9NGE37O4S1,3,3,3,2,2,2
CAN-A0NEAP9FUE,3,3,3,2,2,1
CAN-OG8X9KPTCY,3,2,3,3,2,2
CAN-3KBYP8DLG3,3,1,3,3,2,2
CAN-KV00QPIWWX,3,3,3,3,2,2
CAN-W47LC4HEXK,3,3,3,3,2,1
CAN-NQ68UD86BY,3,3,3,2,2,1
CAN-9FWTB76OAZ,3,3,3,2,2,1
CAN-CUQRTWQD1E,3,3,3,2,2,2
CAN-PDNOQLBPQ7,1,3,3,3,2,1
CAN-HNVBKNMAQL,3,3,3,3,2,1
CAN-SA6IJDUDAN,2,2,3,3,1,2
CAN-1NGTII9KQH,3,3,3,3,2,1
CAN-ABFF1IHEL2,3,3,3,2,2,2
CAN-AF3CWVHP59,2,2,3,2,1,1
CAN-RYM6NK7V5O,3,2,3,2,1,2
CAN-YARW9LH5NX,2,3,3,3,2,2
CAN-9FQW8NK029,3,2,3,3,1,1
CAN-JIU1SQN3OI,3,3,3,3,1,2
CAN-8S8S93FX4B,2,3,3,2,2,1
CAN-8V486RKQDJ,3,3,3,3,2,2
CAN-KNOZLG3838,3,3,3,3,2,2
CAN-HLUF8UHZ87,5,3,3,3,0,2
CAN-1CVFSSZSCM,3,3,3,3,2,2
CAN-VU7XMSEPF1,2,3,3,2,1,1
CAN-1TEDNYJKP3,2,3,3,3,2,1
CAN-Q139BOHFZF,3,2,3,3,2,2
CAN-KPSGVBSM57,3,3,3,3,2,2
CAN-JIDHGRRQCZ,0,0,3,0,0,0
CAN-9BM7I4LOBM,3,3,3,3,2,2
CAN-U8577Q4HMF,2,3,3,3,2,1
CAN-9YEWS6XRPL,3,3,3,2,2,1
CAN-IZS3H7D47K,2,3,3,3,2,0
CAN-TTMFEJ9YKT,3,3,3,2,1,0
CAN-W9D3ENL8OC,2,3,3,2,2,1
CAN-YKXIDGE9PM,3,2,3,1,2,1
CAN-KTNR7Q8B0H,3,3,3,2,2,0
CAN-6FJ4LQQNT7,3,1,3,1,2,1
CAN-8WBU0YZEJ0,3,2,3,3,2,1
CAN-UVY7MS3TYZ,2,3,5,3,2,1
CAN-EAYND5V55B,3,2,3,3,2,2
CAN-ZA0NA5T8A3,2,2,3,3,2,2
CAN-1JYTU9DS21,2,3,3,3,2,1
CAN-3T7W6Z3JCW,3,3,3,4,3,2
CAN-TGLQK41QER,3,2,3,3,2,1
CAN-7TA2J05H73,1,2,3,3,1,2
CAN-ZD08OV0SMJ,2,3,3,3,2,1
CAN-X7NHOPR4D9,3,3,3,3,1,1
CAN-ZZ6GZAQWCS,4,3,4,3,2,2
CAN-1G4R18EVYQ,1,3,3,3,1,1
CAN-ZWF0AYKB18,3,3,3,3,2,2
CAN-3LLTUIMPAE,3,3,3,3,2,2
CAN-N0VJ7C53P5,4,3,4,4,2,1
CAN-TDXLZPY2XI,0,0,2,0,0,0
CAN-HC7VWRKBC4,3,3,3,3,0,0
CAN-YK377ONC0W,3,2,3,3,2,2
CAN-HGDSEZ1NAM,3,3,3,3,2,2
CAN-1OLSOJJEVZ,1,3,3,3,2,0
CAN-EPQ9UEB40T,3,3,3,3,2,2
CAN-41XBU2JZ9O,3,3,3,3,2,2
CAN-6ER4R8N45Q,3,3,3,3,2,2
CAN-0P7Q4TLQQ6,3,3,3,3,2,2
CAN-2TY991V0G8,3,3,3,3,2,1
CAN-GGL7WEFZYY,3,2,3,3,1,2
CAN-9JWCAE4SJS,2,2,3,3,2,0
CAN-SMXZIEWY61,4,4,3,3,2,0
CAN-GIEAVY780C,2,2,3,3,1,1
CAN-JSDWLPFPCW,2,2,3,3,2,2
CAN-3YNM2680ID,3,3,3,2,2,1
CAN-IV4POVJ4G9,3,2,3,2,2,1
CAN-IESTAL527F,3,5,3,4,2,2
CAN-KFTWQA0P2N,3,2,3,4,3,2
CAN-GQFTJKG8AJ,4,1,3,3,1,2
CAN-L5Q5Z64RNY,2,3,3,2,2,1
CAN-TL2H0AL05Y,3,2,3,2,2,0
CAN-2QCMT8HU88,0,2,3,1,2,1
CAN-A0IANQKCW1,3,2,3,3,1,2
CAN-UBPM0Q0YL5,2,3,3,3,1,0
CAN-KNNDTT48NQ,2,2,3,3,2,2
CAN-708HPHZ1WT,3,3,3,3,2,1
CAN-JOI4TGH7RN,3,3,3,3,2,1
CAN-QTMM4197LL,3,4,3,3,2,1
CAN-FEB0SJE5HQ,3,3,3,2,1,2
CAN-87G4S3WBU4,3,2,3,3,1,1
CAN-N9ZQRHO6JS,3,3,3,3,2,2
CAN-HY1KDQ4FNU,3,3,3,3,2,2
CAN-KNG4PYZV0R,3,3,3,3,2,1
CAN-4WZJAHZ86K,3,3,4,4,1,2
CAN-6O36VBSAI9,3,3,3,3,2,1
CAN-ZTG7MQ3I88,2,2,3,1,1,1
CAN-YAWFQ9SR5Q,3,3,3,2,2,2
CAN-69A3JKP15N,3,3,3,3,2,2
CAN-21FJHWNRNM,2,3,3,3,2,2
CAN-D5Y52OVWYW,2,3,3,2,1,1
CAN-CN3COEJD4O,3,3,3,3,2,2
CAN-ET88MOQGMR,1,3,3,2,1,2
CAN-SIXXIRSWEX,3,3,3,3,1,1
CAN-8GZH6R9PVQ,3,3,3,3,2,1
CAN-SGA7WFO0IG,3,3,3,3,2,3
CAN-D6LRZE9EHU,3,2,3,2,1,1
CAN-J8P0074UCY,2,3,3,2,2,1
CAN-Y2UBIJEYW1,3,3,3,3,2,2
CAN-80HVVFGU3K,3,3,3,2,2,2
CAN-SKSDRIIG1N,3,3,3,3,2,1
CAN-MQ8IVRV6FI,3,3,3,3,2,2
CAN-9VTN5K6JQ5,3,3,3,3,2,0
CAN-DU7Y0Y4SU0,3,3,3,3,2,1
CAN-XZEU8DSR50,1,2,3,3,2,2
CAN-IWZEJ17ZGE,3,3,3,3,2,1
CAN-MWH39NG1BF,3,3,3,2,2,1
CAN-X577EBMK6A,2,3,3,2,2,1
CAN-GQC1GCT24L,3,3,3,3,2,2
CAN-2IKQAD5WG7,3,3,3,2,2,1
CAN-C59XY5L3DN,3,3,3,3,2,1
CAN-JY2NNODKGI,3,3,3,3,2,2
CAN-YKYBOYEHKV,3,3,3,3,2,2
CAN-CMZJ3YE93K,4,3,3,4,1,4
CAN-BJ4R6OCOQB,3,3,3,3,2,2
CAN-XQGGYN1LF5,0,2,3,2,2,2
CAN-73FTKG8G93,2,3,3,3,1,0
CAN-DALWFSQUX4,3,3,3,2,1,1
CAN-JAZBWXMCJ6,3,3,3,3,2,2
CAN-8B4DPKOY99,5,3,3,3,2,2
CAN-Y6N52BHROD,0,0,3,0,0,0
CAN-N85JZAIT4Y,3,2,3,2,2,2
CAN-8DBX98GV5U,3,3,3,3,2,2
CAN-DLA901K1V4,3,3,3,3,2,2
CAN-J38TI3SNPV,3,3,3,3,3,2
CAN-KNT3LGRVNX,3,2,3,3,2,1
CAN-YWP6QBJWKA,3,3,3,3,2,0
CAN-S3D5K52T03,3,3,3,3,2,2
CAN-PJVZZODIGU,4,3,3,3,2,2
CAN-8SOTXUHUH3,3,3,3,3,2,0
CAN-KW8NBY0ME4,3,2,3,3,2,2
CAN-3VLV5P4TAW,3,3,3,3,2,2
CAN-MQT9PVFBFW,3,2,3,3,1,2
CAN-VIA8PNVAA7,3,3,3,3,2,0
CAN-J61NPU4T8M,3,3,3,3,1,2
CAN-SSXAJL3IBH,3,3,3,3,2,1
CAN-6QEJHW6AIF,3,3,3,2,2,1
CAN-I91HBENN2D,3,3,3,3,2,2
CAN-UYEOYYZAIB,2,3,3,2,2,2
CAN-KMWUX8QMJ0,3,2,3,3,2,0
CAN-7T4YCDNCWZ,3,3,3,3,1,1
CAN-FRDT51M65B,2,3,3,2,2,1
CAN-3KQR4D9O8Q,2,2,2,3,2,1
CAN-W5IZ44H8YP,2,2,3,3,1,2
CAN-MFEM0P1BJN,1,3,3,3,2,0
CAN-01BTBMC5ZN,2,3,3,3,2,1
CAN-O444PJLHDX,0,0,3,0,0,0
CAN-0YHI13HWKO,3,3,3,3,2,1
CAN-1137LOL018,3,3,3,3,2,1
CAN-N83M0A4FM5,2,3,3,2,1,1
CAN-8KCL2X0BUP,2,3,3,2,0,1
CAN-2IENMVBM85,2,3,3,2,1,2
CAN-DN56L9BVN3,3,3,3,3,2,1
CAN-DU2SSLAZUF,3,4,3,3,2,1
CAN-OJ1M5ZWG6C,2,3,3,3,1,1
CAN-2V99A4AMVF,3,3,3,3,2,1
CAN-JIS4BL2S3M,3,2,3,2,2,0
CAN-FI1FJ3O62A,1,2,3,3,2,2
CAN-ECHG52XPY0,2,3,3,4,2,1
CAN-IX6O5CSNHV,2,3,3,3,2,2
CAN-RZ34BLT29T,3,3,3,2,2,2
CAN-BFOUW1OINR,3,2,3,3,2,0
CAN-Z7574XHMIS,1,3,3,2,2,2
CAN-N2NHMRDROK,4,5,4,4,3,2
CAN-F46VRCBCJ1,2,3,3,3,2,2
CAN-FMUTP5KWGH,2,3,3,3,1,1
CAN-IKAKWV55PQ,3,2,3,1,2,1
CAN-CK5FL4BPXV,3,3,3,3,2,1
CAN-VYP0TQHFVS,1,2,3,3,2,2
CAN-Q74ZR1T20H,3,2,3,3,2,1
CAN-845KUQN13F,3,3,3,2,2,1
CAN-LX8HR6IWF8,3,2,3,3,2,1
CAN-CU7Z8XW4BY,3,2,3,3,2,2
CAN-7F7I66W3DK,1,0,3,1,0,0
CAN-RX62W31GXN,3,2,3,3,2,1
CAN-ZJULU6ATS3,3,3,3,2,2,2
CAN-4EK13UOVMH,3,3,3,3,2,2
CAN-5A6EVH95DX,4,4,3,3,2,1
CAN-GALQRDEWWO,2,2,3,3,2,1
CAN-9T8MCA7K09,3,3,3,3,2,1
CAN-A7H84ZC3HH,3,3,3,3,2,1
CAN-6TWONLPNEL,3,3,3,2,1,1
CAN-AEYMRGVIX4,3,3,3,3,2,1
CAN-NXH5BEWLMK,4,3,3,3,2,1
CAN-MEMZOTXYET,3,3,3,3,2,1
CAN-EJYTTVOEZ0,3,3,3,3,2,2
CAN-2FE12S3MN1,3,3,3,3,2,2
CAN-5QKUHT1A9U,3,3,1,3,2,2
CAN-CEJE7UUT1W,3,2,3,3,2,2
CAN-EZIE0FDQZC,3,3,3,3,2,2
CAN-4JML2H5550,3,3,3,3,2,0
CAN-LL62HZD0MW,3,3,3,3,2,1
CAN-T9AMCCOFGN,3,3,3,3,2,0
CAN-OZSBG6A70H,3,3,4,3,2,1
CAN-UQ2V6RD19Q,3,2,2,3,2,2
CAN-F9S150V79C,3,3,3,3,2,2
CAN-NYYJF9214C,3,2,3,3,2,1
CAN-DYP6CNQHY3,3,3,3,3,2,1
CAN-UOIPPNBX0K,3,3,3,3,2,1
CAN-3EH849N0SB,3,3,3,2,2,1
CAN-PSOTXA3LJU,3,3,3,3,2,2
CAN-NKIFD1D35N,3,3,3,2,2,1
CAN-0RQIRS621U,3,3,4,3,2,3
CAN-YR3V13ATJR,1,2,3,3,2,2
CAN-G5KD7I9HNW,3,3,3,3,2,2
CAN-8DQBGYQ8LC,3,3,3,3,1,0
CAN-13J0SR6O56,2,3,3,3,2,2
CAN-0B47IE28TR,0,0,3,0,0,0
CAN-RVHKD635ZK,3,2,3,3,2,2
CAN-GJT3G9RE1E,3,3,3,3,2,1
CAN-7GLZGKVF9C,3,2,6,2,1,1
CAN-F7T7ZOCE7K,3,2,3,3,2,1
CAN-WK1QO904VX,3,2,3,3,2,2
CAN-XJV3ZUPY74,4,3,4,3,2,2
CAN-H7XDADMFR2,3,2,3,3,2,2
CAN-UWJOZYBQKB,3,3,3,3,1,2
CAN-IPJDDR0Q0A,2,3,3,3,2,2
CAN-2LGOQ5MPWD,2,3,3,2,2,1
CAN-W803WTVEJV,2,1,5,2,2,1
CAN-7PX49SXKTJ,3,3,3,3,2,0
CAN-R98OM6N9ZF,2,3,3,3,2,1
CAN-FY6WMIVMBQ,3,3,3,3,1,0
CAN-553PFROK4Z,3,2,3,3,2,2
CAN-2ODM2X2U43,2,3,3,2,2,2
CAN-PO37XAHD3U,4,6,3,6,2,2
CAN-864NJSVOO7,2,3,3,2,1,2
CAN-XRHICVMZE1,3,3,3,3,2,0
CAN-KD7ASK3MS8,3,1,4,3,1,1
CAN-5H6NTEU44Y,1,3,3,3,2,2
CAN-ZSHVEIBK3N,2,3,2,2,1,1
CAN-OQYD74N928,1,2,3,3,2,2
CAN-0MG046ZIRG,3,3,3,3,2,0
CAN-ROCGQIBPAB,0,0,3,0,0,0
CAN-IGX948MWV4,2,2,2,3,2,2
CAN-WD6E3S5W14,3,3,3,3,1,2
CAN-34U34420AN,3,3,3,3,1,1
CAN-7GQ6TGC3U4,3,3,3,2,2,2
CAN-YRU1S05LB8,3,3,3,3,2,2
CAN-NMDSAHJ8NJ,3,2,3,3,2,2
CAN-U2OSKFV69H,4,3,4,3,2,1
CAN-OEN2I9HIBP,3,3,3,3,2,1
CAN-A51B22TW12,3,3,3,3,1,0
CAN-2SMFCMOAJJ,3,2,3,2,1,1
CAN-IR42DFXV9H,4,3,3,3,4,2
CAN-HKPXELSU43,3,3,3,3,2,2
CAN-CMA906BMBI,3,3,3,2,2,2
CAN-4BIWNWBHVN,3,3,3,2,2,1
CAN-X15P9P6SU6,2,2,3,3,2,2
CAN-H8DXZ0CH3P,2,3,3,3,1,1
CAN-2TB6A5H5H1,3,2,4,3,2,1
CAN-J1PQCDNCX0,3,3,3,3,1,1
CAN-LYD22LKJB7,3,3,3,3,2,1
CAN-L12X2Z3GKS,3,3,3,3,1,1
CAN-AKXKAYRN3W,3,3,3,3,2,2
CAN-LFHRST0WNC,3,0,3,3,2,2
CAN-MP5W1PZE3C,3,3,3,3,1,2
CAN-7VW4WQ5M64,3,3,3,2,1,2
CAN-Q128ZA041B,2,3,3,3,1,2
CAN-VJUPT3OFE1,2,3,3,2,2,2
CAN-VZDV8CP121,3,2,3,3,2,2
CAN-PJSFTHWFCW,3,2,3,2,2,2
CAN-Y5E0YD8ENG,3,1,3,3,1,1
CAN-A46GFBZVKL,3,3,3,3,1,2
CAN-F385NAT4XP,3,2,3,3,2,2
CAN-84X61NBPJB,2,2,3,3,2,2
CAN-NJ29EQYH24,2,3,3,0,2,1
CAN-V6H1VI9G4S,3,3,3,2,1,1
CAN-PFRFLWK7FF,3,1,3,2,2,1
CAN-9VRL0SCBTA,3,3,3,3,2,2
CAN-GQI5U641FJ,3,3,3,1,1,1
CAN-ELSZ3Z32PE,3,3,3,1,2,2
CAN-51MUS6TJET,3,3,3,3,2,0
CAN-K0WPLACUNX,3,2,3,3,2,2
CAN-C8FBONIN6P,3,4,3,4,2,1
CAN-X329AJP69T,3,3,3,3,2,1
CAN-B6WV6HQ3JW,3,2,3,3,2,0
CAN-CJKUQYBENS,2,3,3,2,1,1
CAN-ZYY4URV716,3,2,3,3,2,2
CAN-ELETUJBLKO,2,3,4,3,2,1
CAN-3AYCNK2KL3,4,3,3,3,2,2
CAN-BKKNGKF23C,3,4,3,3,2,1
CAN-8VGVOCXYIR,3,3,3,3,2,1
CAN-U5DE3E6MP9,3,3,3,2,1,1
CAN-BSD6D5GVWD,3,3,1,3,2,1
CAN-ZXCDS645JP,2,3,3,4,0,1
CAN-DFNUJCOL1U,3,2,3,3,2,1
CAN-9KZA0PD9Z6,3,3,3,2,1,2
CAN-7C6BKN8Z8W,3,3,3,2,2,1
CAN-9L66RYTA1L,3,3,3,3,1,1
CAN-L6U6PVU1CX,0,0,2,0,0,0
CAN-6BCTMMU037,3,3,3,3,2,1
CAN-VRYXYBBG1H,3,2,3,3,2,2
CAN-CZUIQOUJB2,3,3,3,3,2,2
CAN-TUKG7J2I21,1,3,2,3,2,1
CAN-8JB4ZXPI3P,3,3,3,2,2,1
CAN-4BTVNYNNBL,3,2,3,3,2,0
CAN-50CHM1TL9Y,2,3,4,3,1,1
CAN-DSODL6M0L0,3,3,3,3,2,1
CAN-NNFNT3P805,3,2,3,3,2,1
CAN-Y0RJM2TL6G,3,2,3,3,2,2
CAN-P0QFZIDOBC,3,3,3,3,2,2
CAN-E5CHW8JN1G,3,2,3,3,2,1
CAN-O94UTNL5H6,3,3,3,2,2,0
CAN-8SVP8MPUEA,2,3,3,3,2,2
CAN-XNEM721MCA,2,3,3,2,2,1
CAN-9H8MQ4ROFL,3,3,3,3,2,1
CAN-CGACMVZFCV,3,3,3,3,2,2
CAN-I8NVUJI775,2,3,3,3,2,2
CAN-RBCB8EQD6U,2,2,3,2,1,2
CAN-R3MGMJOLZ0,2,3,3,2,2,1
CAN-OHWO4HX7UR,3,3,4,3,2,0
CAN-A8CKQSMN6S,3,3,3,3,2,2
CAN-T2ERL9QRO9,3,3,3,3,2,1
CAN-S8RE7BQLRD,3,3,3,3,1,2
CAN-1GVSRLZ6VY,4,3,3,3,4,2
CAN-Z6NM01QDA5,3,3,3,3,1,0
CAN-TWJGU0IA97,3,2,3,3,2,1
CAN-M07Y1R8WKY,3,2,3,2,2,1
CAN-O070CHPAHC,3,3,3,3,2,2
CAN-U27ECB7EQL,3,3,3,1,1,1
CAN-K5YKZUAS1C,3,3,3,3,2,2
CAN-Y089O6IWKJ,3,3,3,2,2,2
CAN-QG3KI6D803,3,2,3,2,0,1
CAN-TSENH46WJS,2,3,3,3,1,1
CAN-RD8DGWK9H1,3,3,3,3,2,2
CAN-Y7SKKN0DVH,1,3,3,3,1,2
CAN-XRB6CUMQEF,3,2,2,3,1,2
CAN-B7466K866E,5,5,4,5,4,2
CAN-NW5A0GKC83,3,1,3,1,2,1
CAN-61ZRXKA0LJ,3,2,3,3,2,2
CAN-ZR2AROK949,3,3,3,3,2,2
CAN-UZP9QBCQ71,2,3,2,3,2,2
CAN-ACR5OTNROS,3,3,3,3,1,2
CAN-5W0JXE52TZ,3,2,3,2,2,2
CAN-2DL50YHVYR,3,3,3,3,2,2
CAN-ZBUF5E8AOD,3,3,3,3,2,2
CAN-6KUFN7RQC0,3,3,3,4,2,2
CAN-5BFY9VZFSK,3,2,3,2,1,1
CAN-7SQ8A3HAEA,3,3,3,3,1,2
CAN-T7569GEAIP,5,3,5,4,2,3
CAN-JUC24LFFK0,3,3,3,1,2,1
CAN-GI61VUTNR4,2,3,3,3,2,1
CAN-N4XFL9XJES,2,3,3,2,2,1
CAN-7K5WMKJ0Z5,3,3,3,3,2,3
CAN-SN95MSLLIW,3,3,3,3,2,1
CAN-5WLDEVG5AK,3,3,3,2,2,1
CAN-L625KEA7NN,3,2,3,3,2,2
CAN-IKJQXZWWY4,2,2,3,2,2,2
CAN-ZJCTDZEWGX,3,3,3,3,1,0
CAN-0K7QH8O3CX,3,3,3,3,2,1
CAN-N66VRL9EO2,3,3,3,2,2,1
CAN-6BQ1VS97DK,3,2,3,2,2,1
CAN-6S67LM7Y0T,3,3,3,1,2,1
CAN-6NVE317J7O,3,3,3,3,2,1
CAN-9X0UIE2ZPA,3,2,3,3,2,0
CAN-Q1BYA7ORB1,3,3,3,3,2,2
CAN-SIMHCN6671,3,3,3,4,3,2
CAN-1U73240VYC,3,3,3,4,2,1
CAN-7OPJMLI675,3,3,3,2,2,1
CAN-FJ8AI7YCR1,3,3,3,3,2,1
CAN-YLNMGXJA2S,3,3,3,2,2,2
CAN-1JQKMVCC0E,2,4,3,2,2,0
CAN-4RUH8WY7PE,3,2,3,3,1,0
CAN-M8DKM6TFYN,3,3,2,3,2,2
CAN-DY9T94740Z,3,3,3,3,2,2
CAN-ATLT62VDIL,2,3,3,3,1,1
CAN-0ZESGY72WE,2,2,3,3,2,1
CAN-AYQ5UN4OZQ,3,2,3,3,2,1
CAN-RNURB6RJX4,3,3,3,2,2,1
CAN-INNB9CKBY1,3,3,3,2,1,2
CAN-G512WXR5FQ,3,2,3,3,2,1
CAN-THUN32DVI9,4,3,3,3,2,2
CAN-7048BXEXNP,1,3,3,3,2,2
CAN-04RH56AKFJ,2,3,3,3,2,2
CAN-RK1K3CUN6G,3,3,3,3,2,1
CAN-Z9WF3ELLQH,3,3,3,4,2,2
CAN-BVU8JC7JRF,3,3,3,3,2,2
CAN-SVFVY13V42,3,3,3,3,2,2
CAN-V6K00HG656,3,3,3,3,2,2
CAN-OG91HI4LKF,1,3,3,1,2,2
CAN-FJ7AJX5AG0,3,3,3,3,2,2
CAN-KV96Y0ODI9,2,3,3,3,2,1
CAN-273JV6RPY1,3,3,3,3,2,1
CAN-F9FOZ91KDR,3,3,3,2,2,1
CAN-2TBE5UE4ON,3,3,3,3,2,1
CAN-7DH2U4BZ66,3,3,3,2,2,2
CAN-UD7AS9A1NG,3,2,2,2,2,2
CAN-5PB42NUKIB,2,3,3,2,2,0
CAN-MTSDOHUAVO,3,4,3,4,2,2
CAN-L7P9EYYT6B,3,3,3,3,2,0
CAN-4B4C5VBGEE,3,3,3,3,2,2
CAN-2NFR2H1YEK,2,3,3,3,2,0
CAN-IVBEN9S39K,3,3,3,3,1,2
CAN-8M14QK9NU7,3,3,3,3,2,2
CAN-D2D0LEC4LG,2,3,3,3,1,2
CAN-YJM5FGXMR9,3,2,3,2,1,1
CAN-XHOF8BIK7A,3,3,5,3,2,2
CAN-4W9APN7PSA,3,3,3,3,1,0
CAN-2M5SXKJ89V,3,3,3,3,2,2
CAN-4E6EH9OBTO,3,3,3,3,1,2
CAN-SPPCWVFH0V,1,2,3,3,2,0
CAN-H4U1T2TYBL,4,3,3,3,2,2
CAN-6AX4TJ3T0S,3,2,3,3,2,2
CAN-UCJTKUWCZ7,4,3,4,3,2,2
CAN-I21UNSOKSW,1,2,3,2,2,2
CAN-BQOZJOB9PJ,3,3,3,3,2,2
CAN-DNLI47SNAV,3,3,3,3,2,1
CAN-MY2BLAMG2L,2,2,3,3,2,1
CAN-VKN8NRWJCL,3,3,3,2,2,1
CAN-UM17KR54LH,3,3,3,3,2,1
CAN-OIRHAS1PVD,3,2,3,1,2,1
CAN-CHO3YN28P9,0,0,3,0,0,0
CAN-N39QFRI8B0,3,2,3,3,2,1
CAN-0TPRJRTQ0Z,3,2,3,3,2,0
CAN-RPKL946CD1,2,3,3,3,1,2
CAN-SP4GNRXYI4,3,3,3,3,2,2
CAN-EPCDX3XKEK,3,3,3,3,2,2
CAN-NFIVSUTCZA,3,3,3,3,2,0
CAN-KRN7XD2LDH,3,4,3,3,2,2
CAN-JA6SW3OT3S,2,4,3,3,3,2
CAN-RBEFJM47U8,3,3,3,2,2,2
CAN-0H44R5I7XN,3,3,3,4,2,0
CAN-28MMBJNJTW,3,4,3,4,2,2
CAN-BKBDQIQ1T3,3,3,3,3,2,1
CAN-GLWTVGJXMJ,3,2,3,2,2,1
CAN-PRTTL4FIEG,2,3,3,3,2,2
CAN-46MSIUSBPJ,2,3,3,2,1,1
CAN-8668F4N08A,2,2,3,2,2,2
CAN-EK1HPERFOV,4,3,3,3,2,1
CAN-DK7PPDL879,2,3,3,3,2,2
CAN-8IFP2OOMAD,2,3,3,3,1,2
CAN-ERE4JWXFZ4,3,3,3,3,2,1
CAN-T9D9WFJ4NQ,2,3,3,2,1,2
CAN-ZGAVJGIF5M,2,3,3,3,2,2
CAN-38ZLZGIL10,4,6,3,4,2,2
CAN-DEA7OQDTZW,3,3,3,3,0,2
CAN-8AGFM55G7A,3,2,3,3,2,2
CAN-APPF5PYH1E,2,2,3,2,1,1
CAN-XBJNC20RLN,3,1,3,3,2,2
CAN-FZOF8K3Z4I,3,3,3,3,2,2
CAN-RCCG6PPHRL,3,3,3,3,2,2
CAN-OLNQC7XNS4,3,3,3,3,2,0
CAN-96EFWF5YZL,2,3,3,2,2,1
CAN-9NSAZBVTD8,3,3,3,4,2,0
CAN-RNKBDA8WE0,3,3,3,3,2,2
CAN-1MTD8PQRRB,3,3,3,3,2,2
CAN-C9MPSQA14U,3,2,3,2,2,1
CAN-0DDQ7WMHVF,3,3,3,3,2,1
CAN-8YNCD5K33F,3,2,3,2,1,2
CAN-YFJE0SY9BU,1,3,2,3,2,1
CAN-GUCYUDDPRT,2,2,2,1,2,1
CAN-DIOWK2XSTS,7,6,4,5,1,0
CAN-5U0ZA2R2KZ,3,2,3,3,0,1
CAN-Y61BUD89JM,3,3,3,3,2,2
CAN-1P0T5287Z5,3,3,3,3,2,1
CAN-BG22YXIIXX,3,2,3,2,1,1
CAN-PFB5DKD37Z,2,2,3,3,1,1
CAN-EJJFRVK13I,2,1,3,3,1,2
CAN-TMGXQO8JDP,0,0,3,0,0,0
CAN-11BP7WD7CL,3,3,3,5,2,0
CAN-MRA1VQ9ZRX,3,2,3,3,2,1
CAN-FN7LTXIQ04,3,3,3,3,2,1
CAN-88CCEHJ5VU,3,2,3,3,2,1
CAN-WLX33IU152,2,3,3,2,2,2
CAN-YQ7T9U88RP,3,3,3,3,2,1
CAN-KFRGVF3L4K,3,3,3,3,2,1
CAN-UJG6LJNTS3,2,3,3,3,1,1
CAN-6GW1ONM0DZ,1,3,3,3,2,1
CAN-XI53CHBSZB,3,2,2,1,2,2
CAN-GN4CG38WQP,3,3,3,3,1,1
CAN-9AF5UQS2XQ,2,3,3,3,2,2
CAN-P2IHKZ40W8,3,3,3,3,2,0
CAN-WFV8GZCPGD,3,3,3,2,2,2
CAN-ZV4U12AVUO,3,3,3,3,2,2
CAN-4ZTZGGFGMG,3,2,3,3,1,2
CAN-6O77F2818H,3,3,3,3,0,1
CAN-POVEVM7RW7,3,3,4,3,2,2
CAN-3DQZSF6KT9,3,3,3,3,2,1
CAN-IH7JJ81BIM,3,3,3,3,1,0
CAN-QP4PGHWTWW,3,3,3,3,1,2
CAN-ZYWWWHHYOS,3,3,3,3,2,2
CAN-QLTF7DZ5WC,3,3,2,3,2,2
CAN-36DQS51RI0,3,3,3,3,2,2
CAN-5JDCMLEU04,3,3,3,3,2,2
CAN-ITXNU53MZG,3,3,3,3,0,1
CAN-YUL26WK29Z,3,3,3,3,2,2
CAN-8RTRBHEAMO,3,3,3,1,2,2
CAN-TKSCEI05HW,2,3,3,3,2,2
CAN-72FKPUM4XH,3,3,3,2,2,1
CAN-6ARR91Z8VN,3,3,3,3,2,1
CAN-E24J4HA5MP,3,2,3,3,1,1
CAN-WWNB2ZQDE7,3,2,3,3,1,2
CAN-HF5IP7YHKP,6,3,4,5,2,3
CAN-81KOP4BPYO,3,3,3,3,2,2
CAN-IPRHKZ4ND3,3,3,3,2,2,2
CAN-J13KO0CUU5,4,4,3,3,2,2
CAN-9IMX6OV25Z,3,5,6,5,2,2
CAN-YFEBY1CAU8,3,3,3,4,2,0
CAN-BO02ARNB5P,3,3,3,3,2,1
CAN-IFNH9TJMCM,3,3,3,3,2,2
CAN-9CRC63B07P,2,3,3,2,1,0
CAN-CYLDKGRF42,3,3,3,3,2,0
CAN-LB6CRVV6HQ,3,3,3,3,2,2
CAN-00BU69PSPC,3,3,3,3,2,1
CAN-TMX7AIWS5T,3,3,3,3,1,1
CAN-3B5APIGJQB,3,3,2,3,1,1
CAN-30UIAZTBJQ,3,3,2,3,2,1
CAN-9B4U7W1A0V,3,3,3,3,2,2
CAN-ZPKNCF2FRC,1,3,4,2,2,0
CAN-MV45QL5P08,2,3,3,2,2,1
CAN-GNESGAV7RA,3,3,2,3,1,2
CAN-QLBMD69NQT,3,3,3,2,2,1
CAN-VSKIS7N383,3,3,3,3,2,2
CAN-2CPTU57VV1,4,2,3,3,2,1
CAN-HSXYMUWT4T,2,3,3,3,2,1
CAN-G4MDRMOFTP,3,2,3,3,2,2
CAN-HVEVY568P4,2,2,3,3,2,2
CAN-96OZYAV9QZ,3,3,3,3,2,2
CAN-DFFSU7BAIY,3,3,3,3,2,2
CAN-S1DPPO2PJV,3,3,3,3,2,2
CAN-UXT1FVC6K8,3,3,3,2,2,1
CAN-GQ9UNC6ISZ,3,2,3,2,1,2
CAN-VFIYE71G6N,3,3,3,3,2,2
CAN-665S6UGQAT,3,3,3,2,2,1
CAN-Z5UT1XU9JA,2,1,3,3,2,0
CAN-06QYUPUDBJ,1,3,3,3,2,0
CAN-63YSVMR29T,3,3,3,3,2,1
CAN-XFQV9I6F7Q,3,3,3,3,2,1
CAN-FCBE5NO4LX,3,3,4,3,2,1
CAN-0A4B725X8P,3,1,3,2,2,2
CAN-C2IXUQFCTM,3,3,3,3,2,1
CAN-D8U5ROGI97,3,3,3,3,1,1
CAN-61GMISV59G,3,3,3,1,2,2
CAN-UFDXUJ75EH,3,3,3,3,2,1
CAN-1ZPBXVK6ZW,3,3,3,3,2,2
CAN-DL5BCHYABQ,3,3,3,3,2,2
CAN-2Q3D9PH4TH,0,0,3,0,0,0
CAN-HZTZD6SFJO,3,3,3,3,2,1
CAN-VNNKA4B2KW,4,4,3,3,2,2
CAN-B1EER6P27P,3,3,3,3,2,0
CAN-PQSMJT6EP4,3,3,3,3,2,1
CAN-Y9QU3B5ATF,2,2,3,2,2,2
CAN-8DETFQTDEE,3,3,3,3,1,2
CAN-P9G5UBJREY,2,3,3,3,2,1
CAN-KO00A3VXST,2,2,3,3,2,1
CAN-UL0DHDDS5J,3,3,3,2,3,2
CAN-VAY8PA7G8D,3,3,3,3,1,2
CAN-O4VCSHLF6V,3,2,3,2,2,1
CAN-8C0C3V9QTZ,2,3,3,3,2,2
CAN-T5GOWP68AA,3,2,3,2,1,2
CAN-NRFJRO397T,3,3,3,3,2,1
CAN-2NS6BPYRTR,3,3,3,3,2,1
CAN-MO5GK92X2D,3,2,3,3,2,1
CAN-EP5G6KKNBM,3,3,3,3,2,1
CAN-5KVJWP7416,4,3,3,3,2,1
CAN-HJUEU4HOME,3,3,3,1,1,1
CAN-UJOF3CT5GL,1,3,1,2,2,1
CAN-XNQ76FUD2N,3,2,3,0,2,1
CAN-8CTS8ZS53F,3,3,3,3,2,1
CAN-91USYKXCDQ,2,2,3,3,2,1
CAN-PM64X93NG9,3,1,3,3,2,1
CAN-9OM13YYF2P,2,3,3,3,2,1
CAN-4OCV4SSYTI,1,3,3,3,2,1
CAN-GA6T2OJJH5,3,2,3,3,2,1
CAN-IVS7JGM0U5,1,3,3,2,2,2
CAN-LE2FQYRBNT,3,3,3,3,2,2
CAN-JS0TD7RAVV,3,3,3,3,2,1
CAN-7BA1JINTDP,2,3,3,3,2,1
CAN-6N8NUY6QNZ,2,3,3,3,2,1
CAN-SAXOB72M0H,2,3,3,3,2,2
CAN-9CZ35IYZNU,2,3,4,3,2,0
CAN-NQHRX5RYBM,3,3,3,2,2,1
CAN-E80OH5BMYI,3,3,3,3,2,2
CAN-QXMFWJX8HU,2,2,3,3,2,1
CAN-SKOTY34HQW,3,3,3,2,2,2
CAN-QFAPF6L3HJ,2,2,3,3,1,2
CAN-OJH5BMQMW9,1,3,3,2,1,2
CAN-IFHPBFT1DT,3,3,3,3,2,1
CAN-A487SWH8IG,3,3,3,3,2,2
CAN-HK03PURU69,3,3,3,3,2,2
CAN-OQBHFV0R54,2,3,3,3,2,1
CAN-E3FRL3SIF7,3,2,3,2,1,1
CAN-JXJG6A56AZ,3,3,3,2,2,1
CAN-S220YRACUP,3,4,4,3,2,2
CAN-ICV9EJLNDC,3,3,2,3,2,0
CAN-3VH9OB1Y6I,3,3,3,3,2,1
CAN-XNVS907HHT,4,3,3,2,2,1
CAN-HXSCGM25DZ,0,0,3,0,0,0
CAN-66JQIV3ZPY,3,3,3,3,1,2
CAN-E5CJUNG3O7,3,3,3,3,2,2
CAN-7FIS7SLS7K,1,3,3,2,2,1
CAN-G78O00NJGH,2,3,4,3,2,2
CAN-TEGW8ULWGW,3,3,3,3,1,1
CAN-TTHZ247M0K,2,2,3,2,2,2
CAN-V9A05RHBNZ,3,3,3,3,1,0
CAN-PULPBIQC7R,3,2,3,3,1,2
CAN-SORBZAICPY,4,3,3,4,2,2
CAN-XCBENVJ4WX,2,4,3,2,2,0
CAN-GAYIXDP21C,1,3,3,3,2,2
CAN-1GSUL0RUCK,4,3,5,4,2,1
CAN-YG2MTECT4P,3,2,3,3,2,1
CAN-RVOUK43OU4,2,2,3,3,2,2
CAN-T3YBHA8NB8,3,3,2,3,2,1
CAN-KEDKSYGNII,3,3,3,3,2,2
CAN-2Y439DA81Q,3,3,3,3,2,2
CAN-5F2T570JMK,3,3,3,3,2,2
CAN-0ADHJV0X8I,3,2,3,2,2,2
CAN-NJ4XYUTBW4,3,3,3,3,0,2
CAN-14VGJ1DDBM,3,3,3,3,2,2
CAN-QM23NX46TX,3,3,3,2,2,1
CAN-MSUE3RKTNG,2,3,3,3,2,2
CAN-7S4F71JQZJ,3,3,3,3,1,1
CAN-DHGNLHHB28,3,3,3,3,2,1
CAN-W6XIWEIIV0,2,3,3,3,1,2
CAN-7XPLJJCW50,3,3,3,3,2,1
CAN-AM8AOLPDZA,3,3,3,3,1,1
CAN-XGACJBOABG,2,2,3,3,2,2
CAN-MS59YQ5F2T,2,3,3,1,2,1
CAN-3D4DX5VMPF,3,2,3,3,1,1
CAN-9YZTXIDHHF,2,3,3,3,2,2
CAN-21M25FY4UU,3,3,3,1,2,1
CAN-815CKTQ5D9,3,3,3,3,2,2
CAN-TTUUVHES17,3,3,3,3,2,2
CAN-LIC2LRK72W,2,3,3,2,2,2
CAN-T68WXC1JGJ,2,3,3,3,2,1
CAN-HIF5I6YL3L,3,2,3,3,2,1
CAN-HCIIRWWMSO,3,2,3,3,2,1
CAN-HPDFJELOWJ,3,3,3,3,2,1
CAN-CHNYH3UE55,2,3,3,3,2,2
CAN-L86WDADQ2Y,2,3,3,3,2,0
CAN-DRB89GCQ3U,3,3,3,3,2,0
CAN-N9ZOUIZDPW,3,3,3,3,1,1
CAN-IQWEPRYGGH,3,3,3,3,2,1
CAN-PKHG4FI630,3,3,3,3,2,2
CAN-LTZBGT14ET,4,2,4,4,2,4
CAN-JAF4N276EV,3,1,3,3,2,2
CAN-0SBCFRBO0A,3,2,3,3,2,1
CAN-YQ8SIVUQ6G,3,3,3,3,2,1
CAN-YN61UWT39N,3,3,3,3,2,2
CAN-QVT64QCDRT,3,2,3,3,2,0
CAN-6054381ZRN,3,4,3,3,2,2
CAN-5WYGMANFMV,2,3,3,3,2,0
CAN-J89759N3NE,3,3,3,3,2,2
CAN-NLMDTD9VCV,2,2,2,3,1,1
CAN-QY06N4F3GF,3,3,3,3,0,1
CAN-K79BSPHXO3,3,3,3,3,2,1
CAN-I9JGDG2UCW,3,3,3,3,2,0
CAN-ZELW8D5E21,3,3,3,3,2,1
CAN-FEHFXFG7B9,1,3,3,3,2,2
CAN-EYVB8454HZ,3,3,3,2,2,2
CAN-N1C96CDXBQ,2,1,3,3,2,1
CAN-6LTUE3XZJ4,2,3,3,3,2,2
CAN-4RKXY1JINP,3,3,3,3,2,1
CAN-AB9G323BJL,3,3,3,3,2,2
CAN-WJEE6FBJQT,3,3,3,3,1,2
CAN-R0F2JU1XPS,3,3,3,3,1,2
CAN-36XJM7CYKW,3,1,3,3,2,1
CAN-EA4UOZQPCY,3,3,3,3,2,2
CAN-3W1WRGSSBR,2,2,3,3,2,0
CAN-QEUA4K5EGY,3,3,3,2,2,1
CAN-70DV50Z989,3,3,3,3,2,1
CAN-P6QQIY7T5P,3,3,3,3,2,2
CAN-H1T1T8N4KC,3,3,3,2,2,2
CAN-6NBOOJ2V4L,2,2,3,3,2,1
CAN-HALZUG2QRC,3,2,3,3,1,1
CAN-YXQ3WUHORR,3,3,3,3,2,2
CAN-E3HX59CFYH,3,3,3,3,2,1
CAN-3RAVTPTN6J,3,2,3,3,2,1
CAN-X4MQETL184,3,3,3,3,2,2
CAN-K067ZS1HAB,3,3,3,3,2,1
CAN-PPLU1RUSBB,3,2,3,3,2,1
CAN-74AHH6VA52,3,3,3,3,2,0
CAN-M0V0NDR8QD,3,2,2,3,2,1
CAN-REHBEFHN0X,3,3,3,3,1,1
CAN-2XJ478L64K,3,3,3,3,2,0
CAN-HBNMBALFGH,3,3,3,3,2,1
CAN-7SEVKFP7E1,1,1,3,3,2,1
CAN-000UUPHTCY,3,3,3,3,2,2
CAN-DAXG4OGSFE,3,3,2,2,2,0
CAN-YHUOWBN9L6,3,3,3,3,2,2
CAN-OSVVQTWE1G,2,2,3,3,2,1
CAN-8XV98GAVN8,3,3,3,3,2,1
CAN-Q92FQCLUFK,2,3,3,3,1,2
CAN-YCHTPBG58Z,2,2,3,3,1,1
CAN-TWFZKOTHEE,3,3,3,2,2,1
CAN-ILI5PIGLWL,3,2,3,3,2,2
CAN-1ZO27IJELZ,2,3,3,3,2,1
CAN-98EZIXVSFV,2,3,3,3,2,1
CAN-K8JUS50M5V,2,3,3,3,1,1
CAN-MDE4ME05RN,2,3,3,3,2,2
CAN-WD445TNR4Q,3,3,3,3,1,2
CAN-5HM3GH9VS5,3,3,3,2,2,2
CAN-1A4D4CB48Y,2,2,3,3,2,2
CAN-RIUV3JR5FP,2,1,3,3,1,1
CAN-LUS817N1DJ,3,3,3,3,1,2
CAN-Z4RQN1CCUQ,2,2,3,3,2,2
CAN-6EOYH6P2E6,3,3,3,3,2,1
CAN-PA8T3ZEHMC,2,2,3,2,1,0
CAN-UIP9ZM3XAS,3,3,3,3,1,2
CAN-PZYRM7RGN2,2,3,3,3,2,2
CAN-PJFRDB346X,3,3,1,3,2,2
CAN-Q33XD1X7U5,3,3,3,3,2,1
CAN-3363JGFP2R,3,2,3,3,2,2
CAN-LT75PQRCOT,3,3,3,3,2,2
CAN-PVJL9USQXF,3,1,3,3,1,2
CAN-FMZRJFDW70,2,4,3,3,2,1
CAN-HXYN2IHKXK,2,3,3,3,2,1
CAN-VALPQKED92,3,2,3,3,1,1
CAN-3C7C856L53,3,2,3,3,2,2
CAN-QZ76P4Y1KN,3,3,3,3,2,2
CAN-F38K781VJU,3,3,3,3,2,1
CAN-RLFHYDAOTO,3,3,3,3,2,2
CAN-LDUTSHXKY9,2,3,3,3,2,2
CAN-Y1Y8P86ZLR,3,3,3,3,2,2
CAN-6LJSSY2ARH,3,3,3,3,1,3
CAN-NYKJ8MNCKV,3,3,3,3,0,2
CAN-14SRJ1L18Z,2,2,3,1,2,0
CAN-6YZ2MZIFFI,3,3,3,3,2,2
CAN-GQH89H5FMT,3,3,2,2,2,0
CAN-SJ47LEO7I8,3,3,3,3,2,2
CAN-FB3A0B626V,3,3,3,3,2,2
CAN-74MW38G2B2,3,2,3,2,2,1
CAN-N58Z3OD382,0,0,2,0,0,0
CAN-7GQKP0AOM9,3,3,3,3,1,2
CAN-VMJSN3VE7R,3,3,3,4,2,4
CAN-XWPOGKY3HU,3,3,4,3,1,2
CAN-9HORWUZIEV,2,3,3,2,1,1
CAN-2AY4KS0BST,3,2,3,3,2,2
CAN-YL8DSH1JE5,3,3,3,3,2,1
CAN-C92F3VCOVI,3,3,3,3,2,2
CAN-SBHKC4O0P4,2,3,3,1,2,1
CAN-AF5MDPLMGV,2,3,3,3,1,1
CAN-88QLPCHFVU,3,2,3,3,1,1
CAN-USBPGXP3DA,3,3,3,3,3,2
CAN-PXHL2F57BV,3,2,3,2,2,2
CAN-V5QN569SOM,3,3,3,3,2,2
CAN-QNOY5045NC,3,3,3,3,2,1
CAN-UMLP3YSQW7,3,3,3,3,0,2
CAN-ZV6S293UDY,2,3,2,2,1,1
CAN-C1LEEXSAIK,3,2,3,3,2,2
CAN-PYERQ3G8AI,3,3,3,3,2,2
CAN-JV5J561CM8,3,3,3,3,2,2
CAN-INC0EVTANS,3,2,3,3,2,1
CAN-3COLF9JBC8,3,3,3,3,2,2
CAN-NM7HQI8IA5,3,3,3,3,1,1
CAN-MMDZ14EJ3L,3,3,3,4,3,2
CAN-7PJ2H4A2TK,3,3,3,3,2,1
CAN-HFZ1R110K3,3,3,4,3,2,1
CAN-GLKSSK54OR,3,3,3,3,2,2
CAN-F640D3DCIR,3,3,3,3,2,2
CAN-TTGF19JN3G,3,3,3,3,1,1
CAN-0A77LRZ6PB,3,3,3,2,2,0
CAN-JG3HUHOTT6,2,3,3,3,2,1
CAN-RWR0COP7LS,0,0,3,0,0,0
CAN-0WDZDRPAHM,3,4,3,3,2,0
CAN-SEMWY6TBUA,3,3,3,3,2,2
CAN-FQ6C2CQW9I,2,3,3,3,2,2
CAN-7ANKU1TNTS,2,3,3,3,2,2
CAN-8VAI7W5C0R,3,3,3,3,2,0
CAN-BFONOPMEZO,3,3,3,3,2,2
CAN-Z1EO9FVE71,3,3,3,2,1,1
CAN-8YMMPP4AUC,3,3,3,3,2,1
CAN-RRVUUQIUH8,2,1,3,3,2,2
CAN-3Y3TF6BIXP,3,3,3,3,2,2
CAN-8A0U0E545D,2,3,3,3,0,0
CAN-DCP2SIPNXR,3,2,3,3,2,2
CAN-3KOTZEFXJR,4,3,3,2,2,1
CAN-JDQFX6EWTQ,3,2,3,3,2,2
CAN-FZN9CXQTZH,2,3,3,3,1,2
CAN-D20CI00RSE,2,3,3,3,2,1
CAN-GEMG5ZOUCP,3,3,3,2,2,1
CAN-J538MFH2RZ,3,3,3,2,1,0
CAN-C9VXJB2YH1,2,3,3,2,2,2
CAN-G8M99BJVE9,3,2,4,3,2,0
CAN-YVWI4Y222D,2,3,3,3,2,2
CAN-7N3UP1GC6M,3,5,4,4,2,2
CAN-T3BSOKDD2P,3,3,3,3,2,1
CAN-C5MXVNEQIE,3,2,3,3,2,2
CAN-CVLVMLSPPW,3,3,3,3,2,1
CAN-TIC9NM3PS1,4,3,3,3,2,2
CAN-0K8F9TKWWU,3,3,3,3,2,1
CAN-87GE693SLE,6,4,6,4,2,0
CAN-57OOFQ63J2,2,3,3,3,2,2
CAN-LZ3YIRQJ79,3,3,3,3,2,2
CAN-DD92YFVYXO,2,3,3,3,2,1
CAN-64UV9WR297,3,3,3,3,2,2
CAN-GKARFIGAPI,2,3,3,3,2,1
CAN-W5JJROD9JX,2,2,3,3,2,1
CAN-97WSFQTHF5,3,3,3,3,2,0
CAN-55NZUZ3VR8,3,3,3,3,2,2
CAN-TA661BY5LK,3,2,3,3,1,1
CAN-LN1VMRG0Z7,3,3,3,2,2,1
CAN-3EM50WHJCL,3,3,3,3,2,0
CAN-USVJLIY0EB,3,3,3,3,2,1
CAN-ZHDQC95DYH,2,3,3,2,1,2
CAN-BZ762VI3MF,3,3,3,3,1,1
CAN-QAGS5UIXRY,2,1,3,3,1,1
CAN-YZUVZSIVT5,1,3,3,2,2,0
CAN-1O3YPOAJAT,2,3,3,2,2,1
CAN-DEHSRYTHG2,2,2,3,1,2,2
CAN-M4M40P1Y0S,3,2,3,3,2,2
CAN-R2IALNQ8H9,3,3,3,3,2,0
CAN-CX8BTZ1A7O,3,3,3,3,2,1
CAN-MTYIUZ7IR0,3,1,3,3,2,2
CAN-XM21X00LKY,1,0,3,1,0,1
CAN-ACHU1VNPAU,3,3,3,3,2,1
CAN-WW1YA4KDKG,2,3,3,3,2,1
CAN-ZU8QTE4XDA,3,3,3,3,2,2
CAN-5831S6Y1VZ,0,0,3,0,0,0
CAN-HYMYBN588L,2,2,3,3,2,1
CAN-6I9JYSNFHD,3,2,3,3,1,1
CAN-L8NXUUA3RJ,3,2,3,3,2,2
CAN-NJBINOQ2W9,3,2,3,3,2,2
CAN-FEO3GQ8XT6,2,3,3,3,2,2
CAN-F548FR1676,3,3,3,2,1,2
CAN-FRIG4NTVJX,2,3,3,3,0,2
CAN-2WNGH60WI9,3,3,3,3,2,1
CAN-8T3NNWVGPL,3,2,3,3,1,2
CAN-U21L6C4Z08,3,3,3,1,2,1
CAN-LQJC96JQ5R,3,3,3,3,2,1
CAN-19XO12WFCZ,1,1,3,2,2,1
CAN-RAJJHC20KR,3,4,3,3,2,2
CAN-LJC1GBZ1A9,3,2,3,3,1,1
CAN-5SLPV827L2,3,3,3,2,1,1
CAN-JT2FDR3QEC,4,3,3,3,2,3
CAN-IWS1F3GDUY,2,3,3,3,2,1
CAN-SVE47XKJ0P,2,1,3,3,1,2
CAN-1UXZVZSG4A,3,3,3,3,2,2
CAN-V5109OYY1T,2,2,2,2,2,1
CAN-RKIC97X4FK,1,3,3,2,2,1
CAN-VUP0QI9WY8,3,3,3,3,2,1
CAN-ZLN4NDM06Y,3,2,3,3,2,2
CAN-N5E1QN73XM,3,2,3,2,2,0
CAN-3RU473OQA6,3,2,3,1,2,0
CAN-5ICW8QILEP,3,3,3,2,1,2
CAN-CTJCWLK1Q5,2,3,3,1,2,0
CAN-EAI0FVQYN3,2,3,3,3,1,1
CAN-HRB6C4QXJ1,3,2,3,2,2,2
CAN-L5HCXO0IV3,3,1,3,3,2,2
CAN-XM834YHKHR,3,3,3,2,2,1
CAN-96TZ2VAMCO,2,3,3,1,1,2
CAN-XK23UIZL6J,4,2,3,3,2,2
CAN-3F2FJS3A1Q,3,1,2,3,2,2
CAN-TY8UJQL1X3,2,3,3,3,2,2
CAN-I63QH0YDUN,3,2,3,3,2,2
CAN-SUSMLP6YWM,2,3,3,3,2,1
CAN-5GH7YOH1Q0,3,3,3,2,2,2
CAN-AM5TTF6H9F,3,3,3,3,2,1
CAN-F90ECGJD7B,0,2,3,0,0,0
CAN-LBSUFLZHIH,5,4,3,3,2,2
CAN-VAZNR7W6ZG,3,3,3,3,2,2
CAN-ZCT4T4QW9X,1,0,3,0,0,0
CAN-F9Q4YF7KJJ,3,1,3,3,2,1
CAN-PIAGPBOQJ8,3,3,3,3,2,0
CAN-AFE7Y28G0F,3,3,3,1,2,2
CAN-C3ZIFX1I1U,2,2,3,3,1,0
CAN-7C964FIDMD,2,3,3,3,2,1
CAN-ZH2BQ3ATUM,3,2,3,3,1,1
CAN-LBERJDC69U,3,2,2,2,2,2
CAN-OYXB45GKM8,3,3,3,3,2,2
CAN-QU6MD5TN0F,3,3,3,3,2,1
CAN-W46CQP38T5,3,3,3,3,2,2
CAN-OZBDBU2C8V,2,2,3,1,2,2
CAN-1G33R5ZP33,3,4,3,3,2,1
CAN-FX0CXCTTT5,2,2,3,3,1,1
CAN-GE1OF12M02,1,3,3,3,2,1
CAN-S7ILK3VXLA,3,3,3,3,2,0
CAN-JE50LL66V5,3,3,3,3,2,2
CAN-AA66HFR8N1,3,2,3,3,2,0
CAN-L82L7C3JFH,3,3,3,3,2,1
CAN-31HR190D49,2,3,3,3,2,0
CAN-DTKKRG4TH0,3,2,3,3,2,1
CAN-27XP55ESZT,3,4,4,3,2,1
CAN-2UKRTA000H,3,5,3,3,2,2
CAN-KFFO1IUNQ2,3,3,3,3,2,2
CAN-66TQRR9EOU,3,3,3,3,2,2
CAN-XFNGVN2MK8,3,3,2,3,2,1
CAN-HSAFCDVIEX,3,3,3,3,1,1
CAN-134Q72471I,3,2,3,2,2,2
CAN-KBTC63C8LL,3,3,3,3,2,2
CAN-HFWCF7T2WV,3,3,4,4,1,2
CAN-S7CYNBBGBC,3,3,3,1,2,1
CAN-HH1FGVCSHO,1,3,3,3,2,2
CAN-H2TOKOI56S,3,3,2,3,2,1
CAN-WFMGVZBGVH,3,3,3,3,2,1
CAN-H037Q3HE9S,3,2,3,3,2,2
CAN-LOEQ5CPJMJ,3,4,3,3,1,1
CAN-6MQ4BCKDD4,3,3,3,3,2,1
CAN-10S81QV4SG,4,2,4,3,1,1
CAN-UQTGM0YBSB,3,3,3,3,2,1
CAN-NIV4J5MPW9,3,3,3,3,2,2
CAN-5FZ8IHPB9N,3,2,3,3,2,1
CAN-TOLELNDENL,3,3,3,3,2,2
CAN-WKGL22S1B5,3,3,3,3,1,1
CAN-ARNXXD7017,3,3,3,2,2,0
CAN-UNZSC2IUOL,3,3,3,3,2,1
CAN-3JLS3ZDCSS,1,2,3,0,0,0
CAN-GIUGFHWVK2,3,3,3,3,1,2
CAN-L8S03B5SFS,3,3,3,3,1,1
CAN-R4BTESUGV2,3,2,3,2,1,2
CAN-18SWCOETPJ,3,3,3,3,2,2
CAN-LJCCF4H8VT,4,5,4,3,2,3
CAN-RTFD4JE4RL,2,3,3,3,1,1
CAN-PQMCH04UHF,3,2,3,2,1,1
CAN-OC2QQ1YY7X,2,3,3,2,1,1
CAN-KDW9U4GF04,3,3,3,3,2,1
CAN-3MF621GS8G,2,3,3,1,1,0
CAN-JTDCUWP9TG,3,3,3,3,2,2
CAN-IENKCEQWTH,3,3,3,3,1,1
CAN-2J7GQZ8NGK,3,3,3,3,2,2
CAN-8NLI9DHKDP,3,2,3,2,2,1
CAN-CX8EHBX3GU,2,3,3,2,2,1
CAN-8TFJ1QCYJH,3,1,3,2,2,2
CAN-TRLI5ZEXYN,0,0,3,0,0,0
CAN-2S1HCEPUZP,3,2,3,3,2,2
CAN-RIB29L9J0F,0,3,3,2,2,1
CAN-KUAMZ3SRTE,3,3,3,3,2,1
CAN-9BOYUMU39U,3,2,3,3,2,0
CAN-O69LTV9J76,2,3,3,3,2,2
CAN-R0RIIPN378,3,2,3,3,2,2
CAN-0PUBEEFNJF,3,3,3,3,2,0
CAN-NI3EXZF6CP,3,2,3,2,1,1
CAN-O8PPBKM3MV,3,2,3,2,2,1
CAN-HWFFS7J4GL,3,2,3,3,2,1
CAN-2CQZJ2V3CM,3,3,3,2,2,2
CAN-XX3E1LT2BT,3,3,3,3,2,0
CAN-BJI1VHJ3CK,3,3,1,3,2,2
CAN-1JVS8CDYKC,3,3,3,3,1,1
CAN-MTOIXEJ24R,3,3,3,3,2,2
CAN-35BVLABB1O,2,3,3,2,2,1
CAN-5FH2KBW0IB,3,3,3,2,2,1
CAN-GJU4OLMW0Y,2,2,3,2,2,1
CAN-RLCSRC32RJ,2,3,3,3,2,2
CAN-DXLWZSVTLD,3,3,3,3,2,2
CAN-ZQ7MML5BC7,3,2,3,2,2,0
CAN-TNGG2D7HTK,3,3,3,2,2,2
CAN-OM2KFXJYRI,3,3,3,3,2,2
CAN-OFWL1O0B77,2,3,3,3,2,2
CAN-8QUZRCKOV4,3,3,3,2,2,2
CAN-EPGB8TZLLX,2,3,3,3,2,2
CAN-IMY77EFJ28,3,2,3,2,2,1
CAN-N37XHMXQTZ,3,3,3,2,2,2
CAN-3TRYQDDOYM,2,3,3,3,2,1
CAN-VFIRB7S3DJ,3,3,3,6,2,2
CAN-MO5C5LJP1Q,2,3,3,2,1,2
CAN-ZRR6UOMQ31,2,2,3,3,2,2
CAN-16781ZDSII,3,2,3,3,2,1
CAN-QPLU57HPDX,3,1,3,3,2,1
CAN-K0WP60CCEA,3,2,3,3,2,1
CAN-5O5INNDPXU,3,3,3,3,2,2
CAN-FBLOB9PQG8,3,3,3,3,2,1
CAN-54RMBU222R,3,3,3,3,2,1
CAN-50AM2HPZIZ,4,3,5,4,2,2
CAN-IHV15U5PJI,2,3,3,3,2,0
CAN-A9U2HW5MKX,0,1,2,0,0,0
CAN-WUS8A46KEX,4,2,3,3,1,1
CAN-WNYIZETNQR,3,3,3,3,2,1
CAN-O3V36SEZCJ,3,2,3,3,2,1
CAN-5MY6VCOMH0,3,3,3,3,2,2
CAN-HMUFM4DVIK,3,3,3,2,2,2
CAN-CKRAZOSJ37,2,3,3,3,2,2
CAN-5YZ0RPB265,3,2,3,3,2,2
CAN-K65HDN1ATG,3,3,3,3,2,2
CAN-UHDITUZHG1,3,3,3,3,2,2
CAN-OI6FZOYG9T,3,3,3,3,2,2
CAN-1CDIAV922I,3,2,3,3,2,1
CAN-DCJJATMXNB,3,3,3,3,2,0
CAN-CHIC5MHFYU,3,3,3,3,2,1
CAN-6DGGX2XZ38,3,2,3,3,2,2
CAN-T3FLSVUPBS,3,3,2,3,2,0
CAN-FJTVPREP8F,4,3,3,3,2,2
CAN-HHNOHMQUB3,3,3,3,3,2,2
CAN-NRI0XG94SF,2,3,3,2,2,1
CAN-EKWS2D62VH,2,2,3,3,2,1
CAN-GL4FNJHQYN,4,6,3,4,3,2
CAN-V50S26LNST,3,3,3,2,1,0
CAN-CZ8GPI1592,3,4,3,3,1,1
CAN-UNEB0Q8JQY,3,3,3,3,2,2
CAN-5MJLWHQZY2,2,2,3,3,2,2
CAN-1M7H6NP3DT,2,3,3,3,2,1
CAN-0UXGGH2GXR,3,2,3,3,2,2
CAN-NK2GUC3LAP,2,3,3,3,2,2
CAN-BZPERBLAMY,3,3,3,3,2,1
CAN-45Q859JI0W,2,2,3,3,2,1
CAN-BT0Y88Z5VY,2,3,3,3,2,1
CAN-PK6PNDGU61,3,2,3,2,1,2
CAN-0LNHQ2IVK1,2,3,3,2,1,2
CAN-ZDYJSHU35Q,3,3,3,2,2,1
CAN-1NJOOV39RY,3,1,3,2,2,2
CAN-8QJO365LH5,3,2,3,2,2,2
CAN-A3Y30H2H61,2,3,3,2,2,2
CAN-J98COE867B,4,3,3,3,2,3
CAN-M9VZCYUHRC,3,2,3,3,2,2
CAN-G0CY62SMYJ,3,2,3,3,1,1
CAN-8MEB4NKWN8,1,3,3,3,2,1
CAN-STKXGTXJUZ,3,3,3,3,2,2
CAN-45FRY9KLQO,3,3,3,2,1,1
CAN-066AL6SEUM,3,2,3,3,1,2
CAN-SURQR30T83,3,3,3,3,2,2
CAN-HUEDVB4MB1,3,3,2,3,2,2
CAN-DWHLJHWCLH,3,3,3,3,2,1
CAN-W7JQ7R55OK,3,3,3,3,1,1
CAN-U3F5L0C4O8,3,3,3,3,1,1
CAN-JINWOM659W,3,3,3,2,1,0
CAN-5PA5NRBXTI,3,3,3,2,2,2
CAN-WQIC1VU4AR,3,3,3,3,2,2
CAN-H13QSJ3JWL,1,2,3,3,2,0
CAN-VMISWMYAEU,3,1,3,2,2,2
CAN-719M8PBOLB,3,3,3,3,2,1
CAN-R1QL7HWQD0,3,3,3,3,2,2
CAN-MON4FSBVB4,2,3,3,3,2,1
CAN-2NNBV09FWN,3,3,3,3,2,1
CAN-BDKNZLJ28U,3,3,3,3,2,2
CAN-RA6YOKX6QU,3,3,3,3,2,1
CAN-TVJI0EAZ3Y,2,3,3,3,2,0
CAN-QGSE5L8SLQ,3,3,3,3,2,2
CAN-NL0UYGFDUR,4,3,3,3,2,2
CAN-1PP3RRRUUA,3,3,3,3,2,1
CAN-31RDA06DSF,3,2,3,3,1,1
CAN-LF9OHBZE2J,3,3,3,3,2,2
CAN-20LP6R01W2,3,2,4,3,2,1
CAN-2ZDS1HIF9Q,3,2,3,3,1,1
CAN-D1RU5LEHK8,2,1,3,3,2,2
CAN-9W2GCFOPK4,3,3,3,3,2,1
CAN-P5XIR0JMT0,3,3,1,3,2,1
CAN-G4SHQWDR3R,3,2,3,3,1,1
CAN-3XQUYWMQ1Y,3,3,3,2,1,2
CAN-ZUNHC34I77,3,3,3,3,2,2
CAN-WVCXVDDEAN,1,2,3,2,2,2
CAN-ZK0YWHISD3,3,3,3,3,2,1
CAN-GMH1PKUH7W,4,3,3,3,2,2
CAN-E1OZ3X8VFF,3,2,3,3,2,2
CAN-DOEE4ZYTV0,2,2,3,3,2,2
CAN-IB3W6SLY38,3,3,3,3,2,0
CAN-LKC9WTMYKQ,2,3,3,3,1,1
CAN-KBV7LALMTC,3,2,3,1,2,2
CAN-Q8KSUXGRB2,3,2,3,2,2,0
CAN-FDC2640AS4,1,3,3,3,1,1
CAN-OLZQMRM02P,3,3,3,3,2,1
CAN-MQMN66MILA,3,3,3,3,1,0
CAN-N8QLM2BJ5Z,3,3,3,3,2,1
CAN-L8GSV1XCHQ,3,3,3,3,2,1
CAN-Q4ZZ5M0LQI,3,3,3,3,2,2
CAN-6SED3E6302,3,3,3,3,2,1
CAN-HZF40QUBHB,3,3,3,3,2,2
CAN-2OCJ7ZQ5N7,3,3,3,3,2,1
CAN-LFK60NGL4B,2,3,3,3,2,0
CAN-80A70X1TAB,3,1,3,2,0,0
CAN-FUDMTMFDTZ,3,3,3,3,2,1
CAN-DQJ5KUYVJ2,2,2,3,3,2,1
CAN-VP1UULDQVK,3,2,3,3,2,1
CAN-EHFI7DCQAX,3,2,3,3,0,2
CAN-3L0R4UMX7M,3,3,3,3,2,1
CAN-YYTDQSM9DL,3,3,3,3,2,2
CAN-KSIEJOAZDY,4,4,3,6,2,2
CAN-EFMW1GNFJB,3,3,3,3,1,1
CAN-KHXLKFD6F8,3,3,3,3,2,0
CAN-8N0KADA1T3,3,3,3,3,1,2
CAN-4TETZA37AS,2,2,3,3,3,1
CAN-81HQ0LZK2T,3,3,2,3,2,1
CAN-D70H67I3HF,1,3,3,3,2,2
CAN-58M05RL8CQ,3,3,3,3,1,1
CAN-RLBVAWXBNZ,3,3,3,3,2,0
CAN-Z3P9S6OF9B,2,2,3,2,2,1
CAN-T8HGJAG0XR,2,2,3,3,2,0
CAN-611Y92Z4A7,2,3,3,3,2,1
CAN-LGWMVW7CV2,3,2,3,3,2,1
CAN-Y1SNVQQLCG,3,3,3,3,2,1
CAN-ZW6CW7N9LZ,3,2,2,1,2,0
CAN-D4T2GW7O2N,3,3,3,3,2,3
CAN-OK8MKOULCV,2,3,3,2,2,2
CAN-NSSUYJHLXD,3,1,3,2,2,2
CAN-TR3TUNAOEO,0,0,3,0,0,0
CAN-CIZJBQQUF5,3,3,3,3,2,2
CAN-WEHO2Y8BUF,3,3,3,2,2,0
CAN-L271JV4INT,2,3,3,3,2,0
CAN-OAOUNL3UQ7,5,6,3,4,2,1
CAN-CJAWMMKJRY,3,3,3,3,2,1
CAN-ZN7SVKEGTJ,3,3,3,2,2,1
CAN-QKGJ0HJQFN,3,3,3,2,2,1
CAN-PSC1AC3H24,3,2,3,3,2,2
CAN-LK9S954CJO,3,2,3,3,0,2
CAN-DRPQG97ZMJ,3,3,3,3,1,2
CAN-10AVIPACKV,3,3,3,2,2,1
CAN-CCKYOCEJJS,3,3,3,3,2,1
CAN-9PND4855FJ,2,2,3,3,2,1
CAN-ABXR8LP8FT,2,2,3,3,2,1
CAN-YM6WVPHZEC,3,3,3,3,2,2
CAN-AYFXNRK0G2,3,3,3,3,2,0
CAN-OSJJCOSG01,2,2,2,3,2,2
CAN-DBAXIUQQQN,3,1,3,3,2,0
CAN-UC0GHJXT0O,3,3,3,3,2,2
CAN-RC0K12E5Q4,3,1,3,3,2,1
CAN-4N6ZB3SCSY,3,3,3,3,2,1
CAN-GT29QK48ZR,3,3,3,3,2,2
CAN-N7T97XJSDJ,2,3,3,3,2,2
CAN-U7K3J0KVSW,3,3,3,3,2,2
CAN-RF720ADMZ2,3,2,3,3,2,2
CAN-0F0VMOUIEQ,3,3,3,3,2,1
CAN-OHAZFPUO47,3,3,3,3,3,0
CAN-5NQ7W5RP4X,2,2,3,3,2,1
CAN-RO48CSXWUL,0,0,3,0,0,0
CAN-V01M397SMR,3,3,3,3,2,2
CAN-DIRYQXL085,3,3,3,3,1,1
CAN-66F8GOR1FM,3,3,3,3,2,1
CAN-Y0RU3M6P2H,5,5,3,5,3,1
CAN-NR0AYKI3M9,3,3,3,3,2,1
CAN-JTU00IS95H,3,3,4,3,2,2
CAN-T5SOQ9YGJ1,3,2,3,3,2,2
CAN-P5RES6TZZS,3,3,3,3,2,2
CAN-ABWG2FL5S0,3,3,3,3,2,2
CAN-4N0QDU2NI7,2,3,3,4,2,2
CAN-DUE034IE7Q,3,3,2,2,2,2
CAN-YLM705YR8H,3,3,3,3,2,1
CAN-82NJHE68YM,3,2,2,3,2,0
CAN-1C49P4UUJ3,1,3,3,3,1,1
CAN-KLQH9G2XAA,3,3,3,3,2,0
CAN-26T1WYSEP1,3,3,3,3,2,1
CAN-UPUMI2KSIM,3,3,3,3,2,2
CAN-LIUMROEK1Y,3,2,3,2,2,1
CAN-WR2QE4VZKF,3,3,3,2,2,2
CAN-XIYAPJ1T6I,3,3,3,3,2,2
CAN-2O1H60X59W,3,3,3,3,2,1
CAN-2A3Z2N4S86,3,3,3,3,2,1
CAN-IE7RKO4EZ8,3,3,3,2,2,1
CAN-M0PEADSA0A,3,3,3,3,2,2
CAN-BACYF0U6FM,3,3,3,3,2,2
CAN-0WBXPAWO44,3,2,3,2,1,2
CAN-S3QTMNVOSZ,3,2,2,3,2,1
CAN-KHR6AUNZV5,4,5,3,4,2,3
CAN-DOTWJ93Z1W,3,1,3,3,2,0
CAN-FCK9PMEEO7,3,3,3,3,2,1
CAN-LE8JJYRH3J,2,2,3,3,2,1
CAN-6ONS4LQXLF,1,3,4,3,2,2
CAN-NNXSR3SJYI,0,1,4,1,0,0
CAN-3DYKGZFUZY,1,3,3,3,2,2
CAN-4TUKXHSH83,3,3,3,2,1,1
CAN-9BXSUTHRNN,3,3,3,2,2,2
CAN-7CRX6UKF95,2,1,3,3,2,2
CAN-OQ387SPDJB,3,3,3,3,2,1
CAN-QFG2O2ATE4,3,3,3,2,2,1
CAN-L2ZC2VLJIG,3,3,3,3,2,2
CAN-IPG2ZD4XYJ,3,3,3,3,2,1
CAN-1X36MKKDTS,3,2,3,1,2,2
CAN-8LZXDTGJZ2,3,2,3,2,2,0
CAN-4SY34TJ8WB,3,2,1,2,2,1
CAN-2QXFGOCS82,3,2,3,2,2,0
CAN-Z023725PWD,3,2,3,3,2,0
CAN-6Z0SOWAGU0,3,3,3,3,2,1
CAN-964UDWFB02,2,3,3,3,2,2
CAN-85NYJLHN98,3,2,3,3,1,1
CAN-9KJY0Z76YU,4,3,4,3,2,3
CAN-UEST8OHL1H,3,3,3,2,1,1
CAN-0FN4BHPFBQ,3,3,3,3,2,1
CAN-1JFLJL5U1Q,3,3,3,3,2,1
CAN-5TZXKXQVDG,3,3,3,3,2,1
CAN-3BG3ASNV10,3,3,3,3,2,1
CAN-HBCPEPA3IJ,3,3,3,3,1,0
CAN-XZWB50SAMR,3,2,1,3,2,2
CAN-HGP0XS56XM,3,3,3,3,2,1
CAN-VRMK250BRV,3,3,3,3,2,2
CAN-9S6TJ2MPE5,3,3,3,1,2,1
CAN-AXK0UG0Z0Y,3,3,3,2,2,2
CAN-MZST7YS1CX,3,3,3,3,2,1
CAN-ECDW59FZDD,3,2,3,2,2,2
CAN-NEQD8T8Y4V,1,2,3,3,0,2
CAN-ED1UC1TC2K,2,3,3,3,2,2
CAN-HOS646LJXT,3,2,3,3,1,2
CAN-I62DXWZ95H,3,3,3,3,2,2
CAN-25LMWMAMGS,3,2,3,3,2,1
CAN-2597L3FKIY,3,3,3,3,2,0
CAN-ZYHP1O55E0,3,3,3,3,2,2
CAN-5WTXQHY9LH,3,3,3,3,2,1
CAN-UH6NTP94H6,3,3,3,3,2,2
CAN-FI5OEH5HUP,3,2,3,1,2,2
CAN-9G01B5FEPN,3,3,3,2,2,2
CAN-ENHNXYD6HS,3,3,3,3,2,1
CAN-7N5FD132IE,3,3,3,2,2,2
CAN-OUNC7PFQTX,3,3,3,2,2,1
CAN-FIMKN2B6N9,3,3,3,3,2,1
CAN-TL3YIZO04X,2,2,3,3,2,2
CAN-JHL8KJCMN4,3,3,3,3,2,2
CAN-67NV15XHIP,3,3,3,3,2,0
CAN-O55QK6XGES,3,3,3,3,2,2
CAN-R6CFEESX4B,2,3,3,3,1,1
CAN-YG258Y8E5V,3,3,3,3,2,1
CAN-F3CUA9G8PS,3,3,3,2,2,2
CAN-NDGYV13VDH,3,3,3,3,3,2
CAN-DDDO2KOV9W,3,2,3,3,1,1
CAN-VNORUL0X1E,4,3,3,3,2,1
CAN-02AOIJ2DWC,3,3,3,3,2,1
CAN-LNI9ZV9QCB,0,0,3,0,0,0
CAN-P80W5Q4HRF,4,3,3,3,2,2
CAN-KOQL8CJAAD,3,3,3,2,1,2
CAN-NGRJ8QDSTY,3,3,3,2,2,1
CAN-5UDJQEQQE2,2,3,2,3,2,0
CAN-GAU1X1WWAD,2,2,3,3,2,2
CAN-XHLKLHCHK0,3,3,3,3,1,1
CAN-MHTVXHJ8AE,3,3,3,3,2,2
CAN-HFDVV02OGM,3,3,3,3,2,1
CAN-HXZL2FOKNW,3,3,3,2,2,1
CAN-JM3AHSD18E,3,3,3,2,1,1
CAN-0NMGQU5ZE8,3,2,3,1,2,2
CAN-RP4I8FBIM0,3,3,3,2,2,1
CAN-DANXMJUTSN,3,3,3,3,2,2
CAN-JLX15R9SNO,3,3,3,3,2,1
CAN-B0HJ89JFL9,3,2,3,3,0,1
CAN-YJ40ZAR1CQ,3,3,3,3,2,1
CAN-OTVM2YSGKP,3,2,3,2,2,2
CAN-S039J7ZSOL,3,3,3,3,2,2
CAN-2133S4VMOE,3,2,3,2,2,2
CAN-QYBTNVESUM,3,3,3,3,2,1
CAN-CGCUCMR2UJ,3,3,3,3,2,1
CAN-O6YKKH8WK5,2,3,2,2,1,1
CAN-X40DIGA2AY,2,2,3,3,1,1
CAN-F1XR6DC0U5,4,5,3,3,2,2
CAN-FPDLHPZVQA,2,2,3,3,1,2
CAN-8M60ZD7HC8,0,0,3,0,0,0
CAN-R6HPCSR4R9,2,3,3,2,2,1
CAN-FC2QWP11E8,4,2,3,2,2,1
CAN-9ZM14XVFWG,5,4,4,4,3,2
CAN-JN50LU3MU1,3,3,3,1,2,1
CAN-9UCQNJV20U,3,3,3,3,2,2
CAN-U5I3BB7LIK,3,3,5,2,2,1
CAN-3PA7NJ2VGS,3,3,3,2,2,1
CAN-S5J25O9YQO,3,3,3,2,2,1
CAN-9MH8GV2AQY,3,3,3,3,2,2
CAN-VEBQ7CDIFU,3,3,3,3,2,0
CAN-I4M8DOQQJN,3,2,3,3,2,1
CAN-L16ZDGA6KP,2,3,3,3,2,2
CAN-WQ194VKY85,3,3,4,3,2,2
CAN-U78UCXWZRW,3,1,2,3,2,2
CAN-2LRK5RM4LC,2,3,3,3,2,2
CAN-ICKK4E813F,3,3,3,3,2,1
CAN-8XB6MC2LP0,3,3,3,3,2,1
CAN-WMUJ91SAPI,4,3,3,3,2,2
CAN-BNA4AZVK13,3,3,3,3,2,2
CAN-NRR866PLPW,3,2,3,1,2,0
CAN-VMLIWPAKE9,3,3,3,3,2,2
CAN-CMQPG9M71Q,3,3,3,3,2,2
CAN-4KWOFQ6VT5,2,3,3,3,2,0
CAN-V35498U7OR,3,3,3,3,2,1
CAN-4LW4J5SLUT,4,5,6,4,1,4
CAN-MU4NKSC92R,2,4,8,4,0,1
CAN-DB5GKXNSQ6,3,3,3,3,1,1
CAN-FAO9BSCYVI,3,3,3,3,1,2
CAN-PYV5I2QIAF,3,4,3,3,3,1
CAN-XYU5S9JGEQ,2,3,3,1,2,1
CAN-PYFOM7YAGL,3,3,3,3,2,2
CAN-PC1D12OBB3,2,3,3,3,2,1
CAN-F8LGTB0TAT,3,3,3,2,1,1
CAN-98XPXJQ9TO,3,3,3,3,2,2
CAN-BQA0QBKTW1,3,3,3,3,2,2
CAN-KARQLHONG1,2,3,3,3,3,2
CAN-OQE8OT7BXB,0,0,3,0,0,0
CAN-907RG3GQZE,3,2,3,3,2,1
CAN-Q5YEIXZFSI,3,3,3,3,2,2
CAN-IN7ZUCO3DG,3,3,3,2,2,1
CAN-SL5PJBY35Q,3,3,3,1,2,0
CAN-3IW1Z1AUQB,2,2,2,2,2,1
CAN-HTRP0K43CB,3,2,3,3,2,2
CAN-BLYCX6KVEN,3,3,3,3,1,2
CAN-4S2AFB2CAX,2,3,3,3,2,1
CAN-FUQ1DTWBT0,2,3,3,3,0,2
CAN-MDPGNBXQU8,3,2,3,3,2,1
CAN-0VY3JFUKEN,3,3,3,3,2,2
CAN-8UKH4K3E3I,3,3,3,3,2,0
CAN-GE61791MG4,1,3,2,3,2,1
CAN-4DG6JXOVME,3,3,3,3,2,2
CAN-9E7AZMG9BQ,2,3,3,3,2,1
CAN-PDEJDWBEWJ,3,3,3,3,2,2
CAN-FY0ZMQPXYB,2,2,3,3,2,1
CAN-IUPB38FZO6,2,3,3,3,2,1
CAN-94B4YW9ZRS,3,3,3,2,2,1
CAN-IH5PZC8ODU,3,3,3,3,2,2
CAN-V893PIQ6NO,3,2,3,3,0,1
CAN-LMJ54SLK0Q,1,3,3,3,1,2
CAN-W284AS6U1Z,3,3,3,2,2,2
CAN-QVMZ12HJ3D,2,3,3,3,2,2
CAN-KWQRR7Z9OV,2,3,3,3,2,0
CAN-1PPDDJWQSB,3,2,3,3,2,1
CAN-FRPH34AB4Y,5,3,4,4,2,2
CAN-B5GZFYKRIO,2,3,3,3,1,2
CAN-GHGUVA2IV6,3,3,3,3,2,2
CAN-BR1LBD1IYW,2,3,3,3,2,1
CAN-BOZC3QCAOQ,2,2,3,3,1,2
CAN-01WBIVSAFX,3,3,3,4,2,1
CAN-ID87G4IDD7,3,3,3,3,2,0
CAN-5BQDD3SIED,2,2,3,2,2,1
CAN-6NBFZQP7VX,3,2,3,2,2,1
CAN-WFQVI5ILP2,2,2,3,3,2,1
CAN-7BMO1PTFD9,3,3,3,3,3,2
CAN-5Y27TX6LU7,3,2,3,2,1,0
CAN-6SIZTH8V1X,3,3,3,3,2,2
CAN-V1XML3BGH8,2,2,3,2,1,2
CAN-ADVEI3U8ZX,2,3,3,1,2,2
CAN-0CT06UIHTU,3,3,3,3,2,1
CAN-LCL9HF7B7K,3,4,3,5,1,2
CAN-3UEN5R9OUD,2,3,2,3,2,2
CAN-0ODRDWHL0E,3,3,3,2,2,0
CAN-F2LFFORA0M,1,3,3,3,2,2
CAN-8GEUMCFKI8,3,3,3,3,2,1
CAN-PBRR29HATJ,3,3,3,2,1,1
CAN-AW8GWCTN15,2,3,3,3,2,1
CAN-7TOAJR9ETG,3,3,3,3,2,2
CAN-2VQ4PC035C,3,4,6,4,2,2
CAN-LT91W3I4ND,3,3,3,2,2,1
CAN-XEE8H9679C,3,2,3,2,2,0
CAN-LUTC7Z7NJP,3,3,3,3,2,1
CAN-YU8RXAT9FV,3,3,3,3,2,1
CAN-C83RYWGZ4R,3,3,3,3,2,0
CAN-5ERUHETQUS,3,2,3,3,1,0
CAN-3ML7B00NJ8,3,3,3,3,2,2
CAN-I1Z23W6W6U,3,3,3,3,2,0
CAN-D3MFLV5911,5,3,3,3,2,2
CAN-1ZB8BH3HU0,2,3,3,3,2,1
CAN-BEV6OL02V0,3,3,3,3,2,1
CAN-7PTW0353YR,3,3,3,3,2,1
CAN-EFV7EGN0P9,3,3,3,1,1,2
CAN-NQP7T7T56O,3,3,3,3,0,0
CAN-QA0VJATZQN,3,3,3,3,2,0
CAN-UCP1FZUH20,3,2,3,2,2,2
CAN-8IF5PQDEJM,3,5,4,4,2,2
CAN-2VB5CD9ZHP,2,3,3,3,2,2
CAN-7M2622IRTL,3,2,3,3,2,2
CAN-5IB9W1QTZ3,3,2,3,2,2,1
CAN-A8AQ82TB3E,3,2,3,2,2,1
CAN-B1HX6EIFFL,4,5,3,3,3,2
CAN-GSLQG308N9,3,2,3,3,2,2
CAN-Y81IKUIDD8,3,3,3,3,1,1
CAN-CUMYPJ11CF,3,3,3,3,2,2
CAN-V9S6LB9IYA,3,3,3,2,2,2
CAN-FEYUQU3N93,3,2,2,3,2,2
CAN-I05EZ98G8S,3,3,3,3,2,1
CAN-OX48UZK41K,0,0,3,0,0,0
CAN-76IXWXMOI5,4,4,3,3,3,2
CAN-OH1KRJV6VM,3,3,3,3,2,2
CAN-JUJXSTXXPX,4,3,3,3,2,2
CAN-WRV28UU66H,3,3,3,3,2,1
CAN-LUUL4DIIN0,3,3,3,3,2,2
CAN-NUEOJ207MT,2,3,3,3,1,1
CAN-UP4S8F4IRW,3,3,3,3,2,2
CAN-ZIDWTKP5YB,2,3,3,3,2,2
CAN-IH9IR1AXZI,2,1,3,3,2,1
CAN-M5L7XQ4S0I,2,3,3,3,1,0
CAN-SP7A6S70C1,3,2,3,3,2,1
CAN-EKY7G4EU46,3,3,3,2,2,1
CAN-YQBIXVTORW,3,3,3,3,2,2
CAN-CHEJ8SN7LP,2,2,3,3,2,1
CAN-FLUD5EV2XE,3,2,3,3,2,2
CAN-2I2OQG3JQ5,2,2,3,2,2,1
CAN-46TSTFJR3D,3,2,3,3,2,2
CAN-KI8YBQWRHD,3,3,3,3,1,1
CAN-K2HLKDS77F,3,3,3,2,2,1
CAN-99BDBGE2BW,3,3,3,3,2,1
CAN-NET4MCE1UP,3,3,3,3,2,1
CAN-SL47M1MADH,2,3,3,3,2,0
CAN-FPHD650ZT0,2,2,3,3,1,1
CAN-BQ66XYH90G,3,3,3,3,2,2
CAN-TJHA7WPVR8,3,3,4,3,1,0
CAN-QEM0MI7T5X,3,1,3,3,1,2
CAN-N85NU82IJP,2,3,3,3,2,0
CAN-25Z7A5K0O4,2,3,3,3,1,1
CAN-YMOVPA1ED7,2,3,3,2,2,2
CAN-NRPYU14PAF,3,3,3,3,2,2
CAN-2JZJZZP3AB,3,1,3,2,2,1
CAN-FKLS5CUZ7D,2,3,3,2,1,1
CAN-YGRQ7V5944,3,3,3,3,2,2
CAN-HYHVLGP2QQ,1,2,3,3,2,1
CAN-KOFOQWL1S1,3,3,3,2,1,0
CAN-OVBR45Z28B,3,2,3,1,2,2
CAN-OBE3KCHPKY,0,0,3,0,0,0
CAN-F6I4UBI5HU,3,3,3,3,2,1
CAN-JV2RHXJ29V,3,3,3,3,2,2
CAN-AFCUISJ5OP,3,3,2,2,2,2
CAN-SFHQEMA9F0,2,2,3,3,2,1
CAN-4ZRZCXJDQU,2,3,3,2,2,1
CAN-GG7UGUC1MX,3,3,3,3,2,1
CAN-ZGS5CLZ2FW,3,3,3,3,2,1
CAN-II5XTSOPJO,3,3,3,2,2,1
CAN-0KEV9OAY82,3,3,3,3,2,1
CAN-YIM1G6USY4,2,2,3,3,2,1
CAN-2XJTZT7VLJ,3,3,3,3,2,2
CAN-NSH73J031R,3,3,3,3,2,2
CAN-MLI5UJLV4E,3,3,3,3,2,0
CAN-AM5ABVBF2V,3,3,3,3,2,1
CAN-JV9YLX8XV3,3,3,3,1,1,1
CAN-S84A8IWDBD,2,3,3,2,2,2
CAN-83N6T5BBMV,1,3,3,3,2,1
CAN-MPJ2TBF4M8,1,3,3,3,2,1
CAN-K49G5VH2IL,2,3,3,2,2,2
CAN-7QMLOKY0XH,4,4,3,4,2,1
CAN-ONR5AITJZH,3,3,3,1,2,1
CAN-1LG5PRPZQM,3,3,3,3,1,1
CAN-JBPTC8MDS1,3,3,3,3,2,1
CAN-OOWQBFUC6K,4,3,3,3,3,1
CAN-8L1SKEQ715,3,1,3,3,2,1
CAN-IV3YUYN86K,3,3,3,3,2,2
CAN-MTHXGHS1BR,3,3,3,1,2,2
CAN-DHSNC7SHK7,3,2,3,3,1,2
CAN-CRIBPDMSIF,3,3,3,2,2,2
CAN-T5WWVMIB2P,3,3,3,3,2,2
CAN-672KYIW2ME,2,3,3,2,2,0
CAN-TXXR6KUQVH,3,2,3,3,1,0
CAN-3AZTT5O6MJ,3,3,3,3,1,2
CAN-JVGTTFJJ3K,3,3,3,3,1,2
CAN-XMBBB6J3MP,3,3,3,2,2,2
CAN-XZPOP932B4,3,2,3,3,1,2
CAN-OVLPI65QBX,2,4,3,3,2,2
CAN-A9AEDAWKIX,3,2,2,3,2,1
CAN-RWVLQ6JSLV,3,3,3,3,2,2
CAN-5IAHJKOGCO,3,1,3,3,1,1
CAN-6TKZPM6KJ6,3,3,3,3,2,1
CAN-1PTCG075Q6,1,3,3,2,2,1
CAN-V38ZXZD1R0,1,2,3,3,2,1
CAN-QBZJP7CX0L,4,3,3,3,2,1
CAN-RJX83WQ8PD,3,2,3,3,2,2
CAN-2H9RNDA21N,3,3,3,3,2,2
CAN-FZCK383DW5,2,2,3,3,2,1
CAN-FVLZWRSB7C,1,3,3,3,1,1
CAN-LEUEJ08DOR,3,2,3,3,2,2
CAN-YRZEGAKE74,2,3,3,3,1,2
CAN-PVC5KEESXU,3,3,3,3,2,1
CAN-Q77IIX6DNU,3,2,3,3,2,1
CAN-X91KDDMBZ7,3,2,2,3,1,1
CAN-0PM9H569Z9,3,3,3,3,2,2
CAN-O4Q18XCEVD,3,2,3,3,2,1
CAN-UFANWF25BM,3,3,3,3,2,1
CAN-EQC8OPCR9F,0,0,3,0,0,0
CAN-3E58Z2YPLD,3,3,3,3,2,1
CAN-HKYQQGMV73,3,4,4,3,2,2
CAN-398UNBPMWV,6,3,3,3,2,1
CAN-N246DONVPX,3,2,3,2,1,2
CAN-A0CISDUV3Z,4,3,3,4,3,2
CAN-8R8YQYD52O,3,3,3,3,2,2
CAN-DWMRH9GUH1,2,3,3,2,1,2
CAN-FMGFGOAV3G,4,1,4,4,2,2
CAN-ZAHFOY8PR2,3,2,3,3,2,0
CAN-ZRTGG1JJ1U,3,3,3,3,2,1
CAN-9PGUK11TNV,3,3,3,3,2,2
CAN-D0A5SDWYO9,3,3,3,3,2,1
CAN-LAAZKJS0G8,3,3,3,3,1,2
CAN-4KD627DTTU,3,2,4,0,2,1
CAN-S7U3Q5K51Q,3,3,3,3,2,2
CAN-2KBH93QAU9,2,2,3,3,2,1
CAN-XV4Q5M4TS2,0,0,2,0,0,0
CAN-HA4CLFLERR,4,3,3,3,1,1
CAN-9UF00BV0SU,2,3,3,3,2,2
CAN-XD28GWN10O,3,3,3,3,2,2
CAN-NIX3RG2390,3,3,3,3,1,1
CAN-5BNE64GPL0,3,3,3,2,1,1
CAN-X439P9W92L,2,3,2,2,2,1
CAN-R1AYC3GC8X,2,2,3,3,2,2
CAN-NRE13DO0QK,3,3,3,3,1,2
CAN-YQ9B1T44SL,3,3,3,3,1,1
CAN-3EI6F86KWC,3,3,3,3,2,2
CAN-WJR1C7X3Z3,2,3,3,3,2,1
CAN-J8KSU6Q58S,3,3,3,3,0,1
CAN-1B01W4DLBR,3,2,3,2,2,1
CAN-MKF3YF01TG,3,3,2,1,2,0
CAN-BXZQ3D6TSK,3,3,3,3,2,1
CAN-6FKVU8SUH5,3,3,3,3,2,2
CAN-5F2G63X3NM,3,3,3,3,2,2
CAN-IC6ITMKYDJ,3,3,3,2,2,2
CAN-N9I4V4NEQF,2,3,3,3,2,2
CAN-4NR049X6I7,2,3,3,1,2,2
CAN-P049Y8KP5Z,2,3,3,3,1,2
CAN-14415SZF40,2,3,3,3,2,1
CAN-6H4R8XQT8V,0,0,2,0,0,0
CAN-6U738Q1GJP,3,2,3,2,2,2
CAN-URKPLZ5I1K,3,3,3,2,2,1
CAN-QHCOTPKXVQ,3,1,2,3,2,2
CAN-NXGQJPMN1X,3,3,3,3,2,1
CAN-GDMYWEL8PF,3,3,3,3,1,1
CAN-4LXOYAAA7M,3,3,3,3,2,1
CAN-74M7TKVBWW,3,3,2,2,2,2
CAN-V8DWK8OWOR,3,2,3,2,2,0
CAN-2J4RUM39VJ,4,4,3,3,2,2
CAN-MAS1HUGFST,6,4,4,5,2,2
CAN-6JZ28KCMMJ,2,3,3,3,2,1
CAN-1O03BSPDC7,3,3,3,3,1,1
CAN-KTONCTKQSK,3,3,3,3,2,1
CAN-464D42UUJY,3,3,3,2,2,2
CAN-9SKYY4QMLO,4,3,2,2,2,0
CAN-LPRRGXF428,3,3,3,3,1,1
CAN-YZXIS3SPRB,3,3,3,3,1,0
CAN-Q4AJOSENJE,0,0,3,0,0,0
CAN-N54P71YQF1,2,3,3,3,2,1
CAN-7CXE5P85Z2,3,2,3,2,2,2
CAN-7OU0VPVKUB,3,2,3,2,2,1
CAN-9QFCVJJ3K6,0,3,3,3,2,2
CAN-APTZOQL7K0,4,3,3,3,2,2
CAN-FYA8QEUS84,3,3,3,3,2,2
CAN-49CVLDHS8L,3,3,3,2,2,2
CAN-HREDXBMUVM,3,3,3,3,2,1
CAN-FFAAL5R4ZC,3,3,3,3,2,2
CAN-B0FYO3ENSX,3,1,3,3,2,0
CAN-N1Z53XOVJ5,2,3,3,3,2,1
CAN-LXP6XG31J7,4,3,3,3,2,2
CAN-EMVSY437XL,3,4,3,3,2,0
CAN-1D81RWZQ08,3,3,3,3,2,1
CAN-6KC42CV8A8,3,3,3,3,2,2
CAN-WQAPRF1QXP,3,3,3,3,2,1
CAN-7LJ2M5MWFZ,3,3,3,3,2,2
CAN-4D00CF6EPS,3,2,3,2,2,1
CAN-5V92HW0YO3,2,3,3,2,2,2
CAN-ZTT7KNCCLT,3,3,3,3,2,1
CAN-UT0X0T5GCG,3,3,3,2,2,2
CAN-706I85SIG4,1,1,3,2,1,2
CAN-499GVS2E1T,3,3,3,3,2,1
CAN-9ZWDQLROGS,3,3,3,3,2,1
CAN-TPLA4CORQE,3,3,3,2,2,0
CAN-EDHOVCDFG1,3,3,4,3,2,0
CAN-AO5GA0LWM4,3,3,3,3,2,2
CAN-1MXOER5345,2,3,3,3,2,0
CAN-LVYG2G45BL,3,3,3,3,2,1
CAN-JKR4HWV619,3,3,3,3,2,1
CAN-1PCZRRORGK,2,3,3,3,1,0
CAN-QSJCJ6KAJE,3,2,3,3,2,2
CAN-CXKEYL48RC,0,0,3,0,0,0
CAN-0I1Q8PFM34,3,3,3,3,2,2
CAN-VVL29RT8BD,2,3,3,3,2,2
CAN-AMTDYZI3HZ,3,3,3,3,2,1
CAN-OV1G9PCWBT,2,3,3,3,2,0
CAN-U2C049VHK5,2,3,3,3,2,1
CAN-YI4X4L85KU,3,2,3,3,2,1
CAN-3ACS9ZUGAO,3,3,3,2,2,2
CAN-ZUP3ULJWQN,4,3,3,3,4,3
CAN-AEU256AXD9,2,3,3,1,2,2
CAN-YENARBNKOP,2,2,3,3,2,2
CAN-TBR7VXCXJQ,3,3,3,3,2,0
CAN-5GVAH8DKCQ,3,3,3,4,2,0
CAN-406U4IKDB5,3,3,3,3,2,2
CAN-A2BY8G91B7,3,3,3,3,2,2
CAN-KOLHG1ZJ8T,3,3,3,3,2,1
CAN-Z9N8S3FCJD,3,3,3,3,2,2
CAN-MN1Z9OKZS8,3,3,3,3,1,1
CAN-AXKN7U87M8,3,2,3,3,2,1
CAN-9QKDWOH19V,3,3,3,2,2,1
CAN-NHJ0NVRTSF,2,2,3,3,1,1
CAN-PIB20XIU92,3,3,3,3,2,0
CAN-BM9MG23QDR,3,3,3,1,1,2
CAN-NMU0XIMRRV,4,5,4,5,3,1
CAN-D1LE4PGLVR,3,3,3,3,2,2
CAN-D1JHDUGLOT,3,3,3,2,1,1
CAN-7XOWDC16P8,3,2,3,3,1,2
CAN-QEJBUO2BKT,3,3,3,3,2,2
CAN-PHK0FEQFVM,2,3,3,3,2,2
CAN-VO88CCSMUK,3,3,3,3,2,2
CAN-MHMEZRES10,3,2,3,3,2,1
CAN-DF3BJD4NV8,3,3,3,3,2,2
CAN-4482P65PBG,3,3,3,3,2,2
CAN-9TQGWQM1VP,1,1,3,3,1,0
CAN-GZPJMLRT6V,3,2,3,3,2,1
CAN-9AXKSJUR1T,3,3,3,3,2,1
CAN-HC28AFKT7T,2,3,3,3,2,1
CAN-AUW0UY2XL1,3,4,3,3,2,2
CAN-98I5AT4QIF,2,3,3,2,2,1
CAN-TCHKUFS8QG,3,3,3,3,1,0
CAN-9CLBU4K6QV,3,3,3,2,1,2
CAN-4N47VE3O6X,2,3,1,2,2,0
CAN-LZ95TD4R17,3,2,3,3,2,2
CAN-7E0QK4A3MI,3,3,3,3,2,1
CAN-QYV0HN776X,3,2,3,2,1,1
CAN-CAT4Y47LVY,3,3,3,3,2,2
CAN-KZRPZ8Y4WR,3,3,3,2,1,2
CAN-KGIL18G5X6,3,2,3,3,2,0
CAN-L9MDVOQJXL,3,3,3,3,2,1
CAN-W7VYPCCFI7,3,2,3,2,2,1
CAN-PMQ2R9B6HJ,3,3,3,2,1,2
CAN-8UQCQX3WZD,3,3,3,2,2,1
CAN-QRWD6KB0K5,1,3,2,3,1,1
CAN-RWGNRZY44I,3,3,3,2,2,0
CAN-9RCDAANL2R,3,3,3,3,2,1
CAN-8ABXAD2XLX,3,3,3,2,2,2
CAN-BJ8BSEP997,2,3,3,3,2,2
CAN-M65WQNUH1C,4,6,3,3,2,1
CAN-OBXOISI4XH,1,3,3,3,1,2
CAN-EHR0Y8AUYE,3,3,3,3,2,2
CAN-4WM13BFOCI,6,6,5,6,1,3
CAN-V1D4IJXKEP,3,3,3,2,2,1
CAN-WO2ZYZ1SRI,4,3,3,3,2,1
CAN-D6HNOBYLHH,3,2,3,2,2,0
CAN-3K4WRFR2SJ,3,3,3,2,2,1
CAN-950G1340VO,2,3,3,2,2,2
CAN-0IPKKFRP84,3,3,3,3,2,1
CAN-IDP2E7FJRK,3,3,3,3,2,3
CAN-TX4V5V7V1B,3,3,3,3,2,2
CAN-HG6Y5G1DIB,2,4,3,3,2,1
CAN-VL18L423X7,3,2,3,3,2,1
CAN-CEECNK9KI7,2,2,3,3,2,1
CAN-FOCDW3FOOP,3,3,3,3,2,2
CAN-OLGGAQ8CTD,3,3,3,2,1,1
CAN-LS5963ZRPX,3,3,3,3,2,2
CAN-LUCB2BKV58,2,3,3,3,2,1
CAN-A75GWZZ54H,3,2,3,3,2,2
CAN-9E8RFFGP6W,3,3,3,3,2,2
CAN-G35EFDOYS5,3,3,3,3,2,2
CAN-ZII3QKSCVM,3,3,3,3,2,2
CAN-11IZSEDLEF,3,1,3,2,2,2
CAN-JT1SB38WV9,2,1,3,3,2,2
CAN-G5OMRSP3LT,3,3,3,2,2,0
CAN-CCISYJU19J,3,2,3,3,2,2
CAN-WMQ82N75NO,3,3,3,3,2,2
CAN-17OPU1A2IG,2,3,3,3,2,2
CAN-LCXPZKSRYV,3,3,3,3,1,1
CAN-2XS9EZAKR5,3,3,3,3,2,1
CAN-1DF0NROYGZ,3,3,3,2,2,1
CAN-W7F5AI2SMA,3,2,3,3,2,2
CAN-ZVU9M58IQR,3,3,3,3,2,1
CAN-OQ34DZXPQ6,2,2,3,2,2,2
CAN-3RBX7ZYF1H,3,3,3,1,1,1
CAN-0A8LKMABRT,3,3,3,3,2,2
CAN-689443FETD,3,3,3,3,2,1
CAN-OIQ53W66OQ,3,3,3,2,2,2
CAN-8962EOMQSF,3,3,3,2,1,2
CAN-K6XOIMBS06,3,3,3,2,2,1
CAN-84TB715IQ5,3,3,3,2,2,1
CAN-W06HCUEJ83,3,3,3,3,2,2
CAN-H36KKVHY4D,2,3,3,1,2,2
CAN-4VFJPCS9IB,3,2,3,3,2,1
CAN-ODN86AUP6L,3,3,3,2,2,2
CAN-IETMK1O2LE,3,3,3,3,2,1
CAN-YUUHAFK7TU,3,3,3,3,2,1
CAN-TS8HSEB52I,3,2,3,2,1,1
CAN-CBNWEPCW3B,3,3,3,3,2,2
CAN-9ZR52RTEIB,4,3,3,3,2,1
CAN-7PSDLECI0L,3,3,3,3,2,0
CAN-SOMCV5UNSH,3,3,3,3,2,2
CAN-J7ZHEGMB57,3,2,3,3,2,0
CAN-FGWVDW98EG,3,1,3,2,2,2
CAN-G8Q3COWK5Y,3,2,3,3,2,2
CAN-R7MQFHB2V6,3,3,3,2,1,1
CAN-1G8IXXTJK7,2,3,3,3,2,1
CAN-9HZ789RL3G,3,2,3,3,2,1
CAN-AHTI0EJ13D,2,3,3,3,2,2
CAN-DQC11XB1E7,1,2,3,3,2,2
CAN-4TOM5XK9MO,2,3,3,3,2,1
CAN-IL9HQK9XRU,3,3,3,3,2,2
CAN-VRAPYC5M20,4,3,3,3,2,1
CAN-J8WIJF1S7F,3,3,3,3,2,2
CAN-ME5NUTVYA6,3,3,3,3,3,1
CAN-8BV4VUSKW7,3,3,3,3,2,1
CAN-NARVEN3MJH,2,3,3,3,2,1
CAN-L3SXXC0B9H,3,3,3,3,1,2
CAN-PV73MW2G5L,3,3,3,3,1,1
CAN-7VO4BFNRW3,3,3,3,3,2,2
CAN-N2X96S40R7,3,2,3,3,2,1
CAN-B146GID8U4,3,3,3,3,2,2
CAN-VLEWUQAI6D,4,3,3,3,2,2
CAN-UZP1ZVRX57,3,3,3,1,2,2
CAN-0NR5YQ1AEB,3,2,3,2,2,2
CAN-KDC4N7V13P,3,3,3,2,2,0
CAN-8R18AUGHQD,3,3,3,3,2,1
CAN-HNUO1DBT1L,3,3,3,3,2,1
CAN-AC4EP128F9,3,3,3,3,2,2
CAN-4JPG6206PO,2,3,3,3,1,2
CAN-IYHN202NU0,3,3,3,3,2,2
CAN-0G828H67W0,3,2,3,2,2,1
CAN-MKHRKI58EY,3,3,3,3,2,2
CAN-5UWJULLKSF,2,3,3,2,2,1
CAN-STAVD6VAOK,3,3,3,4,2,1
CAN-T4RLTAM0HO,3,3,3,3,2,1
CAN-D2OUJEBS8S,4,2,3,3,2,0
CAN-NUV0DTD3GI,3,3,3,3,1,2
CAN-G419AW8JJR,0,0,3,0,1,1
CAN-5VM75XA64N,3,3,3,2,1,1
CAN-789TPYFLGP,3,2,3,2,2,2
CAN-7YUNWO66EZ,3,3,3,3,1,1
CAN-FXEI3MQAXQ,3,3,3,1,2,2
CAN-6NQDWVNT8N,3,3,3,3,2,2
CAN-5ZNQX7J8NU,3,3,3,3,2,2
CAN-36Y2JN28OS,3,3,3,3,2,2
CAN-BAI3FJFR3Q,2,2,3,3,2,2
CAN-FK966VXSOZ,3,3,3,3,2,1
CAN-YH9MK78AWH,3,3,3,1,2,1
CAN-MN1II9Y5XV,3,2,3,2,2,2
CAN-121OJXMUBX,3,3,3,3,2,1
CAN-UBP1TJTA39,2,3,3,3,2,2
CAN-EWN1MQ90OA,2,3,3,3,2,2
CAN-HR9SZ85H7R,3,3,1,3,2,0
CAN-YRBPCDASIX,3,2,3,3,2,1
CAN-IB1S1Q7GFW,2,3,3,3,2,1
CAN-8FRCE57R7X,3,3,3,3,2,2
CAN-8K6P7PAAQU,0,3,3,3,1,1
CAN-O7O90E21DR,3,3,3,3,2,2
CAN-US9P8YB5J3,3,1,3,3,1,2
CAN-GONUQXD6ZM,3,2,3,2,2,1
CAN-QJYRSTF1IK,3,3,3,3,2,2
CAN-9EB710SZON,3,3,3,3,2,1
CAN-C18OHFJNPJ,2,2,4,3,1,1
CAN-JHRJNHTLA9,3,3,3,3,2,1
CAN-954NX7N7DT,3,2,5,2,2,2
CAN-1MIHHSRS9T,3,3,3,3,2,2
CAN-S8O0WNC71E,3,3,3,3,2,1
CAN-P5GVEIGADJ,2,3,3,3,2,2
CAN-4ERV3ODEEF,3,2,3,2,2,1
CAN-TPFCI8SJB5,3,3,3,3,2,2
CAN-ARZYFU9I73,3,0,3,1,2,1
CAN-YZCNT0MP6E,2,3,3,3,2,1
CAN-LNTYJNMT13,1,4,3,3,2,2
CAN-VR705HQYEF,3,3,3,2,2,2
CAN-3DERSPBDA3,2,3,2,3,2,2
CAN-OG5EXJKSX5,2,3,3,3,1,1
CAN-41WARHBKZC,3,3,3,2,2,2
CAN-4R5IIA7H0K,2,3,3,3,2,2
CAN-7NXZK0KED6,3,3,3,3,2,2
CAN-YGV2F234AT,3,3,3,3,2,2
CAN-9WUTIHKLA1,0,0,3,0,0,0
CAN-2MPIJSE7PT,3,3,4,2,2,1
CAN-SVRWE30BPC,3,3,3,3,2,1
CAN-UKRVJAR6X3,2,3,3,3,2,2
CAN-GZ0JOILFPS,2,3,3,3,2,2
CAN-36S4MFSWLZ,2,3,2,2,2,2
CAN-UO7U3URT3D,1,2,3,2,2,1
CAN-145UE9UWXG,2,2,3,3,2,2
CAN-PVTW9DMPZD,7,6,3,4,2,4
CAN-J968LY5IW7,3,3,3,3,2,1
CAN-2BSMIFAOJI,3,3,3,3,2,2
CAN-K4Z0BSU2DB,4,4,3,3,2,2
CAN-TEVEN02STE,3,2,3,2,0,1
CAN-4I9M2DHWV9,3,3,3,2,1,2
CAN-XMCDQBUBZU,3,2,3,3,2,2
CAN-IT609QN1JJ,3,3,3,3,1,1
CAN-0USI2EATJK,3,3,3,3,1,1
CAN-HC5RU03981,4,3,3,3,2,2
CAN-YC2GMOHCS1,3,4,3,3,2,2
CAN-6ULFMKJ73X,3,3,3,3,0,1
CAN-7SDKGILB55,3,3,3,3,2,2
CAN-XUPAU1OA4C,3,3,3,3,2,2
CAN-MXBRZSPRGG,2,3,3,3,1,1
CAN-94XP2H3SCY,3,3,3,2,1,1
CAN-8A0CZGGMSK,3,3,3,3,1,1
CAN-EDOABE70KL,2,3,3,3,2,2
CAN-U6OMLLT84G,3,3,3,3,2,2
CAN-6JKIW7A9WC,3,2,3,3,2,2
CAN-0FRMDI13S2,3,4,3,3,2,1
CAN-Z9YI72GQXR,0,0,3,0,0,1
CAN-6K0PMI53BJ,3,3,3,3,2,1
CAN-OE95G7A754,4,3,3,4,2,2
CAN-JOBPFQ6GTT,3,2,3,3,2,2
CAN-BSWKXATMDX,2,2,3,2,2,2
CAN-6HUHGSUROF,0,0,3,0,0,0
CAN-Y2VAL65W3D,3,4,3,4,2,2
CAN-3K5R9HH5UV,3,3,3,3,1,2
CAN-X0B364BBWK,3,3,3,3,2,2
CAN-SZ450MLH1S,3,3,3,3,2,1
CAN-92VWBCOOON,3,4,4,4,2,3
CAN-Y8AGL94LN4,2,3,3,2,2,1
CAN-3880HNVXS4,2,3,3,3,2,1
CAN-L2IZELPZA7,3,2,3,3,1,2
CAN-P3SKY53QHZ,3,3,3,3,2,1
CAN-T1Q0KVFWYN,1,3,3,3,1,2
CAN-AU2519S1ER,1,1,3,2,1,1
CAN-ID5BBC08V9,3,3,3,3,2,1
CAN-3S6B99FIIO,3,3,3,3,2,1
CAN-RQD8UZ27UA,3,3,3,2,2,1
CAN-6GICHK814E,4,3,3,3,2,2
CAN-JZIG5KNE63,2,3,3,2,2,2
CAN-4NL7SGRD16,2,3,3,2,2,1
CAN-LS3V918WBH,3,3,3,2,2,2
CAN-96KVJVM4OQ,3,3,3,3,2,1
CAN-PKZLAW4Y16,2,3,2,3,1,1
CAN-2ZEV9S20O9,3,2,3,2,2,1
CAN-PPJA38U2RZ,3,3,3,2,2,1
CAN-5DNAF4ZHP9,3,3,3,2,1,2
CAN-RGNBTM88YG,3,4,2,3,2,4
CAN-6GIXMZYYHQ,0,2,3,0,0,0
CAN-FPF18Q2F2S,3,2,3,3,2,1
CAN-EUN1RKQWYL,4,3,4,3,2,1
CAN-UPHCAMLTVW,3,2,3,3,2,1
CAN-LNUZFOJ0IW,3,0,3,2,2,1
CAN-ECVB64F7LW,3,3,3,3,2,1
CAN-J75V90GRWP,3,3,3,3,2,2
CAN-MQ4F14UBIJ,3,3,3,3,2,2
CAN-4ETK2TA989,3,4,3,4,3,1
CAN-YTTUSPC5X8,3,3,3,3,2,3
CAN-I2MS2V39RY,3,3,3,3,2,1
